ISO-10303-21;
HEADER;
FILE_DESCRIPTION (( 'STEP AP203' ),
    '1' );
FILE_NAME ('FIxed box.step',
    '2026-06-05T03:33:00',
    ( '' ),
    ( '' ),
    'SwSTEP 2.0',
    'SolidWorks 2024',
    '' );
FILE_SCHEMA (( 'CONFIG_CONTROL_DESIGN' ));
ENDSEC;

DATA;
#1 = CYLINDRICAL_SURFACE ( 'NONE', #1415, 14.69999999999999751 ) ;
#2 = AXIS2_PLACEMENT_3D ( 'NONE', #2574, #1090, #418 ) ;
#3 = DIRECTION ( 'NONE',  ( 0.000000000000000000, 0.000000000000000000, 1.000000000000000000 ) ) ;
#4 = EDGE_LOOP ( 'NONE', ( #1978, #2974, #2877, #245 ) ) ;
#5 = CARTESIAN_POINT ( 'NONE',  ( 32.99999999999999289, -24.99999999999999289, 15.00000000000000000 ) ) ;
#6 = FACE_OUTER_BOUND ( 'NONE', #1163, .T. ) ;
#7 = DIRECTION ( 'NONE',  ( -1.224646799147350002E-16, -0.000000000000000000, -1.000000000000000000 ) ) ;
#8 = ORIENTED_EDGE ( 'NONE', *, *, #1669, .T. ) ;
#9 = CARTESIAN_POINT ( 'NONE',  ( -21.89999999999999147, 16.89999999999999858, 0.000000000000000000 ) ) ;
#10 = CARTESIAN_POINT ( 'NONE',  ( 32.09999999999999432, -12.10000000000001741, 0.000000000000000000 ) ) ;
#11 = EDGE_CURVE ( 'NONE', #2145, #1582, #3051, .T. ) ;
#12 = DIRECTION ( 'NONE',  ( 0.000000000000000000, 0.000000000000000000, 1.000000000000000000 ) ) ;
#13 = ORIENTED_EDGE ( 'NONE', *, *, #1686, .F. ) ;
#14 = FACE_BOUND ( 'NONE', #1281, .T. ) ;
#15 = FACE_OUTER_BOUND ( 'NONE', #1452, .T. ) ;
#16 = VERTEX_POINT ( 'NONE', #2815 ) ;
#17 = DIRECTION ( 'NONE',  ( -0.000000000000000000, -0.000000000000000000, 1.000000000000000000 ) ) ;
#18 = DIRECTION ( 'NONE',  ( -0.000000000000000000, -0.000000000000000000, -1.000000000000000000 ) ) ;
#19 = VERTEX_POINT ( 'NONE', #933 ) ;
#20 = VECTOR ( 'NONE', #1650, 1000.000000000000000 ) ;
#21 = CARTESIAN_POINT ( 'NONE',  ( -32.99999999999999289, -29.99999999999999645, 15.00000000000000000 ) ) ;
#22 = DIRECTION ( 'NONE',  ( 1.000000000000000000, 0.000000000000000000, 0.000000000000000000 ) ) ;
#23 = DIRECTION ( 'NONE',  ( -0.000000000000000000, -0.000000000000000000, -1.000000000000000000 ) ) ;
#24 = EDGE_LOOP ( 'NONE', ( #218, #368 ) ) ;
#25 = EDGE_CURVE ( 'NONE', #1593, #1814, #1907, .T. ) ;
#26 = FACE_BOUND ( 'NONE', #24, .T. ) ;
#27 = LINE ( 'NONE', #2610, #704 ) ;
#28 = ORIENTED_EDGE ( 'NONE', *, *, #2092, .T. ) ;
#29 = DIRECTION ( 'NONE',  ( 1.000000000000000000, 0.000000000000000000, 0.000000000000000000 ) ) ;
#30 = ADVANCED_FACE ( 'NONE', ( #278 ), #264, .F. ) ;
#31 = AXIS2_PLACEMENT_3D ( 'NONE', #2824, #2590, #487 ) ;
#32 = DIRECTION ( 'NONE',  ( 0.000000000000000000, 0.000000000000000000, -1.000000000000000000 ) ) ;
#33 = AXIS2_PLACEMENT_3D ( 'NONE', #1961, #1725, #806 ) ;
#34 = ORIENTED_EDGE ( 'NONE', *, *, #951, .F. ) ;
#35 = VECTOR ( 'NONE', #2044, 1000.000000000000000 ) ;
#36 = CARTESIAN_POINT ( 'NONE',  ( 21.89999999999999147, 16.90000000000000568, 2.999999999999999112 ) ) ;
#37 = VECTOR ( 'NONE', #963, 1000.000000000000000 ) ;
#38 = DIRECTION ( 'NONE',  ( 0.000000000000000000, 0.000000000000000000, 1.000000000000000000 ) ) ;
#39 = LINE ( 'NONE', #729, #1716 ) ;
#40 = EDGE_LOOP ( 'NONE', ( #2954, #1132, #2246, #2236 ) ) ;
#41 = CC_DESIGN_APPROVAL ( #473, ( #983 ) ) ;
#42 = CARTESIAN_POINT ( 'NONE',  ( 6.175817362257232546, 15.86317055030438183, 2.999999999999999112 ) ) ;
#43 = CARTESIAN_POINT ( 'NONE',  ( 11.15000000000001990, -7.780000000000000249, 0.000000000000000000 ) ) ;
#44 = EDGE_CURVE ( 'NONE', #102, #1005, #2321, .T. ) ;
#45 = CARTESIAN_POINT ( 'NONE',  ( -18.89999999999999147, 21.90000000000000568, 2.999999999999999112 ) ) ;
#46 = CARTESIAN_POINT ( 'NONE',  ( 18.89999999999999147, 21.90000000000000568, 15.00099999999999945 ) ) ;
#47 = CYLINDRICAL_SURFACE ( 'NONE', #2400, 2.000000000000001776 ) ;
#48 = EDGE_CURVE ( 'NONE', #96, #1971, #827, .T. ) ;
#49 = ORIENTED_EDGE ( 'NONE', *, *, #148, .T. ) ;
#50 = ORIENTED_EDGE ( 'NONE', *, *, #1581, .F. ) ;
#51 = EDGE_CURVE ( 'NONE', #598, #102, #2119, .T. ) ;
#52 = FACE_BOUND ( 'NONE', #1385, .T. ) ;
#53 = DIRECTION ( 'NONE',  ( -1.000000000000000000, 0.000000000000000000, 0.000000000000000000 ) ) ;
#54 = LINE ( 'NONE', #1189, #2656 ) ;
#55 = VERTEX_POINT ( 'NONE', #915 ) ;
#56 = DIRECTION ( 'NONE',  ( 0.000000000000000000, 0.000000000000000000, 1.000000000000000000 ) ) ;
#57 = LINE ( 'NONE', #2362, #1166 ) ;
#58 = CIRCLE ( 'NONE', #1662, 2.849999999999998312 ) ;
#59 = VERTEX_POINT ( 'NONE', #1394 ) ;
#60 = CARTESIAN_POINT ( 'NONE',  ( -0.8373223585571489824, 17.01028486733423861, 0.000000000000000000 ) ) ;
#61 = DIRECTION ( 'NONE',  ( -0.000000000000000000, 1.000000000000000000, -0.000000000000000000 ) ) ;
#62 = ORIENTED_EDGE ( 'NONE', *, *, #306, .T. ) ;
#63 = ORIENTED_EDGE ( 'NONE', *, *, #917, .F. ) ;
#64 = EDGE_CURVE ( 'NONE', #2701, #3008, #1410, .T. ) ;
#65 = CYLINDRICAL_SURFACE ( 'NONE', #2496, 0.5000000000000541789 ) ;
#66 = LINE ( 'NONE', #1476, #1150 ) ;
#67 = EDGE_CURVE ( 'NONE', #2537, #177, #1652, .T. ) ;
#68 = ORIENTED_EDGE ( 'NONE', *, *, #3038, .F. ) ;
#69 = LINE ( 'NONE', #2960, #1809 ) ;
#70 = LINE ( 'NONE', #1938, #1222 ) ;
#71 = PRODUCT_DEFINITION_SHAPE ( 'NONE', 'NONE',  #321 ) ;
#72 = ORIENTED_EDGE ( 'NONE', *, *, #3018, .T. ) ;
#73 = CARTESIAN_POINT ( 'NONE',  ( -7.599999999999996092, -30.00000000000000711, 8.900000000000000355 ) ) ;
#74 = DIRECTION ( 'NONE',  ( -0.000000000000000000, -0.000000000000000000, -1.000000000000000000 ) ) ;
#75 = LINE ( 'NONE', #764, #2698 ) ;
#76 = ORIENTED_EDGE ( 'NONE', *, *, #1347, .F. ) ;
#77 = LINE ( 'NONE', #60, #1264 ) ;
#78 = CARTESIAN_POINT ( 'NONE',  ( 30.09999999999999787, 22.10000000000000497, 15.00000000000000000 ) ) ;
#79 = ORIENTED_EDGE ( 'NONE', *, *, #1468, .F. ) ;
#80 = VECTOR ( 'NONE', #2509, 1000.000000000000000 ) ;
#81 = ORIENTED_EDGE ( 'NONE', *, *, #2501, .T. ) ;
#82 = CIRCLE ( 'NONE', #1066, 2.849999999999998312 ) ;
#83 = FACE_BOUND ( 'NONE', #1351, .T. ) ;
#84 = AXIS2_PLACEMENT_3D ( 'NONE', #679, #1612, #2406 ) ;
#85 = AXIS2_PLACEMENT_3D ( 'NONE', #89, #2415, #2895 ) ;
#86 = VECTOR ( 'NONE', #219, 1000.000000000000000 ) ;
#87 = EDGE_CURVE ( 'NONE', #1770, #1242, #1456, .T. ) ;
#88 = CIRCLE ( 'NONE', #2064, 1.500000000000001332 ) ;
#89 = CARTESIAN_POINT ( 'NONE',  ( 5.925817362257227217, 16.29618325219659170, 0.000000000000000000 ) ) ;
#90 = CARTESIAN_POINT ( 'NONE',  ( 15.65000000000001812, -8.279999999999999361, 0.000000000000000000 ) ) ;
#91 = EDGE_CURVE ( 'NONE', #2193, #221, #2594, .T. ) ;
#92 = CIRCLE ( 'NONE', #3006, 0.5000000000000004441 ) ;
#93 = ORIENTED_EDGE ( 'NONE', *, *, #843, .T. ) ;
#94 = CARTESIAN_POINT ( 'NONE',  ( 34.95000000000000995, -19.39999999999999858, 0.000000000000000000 ) ) ;
#95 = DIRECTION ( 'NONE',  ( 0.000000000000000000, 0.000000000000000000, 1.000000000000000000 ) ) ;
#96 = VERTEX_POINT ( 'NONE', #1876 ) ;
#97 = CARTESIAN_POINT ( 'NONE',  ( 19.29999999999999005, 16.90000000000000568, 0.000000000000000000 ) ) ;
#98 = AXIS2_PLACEMENT_3D ( 'NONE', #2151, #23, #1443 ) ;
#99 = DIRECTION ( 'NONE',  ( -0.000000000000000000, -0.000000000000000000, -1.000000000000000000 ) ) ;
#100 = AXIS2_PLACEMENT_3D ( 'NONE', #812, #1736, #2943 ) ;
#101 = ORIENTED_EDGE ( 'NONE', *, *, #2770, .F. ) ;
#102 = VERTEX_POINT ( 'NONE', #1631 ) ;
#103 = CARTESIAN_POINT ( 'NONE',  ( -12.97389444331864716, -6.911444347864309279, 2.999999999999995559 ) ) ;
#104 = ORIENTED_EDGE ( 'NONE', *, *, #819, .F. ) ;
#105 = CARTESIAN_POINT ( 'NONE',  ( 1.421279399151822476E-15, 0.000000000000000000, 5.204170427930421283E-15 ) ) ;
#106 = LINE ( 'NONE', #344, #1578 ) ;
#107 = VERTEX_POINT ( 'NONE', #1407 ) ;
#108 = ADVANCED_FACE ( 'NONE', ( #234 ), #1164, .T. ) ;
#109 = DIRECTION ( 'NONE',  ( -0.000000000000000000, -0.000000000000000000, 1.000000000000000000 ) ) ;
#110 = DIRECTION ( 'NONE',  ( -2.775557561562891351E-16, 1.000000000000000000, 0.000000000000000000 ) ) ;
#111 = ORIENTED_EDGE ( 'NONE', *, *, #477, .F. ) ;
#112 = CARTESIAN_POINT ( 'NONE',  ( -21.89999999999999147, -19.40000000000000924, 2.999999999999999112 ) ) ;
#113 = DIRECTION ( 'NONE',  ( -0.000000000000000000, -0.000000000000000000, -1.000000000000000000 ) ) ;
#114 = AXIS2_PLACEMENT_3D ( 'NONE', #2849, #2165, #743 ) ;
#115 = EDGE_LOOP ( 'NONE', ( #618, #2073, #2757, #28 ) ) ;
#116 = ORIENTED_EDGE ( 'NONE', *, *, #214, .T. ) ;
#117 = CARTESIAN_POINT ( 'NONE',  ( 34.94999999999998863, 17.90000000000000213, 0.000000000000000000 ) ) ;
#118 = DIRECTION ( 'NONE',  ( -1.000000000000000000, 0.000000000000000000, 0.000000000000000000 ) ) ;
#119 = VERTEX_POINT ( 'NONE', #959 ) ;
#120 = DIRECTION ( 'NONE',  ( -1.000000000000000000, 1.569885498621543742E-16, 0.000000000000000000 ) ) ;
#121 = CARTESIAN_POINT ( 'NONE',  ( -18.89999999999999147, 21.90000000000000568, 0.000000000000000000 ) ) ;
#122 = EDGE_CURVE ( 'NONE', #1541, #511, #2547, .T. ) ;
#123 = EDGE_LOOP ( 'NONE', ( #3014, #486, #765, #938, #601, #1790, #1168, #630, #412, #1319, #2772, #544 ) ) ;
#124 = DIRECTION ( 'NONE',  ( 0.000000000000000000, 0.000000000000000000, 1.000000000000000000 ) ) ;
#125 = DIRECTION ( 'NONE',  ( -1.224646799147350002E-16, -0.000000000000000000, -1.000000000000000000 ) ) ;
#126 = ADVANCED_FACE ( 'NONE', ( #1839 ), #2785, .F. ) ;
#127 = VERTEX_POINT ( 'NONE', #1513 ) ;
#128 = ORIENTED_EDGE ( 'NONE', *, *, #1154, .F. ) ;
#129 = CIRCLE ( 'NONE', #1855, 2.600000000000001421 ) ;
#130 = ORIENTED_EDGE ( 'NONE', *, *, #1486, .F. ) ;
#131 = CIRCLE ( 'NONE', #1172, 2.000000000000001776 ) ;
#132 = AXIS2_PLACEMENT_3D ( 'NONE', #866, #199, #2318 ) ;
#133 = DIRECTION ( 'NONE',  ( -1.569885498621544235E-16, -1.000000000000000000, 0.000000000000000000 ) ) ;
#134 = DIRECTION ( 'NONE',  ( -0.000000000000000000, -0.000000000000000000, -1.000000000000000000 ) ) ;
#135 = AXIS2_PLACEMENT_3D ( 'NONE', #662, #2269, #599 ) ;
#136 = AXIS2_PLACEMENT_3D ( 'NONE', #965, #2355, #1879 ) ;
#137 = ORIENTED_EDGE ( 'NONE', *, *, #2255, .F. ) ;
#138 = CARTESIAN_POINT ( 'NONE',  ( -35.10000000000000142, 22.10000000000000853, 2.999999999999999112 ) ) ;
#139 = VECTOR ( 'NONE', #113, 1000.000000000000000 ) ;
#140 = DIRECTION ( 'NONE',  ( 1.000000000000000000, 0.000000000000000000, 0.000000000000000000 ) ) ;
#141 = ORIENTED_EDGE ( 'NONE', *, *, #920, .F. ) ;
#142 = DIRECTION ( 'NONE',  ( 1.000000000000000000, 0.000000000000000000, 0.000000000000000000 ) ) ;
#143 = CARTESIAN_POINT ( 'NONE',  ( -7.599999999999996092, 30.00000000000000711, 8.900000000000000355 ) ) ;
#144 = ORIENTED_EDGE ( 'NONE', *, *, #1900, .T. ) ;
#145 = CIRCLE ( 'NONE', #2760, 1.500000000000001332 ) ;
#146 = EDGE_LOOP ( 'NONE', ( #2257, #407, #810, #1480, #1206, #431, #2709, #2294 ) ) ;
#147 = DIRECTION ( 'NONE',  ( -0.000000000000000000, -0.000000000000000000, -1.000000000000000000 ) ) ;
#148 = EDGE_CURVE ( 'NONE', #868, #1053, #2061, .T. ) ;
#149 = LOCAL_TIME ( 11, 33, 0.000000000000000000, #950 ) ;
#150 = EDGE_CURVE ( 'NONE', #2258, #55, #923, .T. ) ;
#151 = EDGE_LOOP ( 'NONE', ( #2924, #2333 ) ) ;
#152 = CARTESIAN_POINT ( 'NONE',  ( 7.599999999999996092, -30.00000000000001066, 15.00000000000000000 ) ) ;
#153 = CARTESIAN_POINT ( 'NONE',  ( -27.52310562561766361, -23.52310562561765650, 0.000000000000000000 ) ) ;
#154 = EDGE_LOOP ( 'NONE', ( #104, #1648, #454, #328 ) ) ;
#155 = DIRECTION ( 'NONE',  ( 1.000000000000000000, 0.000000000000000000, 0.000000000000000000 ) ) ;
#156 = DIRECTION ( 'NONE',  ( 1.000000000000000000, 0.000000000000000000, 0.000000000000000000 ) ) ;
#157 = AXIS2_PLACEMENT_3D ( 'NONE', #2636, #521, #2155 ) ;
#158 = CARTESIAN_POINT ( 'NONE',  ( 35.09999999999999432, -22.10000000000000497, 15.00000000000000000 ) ) ;
#159 = ORIENTED_EDGE ( 'NONE', *, *, #287, .T. ) ;
#160 = DIRECTION ( 'NONE',  ( 0.5000000000000041078, -0.8660254037844363761, 0.000000000000000000 ) ) ;
#161 = AXIS2_PLACEMENT_3D ( 'NONE', #3021, #448, #1377 ) ;
#162 = CARTESIAN_POINT ( 'NONE',  ( 6.358830064149442407, 16.54618325219658814, 0.000000000000000000 ) ) ;
#163 = CARTESIAN_POINT ( 'NONE',  ( -29.25000000000000000, -19.40000000000000568, 0.000000000000000000 ) ) ;
#164 = ORIENTED_EDGE ( 'NONE', *, *, #1779, .T. ) ;
#165 = ORIENTED_EDGE ( 'NONE', *, *, #900, .F. ) ;
#166 = CYLINDRICAL_SURFACE ( 'NONE', #2795, 5.000000000000000888 ) ;
#167 = AXIS2_PLACEMENT_3D ( 'NONE', #2080, #186, #171 ) ;
#168 = VERTEX_POINT ( 'NONE', #1975 ) ;
#169 = EDGE_CURVE ( 'NONE', #478, #2324, #2598, .T. ) ;
#170 = ADVANCED_FACE ( 'NONE', ( #763 ), #1485, .F. ) ;
#171 = DIRECTION ( 'NONE',  ( -1.000000000000000000, 0.000000000000000000, 0.000000000000000000 ) ) ;
#172 = DIRECTION ( 'NONE',  ( 0.000000000000000000, 0.000000000000000000, 1.000000000000000000 ) ) ;
#173 = EDGE_CURVE ( 'NONE', #1070, #2213, #247, .T. ) ;
#174 = ORIENTED_EDGE ( 'NONE', *, *, #2563, .F. ) ;
#175 = DIRECTION ( 'NONE',  ( -0.8660254037844363761, -0.5000000000000039968, 0.000000000000000000 ) ) ;
#176 = FACE_OUTER_BOUND ( 'NONE', #1826, .T. ) ;
#177 = VERTEX_POINT ( 'NONE', #291 ) ;
#178 = CARTESIAN_POINT ( 'NONE',  ( 15.65000000000001101, -13.28000000000000114, 2.999999999999999112 ) ) ;
#179 = DIRECTION ( 'NONE',  ( 1.000000000000000000, 0.000000000000000000, 0.000000000000000000 ) ) ;
#180 = CIRCLE ( 'NONE', #1453, 2.849999999999998312 ) ;
#181 = CARTESIAN_POINT ( 'NONE',  ( -16.82581736225466429, -2.583170550305909252, 2.999999999999999112 ) ) ;
#182 = ORIENTED_EDGE ( 'NONE', *, *, #459, .F. ) ;
#183 = EDGE_LOOP ( 'NONE', ( #2290, #958 ) ) ;
#184 = DIRECTION ( 'NONE',  ( -0.000000000000000000, -0.000000000000000000, 1.000000000000000000 ) ) ;
#185 = EDGE_LOOP ( 'NONE', ( #1583, #311, #1808, #34 ) ) ;
#186 = DIRECTION ( 'NONE',  ( -0.000000000000000000, -0.000000000000000000, -1.000000000000000000 ) ) ;
#187 = EDGE_CURVE ( 'NONE', #1473, #2537, #488, .T. ) ;
#188 = APPROVAL_ROLE ( '' ) ;
#189 = VERTEX_POINT ( 'NONE', #2920 ) ;
#190 = AXIS2_PLACEMENT_3D ( 'NONE', #1354, #2313, #641 ) ;
#191 = CARTESIAN_POINT ( 'NONE',  ( 30.09999999999999787, 27.10000000000000497, 2.999999999999999112 ) ) ;
#192 = DIRECTION ( 'NONE',  ( -0.000000000000000000, -0.000000000000000000, -1.000000000000000000 ) ) ;
#193 = ADVANCED_FACE ( 'NONE', ( #1916 ), #2190, .F. ) ;
#194 = CARTESIAN_POINT ( 'NONE',  ( -33.00000000000000000, 25.00000000000000355, 15.00000000000000000 ) ) ;
#195 = VECTOR ( 'NONE', #2481, 1000.000000000000000 ) ;
#196 = AXIS2_PLACEMENT_3D ( 'NONE', #1552, #1122, #2761 ) ;
#197 = ORIENTED_EDGE ( 'NONE', *, *, #1187, .T. ) ;
#198 = AXIS2_PLACEMENT_3D ( 'NONE', #1062, #1727, #2719 ) ;
#199 = DIRECTION ( 'NONE',  ( 0.000000000000000000, 0.000000000000000000, 1.000000000000000000 ) ) ;
#200 = VECTOR ( 'NONE', #3058, 1000.000000000000000 ) ;
#201 = CARTESIAN_POINT ( 'NONE',  ( 4.358830064149507244, 20.01028486733419243, 2.999999999999999112 ) ) ;
#202 = ORIENTED_EDGE ( 'NONE', *, *, #416, .T. ) ;
#203 = CIRCLE ( 'NONE', #1917, 2.849999999999998312 ) ;
#204 = ORIENTED_EDGE ( 'NONE', *, *, #1107, .T. ) ;
#205 = VECTOR ( 'NONE', #1103, 1000.000000000000000 ) ;
#206 = CARTESIAN_POINT ( 'NONE',  ( 1.421279399151822476E-15, 0.000000000000000000, 5.204170427930421283E-15 ) ) ;
#207 = APPLICATION_PROTOCOL_DEFINITION ( 'international standard', 'config_control_design', 1994, #2055 ) ;
#208 = FACE_OUTER_BOUND ( 'NONE', #1615, .T. ) ;
#209 = VERTEX_POINT ( 'NONE', #1037 ) ;
#210 = CC_DESIGN_PERSON_AND_ORGANIZATION_ASSIGNMENT ( #2831, #282, ( #2314 ) ) ;
#211 = DIRECTION ( 'NONE',  ( -0.000000000000000000, -0.000000000000000000, 1.000000000000000000 ) ) ;
#212 = CARTESIAN_POINT ( 'NONE',  ( -32.09999999999999432, 19.40000000000000568, 0.000000000000000000 ) ) ;
#213 = ORIENTED_EDGE ( 'NONE', *, *, #2539, .T. ) ;
#214 = EDGE_CURVE ( 'NONE', #2268, #2186, #2420, .T. ) ;
#215 = DIRECTION ( 'NONE',  ( -1.000000000000000000, 0.000000000000000000, 0.000000000000000000 ) ) ;
#216 = EDGE_CURVE ( 'NONE', #2537, #604, #77, .T. ) ;
#217 = DIRECTION ( 'NONE',  ( -0.000000000000000000, 0.000000000000000000, 1.000000000000000000 ) ) ;
#218 = ORIENTED_EDGE ( 'NONE', *, *, #169, .T. ) ;
#219 = DIRECTION ( 'NONE',  ( 0.8660254037844408170, -0.4999999999999961697, 0.000000000000000000 ) ) ;
#220 = VECTOR ( 'NONE', #1026, 1000.000000000000000 ) ;
#221 = VERTEX_POINT ( 'NONE', #570 ) ;
#222 = CIRCLE ( 'NONE', #1491, 1.500000000000001332 ) ;
#223 = DIRECTION ( 'NONE',  ( -0.000000000000000000, -0.000000000000000000, -1.000000000000000000 ) ) ;
#224 =( LENGTH_UNIT ( ) NAMED_UNIT ( * ) SI_UNIT ( .MILLI., .METRE. ) );
#225 = VECTOR ( 'NONE', #1169, 1000.000000000000000 ) ;
#226 = ORIENTED_EDGE ( 'NONE', *, *, #719, .T. ) ;
#227 = DIRECTION ( 'NONE',  ( -0.000000000000000000, -0.000000000000000000, 1.000000000000000000 ) ) ;
#228 = CARTESIAN_POINT ( 'NONE',  ( 3.675817362257296494, 20.19329756922641295, 2.999999999999999112 ) ) ;
#229 = ORIENTED_EDGE ( 'NONE', *, *, #2005, .F. ) ;
#230 = CARTESIAN_POINT ( 'NONE',  ( 7.600000000000000533, -27.10000000000000853, 8.900000000000000355 ) ) ;
#231 = DIRECTION ( 'NONE',  ( 1.000000000000000000, 0.000000000000000000, 0.000000000000000000 ) ) ;
#232 = EDGE_CURVE ( 'NONE', #1518, #2431, #2455, .T. ) ;
#233 = ORIENTED_EDGE ( 'NONE', *, *, #413, .T. ) ;
#234 = FACE_OUTER_BOUND ( 'NONE', #123, .T. ) ;
#235 = EDGE_CURVE ( 'NONE', #511, #2120, #1263, .T. ) ;
#236 = EDGE_CURVE ( 'NONE', #1095, #1968, #538, .T. ) ;
#237 = ORIENTED_EDGE ( 'NONE', *, *, #2091, .F. ) ;
#238 = CARTESIAN_POINT ( 'NONE',  ( 38.00000000000000000, -24.99999999999999289, 15.00000000000000000 ) ) ;
#239 = DATE_AND_TIME ( #1197, #2708 ) ;
#240 = ORIENTED_EDGE ( 'NONE', *, *, #1154, .T. ) ;
#241 = CARTESIAN_POINT ( 'NONE',  ( 24.49999999999999289, 16.90000000000000568, 0.000000000000000000 ) ) ;
#242 = CARTESIAN_POINT ( 'NONE',  ( -21.89999999999999147, -19.40000000000000924, 0.000000000000000000 ) ) ;
#243 = AXIS2_PLACEMENT_3D ( 'NONE', #855, #147, #2722 ) ;
#244 = AXIS2_PLACEMENT_3D ( 'NONE', #2681, #2020, #1998 ) ;
#245 = ORIENTED_EDGE ( 'NONE', *, *, #1217, .F. ) ;
#246 = CARTESIAN_POINT ( 'NONE',  ( -0.6543096566649295731, 17.69329756922647334, 0.000000000000000000 ) ) ;
#247 = CIRCLE ( 'NONE', #2249, 2.600000000000001421 ) ;
#248 = CIRCLE ( 'NONE', #1265, 2.849999999999998312 ) ;
#249 = CARTESIAN_POINT ( 'NONE',  ( 30.09999999999999432, 12.10000000000001741, 0.000000000000000000 ) ) ;
#250 = DIRECTION ( 'NONE',  ( 0.000000000000000000, 0.000000000000000000, 1.000000000000000000 ) ) ;
#251 = AXIS2_PLACEMENT_3D ( 'NONE', #541, #2378, #279 ) ;
#252 = VERTEX_POINT ( 'NONE', #2625 ) ;
#253 = EDGE_CURVE ( 'NONE', #954, #1497, #442, .T. ) ;
#254 = DIRECTION ( 'NONE',  ( 0.000000000000000000, 0.000000000000000000, 1.000000000000000000 ) ) ;
#255 = EDGE_CURVE ( 'NONE', #560, #2287, #1616, .T. ) ;
#256 = SECURITY_CLASSIFICATION_LEVEL ( 'unclassified' ) ;
#257 = VECTOR ( 'NONE', #2101, 1000.000000000000000 ) ;
#258 = CYLINDRICAL_SURFACE ( 'NONE', #928, 2.849999999999998312 ) ;
#259 = AXIS2_PLACEMENT_3D ( 'NONE', #2201, #1074, #118 ) ;
#260 = PLANE ( 'NONE',  #1321 ) ;
#261 = ORIENTED_EDGE ( 'NONE', *, *, #755, .F. ) ;
#262 = CARTESIAN_POINT ( 'NONE',  ( -19.29999999999999005, -19.40000000000000924, 0.000000000000000000 ) ) ;
#263 = CARTESIAN_POINT ( 'NONE',  ( 6.425817362257224552, 16.29618325219659170, 0.000000000000000000 ) ) ;
#264 = CYLINDRICAL_SURFACE ( 'NONE', #439, 0.4999999999999970024 ) ;
#265 = CARTESIAN_POINT ( 'NONE',  ( -17.77689437438231934, -15.27689437438235132, 2.999999999999999112 ) ) ;
#266 = EDGE_LOOP ( 'NONE', ( #3060, #2713, #731, #1143 ) ) ;
#267 = DIRECTION ( 'NONE',  ( -0.000000000000000000, -0.000000000000000000, 1.000000000000000000 ) ) ;
#268 = APPROVAL_ROLE ( '' ) ;
#269 = ADVANCED_FACE ( 'NONE', ( #1498 ), #975, .F. ) ;
#270 = AXIS2_PLACEMENT_3D ( 'NONE', #1851, #1114, #2569 ) ;
#271 = EDGE_CURVE ( 'NONE', #1946, #2392, #131, .T. ) ;
#272 = DIRECTION ( 'NONE',  ( 1.000000000000000000, 0.000000000000000000, 0.000000000000000000 ) ) ;
#273 = CARTESIAN_POINT ( 'NONE',  ( 24.89999999999999147, 11.90000000000000391, 0.000000000000000000 ) ) ;
#274 = EDGE_CURVE ( 'NONE', #334, #2472, #2886, .T. ) ;
#275 = EDGE_LOOP ( 'NONE', ( #645, #1838, #1600, #1572 ) ) ;
#276 = FACE_BOUND ( 'NONE', #2068, .T. ) ;
#277 = CARTESIAN_POINT ( 'NONE',  ( -24.52310562561766005, -23.52310562561765650, 15.00099999999999945 ) ) ;
#278 = FACE_OUTER_BOUND ( 'NONE', #796, .T. ) ;
#279 = DIRECTION ( 'NONE',  ( -0.4999999999999913958, -0.8660254037844435926, 0.000000000000000000 ) ) ;
#280 = VERTEX_POINT ( 'NONE', #1324 ) ;
#281 = LINE ( 'NONE', #2146, #1395 ) ;
#282 = PERSON_AND_ORGANIZATION_ROLE ( 'design_supplier' ) ;
#283 = EDGE_CURVE ( 'NONE', #2470, #2197, #1531, .T. ) ;
#284 = DIRECTION ( 'NONE',  ( 0.8660254037844454800, 0.4999999999999881206, 0.000000000000000000 ) ) ;
#285 = CARTESIAN_POINT ( 'NONE',  ( 32.09999999999998721, 17.90000000000000213, 2.999999999999999112 ) ) ;
#286 = ORIENTED_EDGE ( 'NONE', *, *, #1331, .T. ) ;
#287 = EDGE_CURVE ( 'NONE', #2674, #1100, #392, .T. ) ;
#288 = CARTESIAN_POINT ( 'NONE',  ( 20.39999999999999503, 21.90000000000000568, 2.999999999999999112 ) ) ;
#289 = DIRECTION ( 'NONE',  ( -0.000000000000000000, -0.000000000000000000, 1.000000000000000000 ) ) ;
#290 = ORIENTED_EDGE ( 'NONE', *, *, #1935, .F. ) ;
#291 = CARTESIAN_POINT ( 'NONE',  ( 0.5014608395669060137, 14.69144434786385567, 0.000000000000000000 ) ) ;
#292 = CARTESIAN_POINT ( 'NONE',  ( -35.10000000000000853, -22.10000000000000497, 2.999999999999999112 ) ) ;
#293 = AXIS2_PLACEMENT_3D ( 'NONE', #307, #1711, #1231 ) ;
#294 = VECTOR ( 'NONE', #637, 1000.000000000000000 ) ;
#295 = EDGE_LOOP ( 'NONE', ( #2535, #3042 ) ) ;
#296 = ORIENTED_EDGE ( 'NONE', *, *, #1683, .T. ) ;
#297 = AXIS2_PLACEMENT_3D ( 'NONE', #1990, #2226, #1560 ) ;
#298 = CARTESIAN_POINT ( 'NONE',  ( -0.4043096566649352908, 17.26028486733424927, 0.000000000000000000 ) ) ;
#299 = CARTESIAN_POINT ( 'NONE',  ( -7.599999999999996092, 30.00000000000000711, 8.900000000000000355 ) ) ;
#300 = CARTESIAN_POINT ( 'NONE',  ( -26.02310562561766361, -23.52310562561765650, 0.000000000000000000 ) ) ;
#301 = VECTOR ( 'NONE', #1058, 1000.000000000000000 ) ;
#302 = ORIENTED_EDGE ( 'NONE', *, *, #1865, .F. ) ;
#303 = CIRCLE ( 'NONE', #1225, 2.600000000000001421 ) ;
#304 = CARTESIAN_POINT ( 'NONE',  ( -30.09999999999999787, -22.10000000000000497, 2.999999999999999112 ) ) ;
#305 = CARTESIAN_POINT ( 'NONE',  ( 33.00000000000000000, 25.00000000000000355, 0.000000000000000000 ) ) ;
#306 = EDGE_CURVE ( 'NONE', #1983, #1235, #377, .T. ) ;
#307 = CARTESIAN_POINT ( 'NONE',  ( -32.09999999999999432, 19.40000000000000568, 0.000000000000000000 ) ) ;
#308 = EDGE_CURVE ( 'NONE', #2749, #1439, #733, .T. ) ;
#309 = FACE_OUTER_BOUND ( 'NONE', #1681, .T. ) ;
#310 = ORIENTED_EDGE ( 'NONE', *, *, #495, .T. ) ;
#311 = ORIENTED_EDGE ( 'NONE', *, *, #2999, .T. ) ;
#312 = CARTESIAN_POINT ( 'NONE',  ( -17.39999999999999147, 21.90000000000000568, 15.00099999999999945 ) ) ;
#313 = CARTESIAN_POINT ( 'NONE',  ( -19.29999999999999005, 16.89999999999999858, 0.000000000000000000 ) ) ;
#314 = DIRECTION ( 'NONE',  ( 1.000000000000000000, 0.000000000000000000, 0.000000000000000000 ) ) ;
#315 = ORIENTED_EDGE ( 'NONE', *, *, #2346, .T. ) ;
#316 = CIRCLE ( 'NONE', #2034, 5.000000000000004441 ) ;
#317 = PLANE ( 'NONE',  #1362 ) ;
#318 = DIRECTION ( 'NONE',  ( 0.000000000000000000, -0.000000000000000000, -1.000000000000000000 ) ) ;
#319 = DIRECTION ( 'NONE',  ( 0.000000000000000000, 0.000000000000000000, 1.000000000000000000 ) ) ;
#320 = DIRECTION ( 'NONE',  ( -1.000000000000000000, 0.000000000000000000, 0.000000000000000000 ) ) ;
#321 = PRODUCT_DEFINITION ( 'UNKNOWN', '', #2314, #2847 ) ;
#322 = ORIENTED_EDGE ( 'NONE', *, *, #187, .F. ) ;
#323 = ORIENTED_EDGE ( 'NONE', *, *, #2030, .F. ) ;
#324 = EDGE_CURVE ( 'NONE', #670, #2503, #1311, .T. ) ;
#325 = FACE_BOUND ( 'NONE', #2523, .T. ) ;
#326 = DIRECTION ( 'NONE',  ( -0.000000000000000000, -0.000000000000000000, 1.000000000000000000 ) ) ;
#327 = LINE ( 'NONE', #2927, #1033 ) ;
#328 = ORIENTED_EDGE ( 'NONE', *, *, #1184, .F. ) ;
#329 = LINE ( 'NONE', #1509, #1210 ) ;
#330 = CARTESIAN_POINT ( 'NONE',  ( 15.65000000000001101, -13.28000000000000114, 0.000000000000000000 ) ) ;
#331 = EDGE_LOOP ( 'NONE', ( #1502, #2615, #2873, #1724, #1927, #1363, #2459, #470 ) ) ;
#332 = DIRECTION ( 'NONE',  ( 1.000000000000000000, 0.000000000000000000, 0.000000000000000000 ) ) ;
#333 = PLANE ( 'NONE',  #297 ) ;
#334 = VERTEX_POINT ( 'NONE', #2532 ) ;
#335 = VERTEX_POINT ( 'NONE', #178 ) ;
#336 = CIRCLE ( 'NONE', #1365, 2.000000000000001776 ) ;
#337 = CARTESIAN_POINT ( 'NONE',  ( -33.00000000000000000, 25.00000000000000355, 15.00000000000000000 ) ) ;
#338 = VECTOR ( 'NONE', #2604, 1000.000000000000114 ) ;
#339 = ORIENTED_EDGE ( 'NONE', *, *, #900, .T. ) ;
#340 = EDGE_CURVE ( 'NONE', #2268, #881, #2056, .T. ) ;
#341 = CIRCLE ( 'NONE', #2256, 2.000000000000001776 ) ;
#342 = VECTOR ( 'NONE', #726, 1000.000000000000000 ) ;
#343 = DIRECTION ( 'NONE',  ( 0.000000000000000000, -0.000000000000000000, -1.000000000000000000 ) ) ;
#344 = CARTESIAN_POINT ( 'NONE',  ( -29.25000000000000000, 19.40000000000000568, 0.000000000000000000 ) ) ;
#345 = ORIENTED_EDGE ( 'NONE', *, *, #773, .F. ) ;
#346 = DIRECTION ( 'NONE',  ( -0.000000000000000000, 0.000000000000000000, 1.000000000000000000 ) ) ;
#347 = VECTOR ( 'NONE', #1338, 1000.000000000000000 ) ;
#348 = CARTESIAN_POINT ( 'NONE',  ( 3.449999999999887379, 14.28941916244326116, 0.000000000000000000 ) ) ;
#349 = ORIENTED_EDGE ( 'NONE', *, *, #271, .F. ) ;
#350 = DIRECTION ( 'NONE',  ( 1.000000000000000000, 2.282530889443167515E-16, 0.000000000000000000 ) ) ;
#351 = CARTESIAN_POINT ( 'NONE',  ( -38.00000000000000000, 25.00000000000000711, 15.00000000000000000 ) ) ;
#352 = CARTESIAN_POINT ( 'NONE',  ( 23.39999999999999147, 11.90000000000000391, 2.999999999999999112 ) ) ;
#353 = ORIENTED_EDGE ( 'NONE', *, *, #1503, .F. ) ;
#354 = ORIENTED_EDGE ( 'NONE', *, *, #1063, .T. ) ;
#355 = DIRECTION ( 'NONE',  ( 0.000000000000000000, 0.000000000000000000, 1.000000000000000000 ) ) ;
#356 = ADVANCED_FACE ( 'NONE', ( #424 ), #3001, .F. ) ;
#357 = DIRECTION ( 'NONE',  ( 0.000000000000000000, 0.000000000000000000, 1.000000000000000000 ) ) ;
#358 = EDGE_CURVE ( 'NONE', #2467, #1534, #2396, .T. ) ;
#359 = ORIENTED_EDGE ( 'NONE', *, *, #399, .T. ) ;
#360 = CARTESIAN_POINT ( 'NONE',  ( 15.65000000000001812, -8.279999999999999361, 0.000000000000000000 ) ) ;
#361 = EDGE_CURVE ( 'NONE', #2546, #1964, #2983, .T. ) ;
#362 = CARTESIAN_POINT ( 'NONE',  ( -34.94999999999999574, -19.40000000000000568, 0.000000000000000000 ) ) ;
#363 = CARTESIAN_POINT ( 'NONE',  ( -0.8373223585571489824, 17.01028486733423861, 2.999999999999999112 ) ) ;
#364 = ORIENTED_EDGE ( 'NONE', *, *, #2125, .T. ) ;
#365 = DIRECTION ( 'NONE',  ( 1.000000000000000000, 0.000000000000000000, 0.000000000000000000 ) ) ;
#366 = DIRECTION ( 'NONE',  ( -0.000000000000000000, 0.000000000000000000, 1.000000000000000000 ) ) ;
#367 = ORIENTED_EDGE ( 'NONE', *, *, #2710, .T. ) ;
#368 = ORIENTED_EDGE ( 'NONE', *, *, #1332, .T. ) ;
#369 = PLANE ( 'NONE',  #2205 ) ;
#370 = EDGE_LOOP ( 'NONE', ( #1344, #3035, #2413, #1512 ) ) ;
#371 = PLANE ( 'NONE',  #2998 ) ;
#372 = CARTESIAN_POINT ( 'NONE',  ( -34.94999999999999574, 19.40000000000000568, 2.999999999999999112 ) ) ;
#373 = ORIENTED_EDGE ( 'NONE', *, *, #808, .T. ) ;
#374 = FACE_OUTER_BOUND ( 'NONE', #752, .T. ) ;
#375 = LINE ( 'NONE', #2699, #502 ) ;
#376 = VERTEX_POINT ( 'NONE', #2495 ) ;
#377 = LINE ( 'NONE', #2284, #195 ) ;
#378 = EDGE_CURVE ( 'NONE', #1473, #1494, #408, .T. ) ;
#379 = CARTESIAN_POINT ( 'NONE',  ( -16.82581736225466074, -2.583170550305909252, 2.999999999999999112 ) ) ;
#380 = ORIENTED_EDGE ( 'NONE', *, *, #939, .T. ) ;
#381 = ORIENTED_EDGE ( 'NONE', *, *, #2367, .F. ) ;
#382 = EDGE_LOOP ( 'NONE', ( #1557, #1409 ) ) ;
#383 = AXIS2_PLACEMENT_3D ( 'NONE', #2451, #1543, #814 ) ;
#384 = LINE ( 'NONE', #2540, #414 ) ;
#385 = DIRECTION ( 'NONE',  ( -1.000000000000000000, 0.000000000000000000, 1.224646799147350002E-16 ) ) ;
#386 = AXIS2_PLACEMENT_3D ( 'NONE', #1951, #343, #1969 ) ;
#387 = ORIENTED_EDGE ( 'NONE', *, *, #1468, .T. ) ;
#388 = PLANE ( 'NONE',  #2890 ) ;
#389 = AXIS2_PLACEMENT_3D ( 'NONE', #524, #961, #750 ) ;
#390 = DIRECTION ( 'NONE',  ( -0.4999999999999913958, -0.8660254037844434816, 0.000000000000000000 ) ) ;
#391 = ORIENTED_EDGE ( 'NONE', *, *, #603, .T. ) ;
#392 = LINE ( 'NONE', #2252, #1659 ) ;
#393 = CARTESIAN_POINT ( 'NONE',  ( -24.49999999999999289, -19.40000000000000924, 0.000000000000000000 ) ) ;
#394 = DIRECTION ( 'NONE',  ( -1.569885498621544235E-16, -1.000000000000000000, 0.000000000000000000 ) ) ;
#395 = EDGE_CURVE ( 'NONE', #1626, #932, #3048, .T. ) ;
#396 = ORIENTED_EDGE ( 'NONE', *, *, #1920, .F. ) ;
#397 = VECTOR ( 'NONE', #1704, 1000.000000000000000 ) ;
#398 = ORIENTED_EDGE ( 'NONE', *, *, #2751, .T. ) ;
#399 = EDGE_CURVE ( 'NONE', #449, #1101, #1801, .T. ) ;
#400 = EDGE_CURVE ( 'NONE', #2870, #1535, #882, .T. ) ;
#401 = ORIENTED_EDGE ( 'NONE', *, *, #91, .F. ) ;
#402 = LINE ( 'NONE', #907, #2923 ) ;
#403 = PERSON_AND_ORGANIZATION_ROLE ( 'creator' ) ;
#404 = VERTEX_POINT ( 'NONE', #2023 ) ;
#405 = DIRECTION ( 'NONE',  ( -0.8660254037844363761, -0.5000000000000039968, 0.000000000000000000 ) ) ;
#406 = DIRECTION ( 'NONE',  ( -1.196361017915039437E-15, -1.000000000000000000, 0.000000000000000000 ) ) ;
#407 = ORIENTED_EDGE ( 'NONE', *, *, #1151, .F. ) ;
#408 = LINE ( 'NONE', #1306, #2492 ) ;
#409 = CARTESIAN_POINT ( 'NONE',  ( -20.39999999999999503, 21.90000000000000568, 2.999999999999999112 ) ) ;
#410 = FACE_BOUND ( 'NONE', #802, .T. ) ;
#411 = ORIENTED_EDGE ( 'NONE', *, *, #2558, .T. ) ;
#412 = ORIENTED_EDGE ( 'NONE', *, *, #2383, .F. ) ;
#413 = EDGE_CURVE ( 'NONE', #2392, #1946, #2302, .T. ) ;
#414 = VECTOR ( 'NONE', #2507, 1000.000000000000000 ) ;
#415 = ORIENTED_EDGE ( 'NONE', *, *, #1272, .F. ) ;
#416 = EDGE_CURVE ( 'NONE', #2425, #2438, #2844, .T. ) ;
#417 = DIRECTION ( 'NONE',  ( -1.000000000000000000, 0.000000000000000000, 1.224646799147350002E-16 ) ) ;
#418 = DIRECTION ( 'NONE',  ( 1.000000000000000000, 0.000000000000000000, 0.000000000000000000 ) ) ;
#419 = ORIENTED_EDGE ( 'NONE', *, *, #169, .F. ) ;
#420 = DIRECTION ( 'NONE',  ( 0.000000000000000000, 0.000000000000000000, 1.000000000000000000 ) ) ;
#421 = CARTESIAN_POINT ( 'NONE',  ( 33.00000000000000000, 30.00000000000000711, 0.000000000000000000 ) ) ;
#422 = DIRECTION ( 'NONE',  ( -0.000000000000000000, -0.000000000000000000, 1.000000000000000000 ) ) ;
#423 = VERTEX_POINT ( 'NONE', #2001 ) ;
#424 = FACE_OUTER_BOUND ( 'NONE', #146, .T. ) ;
#425 = AXIS2_PLACEMENT_3D ( 'NONE', #1596, #2591, #1629 ) ;
#426 = CYLINDRICAL_SURFACE ( 'NONE', #1812, 2.000000000000001776 ) ;
#427 = CARTESIAN_POINT ( 'NONE',  ( 15.15000000000001812, -7.780000000000000249, 2.999999999999999112 ) ) ;
#428 = ORIENTED_EDGE ( 'NONE', *, *, #232, .F. ) ;
#429 = EDGE_LOOP ( 'NONE', ( #695, #1639, #1576, #116 ) ) ;
#430 = CC_DESIGN_PERSON_AND_ORGANIZATION_ASSIGNMENT ( #2851, #2338, ( #983 ) ) ;
#431 = ORIENTED_EDGE ( 'NONE', *, *, #2010, .T. ) ;
#432 = CARTESIAN_POINT ( 'NONE',  ( 15.65000000000001812, -8.279999999999999361, 2.999999999999999112 ) ) ;
#433 = CARTESIAN_POINT ( 'NONE',  ( 0.000000000000000000, 0.000000000000000000, 0.000000000000000000 ) ) ;
#434 = ADVANCED_FACE ( 'NONE', ( #2717 ), #2950, .F. ) ;
#435 = CIRCLE ( 'NONE', #1239, 5.000000000000004441 ) ;
#436 = ORIENTED_EDGE ( 'NONE', *, *, #1796, .T. ) ;
#437 = AXIS2_PLACEMENT_3D ( 'NONE', #1421, #1940, #1446 ) ;
#438 = EDGE_CURVE ( 'NONE', #1140, #2099, #613, .T. ) ;
#439 = AXIS2_PLACEMENT_3D ( 'NONE', #2613, #1204, #463 ) ;
#440 = CARTESIAN_POINT ( 'NONE',  ( 24.89999999999999147, 11.90000000000000391, 2.999999999999999112 ) ) ;
#441 = DIRECTION ( 'NONE',  ( -1.000000000000000000, 0.000000000000000000, 0.000000000000000000 ) ) ;
#442 = CIRCLE ( 'NONE', #1807, 1.500000000000001332 ) ;
#443 = VECTOR ( 'NONE', #547, 1000.000000000000000 ) ;
#444 = ORIENTED_EDGE ( 'NONE', *, *, #2958, .F. ) ;
#445 = AXIS2_PLACEMENT_3D ( 'NONE', #78, #2596, #494 ) ;
#446 = CYLINDRICAL_SURFACE ( 'NONE', #1173, 0.4999999999998928635 ) ;
#447 = AXIS2_PLACEMENT_3D ( 'NONE', #9, #2829, #501 ) ;
#448 = DIRECTION ( 'NONE',  ( -0.000000000000000000, 0.000000000000000000, -1.000000000000000000 ) ) ;
#449 = VERTEX_POINT ( 'NONE', #2750 ) ;
#450 = CARTESIAN_POINT ( 'NONE',  ( -26.02310562561766361, -23.52310562561765650, 2.999999999999999112 ) ) ;
#451 = VECTOR ( 'NONE', #422, 1000.000000000000000 ) ;
#452 = ORIENTED_EDGE ( 'NONE', *, *, #1825, .F. ) ;
#453 = DIRECTION ( 'NONE',  ( -0.4999999999999913958, -0.8660254037844435926, 0.000000000000000000 ) ) ;
#454 = ORIENTED_EDGE ( 'NONE', *, *, #1743, .T. ) ;
#455 = EDGE_CURVE ( 'NONE', #2839, #1095, #646, .T. ) ;
#456 = CARTESIAN_POINT ( 'NONE',  ( -32.99999999999999289, -24.99999999999999289, 0.000000000000000000 ) ) ;
#457 = DIRECTION ( 'NONE',  ( -1.224646799147350002E-16, -0.000000000000000000, -1.000000000000000000 ) ) ;
#458 = VERTEX_POINT ( 'NONE', #1129 ) ;
#459 = EDGE_CURVE ( 'NONE', #2807, #16, #3015, .T. ) ;
#460 = DIRECTION ( 'NONE',  ( -1.000000000000000000, 0.000000000000000000, 0.000000000000000000 ) ) ;
#461 = CARTESIAN_POINT ( 'NONE',  ( 33.00000000000000000, -30.00000000000000000, 15.00000000000000000 ) ) ;
#462 = ADVANCED_FACE ( 'NONE', ( #2642 ), #65, .F. ) ;
#463 = DIRECTION ( 'NONE',  ( 1.000000000000000000, 0.000000000000000000, 0.000000000000000000 ) ) ;
#464 = CIRCLE ( 'NONE', #161, 1.500000000000001332 ) ;
#465 = ORIENTED_EDGE ( 'NONE', *, *, #232, .T. ) ;
#466 = DIRECTION ( 'NONE',  ( -0.000000000000000000, -0.000000000000000000, 1.000000000000000000 ) ) ;
#467 = CARTESIAN_POINT ( 'NONE',  ( -32.09999999999999432, -19.40000000000000568, 2.999999999999999112 ) ) ;
#468 =( NAMED_UNIT ( * ) PLANE_ANGLE_UNIT ( ) SI_UNIT ( $, .RADIAN. ) );
#469 = VECTOR ( 'NONE', #223, 1000.000000000000000 ) ;
#470 = ORIENTED_EDGE ( 'NONE', *, *, #2463, .F. ) ;
#471 = LINE ( 'NONE', #1174, #2647 ) ;
#472 = CYLINDRICAL_SURFACE ( 'NONE', #1475, 2.000000000000001776 ) ;
#473 = APPROVAL ( #1413, 'UNSPECIFIED' ) ;
#474 = ORIENTED_EDGE ( 'NONE', *, *, #51, .F. ) ;
#475 = DIRECTION ( 'NONE',  ( -0.000000000000000000, -0.000000000000000000, -1.000000000000000000 ) ) ;
#476 = CARTESIAN_POINT ( 'NONE',  ( 32.09999999999999432, -12.10000000000001741, 2.999999999999999112 ) ) ;
#477 = EDGE_CURVE ( 'NONE', #1494, #2268, #3053, .T. ) ;
#478 = VERTEX_POINT ( 'NONE', #352 ) ;
#479 = ADVANCED_FACE ( 'NONE', ( #1757 ), #2211, .F. ) ;
#480 = VERTEX_POINT ( 'NONE', #2511 ) ;
#481 = CARTESIAN_POINT ( 'NONE',  ( -24.52310562561766005, -23.52310562561765650, 2.999999999999999112 ) ) ;
#482 = APPROVAL_DATE_TIME ( #1890, #1212 ) ;
#483 = DIRECTION ( 'NONE',  ( 1.000000000000000000, 0.000000000000000000, 0.000000000000000000 ) ) ;
#484 = CYLINDRICAL_SURFACE ( 'NONE', #1875, 0.5000000000000004441 ) ;
#485 = VECTOR ( 'NONE', #2516, 1000.000000000000000 ) ;
#486 = ORIENTED_EDGE ( 'NONE', *, *, #2255, .T. ) ;
#487 = DIRECTION ( 'NONE',  ( 1.000000000000000000, 0.000000000000000000, 0.000000000000000000 ) ) ;
#488 = CIRCLE ( 'NONE', #588, 0.4999999999999991673 ) ;
#489 = VECTOR ( 'NONE', #1618, 1000.000000000000000 ) ;
#490 = CARTESIAN_POINT ( 'NONE',  ( 34.10000000000000142, 12.10000000000001741, 0.000000000000000000 ) ) ;
#491 = CARTESIAN_POINT ( 'NONE',  ( -19.32581736225467850, -6.913297569228223693, 0.000000000000000000 ) ) ;
#492 = CIRCLE ( 'NONE', #2452, 0.4999999999998894218 ) ;
#493 = VECTOR ( 'NONE', #1454, 1000.000000000000000 ) ;
#494 = DIRECTION ( 'NONE',  ( -1.000000000000000000, 0.000000000000000000, 0.000000000000000000 ) ) ;
#495 = EDGE_CURVE ( 'NONE', #1099, #2470, #780, .T. ) ;
#496 = CIRCLE ( 'NONE', #2756, 1.500000000000001332 ) ;
#497 = EDGE_CURVE ( 'NONE', #1714, #2928, #927, .T. ) ;
#498 = ORIENTED_EDGE ( 'NONE', *, *, #1683, .F. ) ;
#499 = CARTESIAN_POINT ( 'NONE',  ( -34.94999999999999574, 19.40000000000000568, 0.000000000000000000 ) ) ;
#500 = ADVANCED_FACE ( 'NONE', ( #1092 ), #640, .F. ) ;
#501 = DIRECTION ( 'NONE',  ( 1.000000000000000000, 0.000000000000000000, 0.000000000000000000 ) ) ;
#502 = VECTOR ( 'NONE', #1078, 1000.000000000000114 ) ;
#503 = LINE ( 'NONE', #2136, #338 ) ;
#504 = APPROVAL_PERSON_ORGANIZATION ( #2081, #1760, #2977 ) ;
#505 = FACE_OUTER_BOUND ( 'NONE', #2212, .T. ) ;
#506 = ORIENTED_EDGE ( 'NONE', *, *, #173, .F. ) ;
#507 = PLANE ( 'NONE',  #2549 ) ;
#508 = DIRECTION ( 'NONE',  ( 0.000000000000000000, 0.000000000000000000, 1.000000000000000000 ) ) ;
#509 = DIRECTION ( 'NONE',  ( -1.000000000000000000, 0.000000000000000000, 1.180083997263134217E-16 ) ) ;
#510 = CARTESIAN_POINT ( 'NONE',  ( 7.599999999999996092, 30.00000000000001066, 8.900000000000000355 ) ) ;
#511 = VERTEX_POINT ( 'NONE', #2763 ) ;
#512 = EDGE_CURVE ( 'NONE', #2928, #1714, #2352, .T. ) ;
#513 = DIRECTION ( 'NONE',  ( 0.000000000000000000, -0.000000000000000000, -1.000000000000000000 ) ) ;
#514 = DIRECTION ( 'NONE',  ( 0.8660254037844128394, -0.5000000000000447420, 0.000000000000000000 ) ) ;
#515 = CALENDAR_DATE ( 2026, 5, 6 ) ;
#516 = EDGE_CURVE ( 'NONE', #1056, #902, #1980, .T. ) ;
#517 = DIRECTION ( 'NONE',  ( -1.224646799147350002E-16, -0.000000000000000000, -1.000000000000000000 ) ) ;
#518 = DIRECTION ( 'NONE',  ( -0.000000000000000000, -0.000000000000000000, -1.000000000000000000 ) ) ;
#519 = ORIENTED_EDGE ( 'NONE', *, *, #1599, .F. ) ;
#520 = DIRECTION ( 'NONE',  ( -0.000000000000000000, -0.000000000000000000, 1.000000000000000000 ) ) ;
#521 = DIRECTION ( 'NONE',  ( -0.000000000000000000, 0.000000000000000000, -1.000000000000000000 ) ) ;
#522 = ORIENTED_EDGE ( 'NONE', *, *, #2259, .F. ) ;
#523 = DIRECTION ( 'NONE',  ( 1.000000000000000000, 0.000000000000000000, 0.000000000000000000 ) ) ;
#524 = CARTESIAN_POINT ( 'NONE',  ( -32.09999999999999432, -19.40000000000000568, 2.999999999999999112 ) ) ;
#525 = ORIENTED_EDGE ( 'NONE', *, *, #2806, .T. ) ;
#526 = ORIENTED_EDGE ( 'NONE', *, *, #2074, .F. ) ;
#527 = CYLINDRICAL_SURFACE ( 'NONE', #1911, 0.4999999999999991673 ) ;
#528 = CARTESIAN_POINT ( 'NONE',  ( 29.25000000000001421, -19.39999999999999858, 0.000000000000000000 ) ) ;
#529 = EDGE_CURVE ( 'NONE', #2283, #813, #1536, .T. ) ;
#530 = DIRECTION ( 'NONE',  ( 0.8660254037844454800, 0.4999999999999881206, 0.000000000000000000 ) ) ;
#531 = CARTESIAN_POINT ( 'NONE',  ( -33.00000000000000000, 30.00000000000000711, 0.000000000000000000 ) ) ;
#532 = ADVANCED_FACE ( 'NONE', ( #2661 ), #1979, .T. ) ;
#533 = ORIENTED_EDGE ( 'NONE', *, *, #1233, .F. ) ;
#534 = CARTESIAN_POINT ( 'NONE',  ( -7.599999999999996092, -30.00000000000000711, 8.900000000000000355 ) ) ;
#535 = DIRECTION ( 'NONE',  ( 1.000000000000000000, 0.000000000000000000, 0.000000000000000000 ) ) ;
#536 = CIRCLE ( 'NONE', #919, 1.500000000000001332 ) ;
#537 = ORIENTED_EDGE ( 'NONE', *, *, #2538, .T. ) ;
#538 = LINE ( 'NONE', #2158, #2104 ) ;
#539 = VECTOR ( 'NONE', #1594, 1000.000000000000000 ) ;
#540 = AXIS2_PLACEMENT_3D ( 'NONE', #2465, #346, #1749 ) ;
#541 = CARTESIAN_POINT ( 'NONE',  ( -6.737677641442698651, 3.889999999999775415, 0.000000000000000000 ) ) ;
#542 = AXIS2_PLACEMENT_3D ( 'NONE', #1944, #2934, #1267 ) ;
#543 = CIRCLE ( 'NONE', #386, 0.5000000000000022204 ) ;
#544 = ORIENTED_EDGE ( 'NONE', *, *, #2823, .F. ) ;
#545 = ORIENTED_EDGE ( 'NONE', *, *, #2383, .T. ) ;
#546 = DIRECTION ( 'NONE',  ( -0.000000000000000000, -0.000000000000000000, 1.000000000000000000 ) ) ;
#547 = DIRECTION ( 'NONE',  ( -0.000000000000000000, -0.000000000000000000, 1.000000000000000000 ) ) ;
#548 = DIRECTION ( 'NONE',  ( -0.000000000000000000, -0.000000000000000000, -1.000000000000000000 ) ) ;
#549 = AXIS2_PLACEMENT_3D ( 'NONE', #121, #2433, #848 ) ;
#550 = ORIENTED_EDGE ( 'NONE', *, *, #2498, .F. ) ;
#551 = ADVANCED_FACE ( 'NONE', ( #2028 ), #166, .F. ) ;
#552 = CC_DESIGN_SECURITY_CLASSIFICATION ( #983, ( #2314 ) ) ;
#553 = CARTESIAN_POINT ( 'NONE',  ( -11.93383006414700276, 6.889999999998363656, 0.000000000000000000 ) ) ;
#554 = EDGE_CURVE ( 'NONE', #1605, #2145, #1308, .T. ) ;
#555 = DIRECTION ( 'NONE',  ( -1.224646799147350002E-16, -0.000000000000000000, -1.000000000000000000 ) ) ;
#556 = DIRECTION ( 'NONE',  ( -0.000000000000000000, -0.000000000000000000, 1.000000000000000000 ) ) ;
#557 = EDGE_CURVE ( 'NONE', #1894, #335, #2082, .T. ) ;
#558 = DIRECTION ( 'NONE',  ( 0.000000000000000000, 0.000000000000000000, 1.000000000000000000 ) ) ;
#559 = ORIENTED_EDGE ( 'NONE', *, *, #2385, .F. ) ;
#560 = VERTEX_POINT ( 'NONE', #1604 ) ;
#561 = CARTESIAN_POINT ( 'NONE',  ( -35.10000000000000853, -22.10000000000000497, 15.00000000000000000 ) ) ;
#562 = VERTEX_POINT ( 'NONE', #875 ) ;
#563 = LINE ( 'NONE', #1299, #1466 ) ;
#564 = CYLINDRICAL_SURFACE ( 'NONE', #3011, 2.600000000000001421 ) ;
#565 = ORIENTED_EDGE ( 'NONE', *, *, #529, .T. ) ;
#566 = CIRCLE ( 'NONE', #948, 1.500000000000001332 ) ;
#567 = DIRECTION ( 'NONE',  ( -1.000000000000000000, 0.000000000000000000, 0.000000000000000000 ) ) ;
#568 = DIRECTION ( 'NONE',  ( -0.000000000000000000, -0.000000000000000000, 1.000000000000000000 ) ) ;
#569 = ORIENTED_EDGE ( 'NONE', *, *, #590, .T. ) ;
#570 = CARTESIAN_POINT ( 'NONE',  ( 34.10000000000000142, 12.10000000000001741, 2.999999999999999112 ) ) ;
#571 = DIRECTION ( 'NONE',  ( 1.000000000000000000, 0.000000000000000000, 0.000000000000000000 ) ) ;
#572 = ADVANCED_FACE ( 'NONE', ( #208 ), #2325, .F. ) ;
#573 = ORIENTED_EDGE ( 'NONE', *, *, #1799, .F. ) ;
#574 = ORIENTED_EDGE ( 'NONE', *, *, #2710, .F. ) ;
#575 = FACE_BOUND ( 'NONE', #2900, .T. ) ;
#576 = AXIS2_PLACEMENT_3D ( 'NONE', #476, #217, #2534 ) ;
#577 = DIRECTION ( 'NONE',  ( -0.000000000000000000, -0.000000000000000000, 1.000000000000000000 ) ) ;
#578 = CARTESIAN_POINT ( 'NONE',  ( -30.09999999999999432, 12.10000000000000853, 0.000000000000000000 ) ) ;
#579 = ORIENTED_EDGE ( 'NONE', *, *, #2521, .F. ) ;
#580 = DIRECTION ( 'NONE',  ( 0.000000000000000000, 0.000000000000000000, 1.000000000000000000 ) ) ;
#581 = LINE ( 'NONE', #1510, #1134 ) ;
#582 = ORIENTED_EDGE ( 'NONE', *, *, #1972, .T. ) ;
#583 = DIRECTION ( 'NONE',  ( -0.000000000000000000, -0.000000000000000000, 1.000000000000000000 ) ) ;
#584 = FACE_OUTER_BOUND ( 'NONE', #331, .T. ) ;
#585 = ORIENTED_EDGE ( 'NONE', *, *, #1523, .F. ) ;
#586 = ORIENTED_EDGE ( 'NONE', *, *, #649, .F. ) ;
#587 = ADVANCED_FACE ( 'NONE', ( #1247 ), #1424, .F. ) ;
#588 = AXIS2_PLACEMENT_3D ( 'NONE', #1930, #2874, #332 ) ;
#589 = EDGE_CURVE ( 'NONE', #2287, #2928, #2556, .T. ) ;
#590 = EDGE_CURVE ( 'NONE', #2438, #2425, #129, .T. ) ;
#591 = CIRCLE ( 'NONE', #1022, 4.999999999999997335 ) ;
#592 = LINE ( 'NONE', #2200, #1861 ) ;
#593 = CYLINDRICAL_SURFACE ( 'NONE', #100, 2.849999999999998312 ) ;
#594 = ORIENTED_EDGE ( 'NONE', *, *, #724, .T. ) ;
#595 = CARTESIAN_POINT ( 'NONE',  ( 32.99999999999999289, -24.99999999999999289, 15.00000000000000000 ) ) ;
#596 = VECTOR ( 'NONE', #568, 1000.000000000000000 ) ;
#597 = CARTESIAN_POINT ( 'NONE',  ( 17.39999999999999147, 21.90000000000000568, 2.999999999999999112 ) ) ;
#598 = VERTEX_POINT ( 'NONE', #2741 ) ;
#599 = DIRECTION ( 'NONE',  ( 1.000000000000000000, 0.000000000000000000, 0.000000000000000000 ) ) ;
#600 = CARTESIAN_POINT ( 'NONE',  ( 15.15000000000001990, -8.279999999999999361, 0.000000000000000000 ) ) ;
#601 = ORIENTED_EDGE ( 'NONE', *, *, #805, .T. ) ;
#602 = VERTEX_POINT ( 'NONE', #1505 ) ;
#603 = EDGE_CURVE ( 'NONE', #3046, #2450, #536, .T. ) ;
#604 = VERTEX_POINT ( 'NONE', #363 ) ;
#605 = FACE_OUTER_BOUND ( 'NONE', #40, .T. ) ;
#606 = FACE_OUTER_BOUND ( 'NONE', #2316, .T. ) ;
#607 = EDGE_CURVE ( 'NONE', #881, #820, #1729, .T. ) ;
#608 = ORIENTED_EDGE ( 'NONE', *, *, #2426, .F. ) ;
#609 = EDGE_CURVE ( 'NONE', #1433, #2804, #2430, .T. ) ;
#610 = CARTESIAN_POINT ( 'NONE',  ( -34.10000000000000142, -12.10000000000000853, 2.999999999999999112 ) ) ;
#611 = LINE ( 'NONE', #362, #301 ) ;
#612 = ORIENTED_EDGE ( 'NONE', *, *, #603, .F. ) ;
#613 = LINE ( 'NONE', #850, #1905 ) ;
#614 = LINE ( 'NONE', #379, #2752 ) ;
#615 = ORIENTED_EDGE ( 'NONE', *, *, #589, .T. ) ;
#616 = ORIENTED_EDGE ( 'NONE', *, *, #2597, .F. ) ;
#617 = DIRECTION ( 'NONE',  ( -0.000000000000000000, -0.000000000000000000, 1.000000000000000000 ) ) ;
#618 = ORIENTED_EDGE ( 'NONE', *, *, #361, .T. ) ;
#619 = DIRECTION ( 'NONE',  ( 2.775557561562891351E-16, -1.000000000000000000, 0.000000000000000000 ) ) ;
#620 = DIRECTION ( 'NONE',  ( -0.000000000000000000, -0.000000000000000000, 1.000000000000000000 ) ) ;
#621 = EDGE_LOOP ( 'NONE', ( #130, #3029, #164, #1835 ) ) ;
#622 = ADVANCED_FACE ( 'NONE', ( #2520 ), #369, .T. ) ;
#623 = DIRECTION ( 'NONE',  ( -0.000000000000000000, -0.000000000000000000, 1.000000000000000000 ) ) ;
#624 = DIRECTION ( 'NONE',  ( -0.000000000000000000, -0.000000000000000000, -1.000000000000000000 ) ) ;
#625 = EDGE_CURVE ( 'NONE', #2008, #2503, #1840, .T. ) ;
#626 = ORIENTED_EDGE ( 'NONE', *, *, #2754, .T. ) ;
#627 = DIRECTION ( 'NONE',  ( 0.000000000000000000, -0.000000000000000000, 1.000000000000000000 ) ) ;
#628 = LINE ( 'NONE', #393, #2803 ) ;
#629 = FACE_OUTER_BOUND ( 'NONE', #2721, .T. ) ;
#630 = ORIENTED_EDGE ( 'NONE', *, *, #858, .F. ) ;
#631 = ORIENTED_EDGE ( 'NONE', *, *, #1802, .T. ) ;
#632 = AXIS2_PLACEMENT_3D ( 'NONE', #2753, #3004, #460 ) ;
#633 = ORIENTED_EDGE ( 'NONE', *, *, #1199, .F. ) ;
#634 = AXIS2_PLACEMENT_3D ( 'NONE', #2345, #250, #29 ) ;
#635 = AXIS2_PLACEMENT_3D ( 'NONE', #2308, #2262, #1813 ) ;
#636 = AXIS2_PLACEMENT_3D ( 'NONE', #1193, #7, #946 ) ;
#637 = DIRECTION ( 'NONE',  ( -1.000000000000000000, 0.000000000000000000, 0.000000000000000000 ) ) ;
#638 = AXIS2_PLACEMENT_3D ( 'NONE', #2330, #3033, #2343 ) ;
#639 = ORIENTED_EDGE ( 'NONE', *, *, #1920, .T. ) ;
#640 = CYLINDRICAL_SURFACE ( 'NONE', #2196, 2.600000000000001421 ) ;
#641 = DIRECTION ( 'NONE',  ( 1.000000000000000000, 0.000000000000000000, 0.000000000000000000 ) ) ;
#642 = CIRCLE ( 'NONE', #1369, 1.500000000000001332 ) ;
#643 = CYLINDRICAL_SURFACE ( 'NONE', #2408, 2.849999999999998312 ) ;
#644 = EDGE_CURVE ( 'NONE', #2723, #1101, #976, .T. ) ;
#645 = ORIENTED_EDGE ( 'NONE', *, *, #1865, .T. ) ;
#646 = LINE ( 'NONE', #191, #971 ) ;
#647 = LINE ( 'NONE', #1579, #485 ) ;
#648 = CARTESIAN_POINT ( 'NONE',  ( -26.02310562561766361, -23.52310562561765650, 0.000000000000000000 ) ) ;
#649 = EDGE_CURVE ( 'NONE', #909, #2322, #75, .T. ) ;
#650 = ORIENTED_EDGE ( 'NONE', *, *, #2673, .T. ) ;
#651 = AXIS2_PLACEMENT_3D ( 'NONE', #1881, #2869, #1926 ) ;
#652 = ORIENTED_EDGE ( 'NONE', *, *, #939, .F. ) ;
#653 = CIRCLE ( 'NONE', #698, 0.4999999999998928635 ) ;
#654 = CIRCLE ( 'NONE', #2564, 2.600000000000001421 ) ;
#655 = ORIENTED_EDGE ( 'NONE', *, *, #48, .F. ) ;
#656 = LINE ( 'NONE', #1587, #1245 ) ;
#657 = PERSON_AND_ORGANIZATION ( #2356, #2810 ) ;
#658 = ORIENTED_EDGE ( 'NONE', *, *, #1954, .F. ) ;
#659 = DIRECTION ( 'NONE',  ( 1.000000000000000000, 0.000000000000000000, 0.000000000000000000 ) ) ;
#660 = CARTESIAN_POINT ( 'NONE',  ( 20.39999999999999503, 21.90000000000000568, 0.000000000000000000 ) ) ;
#661 = ORIENTED_EDGE ( 'NONE', *, *, #2786, .F. ) ;
#662 = CARTESIAN_POINT ( 'NONE',  ( -30.09999999999999787, 22.10000000000000497, 15.00000000000000000 ) ) ;
#663 = CARTESIAN_POINT ( 'NONE',  ( -17.77689437438231934, -15.27689437438235132, 0.000000000000000000 ) ) ;
#664 = VECTOR ( 'NONE', #2182, 1000.000000000000000 ) ;
#665 = CARTESIAN_POINT ( 'NONE',  ( -33.00000000000000000, 30.00000000000000711, 15.00000000000000000 ) ) ;
#666 = ORIENTED_EDGE ( 'NONE', *, *, #2958, .T. ) ;
#667 = EDGE_LOOP ( 'NONE', ( #2464, #1462, #1048, #789 ) ) ;
#668 = EDGE_CURVE ( 'NONE', #1566, #1997, #1695, .T. ) ;
#669 = ADVANCED_FACE ( 'NONE', ( #1248 ), #1450, .F. ) ;
#670 = VERTEX_POINT ( 'NONE', #779 ) ;
#671 = CARTESIAN_POINT ( 'NONE',  ( -30.09999999999999432, -12.10000000000000853, 2.999999999999999112 ) ) ;
#672 = CARTESIAN_POINT ( 'NONE',  ( 10.65000000000001101, -13.28000000000000114, 0.000000000000000000 ) ) ;
#673 = EDGE_LOOP ( 'NONE', ( #2336, #877 ) ) ;
#674 = FACE_OUTER_BOUND ( 'NONE', #2012, .T. ) ;
#675 = DIRECTION ( 'NONE',  ( 1.000000000000000000, 0.000000000000000000, 0.000000000000000000 ) ) ;
#676 = VERTEX_POINT ( 'NONE', #740 ) ;
#677 = CYLINDRICAL_SURFACE ( 'NONE', #638, 1.500000000000001332 ) ;
#678 = DIRECTION ( 'NONE',  ( 0.000000000000000000, 0.000000000000000000, 1.000000000000000000 ) ) ;
#679 = CARTESIAN_POINT ( 'NONE',  ( 0.000000000000000000, 0.000000000000000000, 8.900000000000000355 ) ) ;
#680 = ORIENTED_EDGE ( 'NONE', *, *, #2862, .T. ) ;
#681 = ADVANCED_FACE ( 'NONE', ( #2843 ), #1668, .F. ) ;
#682 = LINE ( 'NONE', #1382, #469 ) ;
#683 = FACE_OUTER_BOUND ( 'NONE', #1501, .T. ) ;
#684 = EDGE_CURVE ( 'NONE', #458, #1843, #88, .T. ) ;
#685 = ORIENTED_EDGE ( 'NONE', *, *, #2317, .T. ) ;
#686 = VECTOR ( 'NONE', #687, 1000.000000000000000 ) ;
#687 = DIRECTION ( 'NONE',  ( 1.794541526872559254E-15, -1.000000000000000000, 0.000000000000000000 ) ) ;
#688 = CARTESIAN_POINT ( 'NONE',  ( -32.09999999999999432, 19.40000000000000568, 0.000000000000000000 ) ) ;
#689 = VECTOR ( 'NONE', #1558, 1000.000000000000000 ) ;
#690 = VECTOR ( 'NONE', #2066, 1000.000000000000000 ) ;
#691 = ORIENTED_EDGE ( 'NONE', *, *, #122, .T. ) ;
#692 = CIRCLE ( 'NONE', #1218, 4.999999999999997335 ) ;
#693 = DIRECTION ( 'NONE',  ( -0.000000000000000000, -0.000000000000000000, 1.000000000000000000 ) ) ;
#694 = CARTESIAN_POINT ( 'NONE',  ( 32.10000000000000853, -19.39999999999999858, 2.999999999999999112 ) ) ;
#695 = ORIENTED_EDGE ( 'NONE', *, *, #1671, .F. ) ;
#696 = DIRECTION ( 'NONE',  ( 0.5000000000000041078, -0.8660254037844363761, 0.000000000000000000 ) ) ;
#697 = CIRCLE ( 'NONE', #2069, 4.999999999999997335 ) ;
#698 = AXIS2_PLACEMENT_3D ( 'NONE', #2331, #1162, #231 ) ;
#699 = ORIENTED_EDGE ( 'NONE', *, *, #2439, .T. ) ;
#700 = CIRCLE ( 'NONE', #1185, 2.600000000000001421 ) ;
#701 = CARTESIAN_POINT ( 'NONE',  ( -35.10000000000000142, 22.10000000000000853, 2.999999999999999112 ) ) ;
#702 = APPROVAL_STATUS ( 'not_yet_approved' ) ;
#703 = ORIENTED_EDGE ( 'NONE', *, *, #1651, .F. ) ;
#704 = VECTOR ( 'NONE', #74, 1000.000000000000000 ) ;
#705 = DIRECTION ( 'NONE',  ( -1.000000000000000000, 1.387778780781445084E-15, 0.000000000000000000 ) ) ;
#706 = ADVANCED_FACE ( 'NONE', ( #2365 ), #2614, .T. ) ;
#707 = DIRECTION ( 'NONE',  ( 1.000000000000000000, 0.000000000000000000, 0.000000000000000000 ) ) ;
#708 = EDGE_LOOP ( 'NONE', ( #1316, #2389, #1190, #1333 ) ) ;
#709 = CARTESIAN_POINT ( 'NONE',  ( -30.09999999999999432, -12.10000000000000853, 0.000000000000000000 ) ) ;
#710 = CARTESIAN_POINT ( 'NONE',  ( -14.69999999999999574, 0.000000000000000000, 2.999999999999995559 ) ) ;
#711 = CARTESIAN_POINT ( 'NONE',  ( -32.99999999999999289, -24.99999999999999289, 15.00000000000000000 ) ) ;
#712 = CARTESIAN_POINT ( 'NONE',  ( 5.925817362257227217, 16.29618325219659170, 2.999999999999999112 ) ) ;
#713 = ORIENTED_EDGE ( 'NONE', *, *, #2773, .T. ) ;
#714 = ADVANCED_BREP_SHAPE_REPRESENTATION ( 'FIxed box', ( #2739, #1081 ), #2857 ) ;
#715 = DIRECTION ( 'NONE',  ( 0.000000000000000000, 0.000000000000000000, 1.000000000000000000 ) ) ;
#716 = CARTESIAN_POINT ( 'NONE',  ( 32.09999999999998721, 17.90000000000000213, 0.000000000000000000 ) ) ;
#717 = CARTESIAN_POINT ( 'NONE',  ( 30.09999999999999787, -27.10000000000000142, 15.00000000000000000 ) ) ;
#718 = ORIENTED_EDGE ( 'NONE', *, *, #2295, .F. ) ;
#719 = EDGE_CURVE ( 'NONE', #2197, #2600, #642, .T. ) ;
#720 = FACE_BOUND ( 'NONE', #2228, .T. ) ;
#721 = LINE ( 'NONE', #461, #960 ) ;
#722 = ORIENTED_EDGE ( 'NONE', *, *, #1010, .F. ) ;
#723 = DIRECTION ( 'NONE',  ( -1.224646799147350002E-16, -0.000000000000000000, -1.000000000000000000 ) ) ;
#724 = EDGE_CURVE ( 'NONE', #1234, #604, #1712, .T. ) ;
#725 = EDGE_LOOP ( 'NONE', ( #2022, #997, #519, #1846 ) ) ;
#726 = DIRECTION ( 'NONE',  ( -0.000000000000000000, -0.000000000000000000, 1.000000000000000000 ) ) ;
#727 = DATE_TIME_ROLE ( 'classification_date' ) ;
#728 = DIRECTION ( 'NONE',  ( -0.000000000000000000, 0.000000000000000000, 1.000000000000000000 ) ) ;
#729 = CARTESIAN_POINT ( 'NONE',  ( -20.39999999999999503, 21.90000000000000568, 15.00099999999999945 ) ) ;
#730 = VECTOR ( 'NONE', #2234, 1000.000000000000000 ) ;
#731 = ORIENTED_EDGE ( 'NONE', *, *, #883, .F. ) ;
#732 = CARTESIAN_POINT ( 'NONE',  ( -12.97389444331864361, -6.911444347864307503, 0.000000000000000000 ) ) ;
#733 = CIRCLE ( 'NONE', #777, 2.849999999999998312 ) ;
#734 = CIRCLE ( 'NONE', #1069, 14.69999999999999574 ) ;
#735 = DIRECTION ( 'NONE',  ( -1.000000000000000000, 0.000000000000000000, 0.000000000000000000 ) ) ;
#736 = ADVANCED_FACE ( 'NONE', ( #1194 ), #47, .F. ) ;
#737 = ORIENTED_EDGE ( 'NONE', *, *, #2317, .F. ) ;
#738 = AXIS2_PLACEMENT_3D ( 'NONE', #2177, #1963, #1919 ) ;
#739 = CIRCLE ( 'NONE', #1127, 2.600000000000001421 ) ;
#740 = CARTESIAN_POINT ( 'NONE',  ( -33.00000000000000000, 30.00000000000000711, 15.00000000000000000 ) ) ;
#741 = EDGE_CURVE ( 'NONE', #1964, #1095, #876, .T. ) ;
#742 = EDGE_LOOP ( 'NONE', ( #661, #381 ) ) ;
#743 = DIRECTION ( 'NONE',  ( 1.000000000000000000, 0.000000000000000000, 0.000000000000000000 ) ) ;
#744 = CARTESIAN_POINT ( 'NONE',  ( -32.09999999999999432, -19.40000000000000568, 0.000000000000000000 ) ) ;
#745 = CARTESIAN_POINT ( 'NONE',  ( 7.600000000000000533, -27.10000000000000853, 15.00000000000000000 ) ) ;
#746 = EDGE_LOOP ( 'NONE', ( #1160, #2241, #2542, #947 ) ) ;
#747 = CARTESIAN_POINT ( 'NONE',  ( 10.65000000000001101, -13.28000000000000114, 0.000000000000000000 ) ) ;
#748 = LINE ( 'NONE', #2419, #1481 ) ;
#749 = DIRECTION ( 'NONE',  ( 1.000000000000000000, 0.000000000000000000, 0.000000000000000000 ) ) ;
#750 = DIRECTION ( 'NONE',  ( -1.000000000000000000, 0.000000000000000000, 0.000000000000000000 ) ) ;
#751 = ORIENTED_EDGE ( 'NONE', *, *, #2498, .T. ) ;
#752 = EDGE_LOOP ( 'NONE', ( #182, #2379, #2720, #1977 ) ) ;
#753 = ADVANCED_FACE ( 'NONE', ( #979 ), #2626, .T. ) ;
#754 = CARTESIAN_POINT ( 'NONE',  ( -32.99999999999999289, -24.99999999999999289, 15.00000000000000000 ) ) ;
#755 = EDGE_CURVE ( 'NONE', #280, #1535, #2192, .T. ) ;
#756 = FACE_OUTER_BOUND ( 'NONE', #1874, .T. ) ;
#757 = DIRECTION ( 'NONE',  ( -1.000000000000000000, 0.000000000000000000, 0.000000000000000000 ) ) ;
#758 = CARTESIAN_POINT ( 'NONE',  ( 6.358830064149442407, 16.54618325219658814, 0.000000000000000000 ) ) ;
#759 = VERTEX_POINT ( 'NONE', #1472 ) ;
#760 = FACE_BOUND ( 'NONE', #3023, .T. ) ;
#761 = LINE ( 'NONE', #1960, #2267 ) ;
#762 = ORIENTED_EDGE ( 'NONE', *, *, #2370, .T. ) ;
#763 = FACE_OUTER_BOUND ( 'NONE', #154, .T. ) ;
#764 = CARTESIAN_POINT ( 'NONE',  ( -33.00000000000000000, 30.00000000000000711, 15.00000000000000000 ) ) ;
#765 = ORIENTED_EDGE ( 'NONE', *, *, #2690, .T. ) ;
#766 = ORIENTED_EDGE ( 'NONE', *, *, #1372, .T. ) ;
#767 = FACE_BOUND ( 'NONE', #382, .T. ) ;
#768 = CC_DESIGN_PERSON_AND_ORGANIZATION_ASSIGNMENT ( #2048, #2067, ( #2191 ) ) ;
#769 = LINE ( 'NONE', #1188, #1214 ) ;
#770 = CARTESIAN_POINT ( 'NONE',  ( -21.89999999999999147, 16.89999999999999858, 2.999999999999999112 ) ) ;
#771 = EDGE_CURVE ( 'NONE', #168, #2578, #829, .T. ) ;
#772 = ORIENTED_EDGE ( 'NONE', *, *, #2410, .F. ) ;
#773 = EDGE_CURVE ( 'NONE', #2804, #860, #591, .T. ) ;
#774 = FACE_BOUND ( 'NONE', #2457, .T. ) ;
#775 = DIRECTION ( 'NONE',  ( -0.000000000000000000, -0.000000000000000000, -1.000000000000000000 ) ) ;
#776 = DIRECTION ( 'NONE',  ( -0.000000000000000000, -0.000000000000000000, 1.000000000000000000 ) ) ;
#777 = AXIS2_PLACEMENT_3D ( 'NONE', #837, #2734, #1340 ) ;
#778 = AXIS2_PLACEMENT_3D ( 'NONE', #1337, #705, #2576 ) ;
#779 = CARTESIAN_POINT ( 'NONE',  ( -30.09999999999999787, 27.10000000000000497, 15.00000000000000000 ) ) ;
#780 = CIRCLE ( 'NONE', #1860, 1.500000000000001332 ) ;
#781 = AXIS2_PLACEMENT_3D ( 'NONE', #105, #1042, #1981 ) ;
#782 = VERTEX_POINT ( 'NONE', #292 ) ;
#783 = ORIENTED_EDGE ( 'NONE', *, *, #609, .F. ) ;
#784 = AXIS2_PLACEMENT_3D ( 'NONE', #600, #1283, #2969 ) ;
#785 = FACE_BOUND ( 'NONE', #1820, .T. ) ;
#786 = ORIENTED_EDGE ( 'NONE', *, *, #44, .T. ) ;
#787 = CARTESIAN_POINT ( 'NONE',  ( -19.29999999999999005, 16.89999999999999858, 0.000000000000000000 ) ) ;
#788 = CARTESIAN_POINT ( 'NONE',  ( -21.89999999999999147, 16.89999999999999858, 0.000000000000000000 ) ) ;
#789 = ORIENTED_EDGE ( 'NONE', *, *, #1948, .F. ) ;
#790 = ADVANCED_FACE ( 'NONE', ( #309 ), #1219, .F. ) ;
#791 = CARTESIAN_POINT ( 'NONE',  ( 6.425817362257224552, 16.29618325219659170, 0.000000000000000000 ) ) ;
#792 = CARTESIAN_POINT ( 'NONE',  ( -24.49999999999999289, -19.40000000000000924, 2.999999999999999112 ) ) ;
#793 = VERTEX_POINT ( 'NONE', #1713 ) ;
#794 = DIRECTION ( 'NONE',  ( 1.000000000000000000, 0.000000000000000000, 0.000000000000000000 ) ) ;
#795 = DIRECTION ( 'NONE',  ( 1.000000000000000000, 0.000000000000000000, 0.000000000000000000 ) ) ;
#796 = EDGE_LOOP ( 'NONE', ( #1152, #93, #359, #2079 ) ) ;
#797 = ORIENTED_EDGE ( 'NONE', *, *, #2222, .F. ) ;
#798 = CARTESIAN_POINT ( 'NONE',  ( -18.89999999999999147, 21.90000000000000568, 2.999999999999999112 ) ) ;
#799 = DIRECTION ( 'NONE',  ( 0.000000000000000000, 0.000000000000000000, 1.000000000000000000 ) ) ;
#800 = LINE ( 'NONE', #2913, #443 ) ;
#801 = CARTESIAN_POINT ( 'NONE',  ( 32.09999999999999432, -12.10000000000001741, 0.000000000000000000 ) ) ;
#802 = EDGE_LOOP ( 'NONE', ( #626, #846 ) ) ;
#803 = LINE ( 'NONE', #2051, #686 ) ;
#804 = PLANE ( 'NONE',  #1952 ) ;
#805 = EDGE_CURVE ( 'NONE', #2298, #107, #692, .T. ) ;
#806 = DIRECTION ( 'NONE',  ( 1.000000000000000000, 0.000000000000000000, 0.000000000000000000 ) ) ;
#807 = DIRECTION ( 'NONE',  ( 1.000000000000000000, 0.000000000000000000, 0.000000000000000000 ) ) ;
#808 = EDGE_CURVE ( 'NONE', #127, #1221, #492, .T. ) ;
#809 = VERTEX_POINT ( 'NONE', #2270 ) ;
#810 = ORIENTED_EDGE ( 'NONE', *, *, #1217, .T. ) ;
#811 = DIRECTION ( 'NONE',  ( -0.000000000000000000, -0.000000000000000000, 1.000000000000000000 ) ) ;
#812 = CARTESIAN_POINT ( 'NONE',  ( -32.09999999999999432, 19.40000000000000568, 0.000000000000000000 ) ) ;
#813 = VERTEX_POINT ( 'NONE', #2985 ) ;
#814 = DIRECTION ( 'NONE',  ( 1.000000000000000000, 0.000000000000000000, 0.000000000000000000 ) ) ;
#815 = FACE_OUTER_BOUND ( 'NONE', #2110, .T. ) ;
#816 = ORIENTED_EDGE ( 'NONE', *, *, #1721, .T. ) ;
#817 = CARTESIAN_POINT ( 'NONE',  ( -17.77689437438231934, -15.27689437438235132, 0.000000000000000000 ) ) ;
#818 = CYLINDRICAL_SURFACE ( 'NONE', #1471, 2.849999999999998312 ) ;
#819 = EDGE_CURVE ( 'NONE', #1439, #2749, #1178, .T. ) ;
#820 = VERTEX_POINT ( 'NONE', #2004 ) ;
#821 = ORIENTED_EDGE ( 'NONE', *, *, #649, .T. ) ;
#822 = VECTOR ( 'NONE', #1649, 1000.000000000000000 ) ;
#823 = DIRECTION ( 'NONE',  ( -0.000000000000000000, -0.000000000000000000, 1.000000000000000000 ) ) ;
#824 = EDGE_CURVE ( 'NONE', #1157, #2425, #1742, .T. ) ;
#825 = VECTOR ( 'NONE', #2671, 1000.000000000000000 ) ;
#826 = CIRCLE ( 'NONE', #781, 14.69999999999999574 ) ;
#827 = CIRCLE ( 'NONE', #2792, 1.500000000000001332 ) ;
#828 = ORIENTED_EDGE ( 'NONE', *, *, #2346, .F. ) ;
#829 = CIRCLE ( 'NONE', #389, 2.849999999999998312 ) ;
#830 = DIRECTION ( 'NONE',  ( 0.000000000000000000, 0.000000000000000000, 1.000000000000000000 ) ) ;
#831 = FACE_OUTER_BOUND ( 'NONE', #1155, .T. ) ;
#832 = ORIENTED_EDGE ( 'NONE', *, *, #1372, .F. ) ;
#833 = CYLINDRICAL_SURFACE ( 'NONE', #1511, 4.999999999999997335 ) ;
#834 = AXIS2_PLACEMENT_3D ( 'NONE', #999, #548, #1227 ) ;
#835 = CARTESIAN_POINT ( 'NONE',  ( -7.599999999999998757, 27.10000000000000497, 15.00000000000000000 ) ) ;
#836 = ORIENTED_EDGE ( 'NONE', *, *, #358, .F. ) ;
#837 = CARTESIAN_POINT ( 'NONE',  ( 32.10000000000000853, -19.39999999999999858, 0.000000000000000000 ) ) ;
#838 = APPROVAL_PERSON_ORGANIZATION ( #657, #1212, #188 ) ;
#839 = LINE ( 'NONE', #2499, #1268 ) ;
#840 = ORIENTED_EDGE ( 'NONE', *, *, #1255, .F. ) ;
#841 = ORIENTED_EDGE ( 'NONE', *, *, #2862, .F. ) ;
#842 = ORIENTED_EDGE ( 'NONE', *, *, #1314, .T. ) ;
#843 = EDGE_CURVE ( 'NONE', #1312, #449, #1071, .T. ) ;
#844 = DIRECTION ( 'NONE',  ( -0.000000000000000000, -0.000000000000000000, -1.000000000000000000 ) ) ;
#845 = LINE ( 'NONE', #2447, #1630 ) ;
#846 = ORIENTED_EDGE ( 'NONE', *, *, #2902, .T. ) ;
#847 = FACE_OUTER_BOUND ( 'NONE', #1041, .T. ) ;
#848 = DIRECTION ( 'NONE',  ( 1.000000000000000000, 0.000000000000000000, 0.000000000000000000 ) ) ;
#849 = EDGE_LOOP ( 'NONE', ( #72, #2484, #864, #666 ) ) ;
#850 = CARTESIAN_POINT ( 'NONE',  ( -12.97389444331864539, -6.911444347864307503, -11.60562702765708210 ) ) ;
#851 = LINE ( 'NONE', #2482, #2109 ) ;
#852 = CARTESIAN_POINT ( 'NONE',  ( -32.99999999999999289, -24.99999999999999289, 0.000000000000000000 ) ) ;
#853 = ORIENTED_EDGE ( 'NONE', *, *, #150, .F. ) ;
#854 = ORIENTED_EDGE ( 'NONE', *, *, #255, .T. ) ;
#855 = CARTESIAN_POINT ( 'NONE',  ( -32.99999999999999289, -24.99999999999999289, 15.00000000000000000 ) ) ;
#856 = ORIENTED_EDGE ( 'NONE', *, *, #668, .F. ) ;
#857 = CARTESIAN_POINT ( 'NONE',  ( 15.15000000000001101, -13.78000000000000291, 0.000000000000000000 ) ) ;
#858 = EDGE_CURVE ( 'NONE', #2784, #16, #851, .T. ) ;
#859 = COORDINATED_UNIVERSAL_TIME_OFFSET ( 8, 0, .AHEAD. ) ;
#860 = VERTEX_POINT ( 'NONE', #1756 ) ;
#861 = CARTESIAN_POINT ( 'NONE',  ( -7.825000000000005507, -13.55329756922661488, 0.000000000000000000 ) ) ;
#862 = ADVANCED_FACE ( 'NONE', ( #1532 ), #2254, .F. ) ;
#863 = LINE ( 'NONE', #1798, #596 ) ;
#864 = ORIENTED_EDGE ( 'NONE', *, *, #25, .F. ) ;
#865 = DIRECTION ( 'NONE',  ( 0.8660254037844454800, 0.4999999999999881206, 0.000000000000000000 ) ) ;
#866 = CARTESIAN_POINT ( 'NONE',  ( 11.15000000000001101, -13.28000000000000114, 2.999999999999999112 ) ) ;
#867 = DIRECTION ( 'NONE',  ( 1.000000000000000000, 0.000000000000000000, 0.000000000000000000 ) ) ;
#868 = VERTEX_POINT ( 'NONE', #1307 ) ;
#869 = ORIENTED_EDGE ( 'NONE', *, *, #2522, .F. ) ;
#870 = CIRCLE ( 'NONE', #540, 2.000000000000001776 ) ;
#871 = ORIENTED_EDGE ( 'NONE', *, *, #148, .F. ) ;
#872 = CIRCLE ( 'NONE', #1755, 0.5000000000000004441 ) ;
#873 = CARTESIAN_POINT ( 'NONE',  ( 7.599999999999996092, -30.00000000000001066, 8.900000000000000355 ) ) ;
#874 = DIRECTION ( 'NONE',  ( -0.5000000000000448530, -0.8660254037844128394, 0.000000000000000000 ) ) ;
#875 = CARTESIAN_POINT ( 'NONE',  ( 34.95000000000000995, -19.39999999999999858, 2.999999999999999112 ) ) ;
#876 = CIRCLE ( 'NONE', #445, 5.000000000000000888 ) ;
#877 = ORIENTED_EDGE ( 'NONE', *, *, #819, .T. ) ;
#878 = DIRECTION ( 'NONE',  ( -0.000000000000000000, -0.000000000000000000, 1.000000000000000000 ) ) ;
#879 = DIRECTION ( 'NONE',  ( -1.000000000000000000, 0.000000000000000000, 0.000000000000000000 ) ) ;
#880 = CYLINDRICAL_SURFACE ( 'NONE', #1182, 2.600000000000001421 ) ;
#881 = VERTEX_POINT ( 'NONE', #162 ) ;
#882 = LINE ( 'NONE', #2966, #1019 ) ;
#883 = EDGE_CURVE ( 'NONE', #1370, #1987, #2601, .T. ) ;
#884 = CIRCLE ( 'NONE', #549, 1.500000000000001332 ) ;
#885 = CARTESIAN_POINT ( 'NONE',  ( 7.599999999999996092, 30.00000000000001066, 8.900000000000000355 ) ) ;
#886 = EDGE_CURVE ( 'NONE', #1005, #2822, #1962, .T. ) ;
#887 = CARTESIAN_POINT ( 'NONE',  ( 32.09999999999999432, -12.10000000000001741, 0.000000000000000000 ) ) ;
#888 = EDGE_LOOP ( 'NONE', ( #2660, #419, #685, #713 ) ) ;
#889 = CIRCLE ( 'NONE', #2808, 1.500000000000001332 ) ;
#890 = ORIENTED_EDGE ( 'NONE', *, *, #2422, .T. ) ;
#891 = ORIENTED_EDGE ( 'NONE', *, *, #1584, .F. ) ;
#892 = DIRECTION ( 'NONE',  ( 1.794541526872559254E-15, 1.000000000000000000, 0.000000000000000000 ) ) ;
#893 = ORIENTED_EDGE ( 'NONE', *, *, #955, .F. ) ;
#894 = CARTESIAN_POINT ( 'NONE',  ( -7.599999999999996092, 30.00000000000000711, 8.900000000000000355 ) ) ;
#895 = DIRECTION ( 'NONE',  ( 1.000000000000000000, 0.000000000000000000, 0.000000000000000000 ) ) ;
#896 = ORIENTED_EDGE ( 'NONE', *, *, #1841, .T. ) ;
#897 = FACE_OUTER_BOUND ( 'NONE', #1758, .T. ) ;
#898 = CIRCLE ( 'NONE', #2524, 1.500000000000001332 ) ;
#899 = CYLINDRICAL_SURFACE ( 'NONE', #2015, 1.500000000000001332 ) ;
#900 = EDGE_CURVE ( 'NONE', #759, #2910, #1621, .T. ) ;
#901 = EDGE_LOOP ( 'NONE', ( #821, #2759, #2992, #1006, #2027, #174, #658, #2062, #1870, #1013, #1427, #2320 ) ) ;
#902 = VERTEX_POINT ( 'NONE', #143 ) ;
#903 = ADVANCED_FACE ( 'NONE', ( #584 ), #333, .F. ) ;
#904 = EDGE_CURVE ( 'NONE', #2086, #809, #839, .T. ) ;
#905 = ORIENTED_EDGE ( 'NONE', *, *, #2788, .T. ) ;
#906 = EDGE_CURVE ( 'NONE', #2258, #1605, #614, .T. ) ;
#907 = CARTESIAN_POINT ( 'NONE',  ( -19.50883006414690612, -6.230284867336008503, 0.000000000000000000 ) ) ;
#908 = CALENDAR_DATE ( 2026, 5, 6 ) ;
#909 = VERTEX_POINT ( 'NONE', #1266 ) ;
#910 = PLANE ( 'NONE',  #2841 ) ;
#911 = DIRECTION ( 'NONE',  ( 0.000000000000000000, 0.000000000000000000, 1.000000000000000000 ) ) ;
#912 = ORIENTED_EDGE ( 'NONE', *, *, #283, .T. ) ;
#913 = LINE ( 'NONE', #230, #2209 ) ;
#914 = CARTESIAN_POINT ( 'NONE',  ( -14.69999999999999751, 0.000000000000000000, -11.60562702765708032 ) ) ;
#915 = CARTESIAN_POINT ( 'NONE',  ( -17.50883006414687770, -2.766183252198127995, 2.999999999999999112 ) ) ;
#916 = ORIENTED_EDGE ( 'NONE', *, *, #44, .F. ) ;
#917 = EDGE_CURVE ( 'NONE', #932, #1626, #2007, .T. ) ;
#918 = LINE ( 'NONE', #2805, #225 ) ;
#919 = AXIS2_PLACEMENT_3D ( 'NONE', #1521, #2837, #1852 ) ;
#920 = EDGE_CURVE ( 'NONE', #423, #2438, #628, .T. ) ;
#921 = CARTESIAN_POINT ( 'NONE',  ( -5.325000000000858158, -9.223170550304656601, 0.000000000000000000 ) ) ;
#922 = ORIENTED_EDGE ( 'NONE', *, *, #1721, .F. ) ;
#923 = CIRCLE ( 'NONE', #1565, 0.4999999999998894218 ) ;
#924 = VECTOR ( 'NONE', #109, 1000.000000000000000 ) ;
#925 = CARTESIAN_POINT ( 'NONE',  ( 32.09999999999999432, 12.10000000000001741, 0.000000000000000000 ) ) ;
#926 = CARTESIAN_POINT ( 'NONE',  ( -34.10000000000000142, 12.10000000000000853, 0.000000000000000000 ) ) ;
#927 = CIRCLE ( 'NONE', #2646, 2.849999999999998312 ) ;
#928 = AXIS2_PLACEMENT_3D ( 'NONE', #744, #1431, #22 ) ;
#929 = ORIENTED_EDGE ( 'NONE', *, *, #516, .F. ) ;
#930 = CARTESIAN_POINT ( 'NONE',  ( -27.52310562561766361, -23.52310562561765650, 15.00099999999999945 ) ) ;
#931 = DIRECTION ( 'NONE',  ( -1.000000000000000000, 0.000000000000000000, 1.180083997263134217E-16 ) ) ;
#932 = VERTEX_POINT ( 'NONE', #1326 ) ;
#933 = CARTESIAN_POINT ( 'NONE',  ( -34.10000000000000142, 12.10000000000000853, 0.000000000000000000 ) ) ;
#934 = CIRCLE ( 'NONE', #1522, 2.600000000000001421 ) ;
#935 = EDGE_LOOP ( 'NONE', ( #2863, #1378, #2049, #608 ) ) ;
#936 = CARTESIAN_POINT ( 'NONE',  ( -7.599999999999998757, 27.10000000000000497, 8.900000000000000355 ) ) ;
#937 = ADVANCED_FACE ( 'NONE', ( #1516 ), #818, .F. ) ;
#938 = ORIENTED_EDGE ( 'NONE', *, *, #1825, .T. ) ;
#939 = EDGE_CURVE ( 'NONE', #994, #860, #2922, .T. ) ;
#940 = CARTESIAN_POINT ( 'NONE',  ( 11.15000000000001101, -13.28000000000000114, 0.000000000000000000 ) ) ;
#941 = DIRECTION ( 'NONE',  ( 1.000000000000000000, 0.000000000000000000, 0.000000000000000000 ) ) ;
#942 = ADVANCED_FACE ( 'NONE', ( #1051 ), #677, .F. ) ;
#943 = ORIENTED_EDGE ( 'NONE', *, *, #1184, .T. ) ;
#944 = LINE ( 'NONE', #2374, #1857 ) ;
#945 = CARTESIAN_POINT ( 'NONE',  ( -30.09999999999999787, 27.10000000000000497, 2.999999999999999112 ) ) ;
#946 = DIRECTION ( 'NONE',  ( -1.000000000000000000, 0.000000000000000000, 1.180083997263134217E-16 ) ) ;
#947 = ORIENTED_EDGE ( 'NONE', *, *, #283, .F. ) ;
#948 = AXIS2_PLACEMENT_3D ( 'NONE', #1571, #1844, #2776 ) ;
#949 = FACE_OUTER_BOUND ( 'NONE', #2113, .T. ) ;
#950 = COORDINATED_UNIVERSAL_TIME_OFFSET ( 8, 0, .AHEAD. ) ;
#951 = EDGE_CURVE ( 'NONE', #813, #221, #341, .T. ) ;
#952 = DIRECTION ( 'NONE',  ( -0.000000000000000000, -0.000000000000000000, -1.000000000000000000 ) ) ;
#953 = DIRECTION ( 'NONE',  ( -1.000000000000000000, 0.000000000000000000, 0.000000000000000000 ) ) ;
#954 = VERTEX_POINT ( 'NONE', #409 ) ;
#955 = EDGE_CURVE ( 'NONE', #1056, #2322, #1113, .T. ) ;
#956 = FACE_BOUND ( 'NONE', #2480, .T. ) ;
#957 = DIRECTION ( 'NONE',  ( 1.000000000000000000, 0.000000000000000000, 0.000000000000000000 ) ) ;
#958 = ORIENTED_EDGE ( 'NONE', *, *, #1948, .T. ) ;
#959 = CARTESIAN_POINT ( 'NONE',  ( -34.94999999999999574, -19.40000000000000568, 0.000000000000000000 ) ) ;
#960 = VECTOR ( 'NONE', #1149, 1000.000000000000000 ) ;
#961 = DIRECTION ( 'NONE',  ( -0.000000000000000000, -0.000000000000000000, -1.000000000000000000 ) ) ;
#962 = ORIENTED_EDGE ( 'NONE', *, *, #974, .T. ) ;
#963 = DIRECTION ( 'NONE',  ( -0.000000000000000000, -0.000000000000000000, -1.000000000000000000 ) ) ;
#964 = AXIS2_PLACEMENT_3D ( 'NONE', #711, #2583, #2364 ) ;
#965 = CARTESIAN_POINT ( 'NONE',  ( -32.09999999999999432, -12.10000000000000853, 0.000000000000000000 ) ) ;
#966 = CARTESIAN_POINT ( 'NONE',  ( -33.00000000000000000, 30.00000000000000711, 0.000000000000000000 ) ) ;
#967 = VECTOR ( 'NONE', #823, 1000.000000000000000 ) ;
#968 = CIRCLE ( 'NONE', #2105, 4.999999999999997335 ) ;
#969 = VERTEX_POINT ( 'NONE', #709 ) ;
#970 = CARTESIAN_POINT ( 'NONE',  ( -5.325000000000132516, 9.223170550304025994, 0.000000000000000000 ) ) ;
#971 = VECTOR ( 'NONE', #1400, 1000.000000000000000 ) ;
#972 = VECTOR ( 'NONE', #984, 1000.000000000000000 ) ;
#973 = DIRECTION ( 'NONE',  ( -1.000000000000000000, 0.000000000000000000, 0.000000000000000000 ) ) ;
#974 = EDGE_CURVE ( 'NONE', #96, #3032, #2100, .T. ) ;
#975 = CYLINDRICAL_SURFACE ( 'NONE', #1465, 2.600000000000001421 ) ;
#976 = CIRCLE ( 'NONE', #1910, 0.4999999999999970024 ) ;
#977 = CIRCLE ( 'NONE', #2700, 5.000000000000004441 ) ;
#978 = EDGE_CURVE ( 'NONE', #404, #2744, #913, .T. ) ;
#979 = FACE_OUTER_BOUND ( 'NONE', #275, .T. ) ;
#980 = ORIENTED_EDGE ( 'NONE', *, *, #2539, .F. ) ;
#981 = CIRCLE ( 'NONE', #98, 1.500000000000001332 ) ;
#982 = LINE ( 'NONE', #2617, #3028 ) ;
#983 = SECURITY_CLASSIFICATION ( '', '', #256 ) ;
#984 = DIRECTION ( 'NONE',  ( -1.000000000000000000, -0.000000000000000000, -0.000000000000000000 ) ) ;
#985 = DIRECTION ( 'NONE',  ( -0.000000000000000000, 0.000000000000000000, -1.000000000000000000 ) ) ;
#986 = EDGE_LOOP ( 'NONE', ( #50, #2834, #2706, #1298 ) ) ;
#987 = DIRECTION ( 'NONE',  ( -0.000000000000000000, -0.000000000000000000, -1.000000000000000000 ) ) ;
#988 = CARTESIAN_POINT ( 'NONE',  ( -30.09999999999999787, -22.10000000000000497, 15.00000000000000000 ) ) ;
#989 = VERTEX_POINT ( 'NONE', #3047 ) ;
#990 = DIRECTION ( 'NONE',  ( -1.000000000000000000, 0.000000000000000000, 0.000000000000000000 ) ) ;
#991 = CARTESIAN_POINT ( 'NONE',  ( 5.925817362257227217, 16.29618325219659170, 0.000000000000000000 ) ) ;
#992 = EDGE_CURVE ( 'NONE', #2674, #2551, #92, .T. ) ;
#993 = ORIENTED_EDGE ( 'NONE', *, *, #51, .T. ) ;
#994 = VERTEX_POINT ( 'NONE', #1823 ) ;
#995 = EDGE_CURVE ( 'NONE', #2431, #1968, #1358, .T. ) ;
#996 = FACE_OUTER_BOUND ( 'NONE', #2358, .T. ) ;
#997 = ORIENTED_EDGE ( 'NONE', *, *, #455, .F. ) ;
#998 = CARTESIAN_POINT ( 'NONE',  ( -30.09999999999999787, 27.10000000000000497, 2.999999999999999112 ) ) ;
#999 = CARTESIAN_POINT ( 'NONE',  ( -32.09999999999999432, -12.10000000000000853, 0.000000000000000000 ) ) ;
#1000 = ORIENTED_EDGE ( 'NONE', *, *, #512, .F. ) ;
#1001 = CARTESIAN_POINT ( 'NONE',  ( -32.09999999999999432, -12.10000000000000853, 2.999999999999999112 ) ) ;
#1002 = DIRECTION ( 'NONE',  ( -0.000000000000000000, -0.000000000000000000, -1.000000000000000000 ) ) ;
#1003 = DIRECTION ( 'NONE',  ( 0.000000000000000000, 0.000000000000000000, 1.000000000000000000 ) ) ;
#1004 = DIRECTION ( 'NONE',  ( -0.000000000000000000, -0.000000000000000000, 1.000000000000000000 ) ) ;
#1005 = VERTEX_POINT ( 'NONE', #2813 ) ;
#1006 = ORIENTED_EDGE ( 'NONE', *, *, #741, .F. ) ;
#1007 = EDGE_CURVE ( 'NONE', #1534, #2467, #496, .T. ) ;
#1008 = CARTESIAN_POINT ( 'NONE',  ( 35.09999999999999432, -22.10000000000000497, 2.999999999999999112 ) ) ;
#1009 = ADVANCED_FACE ( 'NONE', ( #1628 ), #426, .F. ) ;
#1010 = EDGE_CURVE ( 'NONE', #1843, #2467, #1390, .T. ) ;
#1011 = CARTESIAN_POINT ( 'NONE',  ( -26.39999999999999147, 11.90000000000000391, 15.00099999999999945 ) ) ;
#1012 = DIRECTION ( 'NONE',  ( -0.000000000000000000, -0.000000000000000000, 1.000000000000000000 ) ) ;
#1013 = ORIENTED_EDGE ( 'NONE', *, *, #1199, .T. ) ;
#1014 = DIRECTION ( 'NONE',  ( 1.000000000000000000, 0.000000000000000000, 0.000000000000000000 ) ) ;
#1015 = CARTESIAN_POINT ( 'NONE',  ( -32.09999999999999432, -19.40000000000000568, 0.000000000000000000 ) ) ;
#1016 = AXIS2_PLACEMENT_3D ( 'NONE', #3044, #2980, #2746 ) ;
#1017 = ORIENTED_EDGE ( 'NONE', *, *, #2402, .F. ) ;
#1018 = CARTESIAN_POINT ( 'NONE',  ( -21.89999999999999147, -19.40000000000000924, 0.000000000000000000 ) ) ;
#1019 = VECTOR ( 'NONE', #2515, 1000.000000000000000 ) ;
#1020 = CIRCLE ( 'NONE', #2449, 0.4999999999999987232 ) ;
#1021 = DIRECTION ( 'NONE',  ( -1.000000000000000000, -0.000000000000000000, -0.000000000000000000 ) ) ;
#1022 = AXIS2_PLACEMENT_3D ( 'NONE', #1680, #2144, #2391 ) ;
#1023 = ORIENTED_EDGE ( 'NONE', *, *, #2107, .T. ) ;
#1024 = ORIENTED_EDGE ( 'NONE', *, *, #2538, .F. ) ;
#1025 = VECTOR ( 'NONE', #1376, 1000.000000000000000 ) ;
#1026 = DIRECTION ( 'NONE',  ( -0.000000000000000000, -0.000000000000000000, 1.000000000000000000 ) ) ;
#1027 = CARTESIAN_POINT ( 'NONE',  ( -35.10000000000000853, -22.10000000000000497, 2.999999999999999112 ) ) ;
#1028 = EDGE_CURVE ( 'NONE', #1473, #1234, #1404, .T. ) ;
#1029 = FACE_OUTER_BOUND ( 'NONE', #2688, .T. ) ;
#1030 = AXIS2_PLACEMENT_3D ( 'NONE', #2098, #1869, #441 ) ;
#1031 = CIRCLE ( 'NONE', #2968, 2.000000000000001776 ) ;
#1032 = ORIENTED_EDGE ( 'NONE', *, *, #2160, .F. ) ;
#1033 = VECTOR ( 'NONE', #1012, 1000.000000000000000 ) ;
#1034 = PLANE ( 'NONE',  #1904 ) ;
#1035 = ADVANCED_FACE ( 'NONE', ( #897 ), #446, .F. ) ;
#1036 = CARTESIAN_POINT ( 'NONE',  ( -7.825000000000005507, -13.55329756922661488, 0.000000000000000000 ) ) ;
#1037 = CARTESIAN_POINT ( 'NONE',  ( -17.39999999999999147, 21.90000000000000568, 0.000000000000000000 ) ) ;
#1038 = DIRECTION ( 'NONE',  ( 1.000000000000000000, 0.000000000000000000, 0.000000000000000000 ) ) ;
#1039 = ORIENTED_EDGE ( 'NONE', *, *, #805, .F. ) ;
#1040 = ORIENTED_EDGE ( 'NONE', *, *, #1799, .T. ) ;
#1041 = EDGE_LOOP ( 'NONE', ( #1550, #1087, #2224, #1849 ) ) ;
#1042 = DIRECTION ( 'NONE',  ( -1.224646799147350002E-16, -0.000000000000000000, -1.000000000000000000 ) ) ;
#1043 = DIRECTION ( 'NONE',  ( -1.000000000000000000, 0.000000000000000000, 0.000000000000000000 ) ) ;
#1044 = ORIENTED_EDGE ( 'NONE', *, *, #1882, .F. ) ;
#1045 = EDGE_CURVE ( 'NONE', #1278, #404, #1179, .T. ) ;
#1046 = CARTESIAN_POINT ( 'NONE',  ( -30.09999999999999432, 12.10000000000000853, 0.000000000000000000 ) ) ;
#1047 = PLANE ( 'NONE',  #1667 ) ;
#1048 = ORIENTED_EDGE ( 'NONE', *, *, #2978, .T. ) ;
#1049 = CARTESIAN_POINT ( 'NONE',  ( -30.09999999999999787, 27.10000000000000497, 2.999999999999999112 ) ) ;
#1050 = EDGE_CURVE ( 'NONE', #2273, #1997, #2058, .T. ) ;
#1051 = FACE_OUTER_BOUND ( 'NONE', #2945, .T. ) ;
#1052 = VERTEX_POINT ( 'NONE', #2568 ) ;
#1053 = VERTEX_POINT ( 'NONE', #1803 ) ;
#1054 = DIRECTION ( 'NONE',  ( 1.000000000000000000, -1.569885498621544235E-16, 0.000000000000000000 ) ) ;
#1055 = DIRECTION ( 'NONE',  ( -1.000000000000000000, 1.387778780781445084E-15, 0.000000000000000000 ) ) ;
#1056 = VERTEX_POINT ( 'NONE', #2075 ) ;
#1057 = DIRECTION ( 'NONE',  ( -1.387778780781444887E-15, -1.000000000000000000, 0.000000000000000000 ) ) ;
#1058 = DIRECTION ( 'NONE',  ( -0.000000000000000000, -0.000000000000000000, 1.000000000000000000 ) ) ;
#1059 = ORIENTED_EDGE ( 'NONE', *, *, #2047, .F. ) ;
#1060 = VECTOR ( 'NONE', #696, 1000.000000000000000 ) ;
#1061 = DIRECTION ( 'NONE',  ( 1.000000000000000000, 0.000000000000000000, 0.000000000000000000 ) ) ;
#1062 = CARTESIAN_POINT ( 'NONE',  ( 32.10000000000000853, -19.39999999999999858, 0.000000000000000000 ) ) ;
#1063 = EDGE_CURVE ( 'NONE', #2555, #3039, #2147, .T. ) ;
#1064 = ORIENTED_EDGE ( 'NONE', *, *, #2521, .T. ) ;
#1065 = ORIENTED_EDGE ( 'NONE', *, *, #2896, .F. ) ;
#1066 = AXIS2_PLACEMENT_3D ( 'NONE', #1573, #192, #879 ) ;
#1067 = EDGE_CURVE ( 'NONE', #1582, #177, #647, .T. ) ;
#1068 = AXIS2_PLACEMENT_3D ( 'NONE', #817, #2468, #365 ) ;
#1069 = AXIS2_PLACEMENT_3D ( 'NONE', #206, #3040, #417 ) ;
#1070 = VERTEX_POINT ( 'NONE', #3020 ) ;
#1071 = CIRCLE ( 'NONE', #2947, 0.4999999999999970024 ) ;
#1072 = CARTESIAN_POINT ( 'NONE',  ( 30.09999999999999432, 12.10000000000001741, 0.000000000000000000 ) ) ;
#1073 = CARTESIAN_POINT ( 'NONE',  ( 3.449999999999887379, 14.28941916244326116, 2.999999999999999112 ) ) ;
#1074 = DIRECTION ( 'NONE',  ( -0.000000000000000000, -0.000000000000000000, -1.000000000000000000 ) ) ;
#1075 = ORIENTED_EDGE ( 'NONE', *, *, #1347, .T. ) ;
#1076 = DIRECTION ( 'NONE',  ( -0.000000000000000000, -0.000000000000000000, -1.000000000000000000 ) ) ;
#1077 = AXIS2_PLACEMENT_3D ( 'NONE', #1545, #1739, #1094 ) ;
#1078 = DIRECTION ( 'NONE',  ( -0.8660254037844274944, -0.5000000000000194289, 0.000000000000000000 ) ) ;
#1079 = VERTEX_POINT ( 'NONE', #1836 ) ;
#1080 = CARTESIAN_POINT ( 'NONE',  ( 11.93383006414952874, 6.890000000000053859, 0.000000000000000000 ) ) ;
#1081 = AXIS2_PLACEMENT_3D ( 'NONE', #433, #172, #2033 ) ;
#1082 = DIRECTION ( 'NONE',  ( 0.8660254037844128394, -0.5000000000000447420, 0.000000000000000000 ) ) ;
#1083 = FACE_BOUND ( 'NONE', #2888, .T. ) ;
#1084 = EDGE_LOOP ( 'NONE', ( #2965, #1403 ) ) ;
#1085 = ORIENTED_EDGE ( 'NONE', *, *, #2652, .F. ) ;
#1086 = EDGE_CURVE ( 'NONE', #2471, #1278, #2782, .T. ) ;
#1087 = ORIENTED_EDGE ( 'NONE', *, *, #122, .F. ) ;
#1088 = ADVANCED_FACE ( 'NONE', ( #1464 ), #2387, .T. ) ;
#1089 = CARTESIAN_POINT ( 'NONE',  ( 15.15000000000001812, -7.780000000000000249, 0.000000000000000000 ) ) ;
#1090 = DIRECTION ( 'NONE',  ( -0.000000000000000000, -0.000000000000000000, 1.000000000000000000 ) ) ;
#1091 = ORIENTED_EDGE ( 'NONE', *, *, #87, .F. ) ;
#1092 = FACE_OUTER_BOUND ( 'NONE', #935, .T. ) ;
#1093 = PLANE ( 'NONE',  #2745 ) ;
#1094 = DIRECTION ( 'NONE',  ( -1.000000000000000000, 0.000000000000000000, 0.000000000000000000 ) ) ;
#1095 = VERTEX_POINT ( 'NONE', #1664 ) ;
#1096 = DIRECTION ( 'NONE',  ( 0.000000000000000000, 1.000000000000000000, 0.000000000000000000 ) ) ;
#1097 = CARTESIAN_POINT ( 'NONE',  ( 32.09999999999998721, 17.90000000000000213, 0.000000000000000000 ) ) ;
#1098 = LINE ( 'NONE', #1967, #2229 ) ;
#1099 = VERTEX_POINT ( 'NONE', #288 ) ;
#1100 = VERTEX_POINT ( 'NONE', #2403 ) ;
#1101 = VERTEX_POINT ( 'NONE', #42 ) ;
#1102 = LINE ( 'NONE', #857, #294 ) ;
#1103 = DIRECTION ( 'NONE',  ( -0.000000000000000000, -0.000000000000000000, 1.000000000000000000 ) ) ;
#1104 = ADVANCED_FACE ( 'NONE', ( #1884, #2609, #14, #26, #2635, #1676, #956, #774, #1928, #760, #276, #720, #2360, #2418, #1229, #2623, #2858, #1213, #1896 ), #317, .T. ) ;
#1105 = DIRECTION ( 'NONE',  ( -1.000000000000000000, 0.000000000000000000, 1.180083997263134217E-16 ) ) ;
#1106 = ORIENTED_EDGE ( 'NONE', *, *, #2312, .T. ) ;
#1107 = EDGE_CURVE ( 'NONE', #1242, #1770, #2199, .T. ) ;
#1108 = DIRECTION ( 'NONE',  ( -0.000000000000000000, -0.000000000000000000, -1.000000000000000000 ) ) ;
#1109 = DIRECTION ( 'NONE',  ( 0.5000000000000039968, -0.8660254037844363761, 0.000000000000000000 ) ) ;
#1110 = CYLINDRICAL_SURFACE ( 'NONE', #2311, 14.69999999999999751 ) ;
#1111 = ORIENTED_EDGE ( 'NONE', *, *, #2687, .T. ) ;
#1112 = DIRECTION ( 'NONE',  ( -0.000000000000000000, -0.000000000000000000, 1.000000000000000000 ) ) ;
#1113 = LINE ( 'NONE', #885, #1125 ) ;
#1114 = DIRECTION ( 'NONE',  ( 0.000000000000000000, -1.000000000000000000, 0.000000000000000000 ) ) ;
#1115 = ORIENTED_EDGE ( 'NONE', *, *, #1991, .T. ) ;
#1116 = VERTEX_POINT ( 'NONE', #1434 ) ;
#1117 = AXIS2_PLACEMENT_3D ( 'NONE', #1422, #2404, #535 ) ;
#1118 = AXIS2_PLACEMENT_3D ( 'NONE', #1958, #623, #1014 ) ;
#1119 = VERTEX_POINT ( 'NONE', #2871 ) ;
#1120 = AXIS2_PLACEMENT_3D ( 'NONE', #1049, #2767, #1988 ) ;
#1121 = AXIS2_PLACEMENT_3D ( 'NONE', #2693, #1735, #2016 ) ;
#1122 = DIRECTION ( 'NONE',  ( 0.000000000000000000, 0.000000000000000000, 1.000000000000000000 ) ) ;
#1123 = DIRECTION ( 'NONE',  ( -0.000000000000000000, -0.000000000000000000, 1.000000000000000000 ) ) ;
#1124 = DIRECTION ( 'NONE',  ( -0.000000000000000000, -0.000000000000000000, 1.000000000000000000 ) ) ;
#1125 = VECTOR ( 'NONE', #2299, 1000.000000000000000 ) ;
#1126 = VERTEX_POINT ( 'NONE', #2884 ) ;
#1127 = AXIS2_PLACEMENT_3D ( 'NONE', #36, #254, #1429 ) ;
#1128 = EDGE_CURVE ( 'NONE', #2471, #2807, #1708, .T. ) ;
#1129 = CARTESIAN_POINT ( 'NONE',  ( -19.27689437438231934, -15.27689437438235132, 2.999999999999999112 ) ) ;
#1130 = FACE_OUTER_BOUND ( 'NONE', #1380, .T. ) ;
#1131 = DIRECTION ( 'NONE',  ( 1.000000000000000000, 0.000000000000000000, 0.000000000000000000 ) ) ;
#1132 = ORIENTED_EDGE ( 'NONE', *, *, #1272, .T. ) ;
#1133 = EDGE_CURVE ( 'NONE', #3007, #19, #1461, .T. ) ;
#1134 = VECTOR ( 'NONE', #2453, 1000.000000000000000 ) ;
#1135 = CARTESIAN_POINT ( 'NONE',  ( -32.09999999999999432, 12.10000000000000853, 0.000000000000000000 ) ) ;
#1136 = DIRECTION ( 'NONE',  ( -1.224646799147350002E-16, -0.000000000000000000, -1.000000000000000000 ) ) ;
#1137 = EDGE_LOOP ( 'NONE', ( #506, #841 ) ) ;
#1138 = AXIS2_PLACEMENT_3D ( 'NONE', #1507, #2487, #385 ) ;
#1139 = VERTEX_POINT ( 'NONE', #2128 ) ;
#1140 = VERTEX_POINT ( 'NONE', #732 ) ;
#1141 = DIRECTION ( 'NONE',  ( 1.000000000000000000, 0.000000000000000000, 0.000000000000000000 ) ) ;
#1142 = APPLICATION_PROTOCOL_DEFINITION ( 'international standard', 'config_control_design', 1994, #2167 ) ;
#1143 = ORIENTED_EDGE ( 'NONE', *, *, #3038, .T. ) ;
#1144 = FACE_OUTER_BOUND ( 'NONE', #1791, .T. ) ;
#1145 = DIRECTION ( 'NONE',  ( -1.000000000000000000, 0.000000000000000000, 0.000000000000000000 ) ) ;
#1146 = ADVANCED_FACE ( 'NONE', ( #2653 ), #507, .F. ) ;
#1147 = VERTEX_POINT ( 'NONE', #747 ) ;
#1148 = DIRECTION ( 'NONE',  ( -0.000000000000000000, -0.000000000000000000, 1.000000000000000000 ) ) ;
#1149 = DIRECTION ( 'NONE',  ( -0.000000000000000000, -0.000000000000000000, -1.000000000000000000 ) ) ;
#1150 = VECTOR ( 'NONE', #2986, 1000.000000000000000 ) ;
#1151 = EDGE_CURVE ( 'NONE', #1597, #2949, #944, .T. ) ;
#1152 = ORIENTED_EDGE ( 'NONE', *, *, #2443, .F. ) ;
#1153 = DIRECTION ( 'NONE',  ( -0.000000000000000000, -0.000000000000000000, -1.000000000000000000 ) ) ;
#1154 = EDGE_CURVE ( 'NONE', #19, #3007, #2893, .T. ) ;
#1155 = EDGE_LOOP ( 'NONE', ( #1912, #1533, #680, #703 ) ) ;
#1156 = FACE_OUTER_BOUND ( 'NONE', #901, .T. ) ;
#1157 = VERTEX_POINT ( 'NONE', #262 ) ;
#1158 = DIRECTION ( 'NONE',  ( 1.000000000000000000, 0.000000000000000000, 0.000000000000000000 ) ) ;
#1159 = DIRECTION ( 'NONE',  ( -0.000000000000000000, 0.000000000000000000, 1.000000000000000000 ) ) ;
#1160 = ORIENTED_EDGE ( 'NONE', *, *, #495, .F. ) ;
#1161 = CARTESIAN_POINT ( 'NONE',  ( 15.15000000000001101, -13.28000000000000114, 0.000000000000000000 ) ) ;
#1162 = DIRECTION ( 'NONE',  ( -0.000000000000000000, 0.000000000000000000, 1.000000000000000000 ) ) ;
#1163 = EDGE_LOOP ( 'NONE', ( #1323, #2796, #871, #1598 ) ) ;
#1164 = PLANE ( 'NONE',  #964 ) ;
#1165 = ADVANCED_FACE ( 'NONE', ( #1202 ), #2140, .T. ) ;
#1166 = VECTOR ( 'NONE', #1002, 1000.000000000000000 ) ;
#1167 = EDGE_CURVE ( 'NONE', #1235, #376, #870, .T. ) ;
#1168 = ORIENTED_EDGE ( 'NONE', *, *, #459, .T. ) ;
#1169 = DIRECTION ( 'NONE',  ( -1.224646799147350002E-16, -0.000000000000000000, -1.000000000000000000 ) ) ;
#1170 = ORIENTED_EDGE ( 'NONE', *, *, #1187, .F. ) ;
#1171 = CARTESIAN_POINT ( 'NONE',  ( 32.09999999999998721, 17.90000000000000213, 0.000000000000000000 ) ) ;
#1172 = AXIS2_PLACEMENT_3D ( 'NONE', #2860, #319, #749 ) ;
#1173 = AXIS2_PLACEMENT_3D ( 'NONE', #2533, #693, #179 ) ;
#1174 = CARTESIAN_POINT ( 'NONE',  ( -34.10000000000000142, -12.10000000000000853, 0.000000000000000000 ) ) ;
#1175 = DIRECTION ( 'NONE',  ( -0.000000000000000000, -0.000000000000000000, 1.000000000000000000 ) ) ;
#1176 = CIRCLE ( 'NONE', #2149, 2.000000000000001776 ) ;
#1177 = ORIENTED_EDGE ( 'NONE', *, *, #886, .T. ) ;
#1178 = CIRCLE ( 'NONE', #198, 2.849999999999998312 ) ;
#1179 = LINE ( 'NONE', #2115, #1025 ) ;
#1180 = CARTESIAN_POINT ( 'NONE',  ( 0.000000000000000000, 0.000000000000000000, -11.60562702765708210 ) ) ;
#1181 = CARTESIAN_POINT ( 'NONE',  ( 1.788673438896026343E-15, 0.000000000000000000, 2.999999999999993783 ) ) ;
#1182 = AXIS2_PLACEMENT_3D ( 'NONE', #242, #1175, #3031 ) ;
#1183 = ORIENTED_EDGE ( 'NONE', *, *, #3018, .F. ) ;
#1184 = EDGE_CURVE ( 'NONE', #2749, #562, #1279, .T. ) ;
#1185 = AXIS2_PLACEMENT_3D ( 'NONE', #770, #1479, #1417 ) ;
#1186 = LINE ( 'NONE', #936, #2306 ) ;
#1187 = EDGE_CURVE ( 'NONE', #989, #1147, #2929, .T. ) ;
#1188 = CARTESIAN_POINT ( 'NONE',  ( 15.15000000000001101, -13.78000000000000291, 2.999999999999999112 ) ) ;
#1189 = CARTESIAN_POINT ( 'NONE',  ( -14.31267764144260646, -9.230284867334610510, 0.000000000000000000 ) ) ;
#1190 = ORIENTED_EDGE ( 'NONE', *, *, #808, .F. ) ;
#1191 = DIRECTION ( 'NONE',  ( -0.000000000000000000, -0.000000000000000000, -1.000000000000000000 ) ) ;
#1192 = DIRECTION ( 'NONE',  ( -0.000000000000000000, -0.000000000000000000, 1.000000000000000000 ) ) ;
#1193 = CARTESIAN_POINT ( 'NONE',  ( 1.788673438896026343E-15, 0.000000000000000000, 2.999999999999993783 ) ) ;
#1194 = FACE_OUTER_BOUND ( 'NONE', #2189, .T. ) ;
#1195 = ORIENTED_EDGE ( 'NONE', *, *, #2011, .F. ) ;
#1196 = LINE ( 'NONE', #238, #200 ) ;
#1197 = CALENDAR_DATE ( 2026, 5, 6 ) ;
#1198 = DIRECTION ( 'NONE',  ( 1.000000000000000000, 0.000000000000000000, 0.000000000000000000 ) ) ;
#1199 = EDGE_CURVE ( 'NONE', #480, #1079, #2798, .T. ) ;
#1200 = DIRECTION ( 'NONE',  ( 1.794541526872559254E-15, -1.000000000000000000, 0.000000000000000000 ) ) ;
#1201 = ORIENTED_EDGE ( 'NONE', *, *, #358, .T. ) ;
#1202 = FACE_OUTER_BOUND ( 'NONE', #1301, .T. ) ;
#1203 = DIRECTION ( 'NONE',  ( -0.000000000000000000, -0.000000000000000000, -1.000000000000000000 ) ) ;
#1204 = DIRECTION ( 'NONE',  ( -0.000000000000000000, -0.000000000000000000, 1.000000000000000000 ) ) ;
#1205 = CARTESIAN_POINT ( 'NONE',  ( 38.00000000000000000, 25.00000000000000000, 0.000000000000000000 ) ) ;
#1206 = ORIENTED_EDGE ( 'NONE', *, *, #2677, .F. ) ;
#1207 = DIRECTION ( 'NONE',  ( 1.224646799147350002E-16, 0.000000000000000000, 1.000000000000000000 ) ) ;
#1208 = CARTESIAN_POINT ( 'NONE',  ( 15.15000000000001101, -13.28000000000000114, 2.999999999999999112 ) ) ;
#1209 = DIRECTION ( 'NONE',  ( -0.000000000000000000, -0.000000000000000000, -1.000000000000000000 ) ) ;
#1210 = VECTOR ( 'NONE', #2221, 1000.000000000000000 ) ;
#1211 = ORIENTED_EDGE ( 'NONE', *, *, #2751, .F. ) ;
#1212 = APPROVAL ( #1588, 'UNSPECIFIED' ) ;
#1213 = FACE_BOUND ( 'NONE', #1707, .T. ) ;
#1214 = VECTOR ( 'NONE', #53, 1000.000000000000000 ) ;
#1215 = PLANE ( 'NONE',  #2663 ) ;
#1216 = DIRECTION ( 'NONE',  ( -0.000000000000000000, -0.000000000000000000, 1.000000000000000000 ) ) ;
#1217 = EDGE_CURVE ( 'NONE', #1597, #2471, #329, .T. ) ;
#1218 = AXIS2_PLACEMENT_3D ( 'NONE', #2657, #558, #1487 ) ;
#1219 = CYLINDRICAL_SURFACE ( 'NONE', #2554, 0.4999999999999970024 ) ;
#1220 = ORIENTED_EDGE ( 'NONE', *, *, #214, .F. ) ;
#1221 = VERTEX_POINT ( 'NONE', #1302 ) ;
#1222 = VECTOR ( 'NONE', #1200, 1000.000000000000000 ) ;
#1223 = DIRECTION ( 'NONE',  ( -0.000000000000000000, -0.000000000000000000, 1.000000000000000000 ) ) ;
#1224 = EDGE_LOOP ( 'NONE', ( #315, #1993, #2009, #1517 ) ) ;
#1225 = AXIS2_PLACEMENT_3D ( 'NONE', #788, #357, #1043 ) ;
#1226 = DIRECTION ( 'NONE',  ( -1.000000000000000000, 1.196361017915039437E-15, 0.000000000000000000 ) ) ;
#1227 = DIRECTION ( 'NONE',  ( -1.000000000000000000, 0.000000000000000000, 0.000000000000000000 ) ) ;
#1228 = ORIENTED_EDGE ( 'NONE', *, *, #1408, .F. ) ;
#1229 = FACE_BOUND ( 'NONE', #1469, .T. ) ;
#1230 = DIRECTION ( 'NONE',  ( -0.000000000000000000, -0.000000000000000000, 1.000000000000000000 ) ) ;
#1231 = DIRECTION ( 'NONE',  ( 1.000000000000000000, 0.000000000000000000, 0.000000000000000000 ) ) ;
#1232 = DIRECTION ( 'NONE',  ( 1.794541526872559254E-15, -1.000000000000000000, 0.000000000000000000 ) ) ;
#1233 = EDGE_CURVE ( 'NONE', #1370, #2551, #2714, .T. ) ;
#1234 = VERTEX_POINT ( 'NONE', #2667 ) ;
#1235 = VERTEX_POINT ( 'NONE', #1259 ) ;
#1236 = DIRECTION ( 'NONE',  ( -1.387778780781444887E-15, -1.000000000000000000, 0.000000000000000000 ) ) ;
#1237 = CIRCLE ( 'NONE', #1893, 2.849999999999998312 ) ;
#1238 = VECTOR ( 'NONE', #453, 1000.000000000000000 ) ;
#1239 = AXIS2_PLACEMENT_3D ( 'NONE', #2836, #1929, #2141 ) ;
#1240 = LINE ( 'NONE', #1027, #1709 ) ;
#1241 = FACE_OUTER_BOUND ( 'NONE', #986, .T. ) ;
#1242 = VERTEX_POINT ( 'NONE', #610 ) ;
#1243 = DIRECTION ( 'NONE',  ( -1.000000000000000000, 0.000000000000000000, 0.000000000000000000 ) ) ;
#1244 = DIRECTION ( 'NONE',  ( -0.000000000000000000, 0.000000000000000000, 1.000000000000000000 ) ) ;
#1245 = VECTOR ( 'NONE', #2525, 1000.000000000000000 ) ;
#1246 = CARTESIAN_POINT ( 'NONE',  ( 24.89999999999999147, 11.90000000000000391, 2.999999999999999112 ) ) ;
#1247 = FACE_OUTER_BOUND ( 'NONE', #746, .T. ) ;
#1248 = FACE_OUTER_BOUND ( 'NONE', #1670, .T. ) ;
#1249 = ORIENTED_EDGE ( 'NONE', *, *, #755, .T. ) ;
#1250 = ORIENTED_EDGE ( 'NONE', *, *, #2031, .F. ) ;
#1251 = VECTOR ( 'NONE', #2668, 1000.000000000000000 ) ;
#1252 = EDGE_CURVE ( 'NONE', #2778, #2120, #1614, .T. ) ;
#1253 = FACE_BOUND ( 'NONE', #3024, .T. ) ;
#1254 = ORIENTED_EDGE ( 'NONE', *, *, #1842, .F. ) ;
#1255 = EDGE_CURVE ( 'NONE', #3007, #2392, #2204, .T. ) ;
#1256 = CARTESIAN_POINT ( 'NONE',  ( 7.599999999999996092, -30.00000000000001066, 8.900000000000000355 ) ) ;
#1257 = DIRECTION ( 'NONE',  ( 1.000000000000000000, 0.000000000000000000, 0.000000000000000000 ) ) ;
#1258 = EDGE_LOOP ( 'NONE', ( #498, #1923 ) ) ;
#1259 = CARTESIAN_POINT ( 'NONE',  ( 30.09999999999999432, -12.10000000000001741, 2.999999999999999112 ) ) ;
#1260 = FACE_OUTER_BOUND ( 'NONE', #1827, .T. ) ;
#1261 = VECTOR ( 'NONE', #211, 1000.000000000000000 ) ;
#1262 = EDGE_LOOP ( 'NONE', ( #1883, #1759, #816, #2117 ) ) ;
#1263 = LINE ( 'NONE', #97, #2748 ) ;
#1264 = VECTOR ( 'NONE', #583, 1000.000000000000000 ) ;
#1265 = AXIS2_PLACEMENT_3D ( 'NONE', #716, #1646, #483 ) ;
#1266 = CARTESIAN_POINT ( 'NONE',  ( 33.00000000000000000, 30.00000000000000711, 15.00000000000000000 ) ) ;
#1267 = DIRECTION ( 'NONE',  ( 1.000000000000000000, -6.938893903907197612E-15, 0.000000000000000000 ) ) ;
#1268 = VECTOR ( 'NONE', #2456, 1000.000000000000000 ) ;
#1269 = ORIENTED_EDGE ( 'NONE', *, *, #2754, .F. ) ;
#1270 = EDGE_LOOP ( 'NONE', ( #722, #1361, #1064, #2641 ) ) ;
#1271 = LINE ( 'NONE', #2736, #2670 ) ;
#1272 = EDGE_CURVE ( 'NONE', #1626, #2450, #2432, .T. ) ;
#1273 = AXIS2_PLACEMENT_3D ( 'NONE', #212, #3, #941 ) ;
#1274 = DIRECTION ( 'NONE',  ( -1.000000000000000000, 0.000000000000000000, 1.180083997263134217E-16 ) ) ;
#1275 = CARTESIAN_POINT ( 'NONE',  ( 32.09999999999999432, 12.10000000000001741, 2.999999999999999112 ) ) ;
#1276 = ADVANCED_FACE ( 'NONE', ( #2477 ), #1034, .F. ) ;
#1277 = CC_DESIGN_APPROVAL ( #1760, ( #321 ) ) ;
#1278 = VERTEX_POINT ( 'NONE', #1984 ) ;
#1279 = LINE ( 'NONE', #94, #924 ) ;
#1280 = CARTESIAN_POINT ( 'NONE',  ( -0.8373223585571489824, 17.01028486733423861, 0.000000000000000000 ) ) ;
#1281 = EDGE_LOOP ( 'NONE', ( #3025, #1635 ) ) ;
#1282 = DIRECTION ( 'NONE',  ( -1.000000000000000000, -0.000000000000000000, -0.000000000000000000 ) ) ;
#1283 = DIRECTION ( 'NONE',  ( 0.000000000000000000, 0.000000000000000000, 1.000000000000000000 ) ) ;
#1284 = EDGE_LOOP ( 'NONE', ( #1666, #1489, #633, #2925 ) ) ;
#1285 = EDGE_LOOP ( 'NONE', ( #1177, #101, #1195, #1111 ) ) ;
#1286 = CARTESIAN_POINT ( 'NONE',  ( 35.10000000000000142, 22.10000000000000497, 2.999999999999999112 ) ) ;
#1287 = FACE_OUTER_BOUND ( 'NONE', #2962, .T. ) ;
#1288 = EDGE_LOOP ( 'NONE', ( #2560, #2029, #1091, #2045 ) ) ;
#1289 = ADVANCED_FACE ( 'NONE', ( #374 ), #388, .T. ) ;
#1290 = CARTESIAN_POINT ( 'NONE',  ( -23.39999999999999147, 11.90000000000000391, 15.00099999999999945 ) ) ;
#1291 = CARTESIAN_POINT ( 'NONE',  ( -7.599999999999996092, -30.00000000000000711, 8.900000000000000355 ) ) ;
#1292 = ADVANCED_FACE ( 'NONE', ( #2490 ), #1528, .F. ) ;
#1293 = ORIENTED_EDGE ( 'NONE', *, *, #607, .F. ) ;
#1294 = CARTESIAN_POINT ( 'NONE',  ( -24.89999999999999147, 11.90000000000000391, 2.999999999999999112 ) ) ;
#1295 = DIRECTION ( 'NONE',  ( 0.000000000000000000, -0.000000000000000000, -1.000000000000000000 ) ) ;
#1296 = ORIENTED_EDGE ( 'NONE', *, *, #625, .T. ) ;
#1297 = ORIENTED_EDGE ( 'NONE', *, *, #516, .T. ) ;
#1298 = ORIENTED_EDGE ( 'NONE', *, *, #2938, .T. ) ;
#1299 = CARTESIAN_POINT ( 'NONE',  ( -16.82581736225466429, -2.583170550305909252, 0.000000000000000000 ) ) ;
#1300 = CARTESIAN_POINT ( 'NONE',  ( 32.09999999999999432, 12.10000000000001741, 0.000000000000000000 ) ) ;
#1301 = EDGE_LOOP ( 'NONE', ( #585, #2787, #2800, #444 ) ) ;
#1302 = CARTESIAN_POINT ( 'NONE',  ( -17.50883006414687770, -2.766183252198127995, 0.000000000000000000 ) ) ;
#1303 = LINE ( 'NONE', #2682, #2289 ) ;
#1304 = ADVANCED_FACE ( 'NONE', ( #2946 ), #833, .T. ) ;
#1305 = ORIENTED_EDGE ( 'NONE', *, *, #1391, .T. ) ;
#1306 = CARTESIAN_POINT ( 'NONE',  ( -7.824999999999894484, 13.55329756922670903, 0.000000000000000000 ) ) ;
#1307 = CARTESIAN_POINT ( 'NONE',  ( 30.09999999999999787, -27.10000000000000142, 2.999999999999999112 ) ) ;
#1308 = CIRCLE ( 'NONE', #1457, 14.69999999999999751 ) ;
#1309 = ADVANCED_FACE ( 'NONE', ( #847 ), #1783, .F. ) ;
#1310 = ORIENTED_EDGE ( 'NONE', *, *, #2349, .T. ) ;
#1311 = CIRCLE ( 'NONE', #135, 5.000000000000000888 ) ;
#1312 = VERTEX_POINT ( 'NONE', #791 ) ;
#1313 = AXIS2_PLACEMENT_3D ( 'NONE', #1001, #1191, #1243 ) ;
#1314 = EDGE_CURVE ( 'NONE', #793, #376, #1722, .T. ) ;
#1315 = CIRCLE ( 'NONE', #2304, 0.5000000000000004441 ) ;
#1316 = ORIENTED_EDGE ( 'NONE', *, *, #150, .T. ) ;
#1317 = CYLINDRICAL_SURFACE ( 'NONE', #167, 1.500000000000001332 ) ;
#1318 = FACE_OUTER_BOUND ( 'NONE', #1445, .T. ) ;
#1319 = ORIENTED_EDGE ( 'NONE', *, *, #1620, .F. ) ;
#1320 = FACE_OUTER_BOUND ( 'NONE', #1399, .T. ) ;
#1321 = AXIS2_PLACEMENT_3D ( 'NONE', #2632, #2833, #530 ) ;
#1322 = LINE ( 'NONE', #2021, #2261 ) ;
#1323 = ORIENTED_EDGE ( 'NONE', *, *, #2563, .T. ) ;
#1324 = CARTESIAN_POINT ( 'NONE',  ( 38.00000000000000000, -24.99999999999999289, 0.000000000000000000 ) ) ;
#1325 = LOCAL_TIME ( 11, 33, 0.000000000000000000, #1657 ) ;
#1326 = CARTESIAN_POINT ( 'NONE',  ( -26.39999999999999147, 11.90000000000000391, 2.999999999999999112 ) ) ;
#1327 = DIRECTION ( 'NONE',  ( 1.000000000000000000, 0.000000000000000000, 0.000000000000000000 ) ) ;
#1328 = ORIENTED_EDGE ( 'NONE', *, *, #2160, .T. ) ;
#1329 = ORIENTED_EDGE ( 'NONE', *, *, #2788, .F. ) ;
#1330 = CIRCLE ( 'NONE', #2912, 4.999999999999997335 ) ;
#1331 = EDGE_CURVE ( 'NONE', #1056, #2431, #803, .T. ) ;
#1332 = EDGE_CURVE ( 'NONE', #2324, #478, #2250, .T. ) ;
#1333 = ORIENTED_EDGE ( 'NONE', *, *, #1686, .T. ) ;
#1334 = FACE_OUTER_BOUND ( 'NONE', #2171, .T. ) ;
#1335 = ORIENTED_EDGE ( 'NONE', *, *, #87, .T. ) ;
#1336 = CARTESIAN_POINT ( 'NONE',  ( 21.89999999999999147, 16.90000000000000568, 0.000000000000000000 ) ) ;
#1337 = CARTESIAN_POINT ( 'NONE',  ( 10.65000000000001634, -8.279999999999999361, 0.000000000000000000 ) ) ;
#1338 = DIRECTION ( 'NONE',  ( 1.000000000000000000, 0.000000000000000000, 0.000000000000000000 ) ) ;
#1339 = ORIENTED_EDGE ( 'NONE', *, *, #2010, .F. ) ;
#1340 = DIRECTION ( 'NONE',  ( 1.000000000000000000, 0.000000000000000000, 0.000000000000000000 ) ) ;
#1341 = DIRECTION ( 'NONE',  ( -0.000000000000000000, -0.000000000000000000, -1.000000000000000000 ) ) ;
#1342 = CYLINDRICAL_SURFACE ( 'NONE', #1832, 2.000000000000001776 ) ;
#1343 = ORIENTED_EDGE ( 'NONE', *, *, #11, .T. ) ;
#1344 = ORIENTED_EDGE ( 'NONE', *, *, #589, .F. ) ;
#1345 = ORIENTED_EDGE ( 'NONE', *, *, #1895, .T. ) ;
#1346 = EDGE_CURVE ( 'NONE', #119, #2065, #82, .T. ) ;
#1347 = EDGE_CURVE ( 'NONE', #598, #2475, #2793, .T. ) ;
#1348 = LINE ( 'NONE', #1602, #690 ) ;
#1349 = COORDINATED_UNIVERSAL_TIME_OFFSET ( 8, 0, .AHEAD. ) ;
#1350 = ADVANCED_FACE ( 'NONE', ( #2809 ), #910, .T. ) ;
#1351 = EDGE_LOOP ( 'NONE', ( #1858, #1329 ) ) ;
#1352 = CIRCLE ( 'NONE', #576, 2.000000000000001776 ) ;
#1353 = CARTESIAN_POINT ( 'NONE',  ( -32.09999999999999432, 19.40000000000000568, 2.999999999999999112 ) ) ;
#1354 = CARTESIAN_POINT ( 'NONE',  ( 32.10000000000000853, -19.39999999999999858, 0.000000000000000000 ) ) ;
#1355 = LINE ( 'NONE', #2530, #451 ) ;
#1356 = EDGE_LOOP ( 'NONE', ( #2611, #1183, #869, #1731, #2989, #2982, #111, #2163, #1715, #2904, #922, #165, #290, #373, #213, #2183, #1075, #2987, #302, #573, #197, #1934, #2090, #2937, #533, #2909 ) ) ;
#1357 = CARTESIAN_POINT ( 'NONE',  ( -32.09999999999999432, 12.10000000000000853, 2.999999999999999112 ) ) ;
#1358 = LINE ( 'NONE', #1872, #2354 ) ;
#1359 = CYLINDRICAL_SURFACE ( 'NONE', #2718, 14.69999999999999751 ) ;
#1360 = VERTEX_POINT ( 'NONE', #2562 ) ;
#1361 = ORIENTED_EDGE ( 'NONE', *, *, #684, .F. ) ;
#1362 = AXIS2_PLACEMENT_3D ( 'NONE', #304, #56, #2172 ) ;
#1363 = ORIENTED_EDGE ( 'NONE', *, *, #1949, .T. ) ;
#1364 = AXIS2_PLACEMENT_3D ( 'NONE', #1246, #1741, #523 ) ;
#1365 = AXIS2_PLACEMENT_3D ( 'NONE', #10, #728, #1198 ) ;
#1366 = DIRECTION ( 'NONE',  ( -0.000000000000000000, -0.000000000000000000, 1.000000000000000000 ) ) ;
#1367 = ADVANCED_FACE ( 'NONE', ( #1130 ), #2036, .F. ) ;
#1368 = CARTESIAN_POINT ( 'NONE',  ( 15.65000000000001812, -8.279999999999999361, 0.000000000000000000 ) ) ;
#1369 = AXIS2_PLACEMENT_3D ( 'NONE', #2861, #32, #320 ) ;
#1370 = VERTEX_POINT ( 'NONE', #1816 ) ;
#1371 = DIRECTION ( 'NONE',  ( 0.000000000000000000, 0.000000000000000000, 1.000000000000000000 ) ) ;
#1372 = EDGE_CURVE ( 'NONE', #1139, #2086, #968, .T. ) ;
#1373 = DIRECTION ( 'NONE',  ( -0.000000000000000000, -0.000000000000000000, 1.000000000000000000 ) ) ;
#1374 = ORIENTED_EDGE ( 'NONE', *, *, #2673, .F. ) ;
#1375 = AXIS2_PLACEMENT_3D ( 'NONE', #1496, #95, #1974 ) ;
#1376 = DIRECTION ( 'NONE',  ( 1.000000000000000000, -2.282530889443167515E-16, 0.000000000000000000 ) ) ;
#1377 = DIRECTION ( 'NONE',  ( 1.000000000000000000, 0.000000000000000000, 0.000000000000000000 ) ) ;
#1378 = ORIENTED_EDGE ( 'NONE', *, *, #235, .T. ) ;
#1379 = APPROVAL_PERSON_ORGANIZATION ( #2134, #473, #268 ) ;
#1380 = EDGE_LOOP ( 'NONE', ( #1785, #2622, #2096, #2916 ) ) ;
#1381 = ORIENTED_EDGE ( 'NONE', *, *, #1585, .F. ) ;
#1382 = CARTESIAN_POINT ( 'NONE',  ( -37.99999999999998579, -24.99999999999999289, 15.00000000000000000 ) ) ;
#1383 =( NAMED_UNIT ( * ) SI_UNIT ( $, .STERADIAN. ) SOLID_ANGLE_UNIT ( ) );
#1384 = CARTESIAN_POINT ( 'NONE',  ( 11.15000000000001990, -7.780000000000000249, 0.000000000000000000 ) ) ;
#1385 = EDGE_LOOP ( 'NONE', ( #1024, #2651 ) ) ;
#1386 = LINE ( 'NONE', #2326, #1412 ) ;
#1387 = DIRECTION ( 'NONE',  ( -1.000000000000000000, 0.000000000000000000, 1.180083997263134217E-16 ) ) ;
#1388 = ORIENTED_EDGE ( 'NONE', *, *, #1763, .F. ) ;
#1389 = ADVANCED_FACE ( 'NONE', ( #3016 ), #2544, .F. ) ;
#1390 = LINE ( 'NONE', #2580, #1420 ) ;
#1391 = EDGE_CURVE ( 'NONE', #902, #334, #2084, .T. ) ;
#1392 = CARTESIAN_POINT ( 'NONE',  ( -30.09999999999999432, -12.10000000000000853, 0.000000000000000000 ) ) ;
#1393 = ORIENTED_EDGE ( 'NONE', *, *, #512, .T. ) ;
#1394 = CARTESIAN_POINT ( 'NONE',  ( 34.94999999999998863, 17.90000000000000213, 2.999999999999999112 ) ) ;
#1395 = VECTOR ( 'NONE', #514, 1000.000000000000114 ) ;
#1396 = ORIENTED_EDGE ( 'NONE', *, *, #607, .T. ) ;
#1397 = LINE ( 'NONE', #2573, #342 ) ;
#1398 = PLANE ( 'NONE',  #2363 ) ;
#1399 = EDGE_LOOP ( 'NONE', ( #296, #565, #1065, #401 ) ) ;
#1400 = DIRECTION ( 'NONE',  ( -0.000000000000000000, -0.000000000000000000, 1.000000000000000000 ) ) ;
#1401 = CARTESIAN_POINT ( 'NONE',  ( -17.77689437438231934, -15.27689437438235132, 15.00099999999999945 ) ) ;
#1402 = CARTESIAN_POINT ( 'NONE',  ( -24.49999999999999289, 16.89999999999999858, 0.000000000000000000 ) ) ;
#1403 = ORIENTED_EDGE ( 'NONE', *, *, #2089, .T. ) ;
#1404 = LINE ( 'NONE', #246, #2603 ) ;
#1405 = DIRECTION ( 'NONE',  ( -0.000000000000000000, -0.000000000000000000, -1.000000000000000000 ) ) ;
#1406 = ADVANCED_FACE ( 'NONE', ( #1144 ), #1868, .F. ) ;
#1407 = CARTESIAN_POINT ( 'NONE',  ( -32.99999999999999289, -29.99999999999999645, 15.00000000000000000 ) ) ;
#1408 = EDGE_CURVE ( 'NONE', #1079, #2870, #1386, .T. ) ;
#1409 = ORIENTED_EDGE ( 'NONE', *, *, #1346, .F. ) ;
#1410 = CIRCLE ( 'NONE', #2442, 2.849999999999998312 ) ;
#1411 = PLANE ( 'NONE',  #1684 ) ;
#1412 = VECTOR ( 'NONE', #1637, 1000.000000000000000 ) ;
#1413 = APPROVAL_STATUS ( 'not_yet_approved' ) ;
#1414 = AXIS2_PLACEMENT_3D ( 'NONE', #1357, #124, #1061 ) ;
#1415 = AXIS2_PLACEMENT_3D ( 'NONE', #1458, #517, #2371 ) ;
#1416 = PLANE ( 'NONE',  #2202 ) ;
#1417 = DIRECTION ( 'NONE',  ( -1.000000000000000000, 0.000000000000000000, 0.000000000000000000 ) ) ;
#1418 = VECTOR ( 'NONE', #1689, 1000.000000000000000 ) ;
#1419 = EDGE_LOOP ( 'NONE', ( #2973, #2153, #1201, #579 ) ) ;
#1420 = VECTOR ( 'NONE', #1341, 1000.000000000000000 ) ;
#1421 = CARTESIAN_POINT ( 'NONE',  ( -32.09999999999999432, 12.10000000000000853, 0.000000000000000000 ) ) ;
#1422 = CARTESIAN_POINT ( 'NONE',  ( 32.09999999999998721, 17.90000000000000213, 2.999999999999999112 ) ) ;
#1423 = CARTESIAN_POINT ( 'NONE',  ( 34.10000000000000142, 12.10000000000001741, 0.000000000000000000 ) ) ;
#1424 = CYLINDRICAL_SURFACE ( 'NONE', #2940, 1.500000000000001332 ) ;
#1425 = CARTESIAN_POINT ( 'NONE',  ( -32.09999999999999432, 12.10000000000000853, 0.000000000000000000 ) ) ;
#1426 = AXIS2_PLACEMENT_3D ( 'NONE', #273, #1688, #953 ) ;
#1427 = ORIENTED_EDGE ( 'NONE', *, *, #1408, .T. ) ;
#1428 = ADVANCED_FACE ( 'NONE', ( #1833 ), #2779, .F. ) ;
#1429 = DIRECTION ( 'NONE',  ( 1.000000000000000000, 0.000000000000000000, 0.000000000000000000 ) ) ;
#1430 = DATE_AND_TIME ( #515, #1325 ) ;
#1431 = DIRECTION ( 'NONE',  ( -0.000000000000000000, -0.000000000000000000, 1.000000000000000000 ) ) ;
#1432 = FACE_OUTER_BOUND ( 'NONE', #1419, .T. ) ;
#1433 = VERTEX_POINT ( 'NONE', #421 ) ;
#1434 = CARTESIAN_POINT ( 'NONE',  ( -24.52310562561766005, -23.52310562561765650, 0.000000000000000000 ) ) ;
#1435 = CARTESIAN_POINT ( 'NONE',  ( -30.09999999999999432, 12.10000000000000853, 2.999999999999999112 ) ) ;
#1436 = ORIENTED_EDGE ( 'NONE', *, *, #2349, .F. ) ;
#1437 = DIRECTION ( 'NONE',  ( -0.000000000000000000, -0.000000000000000000, -1.000000000000000000 ) ) ;
#1438 = DIRECTION ( 'NONE',  ( 1.000000000000000000, 0.000000000000000000, 0.000000000000000000 ) ) ;
#1439 = VERTEX_POINT ( 'NONE', #2296 ) ;
#1440 = CARTESIAN_POINT ( 'NONE',  ( -30.09999999999999787, -27.10000000000000497, 15.00000000000000000 ) ) ;
#1441 = ADVANCED_FACE ( 'NONE', ( #674 ), #2097, .F. ) ;
#1442 = CYLINDRICAL_SURFACE ( 'NONE', #136, 2.000000000000001776 ) ;
#1443 = DIRECTION ( 'NONE',  ( 1.000000000000000000, 0.000000000000000000, 0.000000000000000000 ) ) ;
#1444 = ADVANCED_FACE ( 'NONE', ( #1320 ), #1606, .F. ) ;
#1445 = EDGE_LOOP ( 'NONE', ( #2738, #13, #2386, #396 ) ) ;
#1446 = DIRECTION ( 'NONE',  ( 1.000000000000000000, 0.000000000000000000, 0.000000000000000000 ) ) ;
#1447 = DIRECTION ( 'NONE',  ( -1.000000000000000000, 0.000000000000000000, 0.000000000000000000 ) ) ;
#1448 = ORIENTED_EDGE ( 'NONE', *, *, #2181, .T. ) ;
#1449 = DIRECTION ( 'NONE',  ( -0.000000000000000000, 0.000000000000000000, 1.000000000000000000 ) ) ;
#1450 = CYLINDRICAL_SURFACE ( 'NONE', #1866, 2.000000000000001776 ) ;
#1451 = EDGE_LOOP ( 'NONE', ( #2272, #559 ) ) ;
#1452 = EDGE_LOOP ( 'NONE', ( #1249, #2102, #1228, #1115 ) ) ;
#1453 = AXIS2_PLACEMENT_3D ( 'NONE', #1015, #1203, #1447 ) ;
#1454 = DIRECTION ( 'NONE',  ( 1.000000000000000000, 0.000000000000000000, 0.000000000000000000 ) ) ;
#1455 = SHAPE_DEFINITION_REPRESENTATION ( #71, #714 ) ;
#1456 = CIRCLE ( 'NONE', #2639, 2.000000000000001776 ) ;
#1457 = AXIS2_PLACEMENT_3D ( 'NONE', #2727, #2777, #1105 ) ;
#1458 = CARTESIAN_POINT ( 'NONE',  ( 0.000000000000000000, 0.000000000000000000, -11.60562702765708210 ) ) ;
#1459 = LINE ( 'NONE', #2605, #397 ) ;
#1460 = CIRCLE ( 'NONE', #2939, 0.4999999999999970024 ) ;
#1461 = CIRCLE ( 'NONE', #437, 2.000000000000001776 ) ;
#1462 = ORIENTED_EDGE ( 'NONE', *, *, #1346, .T. ) ;
#1463 = ADVANCED_FACE ( 'NONE', ( #3030 ), #1093, .T. ) ;
#1464 = FACE_OUTER_BOUND ( 'NONE', #1284, .T. ) ;
#1465 = AXIS2_PLACEMENT_3D ( 'NONE', #1018, #1942, #2176 ) ;
#1466 = VECTOR ( 'NONE', #811, 1000.000000000000000 ) ;
#1467 = LINE ( 'NONE', #2903, #2243 ) ;
#1468 = EDGE_CURVE ( 'NONE', #1983, #793, #336, .T. ) ;
#1469 = EDGE_LOOP ( 'NONE', ( #2680, #349 ) ) ;
#1470 = DIRECTION ( 'NONE',  ( 1.000000000000000000, 0.000000000000000000, 0.000000000000000000 ) ) ;
#1471 = AXIS2_PLACEMENT_3D ( 'NONE', #1097, #2040, #1038 ) ;
#1472 = CARTESIAN_POINT ( 'NONE',  ( -14.09999999999989662, -4.156921938165637265, 0.000000000000000000 ) ) ;
#1473 = VERTEX_POINT ( 'NONE', #1891 ) ;
#1474 = ORIENTED_EDGE ( 'NONE', *, *, #554, .F. ) ;
#1475 = AXIS2_PLACEMENT_3D ( 'NONE', #2341, #2085, #2747 ) ;
#1476 = CARTESIAN_POINT ( 'NONE',  ( 29.24999999999999645, 17.90000000000000213, 0.000000000000000000 ) ) ;
#1477 = LOCAL_TIME ( 11, 33, 0.000000000000000000, #1349 ) ;
#1478 = CARTESIAN_POINT ( 'NONE',  ( -23.39999999999999147, 11.90000000000000391, 2.999999999999999112 ) ) ;
#1479 = DIRECTION ( 'NONE',  ( 0.000000000000000000, 0.000000000000000000, 1.000000000000000000 ) ) ;
#1480 = ORIENTED_EDGE ( 'NONE', *, *, #1128, .T. ) ;
#1481 = VECTOR ( 'NONE', #775, 1000.000000000000000 ) ;
#1482 = DIRECTION ( 'NONE',  ( -0.4999999999999914513, -0.8660254037844435926, 0.000000000000000000 ) ) ;
#1483 = CARTESIAN_POINT ( 'NONE',  ( 26.39999999999999147, 11.90000000000000391, 2.999999999999999112 ) ) ;
#1484 = EDGE_CURVE ( 'NONE', #2839, #2729, #1925, .T. ) ;
#1485 = CYLINDRICAL_SURFACE ( 'NONE', #1705, 2.849999999999998312 ) ;
#1486 = EDGE_CURVE ( 'NONE', #1100, #1997, #769, .T. ) ;
#1487 = DIRECTION ( 'NONE',  ( 1.000000000000000000, 0.000000000000000000, 0.000000000000000000 ) ) ;
#1488 = ORIENTED_EDGE ( 'NONE', *, *, #1581, .T. ) ;
#1489 = ORIENTED_EDGE ( 'NONE', *, *, #1991, .F. ) ;
#1490 = FACE_OUTER_BOUND ( 'NONE', #2634, .T. ) ;
#1491 = AXIS2_PLACEMENT_3D ( 'NONE', #798, #2662, #1327 ) ;
#1492 = CYLINDRICAL_SURFACE ( 'NONE', #2063, 14.69999999999999751 ) ;
#1493 = CARTESIAN_POINT ( 'NONE',  ( -21.89999999999999147, 16.89999999999999858, 0.000000000000000000 ) ) ;
#1494 = VERTEX_POINT ( 'NONE', #2868 ) ;
#1495 = CARTESIAN_POINT ( 'NONE',  ( 34.10000000000000142, -12.10000000000001741, 0.000000000000000000 ) ) ;
#1496 = CARTESIAN_POINT ( 'NONE',  ( 30.09999999999999787, -22.10000000000000497, 15.00000000000000000 ) ) ;
#1497 = VERTEX_POINT ( 'NONE', #2832 ) ;
#1498 = FACE_OUTER_BOUND ( 'NONE', #2494, .T. ) ;
#1499 = DIRECTION ( 'NONE',  ( -0.000000000000000000, -0.000000000000000000, 1.000000000000000000 ) ) ;
#1500 = ADVANCED_FACE ( 'NONE', ( #756 ), #1416, .F. ) ;
#1501 = EDGE_LOOP ( 'NONE', ( #2000, #1554, #2260, #1794 ) ) ;
#1502 = ORIENTED_EDGE ( 'NONE', *, *, #1045, .T. ) ;
#1503 = EDGE_CURVE ( 'NONE', #1147, #1566, #1315, .T. ) ;
#1504 = FACE_BOUND ( 'NONE', #1258, .T. ) ;
#1505 = CARTESIAN_POINT ( 'NONE',  ( -24.49999999999999289, 16.89999999999999858, 0.000000000000000000 ) ) ;
#1506 = CARTESIAN_POINT ( 'NONE',  ( 0.000000000000000000, 0.000000000000000000, -11.60562702765708210 ) ) ;
#1507 = CARTESIAN_POINT ( 'NONE',  ( 1.421279399151822476E-15, 0.000000000000000000, 5.204170427930421283E-15 ) ) ;
#1508 = ORIENTED_EDGE ( 'NONE', *, *, #1007, .F. ) ;
#1509 = CARTESIAN_POINT ( 'NONE',  ( 7.599999999999996092, -30.00000000000001066, 8.900000000000000355 ) ) ;
#1510 = CARTESIAN_POINT ( 'NONE',  ( 6.737677641442912702, 3.890000000000030767, 2.999999999999999112 ) ) ;
#1511 = AXIS2_PLACEMENT_3D ( 'NONE', #1973, #2963, #567 ) ;
#1512 = ORIENTED_EDGE ( 'NONE', *, *, #497, .T. ) ;
#1513 = CARTESIAN_POINT ( 'NONE',  ( -16.82581736225466429, -2.583170550305909252, 0.000000000000000000 ) ) ;
#1514 = CIRCLE ( 'NONE', #196, 5.000000000000000888 ) ;
#1515 = AXIS2_PLACEMENT_3D ( 'NONE', #1181, #723, #509 ) ;
#1516 = FACE_OUTER_BOUND ( 'NONE', #2762, .T. ) ;
#1517 = ORIENTED_EDGE ( 'NONE', *, *, #400, .T. ) ;
#1518 = VERTEX_POINT ( 'NONE', #1687 ) ;
#1519 = DIRECTION ( 'NONE',  ( -0.000000000000000000, -0.000000000000000000, 1.000000000000000000 ) ) ;
#1520 = ADVANCED_FACE ( 'NONE', ( #1702 ), #1442, .F. ) ;
#1521 = CARTESIAN_POINT ( 'NONE',  ( -24.89999999999999147, 11.90000000000000391, 0.000000000000000000 ) ) ;
#1522 = AXIS2_PLACEMENT_3D ( 'NONE', #1892, #12, #757 ) ;
#1523 = EDGE_CURVE ( 'NONE', #1101, #1593, #503, .T. ) ;
#1524 = FACE_OUTER_BOUND ( 'NONE', #849, .T. ) ;
#1525 = DIRECTION ( 'NONE',  ( -1.224646799147350002E-16, -0.000000000000000000, -1.000000000000000000 ) ) ;
#1526 = VECTOR ( 'NONE', #1123, 1000.000000000000000 ) ;
#1527 = ORIENTED_EDGE ( 'NONE', *, *, #1562, .F. ) ;
#1528 = CYLINDRICAL_SURFACE ( 'NONE', #244, 1.500000000000001332 ) ;
#1529 = CARTESIAN_POINT ( 'NONE',  ( 38.00000000000000000, 25.00000000000000000, 15.00000000000000000 ) ) ;
#1530 = ORIENTED_EDGE ( 'NONE', *, *, #886, .F. ) ;
#1531 = LINE ( 'NONE', #2039, #689 ) ;
#1532 = FACE_OUTER_BOUND ( 'NONE', #1811, .T. ) ;
#1533 = ORIENTED_EDGE ( 'NONE', *, *, #2630, .T. ) ;
#1534 = VERTEX_POINT ( 'NONE', #1673 ) ;
#1535 = VERTEX_POINT ( 'NONE', #1660 ) ;
#1536 = LINE ( 'NONE', #1072, #2840 ) ;
#1537 = CYLINDRICAL_SURFACE ( 'NONE', #635, 1.500000000000001332 ) ;
#1538 = ADVANCED_FACE ( 'NONE', ( #2853 ), #258, .F. ) ;
#1539 = PLANE ( 'NONE',  #2162 ) ;
#1540 = EDGE_CURVE ( 'NONE', #1439, #2328, #2631, .T. ) ;
#1541 = VERTEX_POINT ( 'NONE', #241 ) ;
#1542 = AXIS2_PLACEMENT_3D ( 'NONE', #2046, #2789, #2990 ) ;
#1543 = DIRECTION ( 'NONE',  ( 0.000000000000000000, 0.000000000000000000, 1.000000000000000000 ) ) ;
#1544 = ADVANCED_FACE ( 'NONE', ( #2398 ), #1, .F. ) ;
#1545 = CARTESIAN_POINT ( 'NONE',  ( -24.89999999999999147, 11.90000000000000391, 15.00099999999999945 ) ) ;
#1546 = ORIENTED_EDGE ( 'NONE', *, *, #1331, .F. ) ;
#1547 = DIRECTION ( 'NONE',  ( -0.000000000000000000, -0.000000000000000000, -1.000000000000000000 ) ) ;
#1548 = DIRECTION ( 'NONE',  ( 1.000000000000000000, 0.000000000000000000, 0.000000000000000000 ) ) ;
#1549 = ORIENTED_EDGE ( 'NONE', *, *, #497, .F. ) ;
#1550 = ORIENTED_EDGE ( 'NONE', *, *, #235, .F. ) ;
#1551 = ORIENTED_EDGE ( 'NONE', *, *, #824, .F. ) ;
#1552 = CARTESIAN_POINT ( 'NONE',  ( -30.09999999999999787, 22.10000000000000497, 2.999999999999999112 ) ) ;
#1553 = CARTESIAN_POINT ( 'NONE',  ( 34.94999999999998863, 17.90000000000000213, 0.000000000000000000 ) ) ;
#1554 = ORIENTED_EDGE ( 'NONE', *, *, #625, .F. ) ;
#1555 = DIRECTION ( 'NONE',  ( -1.387778780781444887E-15, -1.000000000000000000, 0.000000000000000000 ) ) ;
#1556 = PLANE ( 'NONE',  #1627 ) ;
#1557 = ORIENTED_EDGE ( 'NONE', *, *, #2422, .F. ) ;
#1558 = DIRECTION ( 'NONE',  ( -0.000000000000000000, -0.000000000000000000, -1.000000000000000000 ) ) ;
#1559 = ADVANCED_FACE ( 'NONE', ( #1937 ), #2169, .F. ) ;
#1560 = DIRECTION ( 'NONE',  ( 0.000000000000000000, -0.000000000000000000, -1.000000000000000000 ) ) ;
#1561 = VECTOR ( 'NONE', #1076, 1000.000000000000000 ) ;
#1562 = EDGE_CURVE ( 'NONE', #1052, #1242, #471, .T. ) ;
#1563 = FACE_BOUND ( 'NONE', #2042, .T. ) ;
#1564 = ORIENTED_EDGE ( 'NONE', *, *, #2978, .F. ) ;
#1565 = AXIS2_PLACEMENT_3D ( 'NONE', #1679, #1449, #794 ) ;
#1566 = VERTEX_POINT ( 'NONE', #2340 ) ;
#1567 = AXIS2_PLACEMENT_3D ( 'NONE', #1401, #952, #2881 ) ;
#1568 = VECTOR ( 'NONE', #892, 1000.000000000000000 ) ;
#1569 = ORIENTED_EDGE ( 'NONE', *, *, #1314, .F. ) ;
#1570 = AXIS2_PLACEMENT_3D ( 'NONE', #510, #1943, #1232 ) ;
#1571 = CARTESIAN_POINT ( 'NONE',  ( -17.77689437438231934, -15.27689437438235132, 2.999999999999999112 ) ) ;
#1572 = ORIENTED_EDGE ( 'NONE', *, *, #438, .F. ) ;
#1573 = CARTESIAN_POINT ( 'NONE',  ( -32.09999999999999432, -19.40000000000000568, 0.000000000000000000 ) ) ;
#1574 = CIRCLE ( 'NONE', #1817, 0.4999999999998928635 ) ;
#1575 = LINE ( 'NONE', #1818, #2855 ) ;
#1576 = ORIENTED_EDGE ( 'NONE', *, *, #477, .T. ) ;
#1577 = DIRECTION ( 'NONE',  ( -1.196361017915039437E-15, -1.000000000000000000, 0.000000000000000000 ) ) ;
#1578 = VECTOR ( 'NONE', #1778, 1000.000000000000000 ) ;
#1579 = CARTESIAN_POINT ( 'NONE',  ( 0.5014608395669051255, 14.69144434786385389, -11.60562702765708210 ) ) ;
#1580 = DIRECTION ( 'NONE',  ( 1.000000000000000000, 0.000000000000000000, 0.000000000000000000 ) ) ;
#1581 = EDGE_CURVE ( 'NONE', #1234, #2666, #2123, .T. ) ;
#1582 = VERTEX_POINT ( 'NONE', #2587 ) ;
#1583 = ORIENTED_EDGE ( 'NONE', *, *, #529, .F. ) ;
#1584 = EDGE_CURVE ( 'NONE', #1100, #335, #872, .T. ) ;
#1585 = EDGE_CURVE ( 'NONE', #3008, #2701, #248, .T. ) ;
#1586 = ORIENTED_EDGE ( 'NONE', *, *, #1252, .F. ) ;
#1587 = CARTESIAN_POINT ( 'NONE',  ( -33.00000000000000000, 30.00000000000000711, 15.00000000000000000 ) ) ;
#1588 = APPROVAL_STATUS ( 'not_yet_approved' ) ;
#1589 = ORIENTED_EDGE ( 'NONE', *, *, #2031, .T. ) ;
#1590 = VECTOR ( 'NONE', #555, 1000.000000000000000 ) ;
#1591 = CARTESIAN_POINT ( 'NONE',  ( -17.07581736225484192, -3.016183252198017861, 0.000000000000000000 ) ) ;
#1592 = LINE ( 'NONE', #1625, #347 ) ;
#1593 = VERTEX_POINT ( 'NONE', #1073 ) ;
#1594 = DIRECTION ( 'NONE',  ( 1.569885498621544481E-16, 1.000000000000000000, -0.000000000000000000 ) ) ;
#1595 = DIRECTION ( 'NONE',  ( -0.000000000000000000, -0.000000000000000000, 1.000000000000000000 ) ) ;
#1596 = CARTESIAN_POINT ( 'NONE',  ( 30.09999999999999787, -22.10000000000000497, 2.999999999999999112 ) ) ;
#1597 = VERTEX_POINT ( 'NONE', #1256 ) ;
#1598 = ORIENTED_EDGE ( 'NONE', *, *, #1601, .T. ) ;
#1599 = EDGE_CURVE ( 'NONE', #1752, #2839, #2599, .T. ) ;
#1600 = ORIENTED_EDGE ( 'NONE', *, *, #1796, .F. ) ;
#1601 = EDGE_CURVE ( 'NONE', #868, #2876, #69, .T. ) ;
#1602 = CARTESIAN_POINT ( 'NONE',  ( -12.31267764144256383, -5.766183252196703357, 2.999999999999999112 ) ) ;
#1603 = CARTESIAN_POINT ( 'NONE',  ( -26.39999999999999147, 11.90000000000000391, 0.000000000000000000 ) ) ;
#1604 = CARTESIAN_POINT ( 'NONE',  ( -29.25000000000000000, 19.40000000000000568, 0.000000000000000000 ) ) ;
#1605 = VERTEX_POINT ( 'NONE', #2648 ) ;
#1606 = CYLINDRICAL_SURFACE ( 'NONE', #2993, 2.000000000000001776 ) ;
#1607 = LINE ( 'NONE', #2513, #3009 ) ;
#1608 = ORIENTED_EDGE ( 'NONE', *, *, #340, .T. ) ;
#1609 = DIRECTION ( 'NONE',  ( 1.000000000000000000, 0.000000000000000000, 0.000000000000000000 ) ) ;
#1610 = CARTESIAN_POINT ( 'NONE',  ( 15.15000000000001990, -8.279999999999999361, 0.000000000000000000 ) ) ;
#1611 = DIRECTION ( 'NONE',  ( -0.000000000000000000, -0.000000000000000000, 1.000000000000000000 ) ) ;
#1612 = DIRECTION ( 'NONE',  ( 0.000000000000000000, 0.000000000000000000, -1.000000000000000000 ) ) ;
#1613 = CARTESIAN_POINT ( 'NONE',  ( -35.10000000000000142, 22.10000000000000853, 2.999999999999999112 ) ) ;
#1614 = CIRCLE ( 'NONE', #383, 2.600000000000001421 ) ;
#1615 = EDGE_LOOP ( 'NONE', ( #2180, #1381, #2019, #2377 ) ) ;
#1616 = CIRCLE ( 'NONE', #293, 2.849999999999998312 ) ;
#1617 = AXIS2_PLACEMENT_3D ( 'NONE', #2942, #830, #1765 ) ;
#1618 = DIRECTION ( 'NONE',  ( 1.794541526872559254E-15, 1.000000000000000000, 0.000000000000000000 ) ) ;
#1619 = CARTESIAN_POINT ( 'NONE',  ( -32.99999999999999289, -29.99999999999999645, 15.00000000000000000 ) ) ;
#1620 = EDGE_CURVE ( 'NONE', #2503, #2043, #592, .T. ) ;
#1621 = CIRCLE ( 'NONE', #2502, 14.69999999999999574 ) ;
#1622 = VERTEX_POINT ( 'NONE', #787 ) ;
#1623 = EDGE_CURVE ( 'NONE', #932, #3046, #2244, .T. ) ;
#1624 = DIRECTION ( 'NONE',  ( 0.8660254037844408170, -0.4999999999999961697, 0.000000000000000000 ) ) ;
#1625 = CARTESIAN_POINT ( 'NONE',  ( -32.99999999999999289, -29.99999999999999645, 15.00000000000000000 ) ) ;
#1626 = VERTEX_POINT ( 'NONE', #1478 ) ;
#1627 = AXIS2_PLACEMENT_3D ( 'NONE', #1036, #1999, #2235 ) ;
#1628 = FACE_OUTER_BOUND ( 'NONE', #2054, .T. ) ;
#1629 = DIRECTION ( 'NONE',  ( 1.000000000000000000, 0.000000000000000000, 0.000000000000000000 ) ) ;
#1630 = VECTOR ( 'NONE', #2474, 1000.000000000000000 ) ;
#1631 = CARTESIAN_POINT ( 'NONE',  ( -19.32581736225467850, -6.913297569228223693, 2.999999999999999112 ) ) ;
#1632 = ORIENTED_EDGE ( 'NONE', *, *, #920, .T. ) ;
#1633 = DIRECTION ( 'NONE',  ( -1.000000000000000000, 0.000000000000000000, 0.000000000000000000 ) ) ;
#1634 = LINE ( 'NONE', #1368, #1526 ) ;
#1635 = ORIENTED_EDGE ( 'NONE', *, *, #395, .T. ) ;
#1636 = EDGE_CURVE ( 'NONE', #1752, #1964, #800, .T. ) ;
#1637 = DIRECTION ( 'NONE',  ( -0.000000000000000000, 1.000000000000000000, -0.000000000000000000 ) ) ;
#1638 = LINE ( 'NONE', #1402, #2159 ) ;
#1639 = ORIENTED_EDGE ( 'NONE', *, *, #2938, .F. ) ;
#1640 = EDGE_CURVE ( 'NONE', #881, #1312, #2497, .T. ) ;
#1641 = CARTESIAN_POINT ( 'NONE',  ( 32.09999999999999432, 12.10000000000001741, 2.999999999999999112 ) ) ;
#1642 = CYLINDRICAL_SURFACE ( 'NONE', #425, 4.999999999999993783 ) ;
#1643 = CARTESIAN_POINT ( 'NONE',  ( 32.09999999999998721, 17.90000000000000213, 0.000000000000000000 ) ) ;
#1644 = EDGE_LOOP ( 'NONE', ( #1044, #1040, #1992, #2856 ) ) ;
#1645 = DIRECTION ( 'NONE',  ( 1.000000000000000000, 0.000000000000000000, 0.000000000000000000 ) ) ;
#1646 = DIRECTION ( 'NONE',  ( 0.000000000000000000, 0.000000000000000000, 1.000000000000000000 ) ) ;
#1647 = DIRECTION ( 'NONE',  ( -0.000000000000000000, -0.000000000000000000, 1.000000000000000000 ) ) ;
#1648 = ORIENTED_EDGE ( 'NONE', *, *, #1540, .T. ) ;
#1649 = DIRECTION ( 'NONE',  ( -0.000000000000000000, -0.000000000000000000, 1.000000000000000000 ) ) ;
#1650 = DIRECTION ( 'NONE',  ( -0.000000000000000000, -0.000000000000000000, 1.000000000000000000 ) ) ;
#1651 = EDGE_CURVE ( 'NONE', #1622, #1070, #2678, .T. ) ;
#1652 = LINE ( 'NONE', #1854, #1060 ) ;
#1653 = ADVANCED_FACE ( 'NONE', ( #2446 ), #371, .F. ) ;
#1654 = ORIENTED_EDGE ( 'NONE', *, *, #1167, .F. ) ;
#1655 = CIRCLE ( 'NONE', #1117, 2.849999999999998312 ) ;
#1656 = FACE_OUTER_BOUND ( 'NONE', #2220, .T. ) ;
#1657 = COORDINATED_UNIVERSAL_TIME_OFFSET ( 8, 0, .AHEAD. ) ;
#1658 = VECTOR ( 'NONE', #1192, 1000.000000000000000 ) ;
#1659 = VECTOR ( 'NONE', #1112, 1000.000000000000000 ) ;
#1660 = CARTESIAN_POINT ( 'NONE',  ( 38.00000000000000000, 25.00000000000000355, 0.000000000000000000 ) ) ;
#1661 = CARTESIAN_POINT ( 'NONE',  ( -30.09999999999999787, 27.10000000000000497, 15.00000000000000000 ) ) ;
#1662 = AXIS2_PLACEMENT_3D ( 'NONE', #467, #2108, #1633 ) ;
#1663 = ORIENTED_EDGE ( 'NONE', *, *, #1133, .F. ) ;
#1664 = CARTESIAN_POINT ( 'NONE',  ( 30.09999999999999787, 27.10000000000000497, 15.00000000000000000 ) ) ;
#1665 = DIRECTION ( 'NONE',  ( 0.000000000000000000, 0.000000000000000000, 1.000000000000000000 ) ) ;
#1666 = ORIENTED_EDGE ( 'NONE', *, *, #2005, .T. ) ;
#1667 = AXIS2_PLACEMENT_3D ( 'NONE', #2266, #2466, #110 ) ;
#1668 = CYLINDRICAL_SURFACE ( 'NONE', #1810, 0.5000000000000022204 ) ;
#1669 = EDGE_CURVE ( 'NONE', #782, #2043, #1240, .T. ) ;
#1670 = EDGE_LOOP ( 'NONE', ( #1690, #522, #842, #1328 ) ) ;
#1671 = EDGE_CURVE ( 'NONE', #2666, #2186, #543, .T. ) ;
#1672 = CARTESIAN_POINT ( 'NONE',  ( 12.47243360375191301, -7.780000000000000249, -11.60562702765708387 ) ) ;
#1673 = CARTESIAN_POINT ( 'NONE',  ( -19.27689437438231934, -15.27689437438235132, 0.000000000000000000 ) ) ;
#1674 = DIRECTION ( 'NONE',  ( 0.000000000000000000, 0.000000000000000000, 1.000000000000000000 ) ) ;
#1675 = ORIENTED_EDGE ( 'NONE', *, *, #724, .F. ) ;
#1676 = FACE_BOUND ( 'NONE', #2514, .T. ) ;
#1677 = DIRECTION ( 'NONE',  ( 1.000000000000000000, 0.000000000000000000, 0.000000000000000000 ) ) ;
#1678 = ORIENTED_EDGE ( 'NONE', *, *, #974, .F. ) ;
#1679 = CARTESIAN_POINT ( 'NONE',  ( -17.07581736225484192, -3.016183252198017861, 2.999999999999999112 ) ) ;
#1680 = CARTESIAN_POINT ( 'NONE',  ( -33.00000000000000000, 25.00000000000000355, 0.000000000000000000 ) ) ;
#1681 = EDGE_LOOP ( 'NONE', ( #1922, #1696, #1436, #1293 ) ) ;
#1682 = EDGE_LOOP ( 'NONE', ( #691, #2083 ) ) ;
#1683 = EDGE_CURVE ( 'NONE', #2193, #2283, #1176, .T. ) ;
#1684 = AXIS2_PLACEMENT_3D ( 'NONE', #754, #1878, #2629 ) ;
#1685 = CARTESIAN_POINT ( 'NONE',  ( -34.10000000000000142, 12.10000000000000853, 2.999999999999999112 ) ) ;
#1686 = EDGE_CURVE ( 'NONE', #127, #2258, #563, .T. ) ;
#1687 = CARTESIAN_POINT ( 'NONE',  ( -7.599999999999998757, 27.10000000000000497, 8.900000000000000355 ) ) ;
#1688 = DIRECTION ( 'NONE',  ( 0.000000000000000000, 0.000000000000000000, -1.000000000000000000 ) ) ;
#1689 = DIRECTION ( 'NONE',  ( -0.000000000000000000, -0.000000000000000000, 1.000000000000000000 ) ) ;
#1690 = ORIENTED_EDGE ( 'NONE', *, *, #306, .F. ) ;
#1691 = DIRECTION ( 'NONE',  ( -1.196361017915039437E-15, 1.000000000000000000, 0.000000000000000000 ) ) ;
#1692 = CARTESIAN_POINT ( 'NONE',  ( 0.000000000000000000, 0.000000000000000000, 8.900000000000000355 ) ) ;
#1693 = ORIENTED_EDGE ( 'NONE', *, *, #2842, .T. ) ;
#1694 = CARTESIAN_POINT ( 'NONE',  ( 32.10000000000000853, -19.39999999999999858, 0.000000000000000000 ) ) ;
#1695 = LINE ( 'NONE', #2161, #2350 ) ;
#1696 = ORIENTED_EDGE ( 'NONE', *, *, #2443, .T. ) ;
#1697 = ORIENTED_EDGE ( 'NONE', *, *, #1900, .F. ) ;
#1698 = DIRECTION ( 'NONE',  ( -1.196361017915039437E-15, 1.000000000000000000, 0.000000000000000000 ) ) ;
#1699 = DIRECTION ( 'NONE',  ( 1.000000000000000000, 0.000000000000000000, -0.000000000000000000 ) ) ;
#1700 = CC_DESIGN_DATE_AND_TIME_ASSIGNMENT ( #239, #727, ( #983 ) ) ;
#1701 = EDGE_LOOP ( 'NONE', ( #2979, #631, #2883, #323 ) ) ;
#1702 = FACE_OUTER_BOUND ( 'NONE', #1288, .T. ) ;
#1703 = ADVANCED_FACE ( 'NONE', ( #1524 ), #1492, .F. ) ;
#1704 = DIRECTION ( 'NONE',  ( 1.569885498621544481E-16, 1.000000000000000000, -0.000000000000000000 ) ) ;
#1705 = AXIS2_PLACEMENT_3D ( 'NONE', #1694, #556, #2208 ) ;
#1706 = AXIS2_PLACEMENT_3D ( 'NONE', #440, #2996, #1847 ) ;
#1707 = EDGE_LOOP ( 'NONE', ( #2640, #1886 ) ) ;
#1708 = LINE ( 'NONE', #1913, #822 ) ;
#1709 = VECTOR ( 'NONE', #577, 1000.000000000000000 ) ;
#1710 = DIRECTION ( 'NONE',  ( -0.000000000000000000, -0.000000000000000000, -1.000000000000000000 ) ) ;
#1711 = DIRECTION ( 'NONE',  ( 0.000000000000000000, 0.000000000000000000, 1.000000000000000000 ) ) ;
#1712 = CIRCLE ( 'NONE', #738, 0.4999999999999991673 ) ;
#1713 = CARTESIAN_POINT ( 'NONE',  ( 34.10000000000000142, -12.10000000000001741, 0.000000000000000000 ) ) ;
#1714 = VERTEX_POINT ( 'NONE', #2217 ) ;
#1715 = ORIENTED_EDGE ( 'NONE', *, *, #187, .T. ) ;
#1716 = VECTOR ( 'NONE', #1209, 1000.000000000000000 ) ;
#1717 = CARTESIAN_POINT ( 'NONE',  ( 19.29999999999999005, 16.90000000000000568, 2.999999999999999112 ) ) ;
#1718 = CARTESIAN_POINT ( 'NONE',  ( 32.09999999999999432, 12.10000000000001741, 0.000000000000000000 ) ) ;
#1719 = DIRECTION ( 'NONE',  ( 1.000000000000000000, -1.794541526872559254E-15, 0.000000000000000000 ) ) ;
#1720 = ORIENTED_EDGE ( 'NONE', *, *, #824, .T. ) ;
#1721 = EDGE_CURVE ( 'NONE', #2910, #177, #826, .T. ) ;
#1722 = LINE ( 'NONE', #1495, #2300 ) ;
#1723 = CARTESIAN_POINT ( 'NONE',  ( 7.599999999999996092, 30.00000000000001066, 15.00000000000000000 ) ) ;
#1724 = ORIENTED_EDGE ( 'NONE', *, *, #1601, .F. ) ;
#1725 = DIRECTION ( 'NONE',  ( 0.000000000000000000, 0.000000000000000000, 1.000000000000000000 ) ) ;
#1726 = EDGE_CURVE ( 'NONE', #1157, #423, #1956, .T. ) ;
#1727 = DIRECTION ( 'NONE',  ( 0.000000000000000000, 0.000000000000000000, 1.000000000000000000 ) ) ;
#1728 = EDGE_CURVE ( 'NONE', #3008, #59, #2473, .T. ) ;
#1729 = LINE ( 'NONE', #758, #1418 ) ;
#1730 = ORIENTED_EDGE ( 'NONE', *, *, #2476, .T. ) ;
#1731 = ORIENTED_EDGE ( 'NONE', *, *, #843, .F. ) ;
#1732 = UNCERTAINTY_MEASURE_WITH_UNIT (LENGTH_MEASURE( 1.000000000000000082E-05 ), #224, 'distance_accuracy_value', 'NONE');
#1733 = CARTESIAN_POINT ( 'NONE',  ( -32.09999999999999432, -12.10000000000000853, 0.000000000000000000 ) ) ;
#1734 = ORIENTED_EDGE ( 'NONE', *, *, #2370, .F. ) ;
#1735 = DIRECTION ( 'NONE',  ( 0.000000000000000000, 0.000000000000000000, 1.000000000000000000 ) ) ;
#1736 = DIRECTION ( 'NONE',  ( -0.000000000000000000, -0.000000000000000000, 1.000000000000000000 ) ) ;
#1737 = ORIENTED_EDGE ( 'NONE', *, *, #216, .F. ) ;
#1738 = DIRECTION ( 'NONE',  ( -1.569885498621543742E-16, -1.000000000000000000, 0.000000000000000000 ) ) ;
#1739 = DIRECTION ( 'NONE',  ( -0.000000000000000000, -0.000000000000000000, -1.000000000000000000 ) ) ;
#1740 = ORIENTED_EDGE ( 'NONE', *, *, #1882, .T. ) ;
#1741 = DIRECTION ( 'NONE',  ( -0.000000000000000000, -0.000000000000000000, -1.000000000000000000 ) ) ;
#1742 = LINE ( 'NONE', #2703, #2305 ) ;
#1743 = EDGE_CURVE ( 'NONE', #2328, #562, #2553, .T. ) ;
#1744 = ORIENTED_EDGE ( 'NONE', *, *, #2725, .T. ) ;
#1745 = ORIENTED_EDGE ( 'NONE', *, *, #1842, .T. ) ;
#1746 = DIRECTION ( 'NONE',  ( 1.569885498621544235E-16, 1.000000000000000000, 0.000000000000000000 ) ) ;
#1747 = CARTESIAN_POINT ( 'NONE',  ( 21.89999999999999147, 16.90000000000000568, 0.000000000000000000 ) ) ;
#1748 = ORIENTED_EDGE ( 'NONE', *, *, #2806, .F. ) ;
#1749 = DIRECTION ( 'NONE',  ( 1.000000000000000000, 0.000000000000000000, 0.000000000000000000 ) ) ;
#1750 = CYLINDRICAL_SURFACE ( 'NONE', #1077, 1.500000000000001332 ) ;
#1751 = VECTOR ( 'NONE', #1057, 1000.000000000000000 ) ;
#1752 = VERTEX_POINT ( 'NONE', #2711 ) ;
#1753 = CARTESIAN_POINT ( 'NONE',  ( 6.175817362257232546, 15.86317055030438183, 0.000000000000000000 ) ) ;
#1754 = AXIS2_PLACEMENT_3D ( 'NONE', #2702, #1096, #627 ) ;
#1755 = AXIS2_PLACEMENT_3D ( 'NONE', #1208, #38, #2820 ) ;
#1756 = CARTESIAN_POINT ( 'NONE',  ( -38.00000000000000000, 25.00000000000000711, 0.000000000000000000 ) ) ;
#1757 = FACE_OUTER_BOUND ( 'NONE', #266, .T. ) ;
#1758 = EDGE_LOOP ( 'NONE', ( #367, #474, #797, #1345 ) ) ;
#1759 = ORIENTED_EDGE ( 'NONE', *, *, #2295, .T. ) ;
#1760 = APPROVAL ( #702, 'UNSPECIFIED' ) ;
#1761 = ADVANCED_FACE ( 'NONE', ( #605 ), #1537, .F. ) ;
#1762 = VERTEX_POINT ( 'NONE', #2742 ) ;
#1763 = EDGE_CURVE ( 'NONE', #1597, #404, #3012, .T. ) ;
#1764 = CIRCLE ( 'NONE', #1375, 4.999999999999993783 ) ;
#1765 = DIRECTION ( 'NONE',  ( 1.000000000000000000, 0.000000000000000000, 0.000000000000000000 ) ) ;
#1766 = FACE_OUTER_BOUND ( 'NONE', #1789, .T. ) ;
#1767 = EDGE_LOOP ( 'NONE', ( #1335, #204 ) ) ;
#1768 = DIRECTION ( 'NONE',  ( 1.000000000000000000, 0.000000000000000000, 0.000000000000000000 ) ) ;
#1769 = DIRECTION ( 'NONE',  ( 0.000000000000000000, 0.000000000000000000, 1.000000000000000000 ) ) ;
#1770 = VERTEX_POINT ( 'NONE', #671 ) ;
#1771 = CARTESIAN_POINT ( 'NONE',  ( 35.10000000000000142, 22.10000000000000497, 15.00000000000000000 ) ) ;
#1772 = DIRECTION ( 'NONE',  ( -0.000000000000000000, -0.000000000000000000, 1.000000000000000000 ) ) ;
#1773 = ORIENTED_EDGE ( 'NONE', *, *, #2728, .T. ) ;
#1774 = ORIENTED_EDGE ( 'NONE', *, *, #2823, .T. ) ;
#1775 = CC_DESIGN_PERSON_AND_ORGANIZATION_ASSIGNMENT ( #2867, #2619, ( #2314 ) ) ;
#1776 = EDGE_LOOP ( 'NONE', ( #428, #2405, #1774, #2454, #3056, #2417, #2510, #2766 ) ) ;
#1777 = DIRECTION ( 'NONE',  ( -0.000000000000000000, -0.000000000000000000, 1.000000000000000000 ) ) ;
#1778 = DIRECTION ( 'NONE',  ( -0.000000000000000000, -0.000000000000000000, 1.000000000000000000 ) ) ;
#1779 = EDGE_CURVE ( 'NONE', #2674, #1566, #1102, .T. ) ;
#1780 = DIRECTION ( 'NONE',  ( 1.000000000000000000, 0.000000000000000000, 0.000000000000000000 ) ) ;
#1781 = EDGE_LOOP ( 'NONE', ( #890, #1730, #1888, #1564 ) ) ;
#1782 = EDGE_CURVE ( 'NONE', #2949, #2744, #1792, .T. ) ;
#1783 = CYLINDRICAL_SURFACE ( 'NONE', #1118, 2.600000000000001421 ) ;
#1784 = LINE ( 'NONE', #2491, #2214 ) ;
#1785 = ORIENTED_EDGE ( 'NONE', *, *, #1067, .T. ) ;
#1786 = DIRECTION ( 'NONE',  ( 1.224646799147350002E-16, 0.000000000000000000, 1.000000000000000000 ) ) ;
#1787 = CARTESIAN_POINT ( 'NONE',  ( -24.89999999999999147, 11.90000000000000391, 2.999999999999999112 ) ) ;
#1788 = DIRECTION ( 'NONE',  ( 0.000000000000000000, 0.000000000000000000, 1.000000000000000000 ) ) ;
#1789 = EDGE_LOOP ( 'NONE', ( #2972, #1831, #1388, #2078 ) ) ;
#1790 = ORIENTED_EDGE ( 'NONE', *, *, #2677, .T. ) ;
#1791 = EDGE_LOOP ( 'NONE', ( #1740, #2264, #2828, #1170 ) ) ;
#1792 = LINE ( 'NONE', #152, #489 ) ;
#1793 = CALENDAR_DATE ( 2026, 5, 6 ) ;
#1794 = ORIENTED_EDGE ( 'NONE', *, *, #2233, .T. ) ;
#1795 = DIRECTION ( 'NONE',  ( 0.000000000000000000, 0.000000000000000000, 1.000000000000000000 ) ) ;
#1796 = EDGE_CURVE ( 'NONE', #2099, #2822, #1348, .T. ) ;
#1797 = CARTESIAN_POINT ( 'NONE',  ( 6.737677641442912702, 3.890000000000030767, 0.000000000000000000 ) ) ;
#1798 = CARTESIAN_POINT ( 'NONE',  ( 15.65000000000001101, -13.28000000000000114, 0.000000000000000000 ) ) ;
#1799 = EDGE_CURVE ( 'NONE', #989, #1140, #734, .T. ) ;
#1800 = ORIENTED_EDGE ( 'NONE', *, *, #2566, .F. ) ;
#1801 = LINE ( 'NONE', #1753, #1955 ) ;
#1802 = EDGE_CURVE ( 'NONE', #1987, #2142, #2323, .T. ) ;
#1803 = CARTESIAN_POINT ( 'NONE',  ( 35.09999999999999432, -22.10000000000000497, 2.999999999999999112 ) ) ;
#1804 = VECTOR ( 'NONE', #1691, 1000.000000000000000 ) ;
#1805 = FACE_BOUND ( 'NONE', #2627, .T. ) ;
#1806 = EDGE_LOOP ( 'NONE', ( #2132, #2737, #943, #2251 ) ) ;
#1807 = AXIS2_PLACEMENT_3D ( 'NONE', #45, #2225, #1470 ) ;
#1808 = ORIENTED_EDGE ( 'NONE', *, *, #91, .T. ) ;
#1809 = VECTOR ( 'NONE', #326, 1000.000000000000000 ) ;
#1810 = AXIS2_PLACEMENT_3D ( 'NONE', #2907, #1901, #795 ) ;
#1811 = EDGE_LOOP ( 'NONE', ( #545, #1933, #1734, #8 ) ) ;
#1812 = AXIS2_PLACEMENT_3D ( 'NONE', #1135, #2548, #2797 ) ;
#1813 = DIRECTION ( 'NONE',  ( -1.000000000000000000, 0.000000000000000000, 0.000000000000000000 ) ) ;
#1814 = VERTEX_POINT ( 'NONE', #2557 ) ;
#1815 = DIRECTION ( 'NONE',  ( 1.000000000000000000, 0.000000000000000000, 0.000000000000000000 ) ) ;
#1816 = CARTESIAN_POINT ( 'NONE',  ( 15.65000000000001812, -8.279999999999999361, 0.000000000000000000 ) ) ;
#1817 = AXIS2_PLACEMENT_3D ( 'NONE', #3017, #1159, #895 ) ;
#1818 = CARTESIAN_POINT ( 'NONE',  ( 11.93383006414952874, 6.890000000000053859, 2.999999999999999112 ) ) ;
#1819 = EDGE_CURVE ( 'NONE', #1894, #2142, #1020, .T. ) ;
#1820 = EDGE_LOOP ( 'NONE', ( #1939, #2060 ) ) ;
#1821 = DIRECTION ( 'NONE',  ( 1.000000000000000000, 0.000000000000000000, 0.000000000000000000 ) ) ;
#1822 = AXIS2_PLACEMENT_3D ( 'NONE', #1300, #134, #2726 ) ;
#1823 = CARTESIAN_POINT ( 'NONE',  ( -38.00000000000000000, 25.00000000000000711, 15.00000000000000000 ) ) ;
#1824 = CARTESIAN_POINT ( 'NONE',  ( 10.65000000000001101, -13.28000000000000114, 2.999999999999999112 ) ) ;
#1825 = EDGE_CURVE ( 'NONE', #994, #2298, #2724, .T. ) ;
#1826 = EDGE_LOOP ( 'NONE', ( #141, #2791, #1720, #202 ) ) ;
#1827 = EDGE_LOOP ( 'NONE', ( #786, #2334, #76, #993 ) ) ;
#1828 = ORIENTED_EDGE ( 'NONE', *, *, #2896, .T. ) ;
#1829 = CARTESIAN_POINT ( 'NONE',  ( -38.00000000000000000, 25.00000000000000711, 15.00000000000000000 ) ) ;
#1830 = CYLINDRICAL_SURFACE ( 'NONE', #2, 5.000000000000000888 ) ;
#1831 = ORIENTED_EDGE ( 'NONE', *, *, #978, .F. ) ;
#1832 = AXIS2_PLACEMENT_3D ( 'NONE', #1733, #546, #867 ) ;
#1833 = FACE_OUTER_BOUND ( 'NONE', #708, .T. ) ;
#1834 = CARTESIAN_POINT ( 'NONE',  ( 6.425817362257224552, 16.29618325219659170, 2.999999999999999112 ) ) ;
#1835 = ORIENTED_EDGE ( 'NONE', *, *, #668, .T. ) ;
#1836 = CARTESIAN_POINT ( 'NONE',  ( 38.00000000000000000, -24.99999999999999289, 15.00000000000000000 ) ) ;
#1837 = FACE_OUTER_BOUND ( 'NONE', #888, .T. ) ;
#1838 = ORIENTED_EDGE ( 'NONE', *, *, #2770, .T. ) ;
#1839 = FACE_OUTER_BOUND ( 'NONE', #4, .T. ) ;
#1840 = LINE ( 'NONE', #1613, #3003 ) ;
#1841 = EDGE_CURVE ( 'NONE', #2729, #2008, #1514, .T. ) ;
#1842 = EDGE_CURVE ( 'NONE', #676, #2804, #656, .T. ) ;
#1843 = VERTEX_POINT ( 'NONE', #2976 ) ;
#1844 = DIRECTION ( 'NONE',  ( -0.000000000000000000, -0.000000000000000000, -1.000000000000000000 ) ) ;
#1845 = PERSON_AND_ORGANIZATION ( #2356, #2810 ) ;
#1846 = ORIENTED_EDGE ( 'NONE', *, *, #1636, .T. ) ;
#1847 = DIRECTION ( 'NONE',  ( 1.000000000000000000, 0.000000000000000000, 0.000000000000000000 ) ) ;
#1848 = DIRECTION ( 'NONE',  ( -0.000000000000000000, -0.000000000000000000, 1.000000000000000000 ) ) ;
#1849 = ORIENTED_EDGE ( 'NONE', *, *, #1252, .T. ) ;
#1850 = DIRECTION ( 'NONE',  ( 1.000000000000000000, 0.000000000000000000, 0.000000000000000000 ) ) ;
#1851 = CARTESIAN_POINT ( 'NONE',  ( -33.00000000000000000, 30.00000000000000711, 15.00000000000000000 ) ) ;
#1852 = DIRECTION ( 'NONE',  ( 1.000000000000000000, 0.000000000000000000, 0.000000000000000000 ) ) ;
#1853 = ORIENTED_EDGE ( 'NONE', *, *, #274, .T. ) ;
#1854 = CARTESIAN_POINT ( 'NONE',  ( 6.737677641442912702, 3.890000000000030767, 0.000000000000000000 ) ) ;
#1855 = AXIS2_PLACEMENT_3D ( 'NONE', #2103, #799, #2975 ) ;
#1856 = VECTOR ( 'NONE', #160, 1000.000000000000000 ) ;
#1857 = VECTOR ( 'NONE', #520, 1000.000000000000000 ) ;
#1858 = ORIENTED_EDGE ( 'NONE', *, *, #2593, .F. ) ;
#1859 = ADVANCED_FACE ( 'NONE', ( #2486 ), #1317, .F. ) ;
#1860 = AXIS2_PLACEMENT_3D ( 'NONE', #2050, #1108, #2994 ) ;
#1861 = VECTOR ( 'NONE', #133, 1000.000000000000000 ) ;
#1862 = DIRECTION ( 'NONE',  ( 1.000000000000000000, 0.000000000000000000, 0.000000000000000000 ) ) ;
#1863 = LINE ( 'NONE', #1619, #2658 ) ;
#1864 = DIRECTION ( 'NONE',  ( 0.000000000000000000, -1.000000000000000000, 0.000000000000000000 ) ) ;
#1865 = EDGE_CURVE ( 'NONE', #1140, #1762, #2291, .T. ) ;
#1866 = AXIS2_PLACEMENT_3D ( 'NONE', #2875, #2421, #2131 ) ;
#1867 = EDGE_LOOP ( 'NONE', ( #1527, #905, #1448, #1957 ) ) ;
#1868 = PLANE ( 'NONE',  #778 ) ;
#1869 = DIRECTION ( 'NONE',  ( -0.000000000000000000, -0.000000000000000000, -1.000000000000000000 ) ) ;
#1870 = ORIENTED_EDGE ( 'NONE', *, *, #3037, .T. ) ;
#1871 = CIRCLE ( 'NONE', #651, 2.600000000000001421 ) ;
#1872 = CARTESIAN_POINT ( 'NONE',  ( 7.600000000000000533, 27.10000000000000853, 8.900000000000000355 ) ) ;
#1873 = DIRECTION ( 'NONE',  ( 1.000000000000000000, 0.000000000000000000, 0.000000000000000000 ) ) ;
#1874 = EDGE_LOOP ( 'NONE', ( #1853, #2164, #1374, #1305 ) ) ;
#1875 = AXIS2_PLACEMENT_3D ( 'NONE', #2357, #1647, #2416 ) ;
#1876 = CARTESIAN_POINT ( 'NONE',  ( -27.52310562561766361, -23.52310562561765650, 2.999999999999999112 ) ) ;
#1877 = ORIENTED_EDGE ( 'NONE', *, *, #2652, .T. ) ;
#1878 = DIRECTION ( 'NONE',  ( 0.000000000000000000, 0.000000000000000000, 1.000000000000000000 ) ) ;
#1879 = DIRECTION ( 'NONE',  ( 1.000000000000000000, 0.000000000000000000, 0.000000000000000000 ) ) ;
#1880 = EDGE_CURVE ( 'NONE', #1843, #458, #566, .T. ) ;
#1881 = CARTESIAN_POINT ( 'NONE',  ( -21.89999999999999147, -19.40000000000000924, 0.000000000000000000 ) ) ;
#1882 = EDGE_CURVE ( 'NONE', #989, #2242, #384, .T. ) ;
#1883 = ORIENTED_EDGE ( 'NONE', *, *, #11, .F. ) ;
#1884 = FACE_BOUND ( 'NONE', #151, .T. ) ;
#1885 = DIRECTION ( 'NONE',  ( -1.000000000000000000, 0.000000000000000000, 0.000000000000000000 ) ) ;
#1886 = ORIENTED_EDGE ( 'NONE', *, *, #1743, .F. ) ;
#1887 = DIRECTION ( 'NONE',  ( -0.000000000000000000, -0.000000000000000000, 1.000000000000000000 ) ) ;
#1888 = ORIENTED_EDGE ( 'NONE', *, *, #771, .F. ) ;
#1889 = DIRECTION ( 'NONE',  ( 1.000000000000000000, 0.000000000000000000, 0.000000000000000000 ) ) ;
#1890 = DATE_AND_TIME ( #2381, #149 ) ;
#1891 = CARTESIAN_POINT ( 'NONE',  ( -0.6543096566649295731, 17.69329756922647334, 0.000000000000000000 ) ) ;
#1892 = CARTESIAN_POINT ( 'NONE',  ( -21.89999999999999147, 16.89999999999999858, 0.000000000000000000 ) ) ;
#1893 = AXIS2_PLACEMENT_3D ( 'NONE', #694, #678, #1873 ) ;
#1894 = VERTEX_POINT ( 'NONE', #432 ) ;
#1895 = EDGE_CURVE ( 'NONE', #1126, #189, #402, .T. ) ;
#1896 = FACE_BOUND ( 'NONE', #183, .T. ) ;
#1897 = ADVANCED_FACE ( 'NONE', ( #1334 ), #2278, .F. ) ;
#1898 = DIRECTION ( 'NONE',  ( 1.000000000000000000, 4.163336342344362270E-14, 0.000000000000000000 ) ) ;
#1899 = ORIENTED_EDGE ( 'NONE', *, *, #1332, .F. ) ;
#1900 = EDGE_CURVE ( 'NONE', #2298, #1139, #682, .T. ) ;
#1901 = DIRECTION ( 'NONE',  ( -0.000000000000000000, -0.000000000000000000, 1.000000000000000000 ) ) ;
#1902 = ORIENTED_EDGE ( 'NONE', *, *, #2125, .F. ) ;
#1903 = CARTESIAN_POINT ( 'NONE',  ( 7.600000000000000533, 27.10000000000000853, 15.00000000000000000 ) ) ;
#1904 = AXIS2_PLACEMENT_3D ( 'NONE', #138, #120, #1738 ) ;
#1905 = VECTOR ( 'NONE', #1786, 1000.000000000000000 ) ;
#1906 = VECTOR ( 'NONE', #1995, 1000.000000000000000 ) ;
#1907 = CIRCLE ( 'NONE', #636, 14.69999999999999751 ) ;
#1908 = DIRECTION ( 'NONE',  ( 0.000000000000000000, 0.000000000000000000, 1.000000000000000000 ) ) ;
#1909 = LINE ( 'NONE', #1661, #2561 ) ;
#1910 = AXIS2_PLACEMENT_3D ( 'NONE', #712, #513, #2174 ) ;
#1911 = AXIS2_PLACEMENT_3D ( 'NONE', #298, #267, #1862 ) ;
#1912 = ORIENTED_EDGE ( 'NONE', *, *, #2902, .F. ) ;
#1913 = CARTESIAN_POINT ( 'NONE',  ( -7.599999999999996092, -30.00000000000000711, 8.900000000000000355 ) ) ;
#1914 = LINE ( 'NONE', #43, #1251 ) ;
#1915 = ADVANCED_FACE ( 'NONE', ( #1156 ), #1411, .T. ) ;
#1916 = FACE_OUTER_BOUND ( 'NONE', #1781, .T. ) ;
#1917 = AXIS2_PLACEMENT_3D ( 'NONE', #285, #1674, #2399 ) ;
#1918 = DIRECTION ( 'NONE',  ( 1.000000000000000000, 0.000000000000000000, 0.000000000000000000 ) ) ;
#1919 = DIRECTION ( 'NONE',  ( 1.000000000000000000, 0.000000000000000000, 0.000000000000000000 ) ) ;
#1920 = EDGE_CURVE ( 'NONE', #1605, #759, #918, .T. ) ;
#1921 = AXIS2_PLACEMENT_3D ( 'NONE', #801, #620, #2679 ) ;
#1922 = ORIENTED_EDGE ( 'NONE', *, *, #1640, .T. ) ;
#1923 = ORIENTED_EDGE ( 'NONE', *, *, #2999, .F. ) ;
#1924 = DIRECTION ( 'NONE',  ( -0.4999999999999913958, -0.8660254037844434816, 0.000000000000000000 ) ) ;
#1925 = LINE ( 'NONE', #998, #972 ) ;
#1926 = DIRECTION ( 'NONE',  ( 1.000000000000000000, 0.000000000000000000, 0.000000000000000000 ) ) ;
#1927 = ORIENTED_EDGE ( 'NONE', *, *, #2579, .F. ) ;
#1928 = FACE_BOUND ( 'NONE', #1137, .T. ) ;
#1929 = DIRECTION ( 'NONE',  ( 0.000000000000000000, 0.000000000000000000, 1.000000000000000000 ) ) ;
#1930 = CARTESIAN_POINT ( 'NONE',  ( -0.4043096566649352908, 17.26028486733424927, 0.000000000000000000 ) ) ;
#1931 = DIRECTION ( 'NONE',  ( -0.000000000000000000, -0.000000000000000000, -1.000000000000000000 ) ) ;
#1932 = DIRECTION ( 'NONE',  ( -0.000000000000000000, -0.000000000000000000, 1.000000000000000000 ) ) ;
#1933 = ORIENTED_EDGE ( 'NONE', *, *, #1949, .F. ) ;
#1934 = ORIENTED_EDGE ( 'NONE', *, *, #1503, .T. ) ;
#1935 = EDGE_CURVE ( 'NONE', #127, #759, #281, .T. ) ;
#1936 = CYLINDRICAL_SURFACE ( 'NONE', #2970, 4.999999999999997335 ) ;
#1937 = FACE_OUTER_BOUND ( 'NONE', #1270, .T. ) ;
#1938 = CARTESIAN_POINT ( 'NONE',  ( 7.599999999999996092, 30.00000000000001066, 15.00000000000000000 ) ) ;
#1939 = ORIENTED_EDGE ( 'NONE', *, *, #1585, .T. ) ;
#1940 = DIRECTION ( 'NONE',  ( 0.000000000000000000, 0.000000000000000000, 1.000000000000000000 ) ) ;
#1941 = LINE ( 'NONE', #263, #1658 ) ;
#1942 = DIRECTION ( 'NONE',  ( -0.000000000000000000, -0.000000000000000000, 1.000000000000000000 ) ) ;
#1943 = DIRECTION ( 'NONE',  ( -1.000000000000000000, -1.794541526872559254E-15, 0.000000000000000000 ) ) ;
#1944 = CARTESIAN_POINT ( 'NONE',  ( 3.925817362257280507, 19.76028486733418887, 0.000000000000000000 ) ) ;
#1945 = ORIENTED_EDGE ( 'NONE', *, *, #2690, .F. ) ;
#1946 = VERTEX_POINT ( 'NONE', #1685 ) ;
#1947 = DIRECTION ( 'NONE',  ( -0.000000000000000000, -0.000000000000000000, -1.000000000000000000 ) ) ;
#1948 = EDGE_CURVE ( 'NONE', #2578, #168, #58, .T. ) ;
#1949 = EDGE_CURVE ( 'NONE', #3052, #2784, #1397, .T. ) ;
#1950 = AXIS2_PLACEMENT_3D ( 'NONE', #1591, #227, #1158 ) ;
#1951 = CARTESIAN_POINT ( 'NONE',  ( 3.925817362257280507, 19.76028486733418887, 2.999999999999999112 ) ) ;
#1952 = AXIS2_PLACEMENT_3D ( 'NONE', #1529, #1985, #1769 ) ;
#1953 = DIRECTION ( 'NONE',  ( 1.000000000000000000, 0.000000000000000000, 0.000000000000000000 ) ) ;
#1954 = EDGE_CURVE ( 'NONE', #2744, #2876, #2602, .T. ) ;
#1955 = VECTOR ( 'NONE', #2237, 1000.000000000000000 ) ;
#1956 = CIRCLE ( 'NONE', #2894, 2.600000000000001421 ) ;
#1957 = ORIENTED_EDGE ( 'NONE', *, *, #1107, .F. ) ;
#1958 = CARTESIAN_POINT ( 'NONE',  ( 21.89999999999999147, 16.90000000000000568, 0.000000000000000000 ) ) ;
#1959 = AXIS2_PLACEMENT_3D ( 'NONE', #1787, #99, #2735 ) ;
#1960 = CARTESIAN_POINT ( 'NONE',  ( -17.50883006414687770, -2.766183252198127995, 0.000000000000000000 ) ) ;
#1961 = CARTESIAN_POINT ( 'NONE',  ( 30.09999999999999787, -22.10000000000000497, 2.999999999999999112 ) ) ;
#1962 = CIRCLE ( 'NONE', #2650, 0.5000000000000541789 ) ;
#1963 = DIRECTION ( 'NONE',  ( -0.000000000000000000, 0.000000000000000000, 1.000000000000000000 ) ) ;
#1964 = VERTEX_POINT ( 'NONE', #2585 ) ;
#1965 = ORIENTED_EDGE ( 'NONE', *, *, #2410, .T. ) ;
#1966 = AXIS2_PLACEMENT_3D ( 'NONE', #2565, #457, #1387 ) ;
#1967 = CARTESIAN_POINT ( 'NONE',  ( 20.39999999999999503, 21.90000000000000568, 15.00099999999999945 ) ) ;
#1968 = VERTEX_POINT ( 'NONE', #1903 ) ;
#1969 = DIRECTION ( 'NONE',  ( 1.000000000000000000, -6.938893903907197612E-15, 0.000000000000000000 ) ) ;
#1970 = PLANE ( 'NONE',  #2018 ) ;
#1971 = VERTEX_POINT ( 'NONE', #481 ) ;
#1972 = EDGE_CURVE ( 'NONE', #1814, #2142, #2394, .T. ) ;
#1973 = CARTESIAN_POINT ( 'NONE',  ( 33.00000000000000000, 25.00000000000000355, 15.00000000000000000 ) ) ;
#1974 = DIRECTION ( 'NONE',  ( 1.000000000000000000, 0.000000000000000000, 0.000000000000000000 ) ) ;
#1975 = CARTESIAN_POINT ( 'NONE',  ( -29.25000000000000000, -19.40000000000000568, 2.999999999999999112 ) ) ;
#1976 = DIRECTION ( 'NONE',  ( -0.000000000000000000, -0.000000000000000000, 1.000000000000000000 ) ) ;
#1977 = ORIENTED_EDGE ( 'NONE', *, *, #2463, .T. ) ;
#1978 = ORIENTED_EDGE ( 'NONE', *, *, #1763, .T. ) ;
#1979 = CYLINDRICAL_SURFACE ( 'NONE', #243, 4.999999999999997335 ) ;
#1980 = LINE ( 'NONE', #2691, #2444 ) ;
#1981 = DIRECTION ( 'NONE',  ( -1.000000000000000000, 0.000000000000000000, 1.224646799147350002E-16 ) ) ;
#1982 = DIRECTION ( 'NONE',  ( -1.387778780781445084E-15, -1.000000000000000000, 0.000000000000000000 ) ) ;
#1983 = VERTEX_POINT ( 'NONE', #2353 ) ;
#1984 = CARTESIAN_POINT ( 'NONE',  ( -7.599999999999998757, -27.10000000000000497, 8.900000000000000355 ) ) ;
#1985 = DIRECTION ( 'NONE',  ( -1.000000000000000000, 0.000000000000000000, 0.000000000000000000 ) ) ;
#1986 = EDGE_CURVE ( 'NONE', #2120, #2778, #739, .T. ) ;
#1987 = VERTEX_POINT ( 'NONE', #2337 ) ;
#1988 = DIRECTION ( 'NONE',  ( 0.000000000000000000, -0.000000000000000000, 1.000000000000000000 ) ) ;
#1989 = ADVANCED_FACE ( 'NONE', ( #949 ), #527, .F. ) ;
#1990 = CARTESIAN_POINT ( 'NONE',  ( -30.09999999999999787, -27.10000000000000497, 2.999999999999999112 ) ) ;
#1991 = EDGE_CURVE ( 'NONE', #1079, #280, #1196, .T. ) ;
#1992 = ORIENTED_EDGE ( 'NONE', *, *, #438, .T. ) ;
#1993 = ORIENTED_EDGE ( 'NONE', *, *, #2332, .F. ) ;
#1994 = EDGE_CURVE ( 'NONE', #1518, #2472, #1186, .T. ) ;
#1995 = DIRECTION ( 'NONE',  ( -0.000000000000000000, -0.000000000000000000, 1.000000000000000000 ) ) ;
#1996 = CARTESIAN_POINT ( 'NONE',  ( 7.599999999999996092, -30.00000000000001066, 15.00000000000000000 ) ) ;
#1997 = VERTEX_POINT ( 'NONE', #2121 ) ;
#1998 = DIRECTION ( 'NONE',  ( -1.000000000000000000, 0.000000000000000000, 0.000000000000000000 ) ) ;
#1999 = DIRECTION ( 'NONE',  ( -0.4999999999999961142, -0.8660254037844409281, 0.000000000000000000 ) ) ;
#2000 = ORIENTED_EDGE ( 'NONE', *, *, #324, .T. ) ;
#2001 = CARTESIAN_POINT ( 'NONE',  ( -24.49999999999999289, -19.40000000000000924, 0.000000000000000000 ) ) ;
#2002 = VECTOR ( 'NONE', #1577, 1000.000000000000000 ) ;
#2003 = VECTOR ( 'NONE', #284, 1000.000000000000227 ) ;
#2004 = CARTESIAN_POINT ( 'NONE',  ( 6.358830064149442407, 16.54618325219658814, 2.999999999999999112 ) ) ;
#2005 = EDGE_CURVE ( 'NONE', #809, #280, #977, .T. ) ;
#2006 = ADVANCED_FACE ( 'NONE', ( #1656 ), #2380, .F. ) ;
#2007 = CIRCLE ( 'NONE', #1959, 1.500000000000001332 ) ;
#2008 = VERTEX_POINT ( 'NONE', #701 ) ;
#2009 = ORIENTED_EDGE ( 'NONE', *, *, #2686, .F. ) ;
#2010 = EDGE_CURVE ( 'NONE', #107, #2086, #2368, .T. ) ;
#2011 = EDGE_CURVE ( 'NONE', #2475, #1762, #2329, .T. ) ;
#2012 = EDGE_LOOP ( 'NONE', ( #2194, #856, #353, #2518 ) ) ;
#2013 = VECTOR ( 'NONE', #707, 1000.000000000000000 ) ;
#2014 = CARTESIAN_POINT ( 'NONE',  ( -7.599999999999996092, -30.00000000000000711, 15.00000000000000000 ) ) ;
#2015 = AXIS2_PLACEMENT_3D ( 'NONE', #2783, #1405, #2286 ) ;
#2016 = DIRECTION ( 'NONE',  ( -1.000000000000000000, 0.000000000000000000, 0.000000000000000000 ) ) ;
#2017 = FACE_OUTER_BOUND ( 'NONE', #2441, .T. ) ;
#2018 = AXIS2_PLACEMENT_3D ( 'NONE', #90, #1055, #1982 ) ;
#2019 = ORIENTED_EDGE ( 'NONE', *, *, #1728, .T. ) ;
#2020 = DIRECTION ( 'NONE',  ( -0.000000000000000000, -0.000000000000000000, -1.000000000000000000 ) ) ;
#2021 = CARTESIAN_POINT ( 'NONE',  ( -19.27689437438231934, -15.27689437438235132, 15.00099999999999945 ) ) ;
#2022 = ORIENTED_EDGE ( 'NONE', *, *, #741, .T. ) ;
#2023 = CARTESIAN_POINT ( 'NONE',  ( 7.599999999999998757, -27.10000000000000497, 8.900000000000000355 ) ) ;
#2024 = CARTESIAN_POINT ( 'NONE',  ( -30.09999999999999787, -22.10000000000000497, 2.999999999999999112 ) ) ;
#2025 = FACE_BOUND ( 'NONE', #1356, .T. ) ;
#2026 = ORIENTED_EDGE ( 'NONE', *, *, #1063, .F. ) ;
#2027 = ORIENTED_EDGE ( 'NONE', *, *, #361, .F. ) ;
#2028 = FACE_OUTER_BOUND ( 'NONE', #725, .T. ) ;
#2029 = ORIENTED_EDGE ( 'NONE', *, *, #1562, .T. ) ;
#2030 = EDGE_CURVE ( 'NONE', #252, #1814, #2866, .T. ) ;
#2031 = EDGE_CURVE ( 'NONE', #55, #189, #982, .T. ) ;
#2032 = CARTESIAN_POINT ( 'NONE',  ( 15.15000000000001990, -8.279999999999999361, 2.999999999999999112 ) ) ;
#2033 = DIRECTION ( 'NONE',  ( 1.000000000000000000, 0.000000000000000000, 0.000000000000000000 ) ) ;
#2034 = AXIS2_PLACEMENT_3D ( 'NONE', #988, #1665, #1677 ) ;
#2035 = EDGE_LOOP ( 'NONE', ( #650, #465, #1546, #1297 ) ) ;
#2036 = PLANE ( 'NONE',  #2595 ) ;
#2037 = DIRECTION ( 'NONE',  ( 2.775557561562891351E-16, -1.000000000000000000, 0.000000000000000000 ) ) ;
#2038 = EDGE_LOOP ( 'NONE', ( #2607, #2659, #1059, #1296 ) ) ;
#2039 = CARTESIAN_POINT ( 'NONE',  ( 17.39999999999999147, 21.90000000000000568, 15.00099999999999945 ) ) ;
#2040 = DIRECTION ( 'NONE',  ( -0.000000000000000000, -0.000000000000000000, 1.000000000000000000 ) ) ;
#2041 = DIRECTION ( 'NONE',  ( -1.000000000000000000, 0.000000000000000000, 0.000000000000000000 ) ) ;
#2042 = EDGE_LOOP ( 'NONE', ( #2232, #1902 ) ) ;
#2043 = VERTEX_POINT ( 'NONE', #561 ) ;
#2044 = DIRECTION ( 'NONE',  ( -1.000000000000000000, -0.000000000000000000, -0.000000000000000000 ) ) ;
#2045 = ORIENTED_EDGE ( 'NONE', *, *, #2181, .F. ) ;
#2046 = CARTESIAN_POINT ( 'NONE',  ( 18.89999999999999147, 21.90000000000000568, 15.00099999999999945 ) ) ;
#2047 = EDGE_CURVE ( 'NONE', #2008, #782, #1271, .T. ) ;
#2048 = PERSON_AND_ORGANIZATION ( #2356, #2810 ) ;
#2049 = ORIENTED_EDGE ( 'NONE', *, *, #1986, .T. ) ;
#2050 = CARTESIAN_POINT ( 'NONE',  ( 18.89999999999999147, 21.90000000000000568, 2.999999999999999112 ) ) ;
#2051 = CARTESIAN_POINT ( 'NONE',  ( 7.599999999999996092, 30.00000000000001066, 8.900000000000000355 ) ) ;
#2052 = ADVANCED_FACE ( 'NONE', ( #2911 ), #1342, .F. ) ;
#2053 = FACE_OUTER_BOUND ( 'NONE', #2589, .T. ) ;
#2054 = EDGE_LOOP ( 'NONE', ( #128, #2401, #2393, #840 ) ) ;
#2055 = APPLICATION_CONTEXT ( 'configuration controlled 3d designs of mechanical parts and assemblies' ) ;
#2056 = LINE ( 'NONE', #1080, #1856 ) ;
#2057 = DIRECTION ( 'NONE',  ( -0.000000000000000000, 0.000000000000000000, -1.000000000000000000 ) ) ;
#2058 = CIRCLE ( 'NONE', #132, 0.5000000000000004441 ) ;
#2059 = DIRECTION ( 'NONE',  ( 1.000000000000000000, 0.000000000000000000, 0.000000000000000000 ) ) ;
#2060 = ORIENTED_EDGE ( 'NONE', *, *, #64, .T. ) ;
#2061 = CIRCLE ( 'NONE', #33, 4.999999999999993783 ) ;
#2062 = ORIENTED_EDGE ( 'NONE', *, *, #1782, .F. ) ;
#2063 = AXIS2_PLACEMENT_3D ( 'NONE', #1506, #2428, #1274 ) ;
#2064 = AXIS2_PLACEMENT_3D ( 'NONE', #265, #18, #2409 ) ;
#2065 = VERTEX_POINT ( 'NONE', #163 ) ;
#2066 = DIRECTION ( 'NONE',  ( -0.4999999999999913958, -0.8660254037844435926, 0.000000000000000000 ) ) ;
#2067 = PERSON_AND_ORGANIZATION_ROLE ( 'design_owner' ) ;
#2068 = EDGE_LOOP ( 'NONE', ( #1828, #2536 ) ) ;
#2069 = AXIS2_PLACEMENT_3D ( 'NONE', #2297, #2282, #1145 ) ;
#2070 = CARTESIAN_POINT ( 'NONE',  ( 15.15000000000001101, -13.78000000000000291, 0.000000000000000000 ) ) ;
#2071 = CC_DESIGN_APPROVAL ( #1212, ( #2314 ) ) ;
#2072 = CARTESIAN_POINT ( 'NONE',  ( 29.24999999999999645, 17.90000000000000213, 0.000000000000000000 ) ) ;
#2073 = ORIENTED_EDGE ( 'NONE', *, *, #1636, .F. ) ;
#2074 = EDGE_CURVE ( 'NONE', #1099, #2600, #1098, .T. ) ;
#2075 = CARTESIAN_POINT ( 'NONE',  ( 7.599999999999996092, 30.00000000000001066, 8.900000000000000355 ) ) ;
#2076 = EDGE_CURVE ( 'NONE', #2701, #1360, #66, .T. ) ;
#2077 = CARTESIAN_POINT ( 'NONE',  ( -34.94999999999999574, 19.40000000000000568, 0.000000000000000000 ) ) ;
#2078 = ORIENTED_EDGE ( 'NONE', *, *, #1151, .T. ) ;
#2079 = ORIENTED_EDGE ( 'NONE', *, *, #644, .F. ) ;
#2080 = CARTESIAN_POINT ( 'NONE',  ( 24.89999999999999147, 11.90000000000000391, 15.00099999999999945 ) ) ;
#2081 = PERSON_AND_ORGANIZATION ( #2356, #2810 ) ;
#2082 = LINE ( 'NONE', #2488, #80 ) ;
#2083 = ORIENTED_EDGE ( 'NONE', *, *, #2880, .T. ) ;
#2084 = LINE ( 'NONE', #894, #1261 ) ;
#2085 = DIRECTION ( 'NONE',  ( -0.000000000000000000, -0.000000000000000000, 1.000000000000000000 ) ) ;
#2086 = VERTEX_POINT ( 'NONE', #2414 ) ;
#2087 = DIRECTION ( 'NONE',  ( -0.000000000000000000, -0.000000000000000000, -1.000000000000000000 ) ) ;
#2088 = CARTESIAN_POINT ( 'NONE',  ( -24.49999999999999289, 16.89999999999999858, 2.999999999999999112 ) ) ;
#2089 = EDGE_CURVE ( 'NONE', #1497, #954, #222, .T. ) ;
#2090 = ORIENTED_EDGE ( 'NONE', *, *, #1779, .F. ) ;
#2091 = EDGE_CURVE ( 'NONE', #2242, #2273, #2271, .T. ) ;
#2092 = EDGE_CURVE ( 'NONE', #1053, #2546, #2195, .T. ) ;
#2093 = ORIENTED_EDGE ( 'NONE', *, *, #253, .F. ) ;
#2094 = DIRECTION ( 'NONE',  ( 0.000000000000000000, 0.000000000000000000, 1.000000000000000000 ) ) ;
#2095 = MECHANICAL_CONTEXT ( 'NONE', #2167, 'mechanical' ) ;
#2096 = ORIENTED_EDGE ( 'NONE', *, *, #216, .T. ) ;
#2097 = CYLINDRICAL_SURFACE ( 'NONE', #1016, 0.5000000000000004441 ) ;
#2098 = CARTESIAN_POINT ( 'NONE',  ( -32.09999999999999432, -12.10000000000000853, 0.000000000000000000 ) ) ;
#2099 = VERTEX_POINT ( 'NONE', #103 ) ;
#2100 = LINE ( 'NONE', #930, #2898 ) ;
#2101 = DIRECTION ( 'NONE',  ( -1.000000000000000000, -0.000000000000000000, -0.000000000000000000 ) ) ;
#2102 = ORIENTED_EDGE ( 'NONE', *, *, #400, .F. ) ;
#2103 = CARTESIAN_POINT ( 'NONE',  ( -21.89999999999999147, -19.40000000000000924, 2.999999999999999112 ) ) ;
#2104 = VECTOR ( 'NONE', #1282, 1000.000000000000000 ) ;
#2105 = AXIS2_PLACEMENT_3D ( 'NONE', #456, #1371, #659 ) ;
#2106 = ORIENTED_EDGE ( 'NONE', *, *, #1167, .T. ) ;
#2107 = EDGE_CURVE ( 'NONE', #1497, #209, #2676, .T. ) ;
#2108 = DIRECTION ( 'NONE',  ( -0.000000000000000000, -0.000000000000000000, -1.000000000000000000 ) ) ;
#2109 = VECTOR ( 'NONE', #807, 1000.000000000000000 ) ;
#2110 = EDGE_LOOP ( 'NONE', ( #415, #63, #2584, #391 ) ) ;
#2111 = CARTESIAN_POINT ( 'NONE',  ( -7.824999999999894484, 13.55329756922670903, 2.999999999999999112 ) ) ;
#2112 = DIRECTION ( 'NONE',  ( 0.5000000000000041078, -0.8660254037844363761, 0.000000000000000000 ) ) ;
#2113 = EDGE_LOOP ( 'NONE', ( #594, #1737, #322, #2846 ) ) ;
#2114 = CIRCLE ( 'NONE', #1273, 2.849999999999998312 ) ;
#2115 = CARTESIAN_POINT ( 'NONE',  ( -7.599999999999998757, -27.10000000000000497, 8.900000000000000355 ) ) ;
#2116 = CARTESIAN_POINT ( 'NONE',  ( 17.39999999999999147, 21.90000000000000568, 0.000000000000000000 ) ) ;
#2117 = ORIENTED_EDGE ( 'NONE', *, *, #1067, .F. ) ;
#2118 = CIRCLE ( 'NONE', #1138, 14.69999999999999574 ) ;
#2119 = LINE ( 'NONE', #491, #2543 ) ;
#2120 = VERTEX_POINT ( 'NONE', #1717 ) ;
#2121 = CARTESIAN_POINT ( 'NONE',  ( 11.15000000000001101, -13.78000000000000291, 2.999999999999999112 ) ) ;
#2122 = ADVANCED_FACE ( 'NONE', ( #1490 ), #1936, .T. ) ;
#2123 = LINE ( 'NONE', #2111, #2003 ) ;
#2124 = CARTESIAN_POINT ( 'NONE',  ( 24.49999999999999289, 16.90000000000000568, 2.999999999999999112 ) ) ;
#2125 = EDGE_CURVE ( 'NONE', #1116, #3032, #898, .T. ) ;
#2126 = ORIENTED_EDGE ( 'NONE', *, *, #1671, .T. ) ;
#2127 = VECTOR ( 'NONE', #1236, 1000.000000000000000 ) ;
#2128 = CARTESIAN_POINT ( 'NONE',  ( -37.99999999999998579, -24.99999999999999289, 0.000000000000000000 ) ) ;
#2129 = CARTESIAN_POINT ( 'NONE',  ( -23.39999999999999147, 11.90000000000000391, 0.000000000000000000 ) ) ;
#2130 = CARTESIAN_POINT ( 'NONE',  ( -32.09999999999999432, -12.10000000000000853, 2.999999999999999112 ) ) ;
#2131 = DIRECTION ( 'NONE',  ( 1.000000000000000000, 0.000000000000000000, 0.000000000000000000 ) ) ;
#2132 = ORIENTED_EDGE ( 'NONE', *, *, #1540, .F. ) ;
#2133 = CARTESIAN_POINT ( 'NONE',  ( 11.15000000000001990, -7.780000000000000249, 2.999999999999999112 ) ) ;
#2134 = PERSON_AND_ORGANIZATION ( #2356, #2810 ) ;
#2135 = ADVANCED_FACE ( 'NONE', ( #1563, #52, #325, #2878, #2215, #2427, #1805, #2643, #410, #575, #2755, #785, #1083, #996, #1253, #2025, #83, #1504, #767 ), #2971, .F. ) ;
#2136 = CARTESIAN_POINT ( 'NONE',  ( -5.325000000000132516, 9.223170550304025994, 2.999999999999999112 ) ) ;
#2137 = CARTESIAN_POINT ( 'NONE',  ( -17.77689437438231934, -15.27689437438235132, 15.00099999999999945 ) ) ;
#2138 = ORIENTED_EDGE ( 'NONE', *, *, #1486, .T. ) ;
#2139 = ADVANCED_FACE ( 'NONE', ( #629 ), #2500, .F. ) ;
#2140 = PLANE ( 'NONE',  #2941 ) ;
#2141 = DIRECTION ( 'NONE',  ( 1.000000000000000000, 0.000000000000000000, 0.000000000000000000 ) ) ;
#2142 = VERTEX_POINT ( 'NONE', #427 ) ;
#2143 = DIRECTION ( 'NONE',  ( -1.000000000000000000, 0.000000000000000000, 0.000000000000000000 ) ) ;
#2144 = DIRECTION ( 'NONE',  ( 0.000000000000000000, 0.000000000000000000, 1.000000000000000000 ) ) ;
#2145 = VERTEX_POINT ( 'NONE', #710 ) ;
#2146 = CARTESIAN_POINT ( 'NONE',  ( -16.82581736225466074, -2.583170550305909252, 0.000000000000000000 ) ) ;
#2147 = CIRCLE ( 'NONE', #632, 1.500000000000001332 ) ;
#2148 = CLOSED_SHELL ( 'NONE', ( #1292, #2238, #1761, #1859, #2879, #587, #269, #500, #2995, #2955, #193, #170, #937, #1444, #1520, #1009, #3002, #790, #2276, #2135, #1104, #1703, #2618, #1544, #1915, #532, #356, #1088, #2460, #1304, #2139, #2122, #2541, #108, #862, #1276, #3057, #434, #551, #1653, #2198, #903, #2935, #1289, #126, #1500, #706, #2335, #30, #1165, #1367, #1989, #2731, #681, #1463, #3022, #753, #1035, #1146, #1428, #462, #2479, #622, #479, #2921, #2865, #1350, #1441, #1406, #669, #736, #2052, #2581, #572, #1389, #1538, #2616, #2006, #1309, #2633, #1897, #1559, #2218, #2493, #2917, #942 ) ) ;
#2149 = AXIS2_PLACEMENT_3D ( 'NONE', #1718, #844, #2184 ) ;
#2150 = DIRECTION ( 'NONE',  ( -1.196361017915039437E-15, -1.000000000000000000, 0.000000000000000000 ) ) ;
#2151 = CARTESIAN_POINT ( 'NONE',  ( -26.02310562561766361, -23.52310562561765650, 2.999999999999999112 ) ) ;
#2152 = VECTOR ( 'NONE', #61, 1000.000000000000000 ) ;
#2153 = ORIENTED_EDGE ( 'NONE', *, *, #1010, .T. ) ;
#2154 = DIRECTION ( 'NONE',  ( -1.000000000000000000, 0.000000000000000000, 0.000000000000000000 ) ) ;
#2155 = DIRECTION ( 'NONE',  ( 1.000000000000000000, 0.000000000000000000, 0.000000000000000000 ) ) ;
#2156 = EDGE_CURVE ( 'NONE', #562, #2328, #1237, .T. ) ;
#2157 = EDGE_LOOP ( 'NONE', ( #1508, #836 ) ) ;
#2158 = CARTESIAN_POINT ( 'NONE',  ( -30.09999999999999787, 27.10000000000000497, 15.00000000000000000 ) ) ;
#2159 = VECTOR ( 'NONE', #1373, 1000.000000000000000 ) ;
#2160 = EDGE_CURVE ( 'NONE', #376, #1235, #1352, .T. ) ;
#2161 = CARTESIAN_POINT ( 'NONE',  ( 11.15000000000001101, -13.78000000000000291, 0.000000000000000000 ) ) ;
#2162 = AXIS2_PLACEMENT_3D ( 'NONE', #2914, #1719, #2219 ) ;
#2163 = ORIENTED_EDGE ( 'NONE', *, *, #378, .F. ) ;
#2164 = ORIENTED_EDGE ( 'NONE', *, *, #1994, .F. ) ;
#2165 = DIRECTION ( 'NONE',  ( -0.000000000000000000, 0.000000000000000000, 1.000000000000000000 ) ) ;
#2166 = ORIENTED_EDGE ( 'NONE', *, *, #1133, .T. ) ;
#2167 = APPLICATION_CONTEXT ( 'configuration controlled 3d designs of mechanical parts and assemblies' ) ;
#2168 = DIRECTION ( 'NONE',  ( -1.000000000000000000, -2.282530889443168501E-16, 0.000000000000000000 ) ) ;
#2169 = CYLINDRICAL_SURFACE ( 'NONE', #1567, 1.500000000000001332 ) ;
#2170 = CARTESIAN_POINT ( 'NONE',  ( -30.09999999999999787, -27.10000000000000497, 15.00000000000000000 ) ) ;
#2171 = EDGE_LOOP ( 'NONE', ( #526, #2696, #912, #226 ) ) ;
#2172 = DIRECTION ( 'NONE',  ( 1.000000000000000000, 0.000000000000000000, -0.000000000000000000 ) ) ;
#2173 = CARTESIAN_POINT ( 'NONE',  ( 7.600000000000000533, 27.10000000000000853, 8.900000000000000355 ) ) ;
#2174 = DIRECTION ( 'NONE',  ( 1.000000000000000000, 0.000000000000000000, 0.000000000000000000 ) ) ;
#2175 = ORIENTED_EDGE ( 'NONE', *, *, #609, .T. ) ;
#2176 = DIRECTION ( 'NONE',  ( 1.000000000000000000, 0.000000000000000000, 0.000000000000000000 ) ) ;
#2177 = CARTESIAN_POINT ( 'NONE',  ( -0.4043096566649352908, 17.26028486733424927, 2.999999999999999112 ) ) ;
#2178 = EDGE_CURVE ( 'NONE', #480, #809, #721, .T. ) ;
#2179 = ORIENTED_EDGE ( 'NONE', *, *, #2838, .F. ) ;
#2180 = ORIENTED_EDGE ( 'NONE', *, *, #2076, .F. ) ;
#2181 = EDGE_CURVE ( 'NONE', #969, #1770, #2814, .T. ) ;
#2182 = DIRECTION ( 'NONE',  ( -0.000000000000000000, -0.000000000000000000, -1.000000000000000000 ) ) ;
#2183 = ORIENTED_EDGE ( 'NONE', *, *, #2222, .T. ) ;
#2184 = DIRECTION ( 'NONE',  ( -1.000000000000000000, 0.000000000000000000, 0.000000000000000000 ) ) ;
#2185 = CARTESIAN_POINT ( 'NONE',  ( -7.599999999999996092, -30.00000000000000711, 15.00000000000000000 ) ) ;
#2186 = VERTEX_POINT ( 'NONE', #201 ) ;
#2187 = CARTESIAN_POINT ( 'NONE',  ( 10.65000000000001634, -8.279999999999999361, 0.000000000000000000 ) ) ;
#2188 = CARTESIAN_POINT ( 'NONE',  ( 18.89999999999999147, 21.90000000000000568, 0.000000000000000000 ) ) ;
#2189 = EDGE_LOOP ( 'NONE', ( #616, #1663, #2689, #233 ) ) ;
#2190 = CYLINDRICAL_SURFACE ( 'NONE', #2644, 2.849999999999998312 ) ;
#2191 = PRODUCT ( 'FIxed box', 'FIxed box', '', ( #2095 ) ) ;
#2192 = LINE ( 'NONE', #1205, #2152 ) ;
#2193 = VERTEX_POINT ( 'NONE', #490 ) ;
#2194 = ORIENTED_EDGE ( 'NONE', *, *, #1050, .T. ) ;
#2195 = LINE ( 'NONE', #1008, #220 ) ;
#2196 = AXIS2_PLACEMENT_3D ( 'NONE', #1336, #878, #1815 ) ;
#2197 = VERTEX_POINT ( 'NONE', #2116 ) ;
#2198 = ADVANCED_FACE ( 'NONE', ( #6 ), #1642, .F. ) ;
#2199 = CIRCLE ( 'NONE', #1313, 2.000000000000001776 ) ;
#2200 = CARTESIAN_POINT ( 'NONE',  ( -35.10000000000000142, 22.10000000000000853, 15.00000000000000000 ) ) ;
#2201 = CARTESIAN_POINT ( 'NONE',  ( -18.89999999999999147, 21.90000000000000568, 15.00099999999999945 ) ) ;
#2202 = AXIS2_PLACEMENT_3D ( 'NONE', #299, #1226, #2150 ) ;
#2203 = ORIENTED_EDGE ( 'NONE', *, *, #995, .T. ) ;
#2204 = LINE ( 'NONE', #1046, #730 ) ;
#2205 = AXIS2_PLACEMENT_3D ( 'NONE', #1384, #1864, #2852 ) ;
#2206 = CARTESIAN_POINT ( 'NONE',  ( -14.99569034333483231, -9.413297569226843464, 0.000000000000000000 ) ) ;
#2207 = ORIENTED_EDGE ( 'NONE', *, *, #1599, .T. ) ;
#2208 = DIRECTION ( 'NONE',  ( 1.000000000000000000, 0.000000000000000000, 0.000000000000000000 ) ) ;
#2209 = VECTOR ( 'NONE', #1595, 1000.000000000000000 ) ;
#2210 = DIRECTION ( 'NONE',  ( -0.000000000000000000, 0.000000000000000000, 1.000000000000000000 ) ) ;
#2211 = CYLINDRICAL_SURFACE ( 'NONE', #2253, 0.4999999999999987232 ) ;
#2212 = EDGE_LOOP ( 'NONE', ( #2275, #2988, #2733, #159 ) ) ;
#2213 = VERTEX_POINT ( 'NONE', #2088 ) ;
#2214 = VECTOR ( 'NONE', #390, 1000.000000000000114 ) ;
#2215 = FACE_BOUND ( 'NONE', #2157, .T. ) ;
#2216 = AXIS2_PLACEMENT_3D ( 'NONE', #2137, #518, #2665 ) ;
#2217 = CARTESIAN_POINT ( 'NONE',  ( -29.25000000000000000, 19.40000000000000568, 2.999999999999999112 ) ) ;
#2218 = ADVANCED_FACE ( 'NONE', ( #1837 ), #899, .F. ) ;
#2219 = DIRECTION ( 'NONE',  ( 1.794541526872559254E-15, 1.000000000000000000, 0.000000000000000000 ) ) ;
#2220 = EDGE_LOOP ( 'NONE', ( #2531, #1269, #2288, #2485 ) ) ;
#2221 = DIRECTION ( 'NONE',  ( -1.000000000000000000, 2.282530889443168501E-16, 0.000000000000000000 ) ) ;
#2222 = EDGE_CURVE ( 'NONE', #1126, #598, #653, .T. ) ;
#2223 = CARTESIAN_POINT ( 'NONE',  ( -34.94999999999999574, -19.40000000000000568, 2.999999999999999112 ) ) ;
#2224 = ORIENTED_EDGE ( 'NONE', *, *, #2426, .T. ) ;
#2225 = DIRECTION ( 'NONE',  ( -0.000000000000000000, -0.000000000000000000, -1.000000000000000000 ) ) ;
#2226 = DIRECTION ( 'NONE',  ( 0.000000000000000000, -1.000000000000000000, 0.000000000000000000 ) ) ;
#2227 = ORIENTED_EDGE ( 'NONE', *, *, #590, .F. ) ;
#2228 = EDGE_LOOP ( 'NONE', ( #3019, #582, #2424, #2366, #891, #2138, #2504, #237, #1744, #436, #1530, #916, #574, #1250, #853, #2505, #2303, #1343, #1800, #1675, #1488, #2126, #1877, #1310, #2575, #2931 ) ) ;
#2229 = VECTOR ( 'NONE', #2517, 1000.000000000000000 ) ;
#2230 = DIRECTION ( 'NONE',  ( 1.000000000000000000, 0.000000000000000000, 0.000000000000000000 ) ) ;
#2231 = DIRECTION ( 'NONE',  ( -1.000000000000000000, 0.000000000000000000, 0.000000000000000000 ) ) ;
#2232 = ORIENTED_EDGE ( 'NONE', *, *, #2728, .F. ) ;
#2233 = EDGE_CURVE ( 'NONE', #2729, #670, #2582, .T. ) ;
#2234 = DIRECTION ( 'NONE',  ( -0.000000000000000000, -0.000000000000000000, 1.000000000000000000 ) ) ;
#2235 = DIRECTION ( 'NONE',  ( 0.8660254037844409281, -0.4999999999999961142, 0.000000000000000000 ) ) ;
#2236 = ORIENTED_EDGE ( 'NONE', *, *, #1623, .F. ) ;
#2237 = DIRECTION ( 'NONE',  ( -0.000000000000000000, -0.000000000000000000, 1.000000000000000000 ) ) ;
#2238 = ADVANCED_FACE ( 'NONE', ( #2825 ), #2799, .F. ) ;
#2239 = CARTESIAN_POINT ( 'NONE',  ( 1.421279399151822476E-15, 0.000000000000000000, 5.204170427930421283E-15 ) ) ;
#2240 = ORIENTED_EDGE ( 'NONE', *, *, #773, .T. ) ;
#2241 = ORIENTED_EDGE ( 'NONE', *, *, #2074, .T. ) ;
#2242 = VERTEX_POINT ( 'NONE', #2301 ) ;
#2243 = VECTOR ( 'NONE', #1230, 1000.000000000000000 ) ;
#2244 = LINE ( 'NONE', #1011, #3055 ) ;
#2245 = LINE ( 'NONE', #2429, #2411 ) ;
#2246 = ORIENTED_EDGE ( 'NONE', *, *, #2402, .T. ) ;
#2247 = DIRECTION ( 'NONE',  ( -0.5000000000000194289, 0.8660254037844274944, 0.000000000000000000 ) ) ;
#2248 = DIRECTION ( 'NONE',  ( -0.000000000000000000, -0.000000000000000000, 1.000000000000000000 ) ) ;
#2249 = AXIS2_PLACEMENT_3D ( 'NONE', #2390, #1003, #990 ) ;
#2250 = CIRCLE ( 'NONE', #1706, 1.500000000000001332 ) ;
#2251 = ORIENTED_EDGE ( 'NONE', *, *, #2156, .T. ) ;
#2252 = CARTESIAN_POINT ( 'NONE',  ( 15.15000000000001101, -13.78000000000000291, 0.000000000000000000 ) ) ;
#2253 = AXIS2_PLACEMENT_3D ( 'NONE', #1610, #1519, #2280 ) ;
#2254 = CYLINDRICAL_SURFACE ( 'NONE', #2848, 5.000000000000004441 ) ;
#2255 = EDGE_CURVE ( 'NONE', #334, #676, #3034, .T. ) ;
#2256 = AXIS2_PLACEMENT_3D ( 'NONE', #1641, #475, #215 ) ;
#2257 = ORIENTED_EDGE ( 'NONE', *, *, #3037, .F. ) ;
#2258 = VERTEX_POINT ( 'NONE', #181 ) ;
#2259 = EDGE_CURVE ( 'NONE', #793, #1983, #1031, .T. ) ;
#2260 = ORIENTED_EDGE ( 'NONE', *, *, #1841, .F. ) ;
#2261 = VECTOR ( 'NONE', #2919, 1000.000000000000000 ) ;
#2262 = DIRECTION ( 'NONE',  ( -0.000000000000000000, -0.000000000000000000, -1.000000000000000000 ) ) ;
#2263 = CYLINDRICAL_SURFACE ( 'NONE', #259, 1.500000000000001332 ) ;
#2264 = ORIENTED_EDGE ( 'NONE', *, *, #2091, .T. ) ;
#2265 = DIRECTION ( 'NONE',  ( -0.000000000000000000, -0.000000000000000000, 1.000000000000000000 ) ) ;
#2266 = CARTESIAN_POINT ( 'NONE',  ( -38.00000000000000000, 25.00000000000000711, 15.00000000000000000 ) ) ;
#2267 = VECTOR ( 'NONE', #289, 1000.000000000000000 ) ;
#2268 = VERTEX_POINT ( 'NONE', #3005 ) ;
#2269 = DIRECTION ( 'NONE',  ( 0.000000000000000000, 0.000000000000000000, 1.000000000000000000 ) ) ;
#2270 = CARTESIAN_POINT ( 'NONE',  ( 33.00000000000000000, -30.00000000000000000, 0.000000000000000000 ) ) ;
#2271 = LINE ( 'NONE', #2440, #2127 ) ;
#2272 = ORIENTED_EDGE ( 'NONE', *, *, #719, .F. ) ;
#2273 = VERTEX_POINT ( 'NONE', #1824 ) ;
#2274 = CC_DESIGN_DATE_AND_TIME_ASSIGNMENT ( #2991, #2790, ( #321 ) ) ;
#2275 = ORIENTED_EDGE ( 'NONE', *, *, #1584, .T. ) ;
#2276 = ADVANCED_FACE ( 'NONE', ( #3050 ), #1359, .F. ) ;
#2277 = AXIS2_PLACEMENT_3D ( 'NONE', #852, #1788, #1699 ) ;
#2278 = CYLINDRICAL_SURFACE ( 'NONE', #1542, 1.500000000000001332 ) ;
#2279 = ORIENTED_EDGE ( 'NONE', *, *, #1391, .F. ) ;
#2280 = DIRECTION ( 'NONE',  ( 1.000000000000000000, 0.000000000000000000, 0.000000000000000000 ) ) ;
#2281 = CARTESIAN_POINT ( 'NONE',  ( 11.93383006414952874, 6.890000000000053859, 0.000000000000000000 ) ) ;
#2282 = DIRECTION ( 'NONE',  ( 0.000000000000000000, 0.000000000000000000, 1.000000000000000000 ) ) ;
#2283 = VERTEX_POINT ( 'NONE', #249 ) ;
#2284 = CARTESIAN_POINT ( 'NONE',  ( 30.09999999999999432, -12.10000000000001741, 0.000000000000000000 ) ) ;
#2285 = DIRECTION ( 'NONE',  ( 0.000000000000000000, 0.000000000000000000, 1.000000000000000000 ) ) ;
#2286 = DIRECTION ( 'NONE',  ( -1.000000000000000000, 0.000000000000000000, 0.000000000000000000 ) ) ;
#2287 = VERTEX_POINT ( 'NONE', #2077 ) ;
#2288 = ORIENTED_EDGE ( 'NONE', *, *, #1651, .T. ) ;
#2289 = VECTOR ( 'NONE', #2248, 1000.000000000000000 ) ;
#2290 = ORIENTED_EDGE ( 'NONE', *, *, #771, .T. ) ;
#2291 = LINE ( 'NONE', #3026, #1238 ) ;
#2292 = DIRECTION ( 'NONE',  ( 0.8660254037844128394, -0.5000000000000448530, 0.000000000000000000 ) ) ;
#2293 = EDGE_CURVE ( 'NONE', #209, #1119, #464, .T. ) ;
#2294 = ORIENTED_EDGE ( 'NONE', *, *, #2178, .F. ) ;
#2295 = EDGE_CURVE ( 'NONE', #2145, #2910, #2319, .T. ) ;
#2296 = CARTESIAN_POINT ( 'NONE',  ( 29.25000000000001421, -19.39999999999999858, 0.000000000000000000 ) ) ;
#2297 = CARTESIAN_POINT ( 'NONE',  ( 33.00000000000000000, 25.00000000000000355, 15.00000000000000000 ) ) ;
#2298 = VERTEX_POINT ( 'NONE', #2859 ) ;
#2299 = DIRECTION ( 'NONE',  ( -0.000000000000000000, -0.000000000000000000, 1.000000000000000000 ) ) ;
#2300 = VECTOR ( 'NONE', #2918, 1000.000000000000000 ) ;
#2301 = CARTESIAN_POINT ( 'NONE',  ( 10.65000000000001457, -10.13249722427791610, 2.999999999999999112 ) ) ;
#2302 = CIRCLE ( 'NONE', #1414, 2.000000000000001776 ) ;
#2303 = ORIENTED_EDGE ( 'NONE', *, *, #554, .T. ) ;
#2304 = AXIS2_PLACEMENT_3D ( 'NONE', #940, #1908, #272 ) ;
#2305 = VECTOR ( 'NONE', #1772, 1000.000000000000000 ) ;
#2306 = VECTOR ( 'NONE', #1223, 1000.000000000000000 ) ;
#2307 = ORIENTED_EDGE ( 'NONE', *, *, #1728, .F. ) ;
#2308 = CARTESIAN_POINT ( 'NONE',  ( -24.89999999999999147, 11.90000000000000391, 15.00099999999999945 ) ) ;
#2309 = CARTESIAN_POINT ( 'NONE',  ( 23.39999999999999147, 11.90000000000000391, 0.000000000000000000 ) ) ;
#2310 = ORIENTED_EDGE ( 'NONE', *, *, #2047, .T. ) ;
#2311 = AXIS2_PLACEMENT_3D ( 'NONE', #2811, #2997, #2545 ) ;
#2312 = EDGE_CURVE ( 'NONE', #1221, #55, #761, .T. ) ;
#2313 = DIRECTION ( 'NONE',  ( -0.000000000000000000, -0.000000000000000000, 1.000000000000000000 ) ) ;
#2314 = PRODUCT_DEFINITION_FORMATION_WITH_SPECIFIED_SOURCE ( 'ANY', '', #2191, .NOT_KNOWN. ) ;
#2315 = LINE ( 'NONE', #2794, #2013 ) ;
#2316 = EDGE_LOOP ( 'NONE', ( #2716, #68, #2781, #411 ) ) ;
#2317 = EDGE_CURVE ( 'NONE', #478, #3039, #27, .T. ) ;
#2318 = DIRECTION ( 'NONE',  ( 1.000000000000000000, 0.000000000000000000, 0.000000000000000000 ) ) ;
#2319 = LINE ( 'NONE', #914, #1590 ) ;
#2320 = ORIENTED_EDGE ( 'NONE', *, *, #2686, .T. ) ;
#2321 = LINE ( 'NONE', #2801, #86 ) ;
#2322 = VERTEX_POINT ( 'NONE', #1723 ) ;
#2323 = LINE ( 'NONE', #1089, #2347 ) ;
#2324 = VERTEX_POINT ( 'NONE', #1483 ) ;
#2325 = CYLINDRICAL_SURFACE ( 'NONE', #2692, 2.849999999999998312 ) ;
#2326 = CARTESIAN_POINT ( 'NONE',  ( 38.00000000000000000, 25.00000000000000000, 15.00000000000000000 ) ) ;
#2327 = DIRECTION ( 'NONE',  ( -0.000000000000000000, -0.000000000000000000, 1.000000000000000000 ) ) ;
#2328 = VERTEX_POINT ( 'NONE', #2654 ) ;
#2329 = CIRCLE ( 'NONE', #114, 0.5000000000000541789 ) ;
#2330 = CARTESIAN_POINT ( 'NONE',  ( -26.02310562561766361, -23.52310562561765650, 15.00099999999999945 ) ) ;
#2331 = CARTESIAN_POINT ( 'NONE',  ( -19.07581736225486679, -6.480284867335893928, 0.000000000000000000 ) ) ;
#2332 = EDGE_CURVE ( 'NONE', #909, #1433, #748, .T. ) ;
#2333 = ORIENTED_EDGE ( 'NONE', *, *, #2774, .T. ) ;
#2334 = ORIENTED_EDGE ( 'NONE', *, *, #2687, .F. ) ;
#2335 = ADVANCED_FACE ( 'NONE', ( #2624 ), #1215, .T. ) ;
#2336 = ORIENTED_EDGE ( 'NONE', *, *, #308, .T. ) ;
#2337 = CARTESIAN_POINT ( 'NONE',  ( 15.15000000000001812, -7.780000000000000249, 0.000000000000000000 ) ) ;
#2338 = PERSON_AND_ORGANIZATION_ROLE ( 'classification_officer' ) ;
#2339 = ORIENTED_EDGE ( 'NONE', *, *, #2332, .T. ) ;
#2340 = CARTESIAN_POINT ( 'NONE',  ( 11.15000000000001101, -13.78000000000000291, 0.000000000000000000 ) ) ;
#2341 = CARTESIAN_POINT ( 'NONE',  ( 32.09999999999999432, 12.10000000000001741, 0.000000000000000000 ) ) ;
#2342 = ORIENTED_EDGE ( 'NONE', *, *, #2669, .T. ) ;
#2343 = DIRECTION ( 'NONE',  ( -1.000000000000000000, 0.000000000000000000, 0.000000000000000000 ) ) ;
#2344 = DIRECTION ( 'NONE',  ( -0.000000000000000000, -0.000000000000000000, -1.000000000000000000 ) ) ;
#2345 = CARTESIAN_POINT ( 'NONE',  ( 21.89999999999999147, 16.90000000000000568, 0.000000000000000000 ) ) ;
#2346 = EDGE_CURVE ( 'NONE', #1535, #1433, #1330, .T. ) ;
#2347 = VECTOR ( 'NONE', #1777, 1000.000000000000000 ) ;
#2348 = EDGE_LOOP ( 'NONE', ( #2675, #1023, #2437, #1748 ) ) ;
#2349 = EDGE_CURVE ( 'NONE', #820, #2723, #1460, .T. ) ;
#2350 = VECTOR ( 'NONE', #1932, 1000.000000000000000 ) ;
#2351 = CARTESIAN_POINT ( 'NONE',  ( -14.74569034333492112, -8.980284867334569654, 0.000000000000000000 ) ) ;
#2352 = CIRCLE ( 'NONE', #2592, 2.849999999999998312 ) ;
#2353 = CARTESIAN_POINT ( 'NONE',  ( 30.09999999999999432, -12.10000000000001741, 0.000000000000000000 ) ) ;
#2354 = VECTOR ( 'NONE', #2768, 1000.000000000000000 ) ;
#2355 = DIRECTION ( 'NONE',  ( -0.000000000000000000, -0.000000000000000000, 1.000000000000000000 ) ) ;
#2356 = PERSON ( 'UNSPECIFIED', 'UNSPECIFIED', 'UNSPECIFIED', ('UNSPECIFIED'), ('UNSPECIFIED'), ('UNSPECIFIED') ) ;
#2357 = CARTESIAN_POINT ( 'NONE',  ( 15.15000000000001101, -13.28000000000000114, 0.000000000000000000 ) ) ;
#2358 = EDGE_LOOP ( 'NONE', ( #832, #550, #345, #783, #828, #261, #229, #2957 ) ) ;
#2359 = AXIS2_PLACEMENT_3D ( 'NONE', #194, #911, #1131 ) ;
#2360 = FACE_OUTER_BOUND ( 'NONE', #2527, .T. ) ;
#2361 = AXIS2_PLACEMENT_3D ( 'NONE', #2550, #2344, #1885 ) ;
#2362 = CARTESIAN_POINT ( 'NONE',  ( 26.39999999999999147, 11.90000000000000391, 15.00099999999999945 ) ) ;
#2363 = AXIS2_PLACEMENT_3D ( 'NONE', #921, #874, #2292 ) ;
#2364 = DIRECTION ( 'NONE',  ( 1.000000000000000000, 0.000000000000000000, -0.000000000000000000 ) ) ;
#2365 = FACE_OUTER_BOUND ( 'NONE', #2373, .T. ) ;
#2366 = ORIENTED_EDGE ( 'NONE', *, *, #557, .T. ) ;
#2367 = EDGE_CURVE ( 'NONE', #1360, #59, #1655, .T. ) ;
#2368 = LINE ( 'NONE', #21, #37 ) ;
#2369 = APPROVAL_DATE_TIME ( #1430, #473 ) ;
#2370 = EDGE_CURVE ( 'NONE', #782, #3052, #435, .T. ) ;
#2371 = DIRECTION ( 'NONE',  ( -1.000000000000000000, 0.000000000000000000, 1.180083997263134217E-16 ) ) ;
#2372 = CYLINDRICAL_SURFACE ( 'NONE', #2216, 1.500000000000001332 ) ;
#2373 = EDGE_LOOP ( 'NONE', ( #2179, #893, #286, #2203 ) ) ;
#2374 = CARTESIAN_POINT ( 'NONE',  ( 7.599999999999996092, -30.00000000000001066, 8.900000000000000355 ) ) ;
#2375 = CARTESIAN_POINT ( 'NONE',  ( 5.925817362257227217, 16.29618325219659170, 2.999999999999999112 ) ) ;
#2376 = VECTOR ( 'NONE', #1207, 1000.000000000000000 ) ;
#2377 = ORIENTED_EDGE ( 'NONE', *, *, #2786, .T. ) ;
#2378 = DIRECTION ( 'NONE',  ( -0.8660254037844435926, 0.4999999999999913958, 0.000000000000000000 ) ) ;
#2379 = ORIENTED_EDGE ( 'NONE', *, *, #1128, .F. ) ;
#2380 = CYLINDRICAL_SURFACE ( 'NONE', #447, 2.600000000000001421 ) ;
#2381 = CALENDAR_DATE ( 2026, 5, 6 ) ;
#2382 = DIRECTION ( 'NONE',  ( -0.000000000000000000, -0.000000000000000000, 1.000000000000000000 ) ) ;
#2383 = EDGE_CURVE ( 'NONE', #2043, #2784, #316, .T. ) ;
#2384 = DIRECTION ( 'NONE',  ( -0.000000000000000000, -0.000000000000000000, 1.000000000000000000 ) ) ;
#2385 = EDGE_CURVE ( 'NONE', #2600, #2197, #2423, .T. ) ;
#2386 = ORIENTED_EDGE ( 'NONE', *, *, #1935, .T. ) ;
#2387 = CYLINDRICAL_SURFACE ( 'NONE', #2395, 5.000000000000004441 ) ;
#2388 = CARTESIAN_POINT ( 'NONE',  ( -19.29999999999999005, -19.40000000000000924, 2.999999999999999112 ) ) ;
#2389 = ORIENTED_EDGE ( 'NONE', *, *, #2312, .F. ) ;
#2390 = CARTESIAN_POINT ( 'NONE',  ( -21.89999999999999147, 16.89999999999999858, 2.999999999999999112 ) ) ;
#2391 = DIRECTION ( 'NONE',  ( 1.000000000000000000, 0.000000000000000000, 0.000000000000000000 ) ) ;
#2392 = VERTEX_POINT ( 'NONE', #1435 ) ;
#2393 = ORIENTED_EDGE ( 'NONE', *, *, #271, .T. ) ;
#2394 = LINE ( 'NONE', #2133, #2850 ) ;
#2395 = AXIS2_PLACEMENT_3D ( 'NONE', #5, #987, #2154 ) ;
#2396 = CIRCLE ( 'NONE', #1068, 1.500000000000001332 ) ;
#2397 = VECTOR ( 'NONE', #2664, 1000.000000000000000 ) ;
#2398 = FACE_OUTER_BOUND ( 'NONE', #1644, .T. ) ;
#2399 = DIRECTION ( 'NONE',  ( 1.000000000000000000, 0.000000000000000000, 0.000000000000000000 ) ) ;
#2400 = AXIS2_PLACEMENT_3D ( 'NONE', #1425, #2638, #1438 ) ;
#2401 = ORIENTED_EDGE ( 'NONE', *, *, #2597, .T. ) ;
#2402 = EDGE_CURVE ( 'NONE', #2450, #3046, #2816, .T. ) ;
#2403 = CARTESIAN_POINT ( 'NONE',  ( 15.15000000000001101, -13.78000000000000291, 2.999999999999999112 ) ) ;
#2404 = DIRECTION ( 'NONE',  ( 0.000000000000000000, 0.000000000000000000, 1.000000000000000000 ) ) ;
#2405 = ORIENTED_EDGE ( 'NONE', *, *, #1994, .T. ) ;
#2406 = DIRECTION ( 'NONE',  ( -1.000000000000000000, 0.000000000000000000, -0.000000000000000000 ) ) ;
#2407 = EDGE_CURVE ( 'NONE', #252, #1987, #1914, .T. ) ;
#2408 = AXIS2_PLACEMENT_3D ( 'NONE', #688, #1848, #675 ) ;
#2409 = DIRECTION ( 'NONE',  ( 1.000000000000000000, 0.000000000000000000, 0.000000000000000000 ) ) ;
#2410 = EDGE_CURVE ( 'NONE', #1971, #1116, #2885, .T. ) ;
#2411 = VECTOR ( 'NONE', #1525, 1000.000000000000000 ) ;
#2412 = ORIENTED_EDGE ( 'NONE', *, *, #2107, .F. ) ;
#2413 = ORIENTED_EDGE ( 'NONE', *, *, #2899, .T. ) ;
#2414 = CARTESIAN_POINT ( 'NONE',  ( -32.99999999999999289, -29.99999999999999645, 0.000000000000000000 ) ) ;
#2415 = DIRECTION ( 'NONE',  ( 0.000000000000000000, -0.000000000000000000, -1.000000000000000000 ) ) ;
#2416 = DIRECTION ( 'NONE',  ( 1.000000000000000000, 0.000000000000000000, 0.000000000000000000 ) ) ;
#2417 = ORIENTED_EDGE ( 'NONE', *, *, #455, .T. ) ;
#2418 = FACE_BOUND ( 'NONE', #2775, .T. ) ;
#2419 = CARTESIAN_POINT ( 'NONE',  ( 33.00000000000000000, 30.00000000000000711, 15.00000000000000000 ) ) ;
#2420 = LINE ( 'NONE', #2435, #825 ) ;
#2421 = DIRECTION ( 'NONE',  ( -0.000000000000000000, -0.000000000000000000, 1.000000000000000000 ) ) ;
#2422 = EDGE_CURVE ( 'NONE', #2065, #119, #180, .T. ) ;
#2423 = CIRCLE ( 'NONE', #2915, 1.500000000000001332 ) ;
#2424 = ORIENTED_EDGE ( 'NONE', *, *, #1819, .F. ) ;
#2425 = VERTEX_POINT ( 'NONE', #2388 ) ;
#2426 = EDGE_CURVE ( 'NONE', #1541, #2778, #1467, .T. ) ;
#2427 = FACE_BOUND ( 'NONE', #1451, .T. ) ;
#2428 = DIRECTION ( 'NONE',  ( -1.224646799147350002E-16, -0.000000000000000000, -1.000000000000000000 ) ) ;
#2429 = CARTESIAN_POINT ( 'NONE',  ( 3.449999999999884714, 14.28941916244326293, -11.60562702765708387 ) ) ;
#2430 = LINE ( 'NONE', #531, #35 ) ;
#2431 = VERTEX_POINT ( 'NONE', #2173 ) ;
#2432 = LINE ( 'NONE', #1290, #1561 ) ;
#2433 = DIRECTION ( 'NONE',  ( -0.000000000000000000, 0.000000000000000000, -1.000000000000000000 ) ) ;
#2434 = ORIENTED_EDGE ( 'NONE', *, *, #64, .F. ) ;
#2435 = CARTESIAN_POINT ( 'NONE',  ( 4.358830064149507244, 20.01028486733419243, 0.000000000000000000 ) ) ;
#2436 = CARTESIAN_POINT ( 'NONE',  ( -17.07581736225484192, -3.016183252198017861, 0.000000000000000000 ) ) ;
#2437 = ORIENTED_EDGE ( 'NONE', *, *, #2293, .T. ) ;
#2438 = VERTEX_POINT ( 'NONE', #792 ) ;
#2439 = EDGE_CURVE ( 'NONE', #2324, #2555, #57, .T. ) ;
#2440 = CARTESIAN_POINT ( 'NONE',  ( 10.65000000000001634, -8.279999999999999361, 2.999999999999999112 ) ) ;
#2441 = EDGE_LOOP ( 'NONE', ( #79, #62, #2106, #1569 ) ) ;
#2442 = AXIS2_PLACEMENT_3D ( 'NONE', #1643, #2571, #2826 ) ;
#2443 = EDGE_CURVE ( 'NONE', #1312, #2723, #1941, .T. ) ;
#2444 = VECTOR ( 'NONE', #2168, 1000.000000000000000 ) ;
#2445 = VECTOR ( 'NONE', #1555, 1000.000000000000000 ) ;
#2446 = FACE_OUTER_BOUND ( 'NONE', #115, .T. ) ;
#2447 = CARTESIAN_POINT ( 'NONE',  ( 3.675817362257296494, 20.19329756922641295, 0.000000000000000000 ) ) ;
#2448 = AXIS2_PLACEMENT_3D ( 'NONE', #112, #2932, #1821 ) ;
#2449 = AXIS2_PLACEMENT_3D ( 'NONE', #2032, #2094, #1141 ) ;
#2450 = VERTEX_POINT ( 'NONE', #2129 ) ;
#2451 = CARTESIAN_POINT ( 'NONE',  ( 21.89999999999999147, 16.90000000000000568, 2.999999999999999112 ) ) ;
#2452 = AXIS2_PLACEMENT_3D ( 'NONE', #2436, #2210, #1548 ) ;
#2453 = DIRECTION ( 'NONE',  ( 0.5000000000000041078, -0.8660254037844363761, 0.000000000000000000 ) ) ;
#2454 = ORIENTED_EDGE ( 'NONE', *, *, #2233, .F. ) ;
#2455 = LINE ( 'NONE', #2637, #2944 ) ;
#2456 = DIRECTION ( 'NONE',  ( 1.000000000000000000, 0.000000000000000000, 0.000000000000000000 ) ) ;
#2457 = EDGE_LOOP ( 'NONE', ( #1586, #2483 ) ) ;
#2458 = CIRCLE ( 'NONE', #1966, 14.69999999999999751 ) ;
#2459 = ORIENTED_EDGE ( 'NONE', *, *, #858, .T. ) ;
#2460 = ADVANCED_FACE ( 'NONE', ( #15 ), #804, .F. ) ;
#2461 = CARTESIAN_POINT ( 'NONE',  ( -21.89999999999999147, -19.40000000000000924, 0.000000000000000000 ) ) ;
#2462 = DIRECTION ( 'NONE',  ( 0.000000000000000000, 0.000000000000000000, 1.000000000000000000 ) ) ;
#2463 = EDGE_CURVE ( 'NONE', #1278, #16, #1303, .T. ) ;
#2464 = ORIENTED_EDGE ( 'NONE', *, *, #2476, .F. ) ;
#2465 = CARTESIAN_POINT ( 'NONE',  ( 32.09999999999999432, -12.10000000000001741, 2.999999999999999112 ) ) ;
#2466 = DIRECTION ( 'NONE',  ( 1.000000000000000000, 2.775557561562891351E-16, -0.000000000000000000 ) ) ;
#2467 = VERTEX_POINT ( 'NONE', #2930 ) ;
#2468 = DIRECTION ( 'NONE',  ( -0.000000000000000000, 0.000000000000000000, -1.000000000000000000 ) ) ;
#2469 = CARTESIAN_POINT ( 'NONE',  ( -14.74569034333492112, -8.980284867334569654, 2.999999999999999112 ) ) ;
#2470 = VERTEX_POINT ( 'NONE', #597 ) ;
#2471 = VERTEX_POINT ( 'NONE', #1291 ) ;
#2472 = VERTEX_POINT ( 'NONE', #835 ) ;
#2473 = LINE ( 'NONE', #117, #1906 ) ;
#2474 = DIRECTION ( 'NONE',  ( -0.000000000000000000, -0.000000000000000000, 1.000000000000000000 ) ) ;
#2475 = VERTEX_POINT ( 'NONE', #2206 ) ;
#2476 = EDGE_CURVE ( 'NONE', #119, #2578, #611, .T. ) ;
#2477 = FACE_OUTER_BOUND ( 'NONE', #2038, .T. ) ;
#2478 = LINE ( 'NONE', #2715, #2953 ) ;
#2479 = ADVANCED_FACE ( 'NONE', ( #1260 ), #1556, .F. ) ;
#2480 = EDGE_LOOP ( 'NONE', ( #2552, #2227 ) ) ;
#2481 = DIRECTION ( 'NONE',  ( -0.000000000000000000, -0.000000000000000000, 1.000000000000000000 ) ) ;
#2482 = CARTESIAN_POINT ( 'NONE',  ( -30.09999999999999787, -27.10000000000000497, 15.00000000000000000 ) ) ;
#2483 = ORIENTED_EDGE ( 'NONE', *, *, #1986, .F. ) ;
#2484 = ORIENTED_EDGE ( 'NONE', *, *, #2030, .T. ) ;
#2485 = ORIENTED_EDGE ( 'NONE', *, *, #173, .T. ) ;
#2486 = FACE_OUTER_BOUND ( 'NONE', #2758, .T. ) ;
#2487 = DIRECTION ( 'NONE',  ( -1.224646799147350002E-16, -0.000000000000000000, -1.000000000000000000 ) ) ;
#2488 = CARTESIAN_POINT ( 'NONE',  ( 15.65000000000001812, -8.279999999999999361, 2.999999999999999112 ) ) ;
#2489 = ORIENTED_EDGE ( 'NONE', *, *, #1484, .T. ) ;
#2490 = FACE_OUTER_BOUND ( 'NONE', #2771, .T. ) ;
#2491 = CARTESIAN_POINT ( 'NONE',  ( -11.93383006414700276, 6.889999999998363656, 0.000000000000000000 ) ) ;
#2492 = VECTOR ( 'NONE', #865, 1000.000000000000227 ) ;
#2493 = ADVANCED_FACE ( 'NONE', ( #815 ), #1750, .F. ) ;
#2494 = EDGE_LOOP ( 'NONE', ( #1211, #1632, #569, #1551 ) ) ;
#2495 = CARTESIAN_POINT ( 'NONE',  ( 34.10000000000000142, -12.10000000000001741, 2.999999999999999112 ) ) ;
#2496 = AXIS2_PLACEMENT_3D ( 'NONE', #2351, #617, #2827 ) ;
#2497 = CIRCLE ( 'NONE', #85, 0.4999999999999970024 ) ;
#2498 = EDGE_CURVE ( 'NONE', #860, #1139, #2478, .T. ) ;
#2499 = CARTESIAN_POINT ( 'NONE',  ( -32.99999999999999289, -29.99999999999999645, 0.000000000000000000 ) ) ;
#2500 = PLANE ( 'NONE',  #270 ) ;
#2501 = EDGE_CURVE ( 'NONE', #2470, #1099, #889, .T. ) ;
#2502 = AXIS2_PLACEMENT_3D ( 'NONE', #2239, #125, #2933 ) ;
#2503 = VERTEX_POINT ( 'NONE', #2732 ) ;
#2504 = ORIENTED_EDGE ( 'NONE', *, *, #1050, .F. ) ;
#2505 = ORIENTED_EDGE ( 'NONE', *, *, #906, .T. ) ;
#2506 = VECTOR ( 'NONE', #1611, 1000.000000000000000 ) ;
#2507 = DIRECTION ( 'NONE',  ( 1.224646799147350002E-16, 0.000000000000000000, 1.000000000000000000 ) ) ;
#2508 = DIRECTION ( 'NONE',  ( 1.000000000000000000, 0.000000000000000000, 0.000000000000000000 ) ) ;
#2509 = DIRECTION ( 'NONE',  ( -1.387778780781444887E-15, -1.000000000000000000, 0.000000000000000000 ) ) ;
#2510 = ORIENTED_EDGE ( 'NONE', *, *, #236, .T. ) ;
#2511 = CARTESIAN_POINT ( 'NONE',  ( 33.00000000000000000, -30.00000000000000000, 15.00000000000000000 ) ) ;
#2512 = DIRECTION ( 'NONE',  ( 0.000000000000000000, -0.000000000000000000, 1.000000000000000000 ) ) ;
#2513 = CARTESIAN_POINT ( 'NONE',  ( -7.599999999999996092, 30.00000000000000711, 8.900000000000000355 ) ) ;
#2514 = EDGE_LOOP ( 'NONE', ( #81, #310 ) ) ;
#2515 = DIRECTION ( 'NONE',  ( -0.000000000000000000, -0.000000000000000000, -1.000000000000000000 ) ) ;
#2516 = DIRECTION ( 'NONE',  ( -1.224646799147350002E-16, -0.000000000000000000, -1.000000000000000000 ) ) ;
#2517 = DIRECTION ( 'NONE',  ( -0.000000000000000000, -0.000000000000000000, -1.000000000000000000 ) ) ;
#2518 = ORIENTED_EDGE ( 'NONE', *, *, #3059, .T. ) ;
#2519 = EDGE_LOOP ( 'NONE', ( #766, #1339, #1039, #144 ) ) ;
#2520 = FACE_OUTER_BOUND ( 'NONE', #1701, .T. ) ;
#2521 = EDGE_CURVE ( 'NONE', #458, #1534, #1322, .T. ) ;
#2522 = EDGE_CURVE ( 'NONE', #449, #2570, #375, .T. ) ;
#2523 = EDGE_LOOP ( 'NONE', ( #612, #1017 ) ) ;
#2524 = AXIS2_PLACEMENT_3D ( 'NONE', #648, #2891, #1580 ) ;
#2525 = DIRECTION ( 'NONE',  ( -0.000000000000000000, -0.000000000000000000, -1.000000000000000000 ) ) ;
#2526 = DATE_AND_TIME ( #1793, #3013 ) ;
#2527 = EDGE_LOOP ( 'NONE', ( #762, #2567, #49, #1693, #2207, #2489, #896, #2310 ) ) ;
#2528 = CARTESIAN_POINT ( 'NONE',  ( -32.09999999999999432, 19.40000000000000568, 2.999999999999999112 ) ) ;
#2529 = DIRECTION ( 'NONE',  ( 0.000000000000000000, 1.000000000000000000, 0.000000000000000000 ) ) ;
#2530 = CARTESIAN_POINT ( 'NONE',  ( -14.99569034333483231, -9.413297569226843464, 0.000000000000000000 ) ) ;
#2531 = ORIENTED_EDGE ( 'NONE', *, *, #2630, .F. ) ;
#2532 = CARTESIAN_POINT ( 'NONE',  ( -7.599999999999996092, 30.00000000000000711, 15.00000000000000000 ) ) ;
#2533 = CARTESIAN_POINT ( 'NONE',  ( -19.07581736225486679, -6.480284867335893928, 0.000000000000000000 ) ) ;
#2534 = DIRECTION ( 'NONE',  ( 1.000000000000000000, 0.000000000000000000, 0.000000000000000000 ) ) ;
#2535 = ORIENTED_EDGE ( 'NONE', *, *, #684, .T. ) ;
#2536 = ORIENTED_EDGE ( 'NONE', *, *, #951, .T. ) ;
#2537 = VERTEX_POINT ( 'NONE', #1280 ) ;
#2538 = EDGE_CURVE ( 'NONE', #1119, #209, #884, .T. ) ;
#2539 = EDGE_CURVE ( 'NONE', #1221, #1126, #1784, .T. ) ;
#2540 = CARTESIAN_POINT ( 'NONE',  ( 10.65000000000001457, -10.13249722427791433, -11.60562702765708210 ) ) ;
#2541 = ADVANCED_FACE ( 'NONE', ( #2948 ), #1047, .F. ) ;
#2542 = ORIENTED_EDGE ( 'NONE', *, *, #2385, .T. ) ;
#2543 = VECTOR ( 'NONE', #1887, 1000.000000000000000 ) ;
#2544 = CYLINDRICAL_SURFACE ( 'NONE', #190, 2.849999999999998312 ) ;
#2545 = DIRECTION ( 'NONE',  ( -1.000000000000000000, 0.000000000000000000, 1.180083997263134217E-16 ) ) ;
#2546 = VERTEX_POINT ( 'NONE', #158 ) ;
#2547 = CIRCLE ( 'NONE', #634, 2.600000000000001421 ) ;
#2548 = DIRECTION ( 'NONE',  ( -0.000000000000000000, -0.000000000000000000, 1.000000000000000000 ) ) ;
#2549 = AXIS2_PLACEMENT_3D ( 'NONE', #553, #2835, #1482 ) ;
#2550 = CARTESIAN_POINT ( 'NONE',  ( -18.89999999999999147, 21.90000000000000568, 15.00099999999999945 ) ) ;
#2551 = VERTEX_POINT ( 'NONE', #330 ) ;
#2552 = ORIENTED_EDGE ( 'NONE', *, *, #416, .F. ) ;
#2553 = CIRCLE ( 'NONE', #1617, 2.849999999999998312 ) ;
#2554 = AXIS2_PLACEMENT_3D ( 'NONE', #991, #1004, #2887 ) ;
#2555 = VERTEX_POINT ( 'NONE', #2981 ) ;
#2556 = LINE ( 'NONE', #499, #967 ) ;
#2557 = CARTESIAN_POINT ( 'NONE',  ( 12.47243360375191479, -7.780000000000000249, 2.999999999999999112 ) ) ;
#2558 = EDGE_CURVE ( 'NONE', #2551, #335, #863, .T. ) ;
#2559 = LINE ( 'NONE', #672, #205 ) ;
#2560 = ORIENTED_EDGE ( 'NONE', *, *, #2593, .T. ) ;
#2561 = VECTOR ( 'NONE', #2854, 1000.000000000000000 ) ;
#2562 = CARTESIAN_POINT ( 'NONE',  ( 29.24999999999999645, 17.90000000000000213, 2.999999999999999112 ) ) ;
#2563 = EDGE_CURVE ( 'NONE', #2876, #2546, #1764, .T. ) ;
#2564 = AXIS2_PLACEMENT_3D ( 'NONE', #1747, #2462, #1953 ) ;
#2565 = CARTESIAN_POINT ( 'NONE',  ( 1.788673438896026343E-15, 0.000000000000000000, 2.999999999999993783 ) ) ;
#2566 = EDGE_CURVE ( 'NONE', #604, #1582, #581, .T. ) ;
#2567 = ORIENTED_EDGE ( 'NONE', *, *, #2579, .T. ) ;
#2568 = CARTESIAN_POINT ( 'NONE',  ( -34.10000000000000142, -12.10000000000000853, 0.000000000000000000 ) ) ;
#2569 = DIRECTION ( 'NONE',  ( 0.000000000000000000, -0.000000000000000000, -1.000000000000000000 ) ) ;
#2570 = VERTEX_POINT ( 'NONE', #348 ) ;
#2571 = DIRECTION ( 'NONE',  ( 0.000000000000000000, 0.000000000000000000, 1.000000000000000000 ) ) ;
#2572 = EDGE_LOOP ( 'NONE', ( #751, #1697, #452, #380 ) ) ;
#2573 = CARTESIAN_POINT ( 'NONE',  ( -30.09999999999999787, -27.10000000000000497, 2.999999999999999112 ) ) ;
#2574 = CARTESIAN_POINT ( 'NONE',  ( -30.09999999999999787, 22.10000000000000497, 2.999999999999999112 ) ) ;
#2575 = ORIENTED_EDGE ( 'NONE', *, *, #644, .T. ) ;
#2576 = DIRECTION ( 'NONE',  ( -1.387778780781445084E-15, -1.000000000000000000, 0.000000000000000000 ) ) ;
#2577 = FACE_OUTER_BOUND ( 'NONE', #370, .T. ) ;
#2578 = VERTEX_POINT ( 'NONE', #2223 ) ;
#2579 = EDGE_CURVE ( 'NONE', #3052, #868, #2315, .T. ) ;
#2580 = CARTESIAN_POINT ( 'NONE',  ( -16.27689437438231579, -15.27689437438235132, 15.00099999999999945 ) ) ;
#2581 = ADVANCED_FACE ( 'NONE', ( #2780 ), #472, .F. ) ;
#2582 = LINE ( 'NONE', #945, #2506 ) ;
#2583 = DIRECTION ( 'NONE',  ( 0.000000000000000000, 0.000000000000000000, 1.000000000000000000 ) ) ;
#2584 = ORIENTED_EDGE ( 'NONE', *, *, #1623, .T. ) ;
#2585 = CARTESIAN_POINT ( 'NONE',  ( 35.10000000000000142, 22.10000000000000497, 15.00000000000000000 ) ) ;
#2586 = COORDINATED_UNIVERSAL_TIME_OFFSET ( 8, 0, .AHEAD. ) ;
#2587 = CARTESIAN_POINT ( 'NONE',  ( 0.5014608395669059027, 14.69144434786385389, 2.999999999999993783 ) ) ;
#2588 = CARTESIAN_POINT ( 'NONE',  ( 38.00000000000000000, 25.00000000000000355, 15.00000000000000000 ) ) ;
#2589 = EDGE_LOOP ( 'NONE', ( #718, #1474, #639, #339 ) ) ;
#2590 = DIRECTION ( 'NONE',  ( 0.000000000000000000, 0.000000000000000000, 1.000000000000000000 ) ) ;
#2591 = DIRECTION ( 'NONE',  ( -0.000000000000000000, -0.000000000000000000, 1.000000000000000000 ) ) ;
#2592 = AXIS2_PLACEMENT_3D ( 'NONE', #2528, #420, #2984 ) ;
#2593 = EDGE_CURVE ( 'NONE', #969, #1052, #2608, .T. ) ;
#2594 = LINE ( 'NONE', #1423, #3043 ) ;
#2595 = AXIS2_PLACEMENT_3D ( 'NONE', #1797, #405, #2764 ) ;
#2596 = DIRECTION ( 'NONE',  ( 0.000000000000000000, 0.000000000000000000, 1.000000000000000000 ) ) ;
#2597 = EDGE_CURVE ( 'NONE', #19, #1946, #3045, .T. ) ;
#2598 = CIRCLE ( 'NONE', #1364, 1.500000000000001332 ) ;
#2599 = CIRCLE ( 'NONE', #1121, 5.000000000000000888 ) ;
#2600 = VERTEX_POINT ( 'NONE', #660 ) ;
#2601 = CIRCLE ( 'NONE', #784, 0.4999999999999987232 ) ;
#2602 = LINE ( 'NONE', #1440, #493 ) ;
#2603 = VECTOR ( 'NONE', #1148, 1000.000000000000000 ) ;
#2604 = DIRECTION ( 'NONE',  ( -0.8660254037844274944, -0.5000000000000194289, 0.000000000000000000 ) ) ;
#2605 = CARTESIAN_POINT ( 'NONE',  ( 35.10000000000000142, 22.10000000000000497, 2.999999999999999112 ) ) ;
#2606 = VECTOR ( 'NONE', #2327, 1000.000000000000000 ) ;
#2607 = ORIENTED_EDGE ( 'NONE', *, *, #1620, .T. ) ;
#2608 = CIRCLE ( 'NONE', #1030, 2.000000000000001776 ) ;
#2609 = FACE_BOUND ( 'NONE', #1084, .T. ) ;
#2610 = CARTESIAN_POINT ( 'NONE',  ( 23.39999999999999147, 11.90000000000000391, 15.00099999999999945 ) ) ;
#2611 = ORIENTED_EDGE ( 'NONE', *, *, #2407, .F. ) ;
#2612 = CIRCLE ( 'NONE', #1822, 2.000000000000001776 ) ;
#2613 = CARTESIAN_POINT ( 'NONE',  ( 5.925817362257227217, 16.29618325219659170, 0.000000000000000000 ) ) ;
#2614 = PLANE ( 'NONE',  #1570 ) ;
#2615 = ORIENTED_EDGE ( 'NONE', *, *, #978, .T. ) ;
#2616 = ADVANCED_FACE ( 'NONE', ( #2577 ), #643, .F. ) ;
#2617 = CARTESIAN_POINT ( 'NONE',  ( -11.93383006414700276, 6.889999999998363656, 2.999999999999999112 ) ) ;
#2618 = ADVANCED_FACE ( 'NONE', ( #2053 ), #1110, .F. ) ;
#2619 = PERSON_AND_ORGANIZATION_ROLE ( 'creator' ) ;
#2620 = DIRECTION ( 'NONE',  ( -0.000000000000000000, -0.000000000000000000, 1.000000000000000000 ) ) ;
#2621 = CARTESIAN_POINT ( 'NONE',  ( -14.31267764144260646, -9.230284867334610510, 2.999999999999999112 ) ) ;
#2622 = ORIENTED_EDGE ( 'NONE', *, *, #67, .F. ) ;
#2623 = FACE_BOUND ( 'NONE', #1767, .T. ) ;
#2624 = FACE_OUTER_BOUND ( 'NONE', #2035, .T. ) ;
#2625 = CARTESIAN_POINT ( 'NONE',  ( 12.47243360375191479, -7.780000000000000249, 0.000000000000000000 ) ) ;
#2626 = PLANE ( 'NONE',  #251 ) ;
#2627 = EDGE_LOOP ( 'NONE', ( #2628, #398 ) ) ;
#2628 = ORIENTED_EDGE ( 'NONE', *, *, #1726, .T. ) ;
#2629 = DIRECTION ( 'NONE',  ( 1.000000000000000000, 0.000000000000000000, -0.000000000000000000 ) ) ;
#2630 = EDGE_CURVE ( 'NONE', #602, #2213, #1638, .T. ) ;
#2631 = LINE ( 'NONE', #528, #2802 ) ;
#2632 = CARTESIAN_POINT ( 'NONE',  ( -7.824999999999894484, 13.55329756922670903, 0.000000000000000000 ) ) ;
#2633 = ADVANCED_FACE ( 'NONE', ( #176 ), #880, .F. ) ;
#2634 = EDGE_LOOP ( 'NONE', ( #2240, #652, #1945, #1745 ) ) ;
#2635 = FACE_BOUND ( 'NONE', #295, .T. ) ;
#2636 = CARTESIAN_POINT ( 'NONE',  ( -24.89999999999999147, 11.90000000000000391, 0.000000000000000000 ) ) ;
#2637 = CARTESIAN_POINT ( 'NONE',  ( -7.599999999999998757, 27.10000000000000497, 8.900000000000000355 ) ) ;
#2638 = DIRECTION ( 'NONE',  ( -0.000000000000000000, -0.000000000000000000, 1.000000000000000000 ) ) ;
#2639 = AXIS2_PLACEMENT_3D ( 'NONE', #2130, #1437, #2143 ) ;
#2640 = ORIENTED_EDGE ( 'NONE', *, *, #2156, .F. ) ;
#2641 = ORIENTED_EDGE ( 'NONE', *, *, #1007, .T. ) ;
#2642 = FACE_OUTER_BOUND ( 'NONE', #1285, .T. ) ;
#2643 = FACE_BOUND ( 'NONE', #1682, .T. ) ;
#2644 = AXIS2_PLACEMENT_3D ( 'NONE', #2684, #1216, #2905 ) ;
#2645 = VECTOR ( 'NONE', #1624, 1000.000000000000000 ) ;
#2646 = AXIS2_PLACEMENT_3D ( 'NONE', #1353, #1795, #155 ) ;
#2647 = VECTOR ( 'NONE', #2382, 1000.000000000000000 ) ;
#2648 = CARTESIAN_POINT ( 'NONE',  ( -14.09999999999990017, -4.156921938165639041, 2.999999999999999112 ) ) ;
#2649 = CARTESIAN_POINT ( 'NONE',  ( 34.95000000000000995, -19.39999999999999858, 0.000000000000000000 ) ) ;
#2650 = AXIS2_PLACEMENT_3D ( 'NONE', #2469, #366, #2685 ) ;
#2651 = ORIENTED_EDGE ( 'NONE', *, *, #2293, .F. ) ;
#2652 = EDGE_CURVE ( 'NONE', #2186, #820, #1575, .T. ) ;
#2653 = FACE_OUTER_BOUND ( 'NONE', #2864, .T. ) ;
#2654 = CARTESIAN_POINT ( 'NONE',  ( 29.25000000000001421, -19.39999999999999858, 2.999999999999999112 ) ) ;
#2655 = CARTESIAN_POINT ( 'NONE',  ( -7.599999999999996092, 30.00000000000000711, 15.00000000000000000 ) ) ;
#2656 = VECTOR ( 'NONE', #2384, 1000.000000000000000 ) ;
#2657 = CARTESIAN_POINT ( 'NONE',  ( -32.99999999999999289, -24.99999999999999289, 15.00000000000000000 ) ) ;
#2658 = VECTOR ( 'NONE', #2508, 1000.000000000000000 ) ;
#2659 = ORIENTED_EDGE ( 'NONE', *, *, #1669, .F. ) ;
#2660 = ORIENTED_EDGE ( 'NONE', *, *, #2439, .F. ) ;
#2661 = FACE_OUTER_BOUND ( 'NONE', #2519, .T. ) ;
#2662 = DIRECTION ( 'NONE',  ( -0.000000000000000000, -0.000000000000000000, -1.000000000000000000 ) ) ;
#2663 = AXIS2_PLACEMENT_3D ( 'NONE', #1692, #1244, #957 ) ;
#2664 = DIRECTION ( 'NONE',  ( -0.000000000000000000, -0.000000000000000000, 1.000000000000000000 ) ) ;
#2665 = DIRECTION ( 'NONE',  ( -1.000000000000000000, 0.000000000000000000, 0.000000000000000000 ) ) ;
#2666 = VERTEX_POINT ( 'NONE', #228 ) ;
#2667 = CARTESIAN_POINT ( 'NONE',  ( -0.6543096566649295731, 17.69329756922647334, 2.999999999999999112 ) ) ;
#2668 = DIRECTION ( 'NONE',  ( 1.000000000000000000, 0.000000000000000000, 0.000000000000000000 ) ) ;
#2669 = EDGE_CURVE ( 'NONE', #2287, #560, #2114, .T. ) ;
#2670 = VECTOR ( 'NONE', #394, 1000.000000000000000 ) ;
#2671 = DIRECTION ( 'NONE',  ( -0.000000000000000000, -0.000000000000000000, 1.000000000000000000 ) ) ;
#2672 = CARTESIAN_POINT ( 'NONE',  ( 5.925817362257227217, 16.29618325219659170, 0.000000000000000000 ) ) ;
#2673 = EDGE_CURVE ( 'NONE', #902, #1518, #1607, .T. ) ;
#2674 = VERTEX_POINT ( 'NONE', #2765 ) ;
#2675 = ORIENTED_EDGE ( 'NONE', *, *, #2089, .F. ) ;
#2676 = LINE ( 'NONE', #312, #664 ) ;
#2677 = EDGE_CURVE ( 'NONE', #107, #2807, #1592, .T. ) ;
#2678 = LINE ( 'NONE', #313, #2397 ) ;
#2679 = DIRECTION ( 'NONE',  ( 1.000000000000000000, 0.000000000000000000, 0.000000000000000000 ) ) ;
#2680 = ORIENTED_EDGE ( 'NONE', *, *, #413, .F. ) ;
#2681 = CARTESIAN_POINT ( 'NONE',  ( -26.02310562561766361, -23.52310562561765650, 15.00099999999999945 ) ) ;
#2682 = CARTESIAN_POINT ( 'NONE',  ( -7.599999999999998757, -27.10000000000000497, 8.900000000000000355 ) ) ;
#2683 = ORIENTED_EDGE ( 'NONE', *, *, #2259, .T. ) ;
#2684 = CARTESIAN_POINT ( 'NONE',  ( -32.09999999999999432, -19.40000000000000568, 0.000000000000000000 ) ) ;
#2685 = DIRECTION ( 'NONE',  ( 1.000000000000000000, 0.000000000000000000, 0.000000000000000000 ) ) ;
#2686 = EDGE_CURVE ( 'NONE', #2870, #909, #697, .T. ) ;
#2687 = EDGE_CURVE ( 'NONE', #2475, #1005, #1355, .T. ) ;
#2688 = EDGE_LOOP ( 'NONE', ( #2412, #2093, #525, #537 ) ) ;
#2689 = ORIENTED_EDGE ( 'NONE', *, *, #1255, .T. ) ;
#2690 = EDGE_CURVE ( 'NONE', #676, #994, #2906, .T. ) ;
#2691 = CARTESIAN_POINT ( 'NONE',  ( 7.599999999999996092, 30.00000000000001066, 8.900000000000000355 ) ) ;
#2692 = AXIS2_PLACEMENT_3D ( 'NONE', #1171, #466, #1918 ) ;
#2693 = CARTESIAN_POINT ( 'NONE',  ( 30.09999999999999787, 22.10000000000000497, 2.999999999999999112 ) ) ;
#2694 = DIRECTION ( 'NONE',  ( -0.000000000000000000, -0.000000000000000000, -1.000000000000000000 ) ) ;
#2695 = VECTOR ( 'NONE', #1698, 1000.000000000000000 ) ;
#2696 = ORIENTED_EDGE ( 'NONE', *, *, #2501, .F. ) ;
#2697 = DIRECTION ( 'NONE',  ( 1.000000000000000000, 1.196361017915039437E-15, 0.000000000000000000 ) ) ;
#2698 = VECTOR ( 'NONE', #1021, 1000.000000000000000 ) ;
#2699 = CARTESIAN_POINT ( 'NONE',  ( -5.325000000000132516, 9.223170550304025994, 0.000000000000000000 ) ) ;
#2700 = AXIS2_PLACEMENT_3D ( 'NONE', #2818, #715, #1645 ) ;
#2701 = VERTEX_POINT ( 'NONE', #2072 ) ;
#2702 = CARTESIAN_POINT ( 'NONE',  ( -32.99999999999999289, -29.99999999999999645, 15.00000000000000000 ) ) ;
#2703 = CARTESIAN_POINT ( 'NONE',  ( -19.29999999999999005, -19.40000000000000924, 0.000000000000000000 ) ) ;
#2704 = ORIENTED_EDGE ( 'NONE', *, *, #2367, .T. ) ;
#2705 = CIRCLE ( 'NONE', #834, 2.000000000000001776 ) ;
#2706 = ORIENTED_EDGE ( 'NONE', *, *, #378, .T. ) ;
#2707 = PRODUCT_RELATED_PRODUCT_CATEGORY ( 'detail', '', ( #2191 ) ) ;
#2708 = LOCAL_TIME ( 11, 33, 0.000000000000000000, #2586 ) ;
#2709 = ORIENTED_EDGE ( 'NONE', *, *, #904, .T. ) ;
#2710 = EDGE_CURVE ( 'NONE', #189, #102, #1574, .T. ) ;
#2711 = CARTESIAN_POINT ( 'NONE',  ( 35.10000000000000142, 22.10000000000000497, 2.999999999999999112 ) ) ;
#2712 = DIRECTION ( 'NONE',  ( -0.000000000000000000, -0.000000000000000000, 1.000000000000000000 ) ) ;
#2713 = ORIENTED_EDGE ( 'NONE', *, *, #1802, .F. ) ;
#2714 = LINE ( 'NONE', #360, #2445 ) ;
#2715 = CARTESIAN_POINT ( 'NONE',  ( -38.00000000000000000, 25.00000000000000711, 0.000000000000000000 ) ) ;
#2716 = ORIENTED_EDGE ( 'NONE', *, *, #557, .F. ) ;
#2717 = FACE_OUTER_BOUND ( 'NONE', #1776, .T. ) ;
#2718 = AXIS2_PLACEMENT_3D ( 'NONE', #1180, #1136, #931 ) ;
#2719 = DIRECTION ( 'NONE',  ( 1.000000000000000000, 0.000000000000000000, 0.000000000000000000 ) ) ;
#2720 = ORIENTED_EDGE ( 'NONE', *, *, #1086, .T. ) ;
#2721 = EDGE_LOOP ( 'NONE', ( #137, #2279, #929, #2740, #586, #2339, #2175, #1254 ) ) ;
#2722 = DIRECTION ( 'NONE',  ( -1.000000000000000000, 0.000000000000000000, 0.000000000000000000 ) ) ;
#2723 = VERTEX_POINT ( 'NONE', #1834 ) ;
#2724 = LINE ( 'NONE', #1829, #2845 ) ;
#2725 = EDGE_CURVE ( 'NONE', #2242, #2099, #2458, .T. ) ;
#2726 = DIRECTION ( 'NONE',  ( -1.000000000000000000, 0.000000000000000000, 0.000000000000000000 ) ) ;
#2727 = CARTESIAN_POINT ( 'NONE',  ( 1.788673438896026343E-15, 0.000000000000000000, 2.999999999999993783 ) ) ;
#2728 = EDGE_CURVE ( 'NONE', #3032, #1116, #145, .T. ) ;
#2729 = VERTEX_POINT ( 'NONE', #2821 ) ;
#2730 = DIRECTION ( 'NONE',  ( -0.8660254037844276054, -0.5000000000000194289, 0.000000000000000000 ) ) ;
#2731 = ADVANCED_FACE ( 'NONE', ( #1241 ), #260, .T. ) ;
#2732 = CARTESIAN_POINT ( 'NONE',  ( -35.10000000000000142, 22.10000000000000853, 15.00000000000000000 ) ) ;
#2733 = ORIENTED_EDGE ( 'NONE', *, *, #992, .F. ) ;
#2734 = DIRECTION ( 'NONE',  ( 0.000000000000000000, 0.000000000000000000, 1.000000000000000000 ) ) ;
#2735 = DIRECTION ( 'NONE',  ( 1.000000000000000000, 0.000000000000000000, 0.000000000000000000 ) ) ;
#2736 = CARTESIAN_POINT ( 'NONE',  ( -35.10000000000000142, 22.10000000000000853, 2.999999999999999112 ) ) ;
#2737 = ORIENTED_EDGE ( 'NONE', *, *, #308, .F. ) ;
#2738 = ORIENTED_EDGE ( 'NONE', *, *, #906, .F. ) ;
#2739 = MANIFOLD_SOLID_BREP ( '°£®Æ-¦ùªø5', #2148 ) ;
#2740 = ORIENTED_EDGE ( 'NONE', *, *, #955, .T. ) ;
#2741 = CARTESIAN_POINT ( 'NONE',  ( -19.32581736225467850, -6.913297569228223693, 0.000000000000000000 ) ) ;
#2742 = CARTESIAN_POINT ( 'NONE',  ( -14.31267764144260646, -9.230284867334610510, 0.000000000000000000 ) ) ;
#2743 = CARTESIAN_POINT ( 'NONE',  ( 30.09999999999999787, 22.10000000000000497, 2.999999999999999112 ) ) ;
#2744 = VERTEX_POINT ( 'NONE', #745 ) ;
#2745 = AXIS2_PLACEMENT_3D ( 'NONE', #2281, #175, #1109 ) ;
#2746 = DIRECTION ( 'NONE',  ( 1.000000000000000000, 0.000000000000000000, 0.000000000000000000 ) ) ;
#2747 = DIRECTION ( 'NONE',  ( 1.000000000000000000, 0.000000000000000000, 0.000000000000000000 ) ) ;
#2748 = VECTOR ( 'NONE', #776, 1000.000000000000000 ) ;
#2749 = VERTEX_POINT ( 'NONE', #2649 ) ;
#2750 = CARTESIAN_POINT ( 'NONE',  ( 6.175817362257232546, 15.86317055030438183, 0.000000000000000000 ) ) ;
#2751 = EDGE_CURVE ( 'NONE', #423, #1157, #1871, .T. ) ;
#2752 = VECTOR ( 'NONE', #1082, 1000.000000000000114 ) ;
#2753 = CARTESIAN_POINT ( 'NONE',  ( 24.89999999999999147, 11.90000000000000391, 0.000000000000000000 ) ) ;
#2754 = EDGE_CURVE ( 'NONE', #1622, #602, #934, .T. ) ;
#2755 = FACE_BOUND ( 'NONE', #673, .T. ) ;
#2756 = AXIS2_PLACEMENT_3D ( 'NONE', #663, #2057, #1850 ) ;
#2757 = ORIENTED_EDGE ( 'NONE', *, *, #2842, .F. ) ;
#2758 = EDGE_LOOP ( 'NONE', ( #1899, #699, #354, #737 ) ) ;
#2759 = ORIENTED_EDGE ( 'NONE', *, *, #2838, .T. ) ;
#2760 = AXIS2_PLACEMENT_3D ( 'NONE', #300, #985, #314 ) ;
#2761 = DIRECTION ( 'NONE',  ( 1.000000000000000000, 0.000000000000000000, 0.000000000000000000 ) ) ;
#2762 = EDGE_LOOP ( 'NONE', ( #2434, #3000, #2704, #2307 ) ) ;
#2763 = CARTESIAN_POINT ( 'NONE',  ( 19.29999999999999005, 16.90000000000000568, 0.000000000000000000 ) ) ;
#2764 = DIRECTION ( 'NONE',  ( 0.5000000000000039968, -0.8660254037844363761, 0.000000000000000000 ) ) ;
#2765 = CARTESIAN_POINT ( 'NONE',  ( 15.15000000000001101, -13.78000000000000291, 0.000000000000000000 ) ) ;
#2766 = ORIENTED_EDGE ( 'NONE', *, *, #995, .F. ) ;
#2767 = DIRECTION ( 'NONE',  ( -0.000000000000000000, 1.000000000000000000, 0.000000000000000000 ) ) ;
#2768 = DIRECTION ( 'NONE',  ( -0.000000000000000000, -0.000000000000000000, 1.000000000000000000 ) ) ;
#2769 = DIRECTION ( 'NONE',  ( -0.000000000000000000, 0.000000000000000000, 1.000000000000000000 ) ) ;
#2770 = EDGE_CURVE ( 'NONE', #1762, #2822, #54, .T. ) ;
#2771 = EDGE_LOOP ( 'NONE', ( #2889, #1965, #364, #1678 ) ) ;
#2772 = ORIENTED_EDGE ( 'NONE', *, *, #324, .F. ) ;
#2773 = EDGE_CURVE ( 'NONE', #3039, #2555, #3061, .T. ) ;
#2774 = EDGE_CURVE ( 'NONE', #1971, #96, #981, .T. ) ;
#2775 = EDGE_LOOP ( 'NONE', ( #1032, #1654 ) ) ;
#2776 = DIRECTION ( 'NONE',  ( 1.000000000000000000, 0.000000000000000000, 0.000000000000000000 ) ) ;
#2777 = DIRECTION ( 'NONE',  ( -1.224646799147350002E-16, -0.000000000000000000, -1.000000000000000000 ) ) ;
#2778 = VERTEX_POINT ( 'NONE', #2124 ) ;
#2779 = CYLINDRICAL_SURFACE ( 'NONE', #1950, 0.4999999999998894218 ) ;
#2780 = FACE_OUTER_BOUND ( 'NONE', #185, .T. ) ;
#2781 = ORIENTED_EDGE ( 'NONE', *, *, #1233, .T. ) ;
#2782 = LINE ( 'NONE', #534, #1804 ) ;
#2783 = CARTESIAN_POINT ( 'NONE',  ( 24.89999999999999147, 11.90000000000000391, 15.00099999999999945 ) ) ;
#2784 = VERTEX_POINT ( 'NONE', #2170 ) ;
#2785 = PLANE ( 'NONE',  #84 ) ;
#2786 = EDGE_CURVE ( 'NONE', #59, #1360, #203, .T. ) ;
#2787 = ORIENTED_EDGE ( 'NONE', *, *, #399, .F. ) ;
#2788 = EDGE_CURVE ( 'NONE', #1052, #969, #2705, .T. ) ;
#2789 = DIRECTION ( 'NONE',  ( -0.000000000000000000, -0.000000000000000000, -1.000000000000000000 ) ) ;
#2790 = DATE_TIME_ROLE ( 'creation_date' ) ;
#2791 = ORIENTED_EDGE ( 'NONE', *, *, #1726, .F. ) ;
#2792 = AXIS2_PLACEMENT_3D ( 'NONE', #450, #1153, #3036 ) ;
#2793 = LINE ( 'NONE', #861, #2645 ) ;
#2794 = CARTESIAN_POINT ( 'NONE',  ( -30.09999999999999787, -27.10000000000000497, 2.999999999999999112 ) ) ;
#2795 = AXIS2_PLACEMENT_3D ( 'NONE', #2743, #1124, #1780 ) ;
#2796 = ORIENTED_EDGE ( 'NONE', *, *, #2092, .F. ) ;
#2797 = DIRECTION ( 'NONE',  ( 1.000000000000000000, 0.000000000000000000, 0.000000000000000000 ) ) ;
#2798 = CIRCLE ( 'NONE', #3049, 5.000000000000004441 ) ;
#2799 = CYLINDRICAL_SURFACE ( 'NONE', #2361, 1.500000000000001332 ) ;
#2800 = ORIENTED_EDGE ( 'NONE', *, *, #2522, .T. ) ;
#2801 = CARTESIAN_POINT ( 'NONE',  ( -7.825000000000005507, -13.55329756922661488, 2.999999999999999112 ) ) ;
#2802 = VECTOR ( 'NONE', #2620, 1000.000000000000000 ) ;
#2803 = VECTOR ( 'NONE', #1976, 1000.000000000000000 ) ;
#2804 = VERTEX_POINT ( 'NONE', #966 ) ;
#2805 = CARTESIAN_POINT ( 'NONE',  ( -14.09999999999990017, -4.156921938165639041, -11.60562702765708032 ) ) ;
#2806 = EDGE_CURVE ( 'NONE', #954, #1119, #39, .T. ) ;
#2807 = VERTEX_POINT ( 'NONE', #2185 ) ;
#2808 = AXIS2_PLACEMENT_3D ( 'NONE', #2964, #624, #140 ) ;
#2809 = FACE_OUTER_BOUND ( 'NONE', #621, .T. ) ;
#2810 = ORGANIZATION ( 'UNSPECIFIED', 'UNSPECIFIED', '' ) ;
#2811 = CARTESIAN_POINT ( 'NONE',  ( 0.000000000000000000, 0.000000000000000000, -11.60562702765708210 ) ) ;
#2812 = ORIENTED_EDGE ( 'NONE', *, *, #2899, .F. ) ;
#2813 = CARTESIAN_POINT ( 'NONE',  ( -14.99569034333483231, -9.413297569226843464, 2.999999999999999112 ) ) ;
#2814 = LINE ( 'NONE', #1392, #20 ) ;
#2815 = CARTESIAN_POINT ( 'NONE',  ( -7.599999999999998757, -27.10000000000000497, 15.00000000000000000 ) ) ;
#2816 = CIRCLE ( 'NONE', #157, 1.500000000000001332 ) ;
#2817 = ORIENTED_EDGE ( 'NONE', *, *, #2773, .F. ) ;
#2818 = CARTESIAN_POINT ( 'NONE',  ( 32.99999999999999289, -24.99999999999999289, 0.000000000000000000 ) ) ;
#2819 = CC_DESIGN_PERSON_AND_ORGANIZATION_ASSIGNMENT ( #1845, #403, ( #321 ) ) ;
#2820 = DIRECTION ( 'NONE',  ( 1.000000000000000000, 0.000000000000000000, 0.000000000000000000 ) ) ;
#2821 = CARTESIAN_POINT ( 'NONE',  ( -30.09999999999999787, 27.10000000000000497, 2.999999999999999112 ) ) ;
#2822 = VERTEX_POINT ( 'NONE', #2621 ) ;
#2823 = EDGE_CURVE ( 'NONE', #2472, #670, #1909, .T. ) ;
#2824 = CARTESIAN_POINT ( 'NONE',  ( -32.09999999999999432, 12.10000000000000853, 0.000000000000000000 ) ) ;
#2825 = FACE_OUTER_BOUND ( 'NONE', #2348, .T. ) ;
#2826 = DIRECTION ( 'NONE',  ( 1.000000000000000000, 0.000000000000000000, 0.000000000000000000 ) ) ;
#2827 = DIRECTION ( 'NONE',  ( 1.000000000000000000, 0.000000000000000000, 0.000000000000000000 ) ) ;
#2828 = ORIENTED_EDGE ( 'NONE', *, *, #3059, .F. ) ;
#2829 = DIRECTION ( 'NONE',  ( -0.000000000000000000, -0.000000000000000000, 1.000000000000000000 ) ) ;
#2830 = VECTOR ( 'NONE', #1710, 1000.000000000000000 ) ;
#2831 = PERSON_AND_ORGANIZATION ( #2356, #2810 ) ;
#2832 = CARTESIAN_POINT ( 'NONE',  ( -17.39999999999999147, 21.90000000000000568, 2.999999999999999112 ) ) ;
#2833 = DIRECTION ( 'NONE',  ( 0.4999999999999881206, -0.8660254037844454800, 0.000000000000000000 ) ) ;
#2834 = ORIENTED_EDGE ( 'NONE', *, *, #1028, .F. ) ;
#2835 = DIRECTION ( 'NONE',  ( -0.8660254037844435926, 0.4999999999999914513, 0.000000000000000000 ) ) ;
#2836 = CARTESIAN_POINT ( 'NONE',  ( -30.09999999999999787, -22.10000000000000497, 2.999999999999999112 ) ) ;
#2837 = DIRECTION ( 'NONE',  ( -0.000000000000000000, 0.000000000000000000, -1.000000000000000000 ) ) ;
#2838 = EDGE_CURVE ( 'NONE', #2322, #1968, #70, .T. ) ;
#2839 = VERTEX_POINT ( 'NONE', #2882 ) ;
#2840 = VECTOR ( 'NONE', #2959, 1000.000000000000000 ) ;
#2841 = AXIS2_PLACEMENT_3D ( 'NONE', #2070, #2529, #2512 ) ;
#2842 = EDGE_CURVE ( 'NONE', #1053, #1752, #1459, .T. ) ;
#2843 = FACE_OUTER_BOUND ( 'NONE', #429, .T. ) ;
#2844 = CIRCLE ( 'NONE', #2448, 2.600000000000001421 ) ;
#2845 = VECTOR ( 'NONE', #619, 1000.000000000000000 ) ;
#2846 = ORIENTED_EDGE ( 'NONE', *, *, #1028, .T. ) ;
#2847 = DESIGN_CONTEXT ( 'detailed design', #2055, 'design' ) ;
#2848 = AXIS2_PLACEMENT_3D ( 'NONE', #2024, #1499, #2951 ) ;
#2849 = CARTESIAN_POINT ( 'NONE',  ( -14.74569034333492112, -8.980284867334569654, 0.000000000000000000 ) ) ;
#2850 = VECTOR ( 'NONE', #1889, 1000.000000000000000 ) ;
#2851 = PERSON_AND_ORGANIZATION ( #2356, #2810 ) ;
#2852 = DIRECTION ( 'NONE',  ( 0.000000000000000000, -0.000000000000000000, -1.000000000000000000 ) ) ;
#2853 = FACE_OUTER_BOUND ( 'NONE', #667, .T. ) ;
#2854 = DIRECTION ( 'NONE',  ( -1.000000000000000000, -0.000000000000000000, -0.000000000000000000 ) ) ;
#2855 = VECTOR ( 'NONE', #2112, 1000.000000000000000 ) ;
#2856 = ORIENTED_EDGE ( 'NONE', *, *, #2725, .F. ) ;
#2857 =( GEOMETRIC_REPRESENTATION_CONTEXT ( 3 ) GLOBAL_UNCERTAINTY_ASSIGNED_CONTEXT ( ( #1732 ) ) GLOBAL_UNIT_ASSIGNED_CONTEXT ( ( #224, #468, #1383 ) ) REPRESENTATION_CONTEXT ( 'NONE', 'WORKASPACE' ) );
#2858 = FACE_BOUND ( 'NONE', #742, .T. ) ;
#2859 = CARTESIAN_POINT ( 'NONE',  ( -37.99999999999998579, -24.99999999999999289, 15.00000000000000000 ) ) ;
#2860 = CARTESIAN_POINT ( 'NONE',  ( -32.09999999999999432, 12.10000000000000853, 2.999999999999999112 ) ) ;
#2861 = CARTESIAN_POINT ( 'NONE',  ( 18.89999999999999147, 21.90000000000000568, 0.000000000000000000 ) ) ;
#2862 = EDGE_CURVE ( 'NONE', #2213, #1070, #700, .T. ) ;
#2863 = ORIENTED_EDGE ( 'NONE', *, *, #2880, .F. ) ;
#2864 = EDGE_LOOP ( 'NONE', ( #1589, #2936, #980, #1106 ) ) ;
#2865 = ADVANCED_FACE ( 'NONE', ( #505 ), #484, .F. ) ;
#2866 = LINE ( 'NONE', #1672, #2376 ) ;
#2867 = PERSON_AND_ORGANIZATION ( #2356, #2810 ) ;
#2868 = CARTESIAN_POINT ( 'NONE',  ( 3.675817362257296494, 20.19329756922641295, 0.000000000000000000 ) ) ;
#2869 = DIRECTION ( 'NONE',  ( 0.000000000000000000, 0.000000000000000000, 1.000000000000000000 ) ) ;
#2870 = VERTEX_POINT ( 'NONE', #2588 ) ;
#2871 = CARTESIAN_POINT ( 'NONE',  ( -20.39999999999999503, 21.90000000000000568, 0.000000000000000000 ) ) ;
#2872 = DIRECTION ( 'NONE',  ( 0.000000000000000000, 0.000000000000000000, -1.000000000000000000 ) ) ;
#2873 = ORIENTED_EDGE ( 'NONE', *, *, #1954, .T. ) ;
#2874 = DIRECTION ( 'NONE',  ( -0.000000000000000000, 0.000000000000000000, 1.000000000000000000 ) ) ;
#2875 = CARTESIAN_POINT ( 'NONE',  ( 32.09999999999999432, -12.10000000000001741, 0.000000000000000000 ) ) ;
#2876 = VERTEX_POINT ( 'NONE', #717 ) ;
#2877 = ORIENTED_EDGE ( 'NONE', *, *, #1086, .F. ) ;
#2878 = FACE_BOUND ( 'NONE', #2952, .T. ) ;
#2879 = ADVANCED_FACE ( 'NONE', ( #1432 ), #2372, .F. ) ;
#2880 = EDGE_CURVE ( 'NONE', #511, #1541, #654, .T. ) ;
#2881 = DIRECTION ( 'NONE',  ( -1.000000000000000000, 0.000000000000000000, 0.000000000000000000 ) ) ;
#2882 = CARTESIAN_POINT ( 'NONE',  ( 30.09999999999999787, 27.10000000000000497, 2.999999999999999112 ) ) ;
#2883 = ORIENTED_EDGE ( 'NONE', *, *, #1972, .F. ) ;
#2884 = CARTESIAN_POINT ( 'NONE',  ( -19.50883006414690612, -6.230284867336008503, 0.000000000000000000 ) ) ;
#2885 = LINE ( 'NONE', #277, #2830 ) ;
#2886 = LINE ( 'NONE', #2655, #2002 ) ;
#2887 = DIRECTION ( 'NONE',  ( 1.000000000000000000, 0.000000000000000000, 0.000000000000000000 ) ) ;
#2888 = EDGE_LOOP ( 'NONE', ( #2166, #240 ) ) ;
#2889 = ORIENTED_EDGE ( 'NONE', *, *, #2774, .F. ) ;
#2890 = AXIS2_PLACEMENT_3D ( 'NONE', #73, #2697, #2901 ) ;
#2891 = DIRECTION ( 'NONE',  ( -0.000000000000000000, 0.000000000000000000, -1.000000000000000000 ) ) ;
#2892 = AXIS2_PLACEMENT_3D ( 'NONE', #1294, #1547, #142 ) ;
#2893 = CIRCLE ( 'NONE', #31, 2.000000000000001776 ) ;
#2894 = AXIS2_PLACEMENT_3D ( 'NONE', #2461, #355, #2230 ) ;
#2895 = DIRECTION ( 'NONE',  ( 1.000000000000000000, 4.163336342344362270E-14, 0.000000000000000000 ) ) ;
#2896 = EDGE_CURVE ( 'NONE', #221, #813, #2908, .T. ) ;
#2897 = CARTESIAN_POINT ( 'NONE',  ( -14.69999999999999396, 0.000000000000000000, 7.004401222677025279E-15 ) ) ;
#2898 = VECTOR ( 'NONE', #2087, 1000.000000000000000 ) ;
#2899 = EDGE_CURVE ( 'NONE', #560, #1714, #106, .T. ) ;
#2900 = EDGE_LOOP ( 'NONE', ( #854, #2342 ) ) ;
#2901 = DIRECTION ( 'NONE',  ( -1.196361017915039437E-15, 1.000000000000000000, 0.000000000000000000 ) ) ;
#2902 = EDGE_CURVE ( 'NONE', #602, #1622, #303, .T. ) ;
#2903 = CARTESIAN_POINT ( 'NONE',  ( 24.49999999999999289, 16.90000000000000568, 0.000000000000000000 ) ) ;
#2904 = ORIENTED_EDGE ( 'NONE', *, *, #67, .T. ) ;
#2905 = DIRECTION ( 'NONE',  ( 1.000000000000000000, 0.000000000000000000, 0.000000000000000000 ) ) ;
#2906 = CIRCLE ( 'NONE', #2359, 4.999999999999997335 ) ;
#2907 = CARTESIAN_POINT ( 'NONE',  ( 3.925817362257280507, 19.76028486733418887, 0.000000000000000000 ) ) ;
#2908 = CIRCLE ( 'NONE', #2956, 2.000000000000001776 ) ;
#2909 = ORIENTED_EDGE ( 'NONE', *, *, #883, .T. ) ;
#2910 = VERTEX_POINT ( 'NONE', #2897 ) ;
#2911 = FACE_OUTER_BOUND ( 'NONE', #1867, .T. ) ;
#2912 = AXIS2_PLACEMENT_3D ( 'NONE', #305, #508, #735 ) ;
#2913 = CARTESIAN_POINT ( 'NONE',  ( 35.10000000000000142, 22.10000000000000497, 2.999999999999999112 ) ) ;
#2914 = CARTESIAN_POINT ( 'NONE',  ( 7.599999999999996092, -30.00000000000001066, 8.900000000000000355 ) ) ;
#2915 = AXIS2_PLACEMENT_3D ( 'NONE', #2188, #2872, #973 ) ;
#2916 = ORIENTED_EDGE ( 'NONE', *, *, #2566, .T. ) ;
#2917 = ADVANCED_FACE ( 'NONE', ( #1029 ), #2263, .F. ) ;
#2918 = DIRECTION ( 'NONE',  ( -0.000000000000000000, -0.000000000000000000, 1.000000000000000000 ) ) ;
#2919 = DIRECTION ( 'NONE',  ( -0.000000000000000000, -0.000000000000000000, -1.000000000000000000 ) ) ;
#2920 = CARTESIAN_POINT ( 'NONE',  ( -19.50883006414690612, -6.230284867336008503, 2.999999999999999112 ) ) ;
#2921 = ADVANCED_FACE ( 'NONE', ( #606 ), #1970, .T. ) ;
#2922 = LINE ( 'NONE', #351, #139 ) ;
#2923 = VECTOR ( 'NONE', #1366, 1000.000000000000000 ) ;
#2924 = ORIENTED_EDGE ( 'NONE', *, *, #48, .T. ) ;
#2925 = ORIENTED_EDGE ( 'NONE', *, *, #2178, .T. ) ;
#2926 = DIRECTION ( 'NONE',  ( -0.000000000000000000, -0.000000000000000000, -1.000000000000000000 ) ) ;
#2927 = CARTESIAN_POINT ( 'NONE',  ( -29.25000000000000000, -19.40000000000000568, 0.000000000000000000 ) ) ;
#2928 = VERTEX_POINT ( 'NONE', #372 ) ;
#2929 = LINE ( 'NONE', #2187, #1751 ) ;
#2930 = CARTESIAN_POINT ( 'NONE',  ( -16.27689437438231579, -15.27689437438235132, 0.000000000000000000 ) ) ;
#2931 = ORIENTED_EDGE ( 'NONE', *, *, #1523, .T. ) ;
#2932 = DIRECTION ( 'NONE',  ( 0.000000000000000000, 0.000000000000000000, 1.000000000000000000 ) ) ;
#2933 = DIRECTION ( 'NONE',  ( -1.000000000000000000, 0.000000000000000000, 1.224646799147350002E-16 ) ) ;
#2934 = DIRECTION ( 'NONE',  ( 0.000000000000000000, -0.000000000000000000, -1.000000000000000000 ) ) ;
#2935 = ADVANCED_FACE ( 'NONE', ( #1766 ), #1539, .F. ) ;
#2936 = ORIENTED_EDGE ( 'NONE', *, *, #1895, .F. ) ;
#2937 = ORIENTED_EDGE ( 'NONE', *, *, #992, .T. ) ;
#2938 = EDGE_CURVE ( 'NONE', #1494, #2666, #845, .T. ) ;
#2939 = AXIS2_PLACEMENT_3D ( 'NONE', #2375, #318, #1898 ) ;
#2940 = AXIS2_PLACEMENT_3D ( 'NONE', #46, #1931, #2967 ) ;
#2941 = AXIS2_PLACEMENT_3D ( 'NONE', #970, #2247, #2730 ) ;
#2942 = CARTESIAN_POINT ( 'NONE',  ( 32.10000000000000853, -19.39999999999999858, 2.999999999999999112 ) ) ;
#2943 = DIRECTION ( 'NONE',  ( 1.000000000000000000, 0.000000000000000000, 0.000000000000000000 ) ) ;
#2944 = VECTOR ( 'NONE', #350, 1000.000000000000000 ) ;
#2945 = EDGE_LOOP ( 'NONE', ( #772, #655, #962, #1773 ) ) ;
#2946 = FACE_OUTER_BOUND ( 'NONE', #1224, .T. ) ;
#2947 = AXIS2_PLACEMENT_3D ( 'NONE', #2672, #1295, #571 ) ;
#2948 = FACE_OUTER_BOUND ( 'NONE', #2572, .T. ) ;
#2949 = VERTEX_POINT ( 'NONE', #1996 ) ;
#2950 = PLANE ( 'NONE',  #1120 ) ;
#2951 = DIRECTION ( 'NONE',  ( 1.000000000000000000, 0.000000000000000000, 0.000000000000000000 ) ) ;
#2952 = EDGE_LOOP ( 'NONE', ( #2817, #2026 ) ) ;
#2953 = VECTOR ( 'NONE', #2037, 1000.000000000000000 ) ;
#2954 = ORIENTED_EDGE ( 'NONE', *, *, #395, .F. ) ;
#2955 = ADVANCED_FACE ( 'NONE', ( #1287 ), #593, .F. ) ;
#2956 = AXIS2_PLACEMENT_3D ( 'NONE', #1275, #2694, #2231 ) ;
#2957 = ORIENTED_EDGE ( 'NONE', *, *, #904, .F. ) ;
#2958 = EDGE_CURVE ( 'NONE', #1593, #2570, #2245, .T. ) ;
#2959 = DIRECTION ( 'NONE',  ( -0.000000000000000000, -0.000000000000000000, 1.000000000000000000 ) ) ;
#2960 = CARTESIAN_POINT ( 'NONE',  ( 30.09999999999999787, -27.10000000000000142, 2.999999999999999112 ) ) ;
#2961 = CYLINDRICAL_SURFACE ( 'NONE', #1921, 2.000000000000001776 ) ;
#2962 = EDGE_LOOP ( 'NONE', ( #3010, #615, #1393, #2812 ) ) ;
#2963 = DIRECTION ( 'NONE',  ( -0.000000000000000000, -0.000000000000000000, -1.000000000000000000 ) ) ;
#2964 = CARTESIAN_POINT ( 'NONE',  ( 18.89999999999999147, 21.90000000000000568, 2.999999999999999112 ) ) ;
#2965 = ORIENTED_EDGE ( 'NONE', *, *, #253, .T. ) ;
#2966 = CARTESIAN_POINT ( 'NONE',  ( 38.00000000000000000, 25.00000000000000355, 15.00000000000000000 ) ) ;
#2967 = DIRECTION ( 'NONE',  ( -1.000000000000000000, 0.000000000000000000, 0.000000000000000000 ) ) ;
#2968 = AXIS2_PLACEMENT_3D ( 'NONE', #887, #2769, #2059 ) ;
#2969 = DIRECTION ( 'NONE',  ( 1.000000000000000000, 0.000000000000000000, 0.000000000000000000 ) ) ;
#2970 = AXIS2_PLACEMENT_3D ( 'NONE', #337, #1947, #2041 ) ;
#2971 = PLANE ( 'NONE',  #2277 ) ;
#2972 = ORIENTED_EDGE ( 'NONE', *, *, #1782, .T. ) ;
#2973 = ORIENTED_EDGE ( 'NONE', *, *, #1880, .F. ) ;
#2974 = ORIENTED_EDGE ( 'NONE', *, *, #1045, .F. ) ;
#2975 = DIRECTION ( 'NONE',  ( 1.000000000000000000, 0.000000000000000000, 0.000000000000000000 ) ) ;
#2976 = CARTESIAN_POINT ( 'NONE',  ( -16.27689437438231579, -15.27689437438235132, 2.999999999999999112 ) ) ;
#2977 = APPROVAL_ROLE ( '' ) ;
#2978 = EDGE_CURVE ( 'NONE', #2065, #168, #327, .T. ) ;
#2979 = ORIENTED_EDGE ( 'NONE', *, *, #2407, .T. ) ;
#2980 = DIRECTION ( 'NONE',  ( -0.000000000000000000, -0.000000000000000000, 1.000000000000000000 ) ) ;
#2981 = CARTESIAN_POINT ( 'NONE',  ( 26.39999999999999147, 11.90000000000000391, 0.000000000000000000 ) ) ;
#2982 = ORIENTED_EDGE ( 'NONE', *, *, #340, .F. ) ;
#2983 = LINE ( 'NONE', #1771, #539 ) ;
#2984 = DIRECTION ( 'NONE',  ( 1.000000000000000000, 0.000000000000000000, 0.000000000000000000 ) ) ;
#2985 = CARTESIAN_POINT ( 'NONE',  ( 30.09999999999999432, 12.10000000000001741, 2.999999999999999112 ) ) ;
#2986 = DIRECTION ( 'NONE',  ( -0.000000000000000000, -0.000000000000000000, 1.000000000000000000 ) ) ;
#2987 = ORIENTED_EDGE ( 'NONE', *, *, #2011, .T. ) ;
#2988 = ORIENTED_EDGE ( 'NONE', *, *, #2558, .F. ) ;
#2989 = ORIENTED_EDGE ( 'NONE', *, *, #1640, .F. ) ;
#2990 = DIRECTION ( 'NONE',  ( -1.000000000000000000, 0.000000000000000000, 0.000000000000000000 ) ) ;
#2991 = DATE_AND_TIME ( #908, #1477 ) ;
#2992 = ORIENTED_EDGE ( 'NONE', *, *, #236, .F. ) ;
#2993 = AXIS2_PLACEMENT_3D ( 'NONE', #925, #2265, #156 ) ;
#2994 = DIRECTION ( 'NONE',  ( 1.000000000000000000, 0.000000000000000000, 0.000000000000000000 ) ) ;
#2995 = ADVANCED_FACE ( 'NONE', ( #831 ), #564, .F. ) ;
#2996 = DIRECTION ( 'NONE',  ( -0.000000000000000000, -0.000000000000000000, -1.000000000000000000 ) ) ;
#2997 = DIRECTION ( 'NONE',  ( -1.224646799147350002E-16, -0.000000000000000000, -1.000000000000000000 ) ) ;
#2998 = AXIS2_PLACEMENT_3D ( 'NONE', #1286, #1054, #1746 ) ;
#2999 = EDGE_CURVE ( 'NONE', #2283, #2193, #2612, .T. ) ;
#3000 = ORIENTED_EDGE ( 'NONE', *, *, #2076, .T. ) ;
#3001 = PLANE ( 'NONE',  #1754 ) ;
#3002 = ADVANCED_FACE ( 'NONE', ( #2017 ), #2961, .F. ) ;
#3003 = VECTOR ( 'NONE', #184, 1000.000000000000000 ) ;
#3004 = DIRECTION ( 'NONE',  ( 0.000000000000000000, 0.000000000000000000, -1.000000000000000000 ) ) ;
#3005 = CARTESIAN_POINT ( 'NONE',  ( 4.358830064149507244, 20.01028486733419243, 0.000000000000000000 ) ) ;
#3006 = AXIS2_PLACEMENT_3D ( 'NONE', #1161, #2285, #1609 ) ;
#3007 = VERTEX_POINT ( 'NONE', #578 ) ;
#3008 = VERTEX_POINT ( 'NONE', #1553 ) ;
#3009 = VECTOR ( 'NONE', #406, 1000.000000000000000 ) ;
#3010 = ORIENTED_EDGE ( 'NONE', *, *, #2669, .F. ) ;
#3011 = AXIS2_PLACEMENT_3D ( 'NONE', #1493, #2712, #1257 ) ;
#3012 = LINE ( 'NONE', #873, #1568 ) ;
#3013 = LOCAL_TIME ( 11, 33, 0.000000000000000000, #859 ) ;
#3014 = ORIENTED_EDGE ( 'NONE', *, *, #274, .F. ) ;
#3015 = LINE ( 'NONE', #2014, #2695 ) ;
#3016 = FACE_OUTER_BOUND ( 'NONE', #1806, .T. ) ;
#3017 = CARTESIAN_POINT ( 'NONE',  ( -19.07581736225486679, -6.480284867335893928, 2.999999999999999112 ) ) ;
#3018 = EDGE_CURVE ( 'NONE', #2570, #252, #2118, .T. ) ;
#3019 = ORIENTED_EDGE ( 'NONE', *, *, #25, .T. ) ;
#3020 = CARTESIAN_POINT ( 'NONE',  ( -19.29999999999999005, 16.89999999999999858, 2.999999999999999112 ) ) ;
#3021 = CARTESIAN_POINT ( 'NONE',  ( -18.89999999999999147, 21.90000000000000568, 0.000000000000000000 ) ) ;
#3022 = ADVANCED_FACE ( 'NONE', ( #1318 ), #1398, .T. ) ;
#3023 = EDGE_LOOP ( 'NONE', ( #1549, #1000 ) ) ;
#3024 = EDGE_LOOP ( 'NONE', ( #2683, #387 ) ) ;
#3025 = ORIENTED_EDGE ( 'NONE', *, *, #917, .T. ) ;
#3026 = CARTESIAN_POINT ( 'NONE',  ( -12.31267764144256383, -5.766183252196703357, 0.000000000000000000 ) ) ;
#3027 = APPROVAL_DATE_TIME ( #2526, #1760 ) ;
#3028 = VECTOR ( 'NONE', #1924, 1000.000000000000114 ) ;
#3029 = ORIENTED_EDGE ( 'NONE', *, *, #287, .F. ) ;
#3030 = FACE_OUTER_BOUND ( 'NONE', #3054, .T. ) ;
#3031 = DIRECTION ( 'NONE',  ( 1.000000000000000000, 0.000000000000000000, 0.000000000000000000 ) ) ;
#3032 = VERTEX_POINT ( 'NONE', #153 ) ;
#3033 = DIRECTION ( 'NONE',  ( -0.000000000000000000, -0.000000000000000000, -1.000000000000000000 ) ) ;
#3034 = LINE ( 'NONE', #665, #257 ) ;
#3035 = ORIENTED_EDGE ( 'NONE', *, *, #255, .F. ) ;
#3036 = DIRECTION ( 'NONE',  ( 1.000000000000000000, 0.000000000000000000, 0.000000000000000000 ) ) ;
#3037 = EDGE_CURVE ( 'NONE', #2949, #480, #1863, .T. ) ;
#3038 = EDGE_CURVE ( 'NONE', #1370, #1894, #1634, .T. ) ;
#3039 = VERTEX_POINT ( 'NONE', #2309 ) ;
#3040 = DIRECTION ( 'NONE',  ( -1.224646799147350002E-16, -0.000000000000000000, -1.000000000000000000 ) ) ;
#3041 = CARTESIAN_POINT ( 'NONE',  ( -30.09999999999999787, -27.10000000000000497, 2.999999999999999112 ) ) ;
#3042 = ORIENTED_EDGE ( 'NONE', *, *, #1880, .T. ) ;
#3043 = VECTOR ( 'NONE', #17, 1000.000000000000000 ) ;
#3044 = CARTESIAN_POINT ( 'NONE',  ( 11.15000000000001101, -13.28000000000000114, 0.000000000000000000 ) ) ;
#3045 = LINE ( 'NONE', #926, #2606 ) ;
#3046 = VERTEX_POINT ( 'NONE', #1603 ) ;
#3047 = CARTESIAN_POINT ( 'NONE',  ( 10.65000000000001279, -10.13249722427791433, 3.899921586838492586E-15 ) ) ;
#3048 = CIRCLE ( 'NONE', #2892, 1.500000000000001332 ) ;
#3049 = AXIS2_PLACEMENT_3D ( 'NONE', #595, #580, #1768 ) ;
#3050 = FACE_OUTER_BOUND ( 'NONE', #1262, .T. ) ;
#3051 = CIRCLE ( 'NONE', #1515, 14.69999999999999751 ) ;
#3052 = VERTEX_POINT ( 'NONE', #3041 ) ;
#3053 = CIRCLE ( 'NONE', #542, 0.5000000000000022204 ) ;
#3054 = EDGE_LOOP ( 'NONE', ( #1085, #1220, #1608, #1396 ) ) ;
#3055 = VECTOR ( 'NONE', #2926, 1000.000000000000000 ) ;
#3056 = ORIENTED_EDGE ( 'NONE', *, *, #1484, .F. ) ;
#3057 = ADVANCED_FACE ( 'NONE', ( #683 ), #1830, .F. ) ;
#3058 = DIRECTION ( 'NONE',  ( -0.000000000000000000, -0.000000000000000000, -1.000000000000000000 ) ) ;
#3059 = EDGE_CURVE ( 'NONE', #1147, #2273, #2559, .T. ) ;
#3060 = ORIENTED_EDGE ( 'NONE', *, *, #1819, .T. ) ;
#3061 = CIRCLE ( 'NONE', #1426, 1.500000000000001332 ) ;
ENDSEC;
END-ISO-10303-21;
