ISO-10303-21;
HEADER;
FILE_DESCRIPTION (( 'STEP AP214' ),
    '1' );
FILE_NAME ('zhi_peng_R500_100um_gap_split.STEP',
    '2026-08-24T06:30:22',
    ( '' ),
    ( '' ),
    'SwSTEP 2.0',
    'SolidWorks 2024',
    '' );
FILE_SCHEMA (( 'AUTOMOTIVE_DESIGN' ));
ENDSEC;

DATA;
#1 = DIRECTION ( 'NONE',  ( 0.000000000000000000, 0.000000000000000000, 1.000000000000000000 ) ) ;
#2 = DIRECTION ( 'NONE',  ( 0.000000000000000000, 0.000000000000000000, 1.000000000000000000 ) ) ;
#3 = FACE_OUTER_BOUND ( 'NONE', #1061, .T. ) ;
#4 = EDGE_CURVE ( 'NONE', #1252, #4540, #2903, .T. ) ;
#5 = ORIENTED_EDGE ( 'NONE', *, *, #1650, .T. ) ;
#6 = FACE_OUTER_BOUND ( 'NONE', #3525, .T. ) ;
#7 = ORIENTED_EDGE ( 'NONE', *, *, #3909, .T. ) ;
#8 = APPLICATION_PROTOCOL_DEFINITION ( 'draft international standard', 'automotive_design', 1998, #273 ) ;
#9 = ADVANCED_FACE ( 'NONE', ( #3306 ), #134, .T. ) ;
#10 = VERTEX_POINT ( 'NONE', #3257 ) ;
#11 = PRODUCT ( 'Open CASCADE STEP translator 7.8 1.7_8.STEP', 'Open CASCADE STEP translator 7.8 1.7_8.STEP', '', ( #1510 ) ) ;
#12 = DIRECTION ( 'NONE',  ( 0.000000000000000000, 0.000000000000000000, -1.000000000000000000 ) ) ;
#13 = CARTESIAN_POINT ( 'NONE',  ( -9.339803143895000659, 22.50000000000000000, 0.5773000000000000353 ) ) ;
#14 = DIRECTION ( 'NONE',  ( 1.000000000000000000, 0.000000000000000000, 0.000000000000000000 ) ) ;
#15 = EDGE_LOOP ( 'NONE', ( #854, #3845, #3980, #2066 ) ) ;
#16 = ORIENTED_EDGE ( 'NONE', *, *, #4358, .F. ) ;
#17 = CARTESIAN_POINT ( 'NONE',  ( -26.50000000000000000, -23.50000000000000000, 5.307299999999999685 ) ) ;
#18 = ORIENTED_EDGE ( 'NONE', *, *, #3340, .F. ) ;
#19 = ADVANCED_BREP_SHAPE_REPRESENTATION ( '', ( #2917, #3551 ), #3246 ) ;
#20 = CARTESIAN_POINT ( 'NONE',  ( -15.00000000000000000, 1.956112807566000145, 0.3992999999999999883 ) ) ;
#21 = DIRECTION ( 'NONE',  ( 1.000000000000000000, 0.000000000000000000, 0.000000000000000000 ) ) ;
#22 = CARTESIAN_POINT ( 'NONE',  ( -0.01468885139132000001, 0.01127115209497000017, 0.3992999999999999883 ) ) ;
#23 = CARTESIAN_POINT ( 'NONE',  ( -0.2240000000000000047, 0.3879793808950000034, 0.000000000000000000 ) ) ;
#24 = AXIS2_PLACEMENT_3D ( 'NONE', #4062, #3276, #490 ) ;
#25 = VERTEX_POINT ( 'NONE', #1903 ) ;
#26 = AXIS2_PLACEMENT_3D ( 'NONE', #2397, #284, #4550 ) ;
#27 = CARTESIAN_POINT ( 'NONE',  ( 12.63755779107400024, -16.50000000000000000, 0.5773000000000000353 ) ) ;
#28 = VERTEX_POINT ( 'NONE', #2533 ) ;
#29 =( NAMED_UNIT ( * ) PLANE_ANGLE_UNIT ( ) SI_UNIT ( $, .RADIAN. ) );
#30 = CONTEXT_DEPENDENT_SHAPE_REPRESENTATION ( #1374, #2579 ) ;
#31 = AXIS2_PLACEMENT_3D ( 'NONE', #4531, #1336, #2356 ) ;
#32 = VERTEX_POINT ( 'NONE', #3683 ) ;
#33 = ADVANCED_FACE ( 'NONE', ( #2559 ), #1882, .F. ) ;
#34 = LINE ( 'NONE', #67, #3527 ) ;
#35 = PRESENTATION_LAYER_ASSIGNMENT (  '', '', ( #404 ) ) ;
#36 = CARTESIAN_POINT ( 'NONE',  ( -15.00000000000000000, 3.000000000000000000, 0.5773000000000000353 ) ) ;
#37 = CARTESIAN_POINT ( 'NONE',  ( 20.00156939064299877, 19.50000000000000000, 0.5773000000000000353 ) ) ;
#38 = AXIS2_PLACEMENT_3D ( 'NONE', #3841, #424, #2883 ) ;
#39 = AXIS2_PLACEMENT_3D ( 'NONE', #2345, #3770, #1633 ) ;
#40 = AXIS2_PLACEMENT_3D ( 'NONE', #3182, #1048, #3872 ) ;
#41 = ORIENTED_EDGE ( 'NONE', *, *, #1210, .F. ) ;
#43 = LINE ( 'NONE', #2093, #1681 ) ;
#42 = CARTESIAN_POINT ( 'NONE',  ( -9.339803143895000659, -22.50000000000000000, 0.5773000000000000353 ) ) ;
#44 = EDGE_CURVE ( 'NONE', #466, #1183, #84, .T. ) ;
#45 = ORIENTED_EDGE ( 'NONE', *, *, #3717, .T. ) ;
#46 = VECTOR ( 'NONE', #3243, 1000.000000000000000 ) ;
#47 = CARTESIAN_POINT ( 'NONE',  ( 25.00000000000000000, -16.50000000000000000, 0.000000000000000000 ) ) ;
#48 = AXIS2_PLACEMENT_3D ( 'NONE', #2139, #2841, #3481 ) ;
#49 =( LENGTH_UNIT ( ) NAMED_UNIT ( * ) SI_UNIT ( .MILLI., .METRE. ) );
#50 = FACE_OUTER_BOUND ( 'NONE', #2777, .T. ) ;
#51 = DIRECTION ( 'NONE',  ( 1.000000000000000000, 0.000000000000000000, 0.000000000000000000 ) ) ;
#52 = DIRECTION ( 'NONE',  ( -1.000000000000000000, 0.000000000000000000, 0.000000000000000000 ) ) ;
#53 = VECTOR ( 'NONE', #2313, 1000.000000000000000 ) ;
#54 = LINE ( 'NONE', #2959, #3592 ) ;
#55 = PRODUCT_DEFINITION_SHAPE ( 'NONE', 'NONE',  #1240 ) ;
#56 = EDGE_CURVE ( 'NONE', #142, #3971, #821, .T. ) ;
#57 = ORIENTED_EDGE ( 'NONE', *, *, #3854, .T. ) ;
#58 = MECHANICAL_DESIGN_GEOMETRIC_PRESENTATION_REPRESENTATION (  '', ( #3098 ), #877 ) ;
#59 = FACE_OUTER_BOUND ( 'NONE', #3422, .T. ) ;
#60 = ORIENTED_EDGE ( 'NONE', *, *, #441, .F. ) ;
#61 =( LENGTH_UNIT ( ) NAMED_UNIT ( * ) SI_UNIT ( .MILLI., .METRE. ) );
#62 = SHAPE_DEFINITION_REPRESENTATION ( #2827, #377 ) ;
#63 = SHAPE_REPRESENTATION ( 'Open CASCADE STEP translator 7.8 1.15.STEP', ( #3551 ), #3935 ) ;
#64 = AXIS2_PLACEMENT_3D ( 'NONE', #2422, #607, #1695 ) ;
#65 = VERTEX_POINT ( 'NONE', #2293 ) ;
#66 = APPLICATION_CONTEXT ( 'automotive_design' ) ;
#67 = CARTESIAN_POINT ( 'NONE',  ( 13.50000000000000000, -16.50000000000000000, 8.507300000000000750 ) ) ;
#68 = PRODUCT_DEFINITION_FORMATION_WITH_SPECIFIED_SOURCE ( 'ANY', '', #4410, .NOT_KNOWN. ) ;
#69 = CARTESIAN_POINT ( 'NONE',  ( 21.50156939099999676, -19.50000000000000000, 0.5772998999999999770 ) ) ;
#70 = CARTESIAN_POINT ( 'NONE',  ( -16.50000000000000000, -13.50000000000000000, 5.307299999999999685 ) ) ;
#71 = EDGE_CURVE ( 'NONE', #109, #3341, #1833, .T. ) ;
#72 = PRODUCT_DEFINITION_FORMATION_WITH_SPECIFIED_SOURCE ( 'ANY', '', #4257, .NOT_KNOWN. ) ;
#73 = EDGE_LOOP ( 'NONE', ( #3876, #1206, #2809, #829 ) ) ;
#75 = DIRECTION ( 'NONE',  ( 0.000000000000000000, 0.000000000000000000, 1.000000000000000000 ) ) ;
#74 = CARTESIAN_POINT ( 'NONE',  ( -20.00156939100000031, 0.000000000000000000, 0.6772998999999999548 ) ) ;
#76 = ORIENTED_EDGE ( 'NONE', *, *, #2655, .T. ) ;
#77 = PRODUCT_RELATED_PRODUCT_CATEGORY ( 'part', '', ( #2035 ) ) ;
#78 = DIRECTION ( 'NONE',  ( -1.000000000000000000, 0.000000000000000000, 0.000000000000000000 ) ) ;
#79 = DIRECTION ( 'NONE',  ( -1.000000000000000000, 0.000000000000000000, 0.000000000000000000 ) ) ;
#80 = CARTESIAN_POINT ( 'NONE',  ( -25.00000000000000000, 0.000000000000000000, 0.1779999999999999916 ) ) ;
#81 = DIRECTION ( 'NONE',  ( 0.000000000000000000, 0.000000000000000000, -1.000000000000000000 ) ) ;
#82 = CARTESIAN_POINT ( 'NONE',  ( 20.00156939064300232, 19.50000000000000000, 5.307299999999999685 ) ) ;
#83 = SHAPE_REPRESENTATION_RELATIONSHIP ( 'NONE' , 'NONE' ,  #1338, #2082 ) ;
#84 = LINE ( 'NONE', #1503, #1213 ) ;
#85 = ORIENTED_EDGE ( 'NONE', *, *, #1668, .F. ) ;
#86 = CARTESIAN_POINT ( 'NONE',  ( -15.00000000000000000, 0.000000000000000000, 0.3992999999999999883 ) ) ;
#87 = CARTESIAN_POINT ( 'NONE',  ( 0.000000000000000000, 0.000000000000000000, 0.1779999999999999916 ) ) ;
#88 = ORIENTED_EDGE ( 'NONE', *, *, #4001, .T. ) ;
#89 = EDGE_CURVE ( 'NONE', #3817, #1588, #846, .T. ) ;
#90 = DIRECTION ( 'NONE',  ( 0.000000000000000000, -1.000000000000000000, 0.000000000000000000 ) ) ;
#91 = APPLICATION_PROTOCOL_DEFINITION ( 'draft international standard', 'automotive_design', 1998, #3939 ) ;
#92 = ORIENTED_EDGE ( 'NONE', *, *, #3918, .T. ) ;
#93 = DIRECTION ( 'NONE',  ( 0.000000000000000000, 0.000000000000000000, -1.000000000000000000 ) ) ;
#94 = DIRECTION ( 'NONE',  ( 1.000000000000000000, 0.000000000000000000, 0.000000000000000000 ) ) ;
#95 = ORIENTED_EDGE ( 'NONE', *, *, #1057, .F. ) ;
#96 = SHAPE_REPRESENTATION_RELATIONSHIP ( 'NONE' , 'NONE' ,  #101, #1757 ) ;
#97 = ORIENTED_EDGE ( 'NONE', *, *, #2024, .F. ) ;
#98 = DIRECTION ( 'NONE',  ( 0.000000000000000000, 0.000000000000000000, 1.000000000000000000 ) ) ;
#99 = PRODUCT_DEFINITION_CONTEXT ( 'detailed design', #4109, 'design' ) ;
#100 = PRODUCT_DEFINITION_SHAPE ( 'NONE', 'NONE',  #2316 ) ;
#101 = SHAPE_REPRESENTATION ( 'Open CASCADE STEP translator 7.8 1.17.STEP', ( #3551 ), #149 ) ;
#102 = DIRECTION ( 'NONE',  ( 1.000000000000000000, 0.000000000000000000, 0.000000000000000000 ) ) ;
#103 = APPLICATION_CONTEXT ( 'automotive_design' ) ;
#104 = CYLINDRICAL_SURFACE ( 'NONE', #1453, 1.500000000000001332 ) ;
#105 = EDGE_CURVE ( 'NONE', #327, #160, #1170, .T. ) ;
#106 = DIRECTION ( 'NONE',  ( 0.000000000000000000, 0.000000000000000000, 1.000000000000000000 ) ) ;
#107 = UNCERTAINTY_MEASURE_WITH_UNIT (LENGTH_MEASURE( 1.000000000000000082E-05 ), #622, 'distance_accuracy_value', 'NONE');
#108 = CARTESIAN_POINT ( 'NONE',  ( -0.01706935259613000244, -0.007070357346244999890, 0.1779999999999999916 ) ) ;
#109 = VERTEX_POINT ( 'NONE', #4019 ) ;
#110 = DIRECTION ( 'NONE',  ( 0.000000000000000000, 1.000000000000000000, 0.000000000000000000 ) ) ;
#111 = CARTESIAN_POINT ( 'NONE',  ( -21.50156939099999676, 19.50000000000000000, 0.5772998999999999770 ) ) ;
#112 = EDGE_LOOP ( 'NONE', ( #4318, #700, #1648, #1704 ) ) ;
#113 = CLOSED_SHELL ( 'NONE', ( #1937, #1401, #3085, #1139, #4399, #4013, #4264, #3254, #2409, #2722, #4339 ) ) ;
#114 = EDGE_CURVE ( 'NONE', #3190, #1252, #2242, .T. ) ;
#115 = PRODUCT_CONTEXT ( 'NONE', #66, 'mechanical' ) ;
#116 = ORIENTED_EDGE ( 'NONE', *, *, #3200, .F. ) ;
#117 = CIRCLE ( 'NONE', #2626, 1.500000000000001332 ) ;
#118 = LINE ( 'NONE', #3628, #4058 ) ;
#119 = CARTESIAN_POINT ( 'NONE',  ( 21.50156939064299877, -3.469446951954000336E-15, 0.6773000000000000131 ) ) ;
#120 = CARTESIAN_POINT ( 'NONE',  ( -21.50156939063999673, -3.469446951954000336E-15, 0.6773000000000000131 ) ) ;
#121 = ORIENTED_EDGE ( 'NONE', *, *, #4382, .F. ) ;
#122 = VECTOR ( 'NONE', #2743, 1000.000000000000000 ) ;
#123 = CIRCLE ( 'NONE', #4501, 1.500000000000001332 ) ;
#124 =( LENGTH_UNIT ( ) NAMED_UNIT ( * ) SI_UNIT ( .MILLI., .METRE. ) );
#125 = EDGE_CURVE ( 'NONE', #1145, #3568, #54, .T. ) ;
#126 = ORIENTED_EDGE ( 'NONE', *, *, #3717, .F. ) ;
#127 = AXIS2_PLACEMENT_3D ( 'NONE', #370, #3080, #2880 ) ;
#128 = LINE ( 'NONE', #1518, #2048 ) ;
#129 = PLANE ( 'NONE',  #1388 ) ;
#130 = CARTESIAN_POINT ( 'NONE',  ( 21.50156939064299877, -3.469446951954000336E-15, 5.307299999999999685 ) ) ;
#131 = VECTOR ( 'NONE', #3226, 1000.000000000000000 ) ;
#132 = DIRECTION ( 'NONE',  ( 1.000000000000000000, 0.000000000000000000, 0.000000000000000000 ) ) ;
#133 = DIRECTION ( 'NONE',  ( 1.000000000000000000, 0.000000000000000000, 0.000000000000000000 ) ) ;
#134 = CYLINDRICAL_SURFACE ( 'NONE', #3824, 0.03999999999999999389 ) ;
#135 = VECTOR ( 'NONE', #1893, 1000.000000000000000 ) ;
#136 = ADVANCED_FACE ( 'NONE', ( #4391 ), #1193, .F. ) ;
#137 = ORIENTED_EDGE ( 'NONE', *, *, #450, .F. ) ;
#138 = VECTOR ( 'NONE', #2537, 1000.000000000000114 ) ;
#139 = DIRECTION ( 'NONE',  ( 0.000000000000000000, 0.000000000000000000, -1.000000000000000000 ) ) ;
#140 = ORIENTED_EDGE ( 'NONE', *, *, #4382, .T. ) ;
#141 = APPLICATION_PROTOCOL_DEFINITION ( 'draft international standard', 'automotive_design', 1998, #2206 ) ;
#142 = VERTEX_POINT ( 'NONE', #1929 ) ;
#143 = EDGE_CURVE ( 'NONE', #898, #2916, #4502, .T. ) ;
#144 = PRODUCT_DEFINITION_SHAPE ( 'NONE', 'NONE',  #2536 ) ;
#145 = CARTESIAN_POINT ( 'NONE',  ( -16.50000000000000000, 13.50000000000000000, 5.307299999999999685 ) ) ;
#146 = CARTESIAN_POINT ( 'NONE',  ( -9.339803143895000659, -22.50000000000000000, 0.1779999999999999916 ) ) ;
#147 = ORIENTED_EDGE ( 'NONE', *, *, #4324, .F. ) ;
#148 =( NAMED_UNIT ( * ) SI_UNIT ( $, .STERADIAN. ) SOLID_ANGLE_UNIT ( ) );
#149 =( GEOMETRIC_REPRESENTATION_CONTEXT ( 3 ) GLOBAL_UNCERTAINTY_ASSIGNED_CONTEXT ( ( #2549 ) ) GLOBAL_UNIT_ASSIGNED_CONTEXT ( ( #4381, #504, #2828 ) ) REPRESENTATION_CONTEXT ( 'NONE', 'WORKASPACE' ) );
#150 = EDGE_LOOP ( 'NONE', ( #2003, #3646 ) ) ;
#152 = DIRECTION ( 'NONE',  ( 0.9238795325112766355, -0.3826834323651143732, 0.000000000000000000 ) ) ;
#151 = CARTESIAN_POINT ( 'NONE',  ( -0.002416678348502999691, -0.01835649450478000003, 0.3992999999999999883 ) ) ;
#153 = EDGE_CURVE ( 'NONE', #1342, #1588, #3780, .T. ) ;
#154 = DIRECTION ( 'NONE',  ( 0.000000000000000000, 0.000000000000000000, 1.000000000000000000 ) ) ;
#155 = DIRECTION ( 'NONE',  ( 0.000000000000000000, 0.000000000000000000, 1.000000000000000000 ) ) ;
#156 = DIRECTION ( 'NONE',  ( 0.000000000000000000, 0.000000000000000000, -1.000000000000000000 ) ) ;
#157 = UNCERTAINTY_MEASURE_WITH_UNIT (LENGTH_MEASURE( 1.000000000000000082E-05 ), #3660, 'distance_accuracy_value', 'NONE');
#158 = DIRECTION ( 'NONE',  ( 0.000000000000000000, 0.000000000000000000, -1.000000000000000000 ) ) ;
#159 = CARTESIAN_POINT ( 'NONE',  ( 0.01710552973981999819, 0.007085342409808999785, 0.3992999999999999883 ) ) ;
#160 = VERTEX_POINT ( 'NONE', #1261 ) ;
#161 = CARTESIAN_POINT ( 'NONE',  ( -20.00156939100000031, -19.50000000000000000, 0.5772998999999999770 ) ) ;
#162 = PLANE ( 'NONE',  #491 ) ;
#163 = ORIENTED_EDGE ( 'NONE', *, *, #153, .T. ) ;
#164 = EDGE_CURVE ( 'NONE', #3971, #3603, #216, .T. ) ;
#165 =( LENGTH_UNIT ( ) NAMED_UNIT ( * ) SI_UNIT ( .MILLI., .METRE. ) );
#166 = EDGE_LOOP ( 'NONE', ( #4375, #1719, #1322, #410, #967 ) ) ;
#168 = CARTESIAN_POINT ( 'NONE',  ( -7.806255641895999731E-16, 3.000000000000000000, 0.000000000000000000 ) ) ;
#167 = PLANE ( 'NONE',  #935 ) ;
#169 = CARTESIAN_POINT ( 'NONE',  ( 0.01465778537412000017, 0.01124731430156999945, 0.1779999999999999916 ) ) ;
#170 = LINE ( 'NONE', #3001, #401 ) ;
#171 = DIRECTION ( 'NONE',  ( 0.000000000000000000, 1.000000000000000000, 0.000000000000000000 ) ) ;
#172 = CARTESIAN_POINT ( 'NONE',  ( -9.339803143895000659, 22.50000000000000000, 0.1779999999999999916 ) ) ;
#173 = PRODUCT_DEFINITION_SHAPE ( 'NONE', 'NONE',  #4612 ) ;
#174 = ADVANCED_FACE ( 'NONE', ( #2377 ), #4129, .T. ) ;
#175 = AXIS2_PLACEMENT_3D ( 'NONE', #2607, #4039, #2264 ) ;
#176 = CARTESIAN_POINT ( 'NONE',  ( -9.339803143895000659, 22.50000000000000000, 0.5773000000000000353 ) ) ;
#177 = CARTESIAN_POINT ( 'NONE',  ( -21.50156939063999673, -3.469446951954000336E-15, 0.5773000000000000353 ) ) ;
#178 = VERTEX_POINT ( 'NONE', #2032 ) ;
#179 = DIRECTION ( 'NONE',  ( 1.000000000000000000, 0.000000000000000000, 0.000000000000000000 ) ) ;
#180 = CIRCLE ( 'NONE', #1523, 1.500000000000001332 ) ;
#181 = ADVANCED_FACE ( 'NONE', ( #1616 ), #1594, .F. ) ;
#182 = EDGE_LOOP ( 'NONE', ( #2317, #1515, #4153, #3688 ) ) ;
#183 = DIRECTION ( 'NONE',  ( 0.000000000000000000, 0.000000000000000000, -1.000000000000000000 ) ) ;
#184 = DIRECTION ( 'NONE',  ( 0.000000000000000000, 0.000000000000000000, 1.000000000000000000 ) ) ;
#185 = AXIS2_PLACEMENT_3D ( 'NONE', #4026, #832, #2542 ) ;
#186 = PRODUCT_DEFINITION_CONTEXT ( 'detailed design', #738, 'design' ) ;
#187 = VECTOR ( 'NONE', #2, 1000.000000000000000 ) ;
#188 = STYLED_ITEM ( 'NONE', ( #1348 ), #1304 ) ;
#189 = LINE ( 'NONE', #3775, #2773 ) ;
#190 = CARTESIAN_POINT ( 'NONE',  ( 26.50000000000000000, -23.50000000000000000, 8.507300000000000750 ) ) ;
#191 = EDGE_CURVE ( 'NONE', #2365, #3620, #584, .T. ) ;
#192 = CARTESIAN_POINT ( 'NONE',  ( 0.000000000000000000, -22.50000000000000000, 0.000000000000000000 ) ) ;
#193 = UNCERTAINTY_MEASURE_WITH_UNIT (LENGTH_MEASURE( 1.000000000000000082E-05 ), #3305, 'distance_accuracy_value', 'NONE');
#194 = VECTOR ( 'NONE', #895, 1000.000000000000000 ) ;
#195 = DIRECTION ( 'NONE',  ( 1.000000000000000000, 0.000000000000000000, 0.000000000000000000 ) ) ;
#196 = CIRCLE ( 'NONE', #4352, 2.999999999999999112 ) ;
#197 = EDGE_LOOP ( 'NONE', ( #2757, #2063, #2795, #1424 ) ) ;
#198 = CIRCLE ( 'NONE', #2789, 0.04000000000001999872 ) ;
#199 = EDGE_CURVE ( 'NONE', #32, #2966, #4569, .T. ) ;
#200 = ORIENTED_EDGE ( 'NONE', *, *, #2511, .F. ) ;
#201 = AXIS2_PLACEMENT_3D ( 'NONE', #2815, #1433, #1483 ) ;
#202 = SURFACE_STYLE_FILL_AREA ( #1977 ) ;
#203 = FACE_OUTER_BOUND ( 'NONE', #4190, .T. ) ;
#204 = ORIENTED_EDGE ( 'NONE', *, *, #2839, .T. ) ;
#205 = DIRECTION ( 'NONE',  ( 1.000000000000000000, 0.000000000000000000, 0.000000000000000000 ) ) ;
#206 = STYLED_ITEM ( 'NONE', ( #3353 ), #4503 ) ;
#207 = ORIENTED_EDGE ( 'NONE', *, *, #4146, .T. ) ;
#208 = PLANE ( 'NONE',  #39 ) ;
#209 = ADVANCED_FACE ( 'NONE', ( #604 ), #1692, .F. ) ;
#210 = AXIS2_PLACEMENT_3D ( 'NONE', #1185, #1226, #2618 ) ;
#211 = ORIENTED_EDGE ( 'NONE', *, *, #3356, .F. ) ;
#212 = DIRECTION ( 'NONE',  ( 0.000000000000000000, 0.000000000000000000, 1.000000000000000000 ) ) ;
#213 = DIRECTION ( 'NONE',  ( 0.000000000000000000, 0.000000000000000000, -1.000000000000000000 ) ) ;
#214 = CARTESIAN_POINT ( 'NONE',  ( -25.00000000000000000, 22.50000000000000000, 0.5773000000000000353 ) ) ;
#215 = ADVANCED_FACE ( 'NONE', ( #1640 ), #515, .F. ) ;
#216 = LINE ( 'NONE', #172, #3215 ) ;
#217 =( NAMED_UNIT ( * ) PLANE_ANGLE_UNIT ( ) SI_UNIT ( $, .RADIAN. ) );
#218 = VERTEX_POINT ( 'NONE', #893 ) ;
#219 = ORIENTED_EDGE ( 'NONE', *, *, #3400, .T. ) ;
#220 = DIRECTION ( 'NONE',  ( 0.3826834323651143177, -0.9238795325112765244, 0.000000000000000000 ) ) ;
#221 = VERTEX_POINT ( 'NONE', #1239 ) ;
#222 =( LENGTH_UNIT ( ) NAMED_UNIT ( * ) SI_UNIT ( .MILLI., .METRE. ) );
#223 = EDGE_LOOP ( 'NONE', ( #1339, #97, #3738, #3948 ) ) ;
#224 = EDGE_CURVE ( 'NONE', #1624, #3205, #252, .T. ) ;
#226 = DIRECTION ( 'NONE',  ( 8.868038920268000334E-16, -1.000000000000000000, 0.000000000000000000 ) ) ;
#225 = CYLINDRICAL_SURFACE ( 'NONE', #1693, 1.500000000000001332 ) ;
#227 = DIRECTION ( 'NONE',  ( -1.000000000000000000, 0.000000000000000000, 0.000000000000000000 ) ) ;
#228 = ORIENTED_EDGE ( 'NONE', *, *, #792, .T. ) ;
#229 = CARTESIAN_POINT ( 'NONE',  ( 0.01710552973981999819, 0.007085342409808999785, 0.5773000000000000353 ) ) ;
#230 = CARTESIAN_POINT ( 'NONE',  ( 0.000000000000000000, 0.000000000000000000, 0.3992999999999999883 ) ) ;
#231 =( NAMED_UNIT ( * ) SI_UNIT ( $, .STERADIAN. ) SOLID_ANGLE_UNIT ( ) );
#232 = LINE ( 'NONE', #2308, #3447 ) ;
#233 = EDGE_CURVE ( 'NONE', #251, #160, #4481, .T. ) ;
#234 = DIRECTION ( 'NONE',  ( 0.000000000000000000, 0.000000000000000000, 1.000000000000000000 ) ) ;
#235 = ORIENTED_EDGE ( 'NONE', *, *, #907, .T. ) ;
#236 = FILL_AREA_STYLE_COLOUR ( '', #3776 ) ;
#237 = ADVANCED_BREP_SHAPE_REPRESENTATION ( '', ( #2955, #3551 ), #1027 ) ;
#238 = EDGE_LOOP ( 'NONE', ( #990, #858 ) ) ;
#239 = PRODUCT_DEFINITION_SHAPE ( 'NONE', 'NONE',  #4610 ) ;
#240 = EDGE_CURVE ( 'NONE', #3046, #65, #1335, .T. ) ;
#241 =( REPRESENTATION_RELATIONSHIP ('NONE','NONE', #678, #63 ) REPRESENTATION_RELATIONSHIP_WITH_TRANSFORMATION ( #2726 )SHAPE_REPRESENTATION_RELATIONSHIP( ) );
#242 = CARTESIAN_POINT ( 'NONE',  ( 21.50156939099999676, -19.50000000000000000, 0.5772998999999999770 ) ) ;
#243 = LINE ( 'NONE', #2971, #1470 ) ;
#244 = ORIENTED_EDGE ( 'NONE', *, *, #2886, .T. ) ;
#245 = CARTESIAN_POINT ( 'NONE',  ( 0.000000000000000000, 0.000000000000000000, 0.000000000000000000 ) ) ;
#246 = ORIENTED_EDGE ( 'NONE', *, *, #2849, .T. ) ;
#247 = CARTESIAN_POINT ( 'NONE',  ( -30.00000000000000000, -30.00000000000000000, 5.307299999999999685 ) ) ;
#249 = DIRECTION ( 'NONE',  ( 0.000000000000000000, 0.000000000000000000, 1.000000000000000000 ) ) ;
#248 = LINE ( 'NONE', #3701, #4069 ) ;
#250 = EDGE_CURVE ( 'NONE', #1200, #4486, #393, .T. ) ;
#251 = VERTEX_POINT ( 'NONE', #980 ) ;
#252 = CIRCLE ( 'NONE', #2403, 1.500000000000001332 ) ;
#253 = PLANE ( 'NONE',  #3519 ) ;
#254 = PRESENTATION_STYLE_ASSIGNMENT (( #3663 ) ) ;
#255 = VECTOR ( 'NONE', #1947, 1000.000000000000000 ) ;
#256 = AXIS2_PLACEMENT_3D ( 'NONE', #1130, #152, #1188 ) ;
#257 = CARTESIAN_POINT ( 'NONE',  ( -13.50000000000000000, 16.50000000000000000, 5.307299999999999685 ) ) ;
#258 = CARTESIAN_POINT ( 'NONE',  ( 26.50000000000000000, 23.50000000000000000, 8.507300000000000750 ) ) ;
#259 = CIRCLE ( 'NONE', #3302, 2.999999999999999112 ) ;
#260 = CIRCLE ( 'NONE', #3011, 0.03999999999999999389 ) ;
#261 = CARTESIAN_POINT ( 'NONE',  ( 15.00000000000000000, -1.956152303315000340, 0.1779999999999999916 ) ) ;
#262 = DIRECTION ( 'NONE',  ( -1.000000000000000000, 0.000000000000000000, 0.000000000000000000 ) ) ;
#263 = EDGE_CURVE ( 'NONE', #1183, #3279, #232, .T. ) ;
#264 = VECTOR ( 'NONE', #420, 1000.000000000000000 ) ;
#265 = ORIENTED_EDGE ( 'NONE', *, *, #1305, .F. ) ;
#266 = LINE ( 'NONE', #2460, #3379 ) ;
#267 = AXIS2_PLACEMENT_3D ( 'NONE', #2663, #1987, #1943 ) ;
#268 = CARTESIAN_POINT ( 'NONE',  ( 20.00156939100000031, 1.836970198721000105E-16, 0.5772998999999999770 ) ) ;
#269 = EDGE_LOOP ( 'NONE', ( #3035, #3066 ) ) ;
#270 = DIRECTION ( 'NONE',  ( 0.000000000000000000, 0.000000000000000000, 1.000000000000000000 ) ) ;
#271 = ADVANCED_FACE ( 'NONE', ( #3711 ), #1309, .T. ) ;
#272 = CIRCLE ( 'NONE', #2419, 1.500000000000001332 ) ;
#273 = APPLICATION_CONTEXT ( 'automotive_design' ) ;
#275 = CYLINDRICAL_SURFACE ( 'NONE', #3380, 1.500000000000001332 ) ;
#274 = CARTESIAN_POINT ( 'NONE',  ( -25.00000000000000000, 0.000000000000000000, 0.5773000000000000353 ) ) ;
#276 = PRODUCT_DEFINITION_CONTEXT ( 'detailed design', #1250, 'design' ) ;
#277 = VECTOR ( 'NONE', #4421, 1000.000000000000000 ) ;
#278 = COLOUR_RGB ( '',0.7921568627450980005, 0.8196078431372548767, 0.9333333333333333481 ) ;
#279 = ORIENTED_EDGE ( 'NONE', *, *, #640, .T. ) ;
#280 = DIRECTION ( 'NONE',  ( 1.000000000000000000, 0.000000000000000000, 0.000000000000000000 ) ) ;
#281 = EDGE_CURVE ( 'NONE', #2825, #3727, #2470, .T. ) ;
#283 = CARTESIAN_POINT ( 'NONE',  ( 23.50000000000000000, -26.50000000000000000, 8.507300000000000750 ) ) ;
#282 = FACE_OUTER_BOUND ( 'NONE', #4320, .T. ) ;
#284 = DIRECTION ( 'NONE',  ( 0.000000000000000000, 0.000000000000000000, 1.000000000000000000 ) ) ;
#285 = FACE_OUTER_BOUND ( 'NONE', #3722, .T. ) ;
#286 = DIRECTION ( 'NONE',  ( 1.000000000000000000, 0.000000000000000000, 0.000000000000000000 ) ) ;
#287 = ORIENTED_EDGE ( 'NONE', *, *, #2370, .T. ) ;
#288 = CARTESIAN_POINT ( 'NONE',  ( 0.2558841336120000198, 0.3638887313559999725, 0.3992999999999999883 ) ) ;
#289 = ORIENTED_EDGE ( 'NONE', *, *, #1504, .T. ) ;
#290 = ORIENTED_EDGE ( 'NONE', *, *, #758, .T. ) ;
#291 = ADVANCED_FACE ( 'NONE', ( #3027 ), #4224, .T. ) ;
#292 = DIRECTION ( 'NONE',  ( 1.000000000000000000, 0.000000000000000000, 0.000000000000000000 ) ) ;
#293 = CARTESIAN_POINT ( 'NONE',  ( -23.50000000000000000, 26.50000000000000000, 5.307299999999999685 ) ) ;
#294 = APPLICATION_CONTEXT ( 'automotive_design' ) ;
#295 = ORIENTED_EDGE ( 'NONE', *, *, #44, .T. ) ;
#296 = EDGE_LOOP ( 'NONE', ( #3151, #537 ) ) ;
#297 = LINE ( 'NONE', #2894, #2786 ) ;
#298 = ADVANCED_FACE ( 'NONE', ( #3133 ), #3159, .F. ) ;
#299 = CARTESIAN_POINT ( 'NONE',  ( 21.50156939099999676, 0.000000000000000000, 0.5772998999999999770 ) ) ;
#300 = CARTESIAN_POINT ( 'NONE',  ( 0.000000000000000000, 3.000000000000000000, 0.3992999999999999883 ) ) ;
#301 = CARTESIAN_POINT ( 'NONE',  ( 15.00000000000000000, -3.000000000000000000, 0.5773000000000000353 ) ) ;
#302 = EDGE_CURVE ( 'NONE', #1276, #3214, #4462, .T. ) ;
#303 = ORIENTED_EDGE ( 'NONE', *, *, #2075, .T. ) ;
#304 = CARTESIAN_POINT ( 'NONE',  ( 0.4079999999999999738, 0.000000000000000000, 0.1779999999999999916 ) ) ;
#305 = ORIENTED_EDGE ( 'NONE', *, *, #632, .F. ) ;
#306 = DIRECTION ( 'NONE',  ( 1.000000000000000000, 0.000000000000000000, 0.000000000000000000 ) ) ;
#307 = CARTESIAN_POINT ( 'NONE',  ( -0.01468885139132000001, -0.01127115209497000017, 0.3992999999999999883 ) ) ;
#309 = DIRECTION ( 'NONE',  ( 0.000000000000000000, 0.000000000000000000, 1.000000000000000000 ) ) ;
#308 = DIRECTION ( 'NONE',  ( -1.000000000000000000, -2.215461512956000046E-16, 0.000000000000000000 ) ) ;
#310 = EDGE_LOOP ( 'NONE', ( #4558, #3194, #2490, #499 ) ) ;
#311 = EDGE_CURVE ( 'NONE', #1128, #2888, #3898, .T. ) ;
#312 = ORIENTED_EDGE ( 'NONE', *, *, #3356, .T. ) ;
#313 = CARTESIAN_POINT ( 'NONE',  ( -13.50000000000000000, -16.50000000000000000, 8.507300000000000750 ) ) ;
#314 = DIRECTION ( 'NONE',  ( 0.000000000000000000, 0.000000000000000000, -1.000000000000000000 ) ) ;
#315 = DIRECTION ( 'NONE',  ( 0.000000000000000000, 0.000000000000000000, -1.000000000000000000 ) ) ;
#316 = VECTOR ( 'NONE', #3005, 1000.000000000000000 ) ;
#317 = PRODUCT_RELATED_PRODUCT_CATEGORY ( 'part', '', ( #4006 ) ) ;
#318 = DIRECTION ( 'NONE',  ( 1.000000000000000000, 0.000000000000000000, 0.000000000000000000 ) ) ;
#319 = LINE ( 'NONE', #763, #486 ) ;
#320 = AXIS2_PLACEMENT_3D ( 'NONE', #461, #1477, #3658 ) ;
#321 = CIRCLE ( 'NONE', #3374, 2.999999999999999112 ) ;
#322 =( REPRESENTATION_RELATIONSHIP ('NONE','NONE', #678, #101 ) REPRESENTATION_RELATIONSHIP_WITH_TRANSFORMATION ( #4135 )SHAPE_REPRESENTATION_RELATIONSHIP( ) );
#323 = VECTOR ( 'NONE', #2236, 1000.000000000000000 ) ;
#324 = EDGE_LOOP ( 'NONE', ( #3472, #503, #3186, #536 ) ) ;
#325 = VECTOR ( 'NONE', #548, 1000.000000000000000 ) ;
#326 = CARTESIAN_POINT ( 'NONE',  ( 0.000000000000000000, -22.50000000000000000, 0.1779999999999999916 ) ) ;
#327 = VERTEX_POINT ( 'NONE', #3490 ) ;
#328 = ADVANCED_FACE ( 'NONE', ( #1379 ), #3871, .F. ) ;
#329 = VECTOR ( 'NONE', #4446, 1000.000000000000000 ) ;
#330 = SHAPE_DEFINITION_REPRESENTATION ( #2216, #3573 ) ;
#331 = VECTOR ( 'NONE', #1851, 1000.000000000000114 ) ;
#332 = VECTOR ( 'NONE', #3251, 1000.000000000000000 ) ;
#333 = CARTESIAN_POINT ( 'NONE',  ( 20.00156939064300232, -3.469446951954000336E-15, 5.307299999999999685 ) ) ;
#335 = CYLINDRICAL_SURFACE ( 'NONE', #2052, 1.500000000000001332 ) ;
#334 = CARTESIAN_POINT ( 'NONE',  ( -25.00000000000000000, -22.50000000000000000, 0.000000000000000000 ) ) ;
#336 = ORIENTED_EDGE ( 'NONE', *, *, #1964, .T. ) ;
#337 = VECTOR ( 'NONE', #3193, 1000.000000000000000 ) ;
#338 = EDGE_LOOP ( 'NONE', ( #947, #1434 ) ) ;
#339 = AXIS2_PLACEMENT_3D ( 'NONE', #1197, #2375, #2053 ) ;
#340 = CARTESIAN_POINT ( 'NONE',  ( 0.4480000000000000093, 0.000000000000000000, 0.1779999999999999916 ) ) ;
#341 = EDGE_CURVE ( 'NONE', #2196, #572, #652, .T. ) ;
#342 = ORIENTED_EDGE ( 'NONE', *, *, #2575, .F. ) ;
#343 = CARTESIAN_POINT ( 'NONE',  ( 23.00156939064299877, 19.50000000000000000, 0.5773000000000000353 ) ) ;
#344 = PRODUCT_DEFINITION_SHAPE ( 'NONE', 'NONE',  #2601 ) ;
#345 = DIRECTION ( 'NONE',  ( 0.000000000000000000, 0.000000000000000000, -1.000000000000000000 ) ) ;
#346 = VECTOR ( 'NONE', #3262, 1000.000000000000000 ) ;
#347 = PRESENTATION_STYLE_ASSIGNMENT (( #3962 ) ) ;
#348 = DIRECTION ( 'NONE',  ( 0.000000000000000000, 0.000000000000000000, 1.000000000000000000 ) ) ;
#349 = CARTESIAN_POINT ( 'NONE',  ( 0.000000000000000000, 0.000000000000000000, 0.3992999999999999883 ) ) ;
#350 = ADVANCED_FACE ( 'NONE', ( #2810 ), #1028, .T. ) ;
#351 = CARTESIAN_POINT ( 'NONE',  ( 25.00000000000000000, -22.50000000000000000, 0.3992999999999999883 ) ) ;
#352 =( GEOMETRIC_REPRESENTATION_CONTEXT ( 3 ) GLOBAL_UNCERTAINTY_ASSIGNED_CONTEXT ( ( #157 ) ) GLOBAL_UNIT_ASSIGNED_CONTEXT ( ( #3660, #820, #2532 ) ) REPRESENTATION_CONTEXT ( 'NONE', 'WORKASPACE' ) );
#353 = CYLINDRICAL_SURFACE ( 'NONE', #4158, 1.500000000000001332 ) ;
#354 = AXIS2_PLACEMENT_3D ( 'NONE', #3811, #4539, #3740 ) ;
#355 = ORIENTED_EDGE ( 'NONE', *, *, #4053, .F. ) ;
#356 = DIRECTION ( 'NONE',  ( 0.000000000000000000, 0.000000000000000000, 1.000000000000000000 ) ) ;
#357 = VERTEX_POINT ( 'NONE', #1046 ) ;
#358 = VERTEX_POINT ( 'NONE', #2126 ) ;
#359 = SHAPE_DEFINITION_REPRESENTATION ( #3703, #3752 ) ;
#360 = ORIENTED_EDGE ( 'NONE', *, *, #263, .T. ) ;
#361 = FACE_OUTER_BOUND ( 'NONE', #2430, .T. ) ;
#362 = DIRECTION ( 'NONE',  ( 0.000000000000000000, 0.000000000000000000, 1.000000000000000000 ) ) ;
#363 = ORIENTED_EDGE ( 'NONE', *, *, #3340, .T. ) ;
#364 = EDGE_CURVE ( 'NONE', #1457, #1114, #2457, .T. ) ;
#365 = CARTESIAN_POINT ( 'NONE',  ( -0.01468885139132000001, -0.01127115209497000017, 0.3992999999999999883 ) ) ;
#366 = ORIENTED_EDGE ( 'NONE', *, *, #2431, .T. ) ;
#367 = DIRECTION ( 'NONE',  ( 1.000000000000000000, 0.000000000000000000, 0.000000000000000000 ) ) ;
#368 = CARTESIAN_POINT ( 'NONE',  ( 0.000000000000000000, 0.000000000000000000, 0.000000000000000000 ) ) ;
#369 = DIRECTION ( 'NONE',  ( 0.000000000000000000, 0.000000000000000000, 1.000000000000000000 ) ) ;
#370 = CARTESIAN_POINT ( 'NONE',  ( 21.50156939064299877, -19.50000000000000000, 5.307299999999999685 ) ) ;
#371 = DIRECTION ( 'NONE',  ( 0.000000000000000000, 0.000000000000000000, 1.000000000000000000 ) ) ;
#372 = EDGE_CURVE ( 'NONE', #753, #1493, #691, .T. ) ;
#373 = VERTEX_POINT ( 'NONE', #4597 ) ;
#374 = FACE_OUTER_BOUND ( 'NONE', #3969, .T. ) ;
#375 = EDGE_LOOP ( 'NONE', ( #305, #1568, #2906, #1441 ) ) ;
#376 = DIRECTION ( 'NONE',  ( 1.000000000000000000, 0.000000000000000000, 0.000000000000000000 ) ) ;
#377 = SHAPE_REPRESENTATION ( 'Open CASCADE STEP translator 7.8 1.3_9.STEP', ( #3551 ), #352 ) ;
#378 = VERTEX_POINT ( 'NONE', #3466 ) ;
#379 = EDGE_CURVE ( 'NONE', #1219, #4347, #2548, .T. ) ;
#380 = PRODUCT ( 'Open CASCADE STEP translator 7.8 1.16.STEP', 'Open CASCADE STEP translator 7.8 1.16.STEP', '', ( #2406 ) ) ;
#381 = LINE ( 'NONE', #3597, #4136 ) ;
#382 = DIRECTION ( 'NONE',  ( -1.000000000000000000, 0.000000000000000000, 0.000000000000000000 ) ) ;
#383 = DIRECTION ( 'NONE',  ( 1.000000000000000000, 0.000000000000000000, 0.000000000000000000 ) ) ;
#384 = ORIENTED_EDGE ( 'NONE', *, *, #4124, .T. ) ;
#385 = ORIENTED_EDGE ( 'NONE', *, *, #1011, .T. ) ;
#386 = EDGE_CURVE ( 'NONE', #65, #3067, #3823, .T. ) ;
#387 = FACE_OUTER_BOUND ( 'NONE', #2770, .T. ) ;
#388 = FILL_AREA_STYLE_COLOUR ( '', #783 ) ;
#389 = VECTOR ( 'NONE', #1554, 1000.000000000000000 ) ;
#390 = DIRECTION ( 'NONE',  ( 1.000000000000000000, 0.000000000000000000, 0.000000000000000000 ) ) ;
#391 = CARTESIAN_POINT ( 'NONE',  ( 21.50156939099999676, -19.50000000000000000, 0.6772998999999999548 ) ) ;
#392 = CARTESIAN_POINT ( 'NONE',  ( 0.000000000000000000, 22.50000000000000000, 0.1779999999999999916 ) ) ;
#393 = CIRCLE ( 'NONE', #4348, 0.03999999999999999389 ) ;
#394 = ORIENTED_EDGE ( 'NONE', *, *, #4243, .F. ) ;
#395 = EDGE_LOOP ( 'NONE', ( #336, #1105, #1583, #1798 ) ) ;
#396 = AXIS2_PLACEMENT_3D ( 'NONE', #2417, #649, #2077 ) ;
#397 = CARTESIAN_POINT ( 'NONE',  ( 21.50156939099999676, 0.000000000000000000, 0.5772998999999999770 ) ) ;
#398 = ORIENTED_EDGE ( 'NONE', *, *, #792, .F. ) ;
#399 = ADVANCED_FACE ( 'NONE', ( #3536, #3117, #1354, #2762, #576, #1652, #922, #3769 ), #3417, .T. ) ;
#400 = APPLICATION_PROTOCOL_DEFINITION ( 'draft international standard', 'automotive_design', 1998, #2905 ) ;
#401 = VECTOR ( 'NONE', #1501, 1000.000000000000000 ) ;
#402 = VECTOR ( 'NONE', #3024, 1000.000000000000000 ) ;
#403 = CARTESIAN_POINT ( 'NONE',  ( -0.01706935259613000244, -0.007070357346244999890, 0.000000000000000000 ) ) ;
#404 = STYLED_ITEM ( 'NONE', ( #807 ), #2844 ) ;
#405 = CARTESIAN_POINT ( 'NONE',  ( 21.50156939099999676, 19.50000000000000000, 0.5772998999999999770 ) ) ;
#406 = LINE ( 'NONE', #146, #46 ) ;
#407 = VERTEX_POINT ( 'NONE', #4474 ) ;
#408 = PRODUCT_DEFINITION ( 'UNKNOWN', '', #1481, #99 ) ;
#409 = AXIS2_PLACEMENT_3D ( 'NONE', #1281, #1030, #4571 ) ;
#410 = ORIENTED_EDGE ( 'NONE', *, *, #3475, .F. ) ;
#412 = DIRECTION ( 'NONE',  ( 0.000000000000000000, 1.000000000000000000, 0.000000000000000000 ) ) ;
#411 = CARTESIAN_POINT ( 'NONE',  ( -0.002416678348502999691, 0.01835649450478000003, 0.3992999999999999883 ) ) ;
#413 = ORIENTED_EDGE ( 'NONE', *, *, #2133, .T. ) ;
#414 = CIRCLE ( 'NONE', #48, 1.500000000000001332 ) ;
#415 = CARTESIAN_POINT ( 'NONE',  ( 21.50156939064299877, -3.469446951954000336E-15, 5.307299999999999685 ) ) ;
#416 = VECTOR ( 'NONE', #3970, 1000.000000000000000 ) ;
#417 = ADVANCED_FACE ( 'NONE', ( #1272 ), #3395, .F. ) ;
#418 = CARTESIAN_POINT ( 'NONE',  ( 23.00156939100000031, 0.000000000000000000, 0.6772998999999999548 ) ) ;
#419 =( REPRESENTATION_RELATIONSHIP ('NONE','NONE', #678, #3283 ) REPRESENTATION_RELATIONSHIP_WITH_TRANSFORMATION ( #2940 )SHAPE_REPRESENTATION_RELATIONSHIP( ) );
#420 = DIRECTION ( 'NONE',  ( -1.000000000000000000, -3.154042683593999877E-16, 0.000000000000000000 ) ) ;
#421 = CARTESIAN_POINT ( 'NONE',  ( -23.00156939100000031, 19.50000000000000000, 0.5772998999999999770 ) ) ;
#422 = PRODUCT_DEFINITION_SHAPE ( 'NONE', 'NONE',  #1644 ) ;
#423 = ORIENTED_EDGE ( 'NONE', *, *, #4211, .F. ) ;
#424 = DIRECTION ( 'NONE',  ( 0.7933533402910131205, -0.6087614290090100910, 0.000000000000000000 ) ) ;
#425 = CARTESIAN_POINT ( 'NONE',  ( 21.50156939099999676, -19.50000000000000000, 0.5772998999999999770 ) ) ;
#426 = ORIENTED_EDGE ( 'NONE', *, *, #1349, .T. ) ;
#427 = CARTESIAN_POINT ( 'NONE',  ( -9.339803143895000659, -16.50000000000000000, 0.1779999999999999916 ) ) ;
#428 = SHAPE_DEFINITION_REPRESENTATION ( #1395, #3097 ) ;
#429 = ORIENTED_EDGE ( 'NONE', *, *, #2370, .F. ) ;
#430 = DIRECTION ( 'NONE',  ( 1.000000000000000000, 0.000000000000000000, 0.000000000000000000 ) ) ;
#431 = FACE_BOUND ( 'NONE', #1941, .T. ) ;
#432 = DIRECTION ( 'NONE',  ( 1.000000000000000000, 0.000000000000000000, 0.000000000000000000 ) ) ;
#433 = DIRECTION ( 'NONE',  ( 0.000000000000000000, 0.000000000000000000, 1.000000000000000000 ) ) ;
#434 = EDGE_LOOP ( 'NONE', ( #4351, #2173, #3795, #958 ) ) ;
#435 = PRODUCT_DEFINITION_FORMATION_WITH_SPECIFIED_SOURCE ( 'ANY', '', #1171, .NOT_KNOWN. ) ;
#436 = EDGE_CURVE ( 'NONE', #3950, #3971, #2680, .T. ) ;
#437 = ORIENTED_EDGE ( 'NONE', *, *, #979, .T. ) ;
#438 = DIRECTION ( 'NONE',  ( 0.000000000000000000, 0.000000000000000000, -1.000000000000000000 ) ) ;
#439 = CARTESIAN_POINT ( 'NONE',  ( 9.339845528055001012, 0.000000000000000000, 0.3992999999999999883 ) ) ;
#440 = CYLINDRICAL_SURFACE ( 'NONE', #3978, 1.500000000000001332 ) ;
#441 = EDGE_CURVE ( 'NONE', #1175, #1457, #1824, .T. ) ;
#442 = FACE_OUTER_BOUND ( 'NONE', #3938, .T. ) ;
#443 =( NAMED_UNIT ( * ) SI_UNIT ( $, .STERADIAN. ) SOLID_ANGLE_UNIT ( ) );
#444 = APPLICATION_CONTEXT ( 'automotive_design' ) ;
#445 = ORIENTED_EDGE ( 'NONE', *, *, #4472, .F. ) ;
#446 = DIRECTION ( 'NONE',  ( -1.000000000000000000, 0.000000000000000000, 0.000000000000000000 ) ) ;
#447 = CARTESIAN_POINT ( 'NONE',  ( -21.50156939063999673, -19.50000000000000000, 5.307299999999999685 ) ) ;
#448 = EDGE_LOOP ( 'NONE', ( #4111, #456, #1140, #4096 ) ) ;
#449 = SURFACE_STYLE_USAGE ( .BOTH. , #2593 ) ;
#450 = EDGE_CURVE ( 'NONE', #834, #2540, #2185, .T. ) ;
#451 = PRODUCT_CONTEXT ( 'NONE', #3393, 'mechanical' ) ;
#452 = VERTEX_POINT ( 'NONE', #4542 ) ;
#453 = CARTESIAN_POINT ( 'NONE',  ( -36.50000010000000117, -36.50000010000000117, 0.6772998999999999548 ) ) ;
#454 = CARTESIAN_POINT ( 'NONE',  ( 21.50156939099999676, 19.50000000000000000, 0.5772998999999999770 ) ) ;
#455 = ORIENTED_EDGE ( 'NONE', *, *, #3051, .T. ) ;
#456 = ORIENTED_EDGE ( 'NONE', *, *, #3812, .T. ) ;
#457 = PLANE ( 'NONE',  #2846 ) ;
#458 = PRODUCT ( 'Open CASCADE STEP translator 7.8 1.17.STEP', 'Open CASCADE STEP translator 7.8 1.17.STEP', '', ( #2771 ) ) ;
#459 = ADVANCED_FACE ( 'NONE', ( #1346 ), #597, .T. ) ;
#460 = DIRECTION ( 'NONE',  ( 1.000000000000000000, 0.000000000000000000, 0.000000000000000000 ) ) ;
#461 = CARTESIAN_POINT ( 'NONE',  ( -21.50156939099999676, -19.50000000000000000, 0.6772998999999999548 ) ) ;
#462 = CARTESIAN_POINT ( 'NONE',  ( 0.4480000000000000093, 0.000000000000000000, 0.000000000000000000 ) ) ;
#463 = PLANE ( 'NONE',  #1976 ) ;
#464 = UNCERTAINTY_MEASURE_WITH_UNIT (LENGTH_MEASURE( 1.000000000000000082E-05 ), #3757, 'distance_accuracy_value', 'NONE');
#465 = ADVANCED_BREP_SHAPE_REPRESENTATION ( '', ( #1304, #3551 ), #2580 ) ;
#466 = VERTEX_POINT ( 'NONE', #2412 ) ;
#467 = ORIENTED_EDGE ( 'NONE', *, *, #868, .T. ) ;
#468 = LINE ( 'NONE', #4497, #495 ) ;
#469 = ORIENTED_EDGE ( 'NONE', *, *, #4044, .F. ) ;
#470 = CARTESIAN_POINT ( 'NONE',  ( 23.00156939064299877, -19.50000000000000000, 0.6773000000000000131 ) ) ;
#471 = ORIENTED_EDGE ( 'NONE', *, *, #2295, .F. ) ;
#472 = AXIS2_PLACEMENT_3D ( 'NONE', #1772, #1396, #3554 ) ;
#473 = EDGE_CURVE ( 'NONE', #4563, #4075, #3839, .T. ) ;
#474 = CARTESIAN_POINT ( 'NONE',  ( -21.50156939099999676, 19.50000000000000000, 0.6772998999999999548 ) ) ;
#475 = PLANE ( 'NONE',  #2114 ) ;
#476 = CARTESIAN_POINT ( 'NONE',  ( -20.00156939064000028, -19.50000000000000000, 5.307299999999999685 ) ) ;
#477 = VERTEX_POINT ( 'NONE', #1607 ) ;
#478 = AXIS2_PLACEMENT_3D ( 'NONE', #415, #816, #1519 ) ;
#479 = AXIS2_PLACEMENT_3D ( 'NONE', #2031, #582, #931 ) ;
#480 = APPLICATION_CONTEXT ( 'automotive_design' ) ;
#481 = ORIENTED_EDGE ( 'NONE', *, *, #1011, .F. ) ;
#482 = AXIS2_PLACEMENT_3D ( 'NONE', #1192, #1858, #2604 ) ;
#484 = CARTESIAN_POINT ( 'NONE',  ( -9.339803143895000659, -16.50000000000000000, 0.5773000000000000353 ) ) ;
#483 = DIRECTION ( 'NONE',  ( 0.000000000000000000, 0.000000000000000000, 1.000000000000000000 ) ) ;
#485 = CIRCLE ( 'NONE', #2854, 1.500000000000001332 ) ;
#486 = VECTOR ( 'NONE', #1859, 1000.000000000000000 ) ;
#487 = CARTESIAN_POINT ( 'NONE',  ( 9.339845528055001012, 22.50000000000000000, 0.3992999999999999883 ) ) ;
#488 = DIRECTION ( 'NONE',  ( -1.000000000000000000, 0.000000000000000000, 0.000000000000000000 ) ) ;
#489 = MECHANICAL_DESIGN_GEOMETRIC_PRESENTATION_REPRESENTATION (  '', ( #3837 ), #3157 ) ;
#490 = DIRECTION ( 'NONE',  ( 1.000000000000000000, 0.000000000000000000, 0.000000000000000000 ) ) ;
#491 = AXIS2_PLACEMENT_3D ( 'NONE', #4402, #2361, #521 ) ;
#492 = ORIENTED_EDGE ( 'NONE', *, *, #1253, .T. ) ;
#493 = EDGE_CURVE ( 'NONE', #3955, #3908, #180, .T. ) ;
#494 = PRESENTATION_STYLE_ASSIGNMENT (( #561 ) ) ;
#495 = VECTOR ( 'NONE', #139, 1000.000000000000000 ) ;
#496 = DIRECTION ( 'NONE',  ( 0.000000000000000000, 0.000000000000000000, 1.000000000000000000 ) ) ;
#497 = ORIENTED_EDGE ( 'NONE', *, *, #1917, .F. ) ;
#498 = SHAPE_DEFINITION_REPRESENTATION ( #2904, #3535 ) ;
#499 = ORIENTED_EDGE ( 'NONE', *, *, #105, .T. ) ;
#500 =( LENGTH_UNIT ( ) NAMED_UNIT ( * ) SI_UNIT ( .MILLI., .METRE. ) );
#501 = CARTESIAN_POINT ( 'NONE',  ( -15.00000000000000000, 0.000000000000000000, 0.3992999999999999883 ) ) ;
#502 = CYLINDRICAL_SURFACE ( 'NONE', #3919, 1.500000000000001332 ) ;
#503 = ORIENTED_EDGE ( 'NONE', *, *, #3450, .F. ) ;
#504 =( NAMED_UNIT ( * ) PLANE_ANGLE_UNIT ( ) SI_UNIT ( $, .RADIAN. ) );
#505 = AXIS2_PLACEMENT_3D ( 'NONE', #1769, #2800, #376 ) ;
#506 = EDGE_LOOP ( 'NONE', ( #4454, #1849, #4484, #2893 ) ) ;
#508 = LINE ( 'NONE', #168, #3750 ) ;
#507 = CARTESIAN_POINT ( 'NONE',  ( -23.00156939100000031, 19.50000000000000000, 0.6772998999999999548 ) ) ;
#509 = APPLICATION_CONTEXT ( 'automotive_design' ) ;
#510 = DIRECTION ( 'NONE',  ( -0.6087614290090100910, 0.7933533402910131205, 0.000000000000000000 ) ) ;
#511 = DIRECTION ( 'NONE',  ( 0.000000000000000000, 0.000000000000000000, -1.000000000000000000 ) ) ;
#512 = LINE ( 'NONE', #2554, #1830 ) ;
#513 = PLANE ( 'NONE',  #1452 ) ;
#514 = UNCERTAINTY_MEASURE_WITH_UNIT (LENGTH_MEASURE( 1.000000000000000082E-05 ), #2630, 'distance_accuracy_value', 'NONE');
#515 = PLANE ( 'NONE',  #3746 ) ;
#516 =( NAMED_UNIT ( * ) SI_UNIT ( $, .STERADIAN. ) SOLID_ANGLE_UNIT ( ) );
#517 =( NAMED_UNIT ( * ) SI_UNIT ( $, .STERADIAN. ) SOLID_ANGLE_UNIT ( ) );
#518 = CARTESIAN_POINT ( 'NONE',  ( -0.2557341336119999808, 0.3636289237349999981, 0.1779999999999999916 ) ) ;
#519 = ADVANCED_FACE ( 'NONE', ( #3501 ), #2801, .T. ) ;
#520 = ORIENTED_EDGE ( 'NONE', *, *, #1843, .T. ) ;
#521 = DIRECTION ( 'NONE',  ( 1.000000000000000000, 0.000000000000000000, 0.000000000000000000 ) ) ;
#522 = VERTEX_POINT ( 'NONE', #1058 ) ;
#523 = CARTESIAN_POINT ( 'NONE',  ( 0.000000000000000000, 0.000000000000000000, 0.000000000000000000 ) ) ;
#524 = EDGE_CURVE ( 'NONE', #1276, #221, #1465, .T. ) ;
#525 = VERTEX_POINT ( 'NONE', #36 ) ;
#527 = DIRECTION ( 'NONE',  ( 1.000000000000000000, 0.000000000000000000, 0.000000000000000000 ) ) ;
#526 = FACE_BOUND ( 'NONE', #2502, .T. ) ;
#528 = ORIENTED_EDGE ( 'NONE', *, *, #125, .T. ) ;
#529 = DIRECTION ( 'NONE',  ( 0.000000000000000000, 0.000000000000000000, -1.000000000000000000 ) ) ;
#530 = FACE_OUTER_BOUND ( 'NONE', #2488, .T. ) ;
#531 = EDGE_CURVE ( 'NONE', #1721, #3292, #4237, .T. ) ;
#532 = APPLICATION_CONTEXT ( 'automotive_design' ) ;
#533 = LINE ( 'NONE', #1615, #698 ) ;
#534 = DIRECTION ( 'NONE',  ( 0.000000000000000000, -1.000000000000000000, 0.000000000000000000 ) ) ;
#535 = SURFACE_STYLE_FILL_AREA ( #1905 ) ;
#536 = ORIENTED_EDGE ( 'NONE', *, *, #2818, .T. ) ;
#537 = ORIENTED_EDGE ( 'NONE', *, *, #2324, .F. ) ;
#538 = EDGE_CURVE ( 'NONE', #811, #10, #117, .T. ) ;
#539 =( NAMED_UNIT ( * ) SI_UNIT ( $, .STERADIAN. ) SOLID_ANGLE_UNIT ( ) );
#540 = DIRECTION ( 'NONE',  ( 0.9914448613738202631, 0.1305261922199764668, 0.000000000000000000 ) ) ;
#541 = ORIENTED_EDGE ( 'NONE', *, *, #3726, .T. ) ;
#542 = CARTESIAN_POINT ( 'NONE',  ( 0.000000000000000000, 0.000000000000000000, 0.000000000000000000 ) ) ;
#543 = VECTOR ( 'NONE', #2119, 1000.000000000000000 ) ;
#544 = ORIENTED_EDGE ( 'NONE', *, *, #3263, .T. ) ;
#545 = EDGE_CURVE ( 'NONE', #160, #775, #619, .T. ) ;
#546 = AXIS2_PLACEMENT_3D ( 'NONE', #169, #3346, #1658 ) ;
#548 = DIRECTION ( 'NONE',  ( 0.000000000000000000, 0.000000000000000000, -1.000000000000000000 ) ) ;
#547 = FACE_OUTER_BOUND ( 'NONE', #1131, .T. ) ;
#549 = VECTOR ( 'NONE', #1845, 1000.000000000000000 ) ;
#550 = PRODUCT_DEFINITION ( 'UNKNOWN', '', #725, #2923 ) ;
#551 = VECTOR ( 'NONE', #4295, 1000.000000000000000 ) ;
#552 = MECHANICAL_DESIGN_GEOMETRIC_PRESENTATION_REPRESENTATION (  '', ( #1981 ), #4282 ) ;
#553 = DIRECTION ( 'NONE',  ( -1.000000000000000000, 0.000000000000000000, 0.000000000000000000 ) ) ;
#554 = FACE_OUTER_BOUND ( 'NONE', #166, .T. ) ;
#555 = PRESENTATION_LAYER_ASSIGNMENT (  '', '', ( #1536 ) ) ;
#556 = MECHANICAL_DESIGN_GEOMETRIC_PRESENTATION_REPRESENTATION (  '', ( #933 ), #631 ) ;
#557 = DIRECTION ( 'NONE',  ( -0.000000000000000000, 1.000000000000000000, 0.000000000000000000 ) ) ;
#558 = EDGE_CURVE ( 'NONE', #1457, #358, #1419, .T. ) ;
#559 = AXIS2_PLACEMENT_3D ( 'NONE', #365, #2437, #510 ) ;
#560 = VECTOR ( 'NONE', #2261, 1000.000000000000000 ) ;
#561 = SURFACE_STYLE_USAGE ( .BOTH. , #3662 ) ;
#562 = VERTEX_POINT ( 'NONE', #333 ) ;
#563 =( NAMED_UNIT ( * ) SI_UNIT ( $, .STERADIAN. ) SOLID_ANGLE_UNIT ( ) );
#564 = VECTOR ( 'NONE', #2209, 1000.000000000000000 ) ;
#565 = EDGE_CURVE ( 'NONE', #731, #3128, #1039, .T. ) ;
#566 = ORIENTED_EDGE ( 'NONE', *, *, #1349, .F. ) ;
#567 = SHAPE_REPRESENTATION ( 'zhi_peng_R500_100um_gap_split', ( #2586, #505 ), #3709 ) ;
#568 = CIRCLE ( 'NONE', #3773, 1.500000000000001332 ) ;
#569 =( REPRESENTATION_RELATIONSHIP ('NONE','NONE', #678, #377 ) REPRESENTATION_RELATIONSHIP_WITH_TRANSFORMATION ( #1461 )SHAPE_REPRESENTATION_RELATIONSHIP( ) );
#570 = CARTESIAN_POINT ( 'NONE',  ( 20.00156939064299877, -19.50000000000000000, 5.307299999999999685 ) ) ;
#571 = CARTESIAN_POINT ( 'NONE',  ( 25.00000000000000000, 22.50000000000000000, 0.000000000000000000 ) ) ;
#572 = VERTEX_POINT ( 'NONE', #4587 ) ;
#573 = AXIS2_PLACEMENT_3D ( 'NONE', #735, #4290, #1376 ) ;
#574 = ORIENTED_EDGE ( 'NONE', *, *, #727, .T. ) ;
#575 = AXIS2_PLACEMENT_3D ( 'NONE', #2400, #1762, #2725 ) ;
#576 = FACE_BOUND ( 'NONE', #2428, .T. ) ;
#578 = LINE ( 'NONE', #3045, #1684 ) ;
#577 = DIRECTION ( 'NONE',  ( 0.000000000000000000, 0.000000000000000000, 1.000000000000000000 ) ) ;
#579 = EDGE_CURVE ( 'NONE', #1790, #109, #4495, .T. ) ;
#580 = ORIENTED_EDGE ( 'NONE', *, *, #4311, .F. ) ;
#581 = DIRECTION ( 'NONE',  ( 0.000000000000000000, 0.000000000000000000, -1.000000000000000000 ) ) ;
#582 = DIRECTION ( 'NONE',  ( 0.000000000000000000, 0.000000000000000000, 1.000000000000000000 ) ) ;
#583 = PRODUCT_DEFINITION_FORMATION_WITH_SPECIFIED_SOURCE ( 'ANY', '', #1052, .NOT_KNOWN. ) ;
#584 = LINE ( 'NONE', #1969, #316 ) ;
#585 = ADVANCED_FACE ( 'NONE', ( #2449, #361 ), #1110, .T. ) ;
#586 = SHAPE_REPRESENTATION ( 'Open CASCADE STEP translator 7.8 1.2_9.STEP', ( #3551 ), #3246 ) ;
#587 = PRESENTATION_STYLE_ASSIGNMENT (( #3446 ) ) ;
#588 = CONTEXT_DEPENDENT_SHAPE_REPRESENTATION ( #1925, #1890 ) ;
#589 = ORIENTED_EDGE ( 'NONE', *, *, #224, .F. ) ;
#590 = DIRECTION ( 'NONE',  ( 1.000000000000000000, 0.000000000000000000, 0.000000000000000000 ) ) ;
#591 = DIRECTION ( 'NONE',  ( 0.000000000000000000, 0.000000000000000000, 1.000000000000000000 ) ) ;
#592 = EDGE_LOOP ( 'NONE', ( #2850, #1918, #910, #1643 ) ) ;
#593 = EDGE_CURVE ( 'NONE', #1834, #378, #3827, .T. ) ;
#594 = DIRECTION ( 'NONE',  ( 0.000000000000000000, 0.000000000000000000, 1.000000000000000000 ) ) ;
#595 = APPLICATION_CONTEXT ( 'automotive_design' ) ;
#596 = ORIENTED_EDGE ( 'NONE', *, *, #2519, .T. ) ;
#597 = PLANE ( 'NONE',  #2922 ) ;
#599 =( LENGTH_UNIT ( ) NAMED_UNIT ( * ) SI_UNIT ( .MILLI., .METRE. ) );
#598 = CARTESIAN_POINT ( 'NONE',  ( -21.50156939099999676, -19.50000000000000000, 0.5772998999999999770 ) ) ;
#600 = ORIENTED_EDGE ( 'NONE', *, *, #4482, .T. ) ;
#601 = ADVANCED_FACE ( 'NONE', ( #1087 ), #1439, .F. ) ;
#603 = FACE_OUTER_BOUND ( 'NONE', #3333, .T. ) ;
#602 = CARTESIAN_POINT ( 'NONE',  ( -25.00000000000000000, 0.000000000000000000, 0.3992999999999999883 ) ) ;
#604 = FACE_OUTER_BOUND ( 'NONE', #2385, .T. ) ;
#605 = DIRECTION ( 'NONE',  ( 0.000000000000000000, 0.000000000000000000, -1.000000000000000000 ) ) ;
#606 = PRODUCT_RELATED_PRODUCT_CATEGORY ( 'part', '', ( #3925 ) ) ;
#607 = DIRECTION ( 'NONE',  ( 0.000000000000000000, 0.000000000000000000, -1.000000000000000000 ) ) ;
#608 = ITEM_DEFINED_TRANSFORMATION ( 'NONE', 'NONE', #3034,  #3551 ) ;
#609 = EDGE_LOOP ( 'NONE', ( #3807, #4441, #116, #1112 ) ) ;
#610 = DIRECTION ( 'NONE',  ( 1.000000000000000000, 0.000000000000000000, 0.000000000000000000 ) ) ;
#611 = LINE ( 'NONE', #4512, #3621 ) ;
#612 = ORIENTED_EDGE ( 'NONE', *, *, #1504, .F. ) ;
#613 = DIRECTION ( 'NONE',  ( 0.000000000000000000, 0.000000000000000000, 1.000000000000000000 ) ) ;
#614 = ADVANCED_FACE ( 'NONE', ( #1364 ), #641, .F. ) ;
#615 = DIRECTION ( 'NONE',  ( 0.000000000000000000, 0.000000000000000000, 1.000000000000000000 ) ) ;
#617 = CARTESIAN_POINT ( 'NONE',  ( -21.50156939063999673, -19.50000000000000000, 0.5773000000000000353 ) ) ;
#616 = CARTESIAN_POINT ( 'NONE',  ( 21.50156939064299877, -19.50000000000000000, 0.5773000000000000353 ) ) ;
#618 = ORIENTED_EDGE ( 'NONE', *, *, #3285, .F. ) ;
#619 = CIRCLE ( 'NONE', #1902, 3.000000000000000888 ) ;
#620 = DIRECTION ( 'NONE',  ( 1.000000000000000000, 0.000000000000000000, 0.000000000000000000 ) ) ;
#621 = DIRECTION ( 'NONE',  ( 0.000000000000000000, 0.000000000000000000, -1.000000000000000000 ) ) ;
#622 =( LENGTH_UNIT ( ) NAMED_UNIT ( * ) SI_UNIT ( .MILLI., .METRE. ) );
#623 = AXIS2_PLACEMENT_3D ( 'NONE', #3808, #1429, #51 ) ;
#624 = VECTOR ( 'NONE', #1660, 1000.000000000000000 ) ;
#625 = DIRECTION ( 'NONE',  ( 0.000000000000000000, -1.000000000000000000, 0.000000000000000000 ) ) ;
#626 =( GEOMETRIC_REPRESENTATION_CONTEXT ( 3 ) GLOBAL_UNCERTAINTY_ASSIGNED_CONTEXT ( ( #1551 ) ) GLOBAL_UNIT_ASSIGNED_CONTEXT ( ( #2360, #1954, #1938 ) ) REPRESENTATION_CONTEXT ( 'NONE', 'WORKASPACE' ) );
#627 = COLOUR_RGB ( '',0.7921568627450980005, 0.8196078431372548767, 0.9333333333333333481 ) ;
#628 = CYLINDRICAL_SURFACE ( 'NONE', #409, 1.500000000000001332 ) ;
#629 = PLANE ( 'NONE',  #64 ) ;
#630 = CIRCLE ( 'NONE', #4591, 2.999999999999999112 ) ;
#631 =( GEOMETRIC_REPRESENTATION_CONTEXT ( 3 ) GLOBAL_UNCERTAINTY_ASSIGNED_CONTEXT ( ( #3303 ) ) GLOBAL_UNIT_ASSIGNED_CONTEXT ( ( #3468, #963, #2792 ) ) REPRESENTATION_CONTEXT ( 'NONE', 'WORKASPACE' ) );
#632 = EDGE_CURVE ( 'NONE', #2204, #2767, #4560, .T. ) ;
#633 = ORIENTED_EDGE ( 'NONE', *, *, #1375, .T. ) ;
#634 = AXIS2_PLACEMENT_3D ( 'NONE', #1287, #881, #1647 ) ;
#635 = DIRECTION ( 'NONE',  ( 0.000000000000000000, 0.000000000000000000, -1.000000000000000000 ) ) ;
#636 = VERTEX_POINT ( 'NONE', #3576 ) ;
#637 = APPLICATION_PROTOCOL_DEFINITION ( 'draft international standard', 'automotive_design', 1998, #1797 ) ;
#638 = AXIS2_PLACEMENT_3D ( 'NONE', #397, #1836, #3590 ) ;
#639 = VERTEX_POINT ( 'NONE', #1815 ) ;
#640 = EDGE_CURVE ( 'NONE', #522, #731, #2768, .T. ) ;
#641 = PLANE ( 'NONE',  #4427 ) ;
#643 = SURFACE_STYLE_USAGE ( .BOTH. , #4189 ) ;
#642 = DIRECTION ( 'NONE',  ( 1.000000000000000000, 0.000000000000000000, 0.000000000000000000 ) ) ;
#644 = ORIENTED_EDGE ( 'NONE', *, *, #3245, .F. ) ;
#645 = AXIS2_PLACEMENT_3D ( 'NONE', #326, #1767, #3169 ) ;
#646 = AXIS2_PLACEMENT_3D ( 'NONE', #2785, #4223, #367 ) ;
#647 = EDGE_LOOP ( 'NONE', ( #3760, #1999 ) ) ;
#648 = DIRECTION ( 'NONE',  ( 0.000000000000000000, 0.000000000000000000, 1.000000000000000000 ) ) ;
#649 = DIRECTION ( 'NONE',  ( 0.000000000000000000, 0.000000000000000000, 1.000000000000000000 ) ) ;
#650 = EDGE_CURVE ( 'NONE', #2408, #1665, #3520, .T. ) ;
#651 =( GEOMETRIC_REPRESENTATION_CONTEXT ( 3 ) GLOBAL_UNCERTAINTY_ASSIGNED_CONTEXT ( ( #2557 ) ) GLOBAL_UNIT_ASSIGNED_CONTEXT ( ( #2443, #4533, #3828 ) ) REPRESENTATION_CONTEXT ( 'NONE', 'WORKASPACE' ) );
#652 = LINE ( 'NONE', #2418, #4052 ) ;
#653 = LINE ( 'NONE', #2080, #560 ) ;
#654 =( GEOMETRIC_REPRESENTATION_CONTEXT ( 3 ) GLOBAL_UNCERTAINTY_ASSIGNED_CONTEXT ( ( #2739 ) ) GLOBAL_UNIT_ASSIGNED_CONTEXT ( ( #165, #3320, #148 ) ) REPRESENTATION_CONTEXT ( 'NONE', 'WORKASPACE' ) );
#655 = CARTESIAN_POINT ( 'NONE',  ( -23.50000000000000000, 26.50000000000000000, 8.507300000000000750 ) ) ;
#656 = DIRECTION ( 'NONE',  ( 0.000000000000000000, 0.000000000000000000, -1.000000000000000000 ) ) ;
#657 =( REPRESENTATION_RELATIONSHIP ('NONE','NONE', #678, #3097 ) REPRESENTATION_RELATIONSHIP_WITH_TRANSFORMATION ( #1315 )SHAPE_REPRESENTATION_RELATIONSHIP( ) );
#658 = PRODUCT_DEFINITION_FORMATION_WITH_SPECIFIED_SOURCE ( 'ANY', '', #3960, .NOT_KNOWN. ) ;
#659 = ORIENTED_EDGE ( 'NONE', *, *, #1217, .F. ) ;
#660 = LINE ( 'NONE', #1054, #2645 ) ;
#661 = ORIENTED_EDGE ( 'NONE', *, *, #1418, .T. ) ;
#662 = ADVANCED_FACE ( 'NONE', ( #3861 ), #1912, .F. ) ;
#663 = PRODUCT_CONTEXT ( 'NONE', #509, 'mechanical' ) ;
#664 = DIRECTION ( 'NONE',  ( 0.000000000000000000, 0.000000000000000000, -1.000000000000000000 ) ) ;
#666 =( NAMED_UNIT ( * ) PLANE_ANGLE_UNIT ( ) SI_UNIT ( $, .RADIAN. ) );
#665 = LINE ( 'NONE', #3125, #709 ) ;
#667 = VERTEX_POINT ( 'NONE', #161 ) ;
#668 = PRODUCT_DEFINITION ( 'UNKNOWN', '', #4534, #2006 ) ;
#669 = ORIENTED_EDGE ( 'NONE', *, *, #302, .F. ) ;
#670 = CARTESIAN_POINT ( 'NONE',  ( -25.00000000000000000, 16.50000000000000000, 0.1779999999999999916 ) ) ;
#671 = SURFACE_STYLE_USAGE ( .BOTH. , #3869 ) ;
#672 = DIRECTION ( 'NONE',  ( 0.000000000000000000, -1.000000000000000000, 0.000000000000000000 ) ) ;
#673 = ADVANCED_FACE ( 'NONE', ( #2890 ), #1892, .F. ) ;
#674 = DIRECTION ( 'NONE',  ( 1.000000000000000000, 0.000000000000000000, 0.000000000000000000 ) ) ;
#675 = DIRECTION ( 'NONE',  ( -0.9914448613738202631, 0.1305261922199764668, 0.000000000000000000 ) ) ;
#676 = CARTESIAN_POINT ( 'NONE',  ( 23.00156939064299877, -19.50000000000000000, 5.307299999999999685 ) ) ;
#677 = PRODUCT_DEFINITION_SHAPE ( 'NONE', 'NONE',  #550 ) ;
#678 = SHAPE_REPRESENTATION ( 'zhi_peng_R500_100um_gap_split.STEP', ( #210, #3781, #4460, #2073, #3107, #2958, #354, #2363, #804, #3553, #1177, #2144, #2732, #721, #3330, #3250, #3476, #1935, #1251, #3034 ), #2432 ) ;
#679 = VERTEX_POINT ( 'NONE', #1152 ) ;
#680 = CARTESIAN_POINT ( 'NONE',  ( -25.00000000000000000, -16.50000000000000000, 0.000000000000000000 ) ) ;
#681 = EDGE_LOOP ( 'NONE', ( #1866, #3234, #1722, #4078 ) ) ;
#682 = APPLICATION_PROTOCOL_DEFINITION ( 'draft international standard', 'automotive_design', 1998, #294 ) ;
#683 = EDGE_CURVE ( 'NONE', #3078, #4097, #4128, .T. ) ;
#684 = DIRECTION ( 'NONE',  ( 1.000000000000000000, 0.000000000000000000, 0.000000000000000000 ) ) ;
#685 = DIRECTION ( 'NONE',  ( 0.000000000000000000, 0.000000000000000000, -1.000000000000000000 ) ) ;
#686 = EDGE_LOOP ( 'NONE', ( #1317, #1654, #3556, #1745, #3626 ) ) ;
#687 = ADVANCED_FACE ( 'NONE', ( #1581 ), #1181, .T. ) ;
#688 = DIRECTION ( 'NONE',  ( 1.000000000000000000, 0.000000000000000000, 0.000000000000000000 ) ) ;
#689 = ORIENTED_EDGE ( 'NONE', *, *, #979, .F. ) ;
#690 =( NAMED_UNIT ( * ) PLANE_ANGLE_UNIT ( ) SI_UNIT ( $, .RADIAN. ) );
#691 = LINE ( 'NONE', #4568, #3973 ) ;
#692 = AXIS2_PLACEMENT_3D ( 'NONE', #3426, #2668, #4159 ) ;
#693 = PRESENTATION_STYLE_ASSIGNMENT (( #3562 ) ) ;
#694 = CARTESIAN_POINT ( 'NONE',  ( -20.00156939064000028, -3.285749932081999771E-15, 5.307299999999999685 ) ) ;
#695 = PLANE ( 'NONE',  #2117 ) ;
#696 = CARTESIAN_POINT ( 'NONE',  ( 20.00156939100000031, 1.836970198721000105E-16, 0.6772998999999999548 ) ) ;
#697 = AXIS2_PLACEMENT_3D ( 'NONE', #1924, #155, #1857 ) ;
#698 = VECTOR ( 'NONE', #4459, 1000.000000000000000 ) ;
#699 = VECTOR ( 'NONE', #2249, 1000.000000000000000 ) ;
#700 = ORIENTED_EDGE ( 'NONE', *, *, #917, .T. ) ;
#701 = STYLED_ITEM ( 'NONE', ( #2738 ), #1313 ) ;
#702 = FACE_OUTER_BOUND ( 'NONE', #3139, .T. ) ;
#703 = VERTEX_POINT ( 'NONE', #1490 ) ;
#704 = MECHANICAL_DESIGN_GEOMETRIC_PRESENTATION_REPRESENTATION (  '', ( #3309 ), #1839 ) ;
#705 = APPLICATION_PROTOCOL_DEFINITION ( 'draft international standard', 'automotive_design', 1998, #3449 ) ;
#706 = VECTOR ( 'NONE', #2161, 1000.000000000000000 ) ;
#707 = DIRECTION ( 'NONE',  ( 0.000000000000000000, 0.000000000000000000, 1.000000000000000000 ) ) ;
#708 = CARTESIAN_POINT ( 'NONE',  ( 0.000000000000000000, -3.000000000000000000, 0.5773000000000000353 ) ) ;
#709 = VECTOR ( 'NONE', #308, 1000.000000000000000 ) ;
#710 = CIRCLE ( 'NONE', #201, 0.03999999999999999389 ) ;
#711 = DIRECTION ( 'NONE',  ( 0.000000000000000000, 0.000000000000000000, 1.000000000000000000 ) ) ;
#712 = ORIENTED_EDGE ( 'NONE', *, *, #311, .T. ) ;
#713 = DIRECTION ( 'NONE',  ( 1.000000000000000000, 0.000000000000000000, 0.000000000000000000 ) ) ;
#714 = PRODUCT_DEFINITION_SHAPE ( 'NONE', 'NONE',  #4601 ) ;
#715 = EDGE_CURVE ( 'NONE', #1605, #3279, #2571, .T. ) ;
#716 = MECHANICAL_DESIGN_GEOMETRIC_PRESENTATION_REPRESENTATION (  '', ( #1400 ), #3927 ) ;
#717 = FACE_OUTER_BOUND ( 'NONE', #1669, .T. ) ;
#718 = DIRECTION ( 'NONE',  ( 0.000000000000000000, 0.000000000000000000, 1.000000000000000000 ) ) ;
#719 = CARTESIAN_POINT ( 'NONE',  ( 21.50156939064299877, 19.50000000000000000, 0.6773000000000000131 ) ) ;
#720 = EDGE_CURVE ( 'NONE', #378, #1834, #2772, .T. ) ;
#721 = AXIS2_PLACEMENT_3D ( 'NONE', #2340, #2678, #3415 ) ;
#722 = ORIENTED_EDGE ( 'NONE', *, *, #4178, .T. ) ;
#723 = LINE ( 'NONE', #744, #1318 ) ;
#724 = ORIENTED_EDGE ( 'NONE', *, *, #650, .T. ) ;
#725 = PRODUCT_DEFINITION_FORMATION_WITH_SPECIFIED_SOURCE ( 'ANY', '', #11, .NOT_KNOWN. ) ;
#726 = ORIENTED_EDGE ( 'NONE', *, *, #56, .T. ) ;
#727 = EDGE_CURVE ( 'NONE', #1200, #2804, #3667, .T. ) ;
#728 = CARTESIAN_POINT ( 'NONE',  ( 0.4427789523109999514, 0.03965779445497000233, 0.1779999999999999916 ) ) ;
#729 = CARTESIAN_POINT ( 'NONE',  ( -20.00156939064000028, -3.285749932081999771E-15, 5.307299999999999685 ) ) ;
#730 = CARTESIAN_POINT ( 'NONE',  ( 21.50156939064299877, -19.50000000000000000, 5.307299999999999685 ) ) ;
#731 = VERTEX_POINT ( 'NONE', #2989 ) ;
#733 = CARTESIAN_POINT ( 'NONE',  ( -0.002416678348502999691, 0.01835649450478000003, 0.5773000000000000353 ) ) ;
#732 = DIRECTION ( 'NONE',  ( 0.000000000000000000, 1.000000000000000000, 0.000000000000000000 ) ) ;
#734 = ORIENTED_EDGE ( 'NONE', *, *, #240, .F. ) ;
#735 = CARTESIAN_POINT ( 'NONE',  ( 21.50156939064299877, -3.469446951954000336E-15, 5.307299999999999685 ) ) ;
#736 = CARTESIAN_POINT ( 'NONE',  ( -20.00156939063999673, -19.50000000000000000, 0.5773000000000000353 ) ) ;
#737 = PLANE ( 'NONE',  #4585 ) ;
#738 = APPLICATION_CONTEXT ( 'automotive_design' ) ;
#739 = ADVANCED_FACE ( 'NONE', ( #2944 ), #475, .F. ) ;
#740 = LINE ( 'NONE', #3183, #187 ) ;
#741 = LINE ( 'NONE', #1805, #1606 ) ;
#742 = EDGE_LOOP ( 'NONE', ( #2522, #1622 ) ) ;
#743 = PRODUCT_RELATED_PRODUCT_CATEGORY ( 'part', '', ( #4298 ) ) ;
#744 = CARTESIAN_POINT ( 'NONE',  ( 0.2558841336120000198, 0.3638887313559999725, 0.3992999999999999883 ) ) ;
#745 = ORIENTED_EDGE ( 'NONE', *, *, #4, .F. ) ;
#746 = DIRECTION ( 'NONE',  ( 0.000000000000000000, 0.000000000000000000, -1.000000000000000000 ) ) ;
#747 = APPLICATION_PROTOCOL_DEFINITION ( 'draft international standard', 'automotive_design', 1998, #2266 ) ;
#748 = ORIENTED_EDGE ( 'NONE', *, *, #4449, .T. ) ;
#749 = PRODUCT_DEFINITION_SHAPE ( 'NONE', 'NONE',  #2744 ) ;
#750 = CYLINDRICAL_SURFACE ( 'NONE', #2779, 2.999999999999999112 ) ;
#751 = DIRECTION ( 'NONE',  ( 1.000000000000000000, 0.000000000000000000, 0.000000000000000000 ) ) ;
#752 = CARTESIAN_POINT ( 'NONE',  ( -21.50156939063999673, 19.50000000000000000, 0.6773000000000000131 ) ) ;
#753 = VERTEX_POINT ( 'NONE', #2279 ) ;
#754 = EDGE_CURVE ( 'NONE', #2836, #1721, #4573, .T. ) ;
#755 = ORIENTED_EDGE ( 'NONE', *, *, #3036, .T. ) ;
#756 = LINE ( 'NONE', #1517, #3228 ) ;
#757 = VERTEX_POINT ( 'NONE', #1202 ) ;
#758 = EDGE_CURVE ( 'NONE', #882, #357, #123, .T. ) ;
#759 = DIRECTION ( 'NONE',  ( 0.9914448613738202631, -0.1305261922199764668, 0.000000000000000000 ) ) ;
#760 =( LENGTH_UNIT ( ) NAMED_UNIT ( * ) SI_UNIT ( .MILLI., .METRE. ) );
#761 = PLANE ( 'NONE',  #2348 ) ;
#762 = LINE ( 'NONE', #844, #255 ) ;
#763 = CARTESIAN_POINT ( 'NONE',  ( 0.01710552974008000202, -0.007085342409919000335, 0.5773000000000000353 ) ) ;
#764 = AXIS2_PLACEMENT_3D ( 'NONE', #3212, #3480, #292 ) ;
#765 = APPLICATION_CONTEXT ( 'automotive_design' ) ;
#766 = ORIENTED_EDGE ( 'NONE', *, *, #3874, .T. ) ;
#767 = AXIS2_PLACEMENT_3D ( 'NONE', #1428, #348, #674 ) ;
#768 = AXIS2_PLACEMENT_3D ( 'NONE', #501, #1939, #3371 ) ;
#769 = PLANE ( 'NONE',  #2136 ) ;
#770 = ORIENTED_EDGE ( 'NONE', *, *, #3043, .T. ) ;
#771 =( LENGTH_UNIT ( ) NAMED_UNIT ( * ) SI_UNIT ( .MILLI., .METRE. ) );
#772 = ADVANCED_FACE ( 'NONE', ( #778 ), #3694, .T. ) ;
#773 = AXIS2_PLACEMENT_3D ( 'NONE', #2039, #718, #1671 ) ;
#774 = PRESENTATION_LAYER_ASSIGNMENT (  '', '', ( #701 ) ) ;
#775 = VERTEX_POINT ( 'NONE', #145 ) ;
#776 = DIRECTION ( 'NONE',  ( 1.000000000000000000, 0.000000000000000000, 0.000000000000000000 ) ) ;
#777 = CIRCLE ( 'NONE', #4507, 1.500000000000001332 ) ;
#778 = FACE_OUTER_BOUND ( 'NONE', #223, .T. ) ;
#779 = CARTESIAN_POINT ( 'NONE',  ( -0.4430789523109999739, 0.03965779445495000444, 0.3992999999999999883 ) ) ;
#780 = ORIENTED_EDGE ( 'NONE', *, *, #4146, .F. ) ;
#781 = VECTOR ( 'NONE', #2081, 1000.000000000000000 ) ;
#782 = ADVANCED_FACE ( 'NONE', ( #2970 ), #4047, .F. ) ;
#783 = COLOUR_RGB ( '',0.7921568627450980005, 0.8196078431372548767, 0.9333333333333333481 ) ;
#784 = VECTOR ( 'NONE', #581, 1000.000000000000000 ) ;
#785 = ORIENTED_EDGE ( 'NONE', *, *, #2529, .F. ) ;
#787 = CARTESIAN_POINT ( 'NONE',  ( 4.984788404149999792E-15, -22.50000000000000000, 0.5773000000000000353 ) ) ;
#786 = FACE_OUTER_BOUND ( 'NONE', #1123, .T. ) ;
#788 = PRODUCT_DEFINITION_CONTEXT ( 'detailed design', #480, 'design' ) ;
#789 = AXIS2_PLACEMENT_3D ( 'NONE', #1126, #2497, #383 ) ;
#790 = DIRECTION ( 'NONE',  ( 3.323709927197000240E-15, 1.000000000000000000, 0.000000000000000000 ) ) ;
#791 = FILL_AREA_STYLE ('',( #2481 ) ) ;
#792 = EDGE_CURVE ( 'NONE', #3608, #3106, #3329, .T. ) ;
#793 = DIRECTION ( 'NONE',  ( 0.000000000000000000, 0.000000000000000000, 1.000000000000000000 ) ) ;
#794 = DIRECTION ( 'NONE',  ( 0.3826834323651143177, 0.9238795325112765244, 0.000000000000000000 ) ) ;
#795 = UNCERTAINTY_MEASURE_WITH_UNIT (LENGTH_MEASURE( 1.000000000000000082E-05 ), #4442, 'distance_accuracy_value', 'NONE');
#796 =( NAMED_UNIT ( * ) PLANE_ANGLE_UNIT ( ) SI_UNIT ( $, .RADIAN. ) );
#797 = CIRCLE ( 'NONE', #646, 1.500000000000001332 ) ;
#798 = PRODUCT ( 'Open CASCADE STEP translator 7.8 1.5_9.STEP', 'Open CASCADE STEP translator 7.8 1.5_9.STEP', '', ( #1122 ) ) ;
#799 = ORIENTED_EDGE ( 'NONE', *, *, #3185, .T. ) ;
#800 = LINE ( 'NONE', #2776, #3007 ) ;
#801 = DIRECTION ( 'NONE',  ( 1.000000000000000000, 0.000000000000000000, 0.000000000000000000 ) ) ;
#802 = ORIENTED_EDGE ( 'NONE', *, *, #311, .F. ) ;
#803 = PRODUCT_CONTEXT ( 'NONE', #2905, 'mechanical' ) ;
#804 = AXIS2_PLACEMENT_3D ( 'NONE', #3765, #613, #1323 ) ;
#805 = ORIENTED_EDGE ( 'NONE', *, *, #3794, .F. ) ;
#806 = EDGE_CURVE ( 'NONE', #2405, #4023, #4057, .T. ) ;
#807 = PRESENTATION_STYLE_ASSIGNMENT (( #2570 ) ) ;
#808 = EDGE_CURVE ( 'NONE', #2225, #1089, #4202, .T. ) ;
#809 = CARTESIAN_POINT ( 'NONE',  ( 25.00000000000000000, 16.50000000000000000, 0.3992999999999999883 ) ) ;
#810 = CARTESIAN_POINT ( 'NONE',  ( -25.00000000000000000, 22.50000000000000000, 0.000000000000000000 ) ) ;
#811 = VERTEX_POINT ( 'NONE', #1967 ) ;
#812 = APPLICATION_CONTEXT ( 'automotive_design' ) ;
#813 = ORIENTED_EDGE ( 'NONE', *, *, #1611, .F. ) ;
#814 = DIRECTION ( 'NONE',  ( -2.215461512956000046E-16, 1.000000000000000000, 0.000000000000000000 ) ) ;
#815 = PRODUCT_RELATED_PRODUCT_CATEGORY ( 'part', '', ( #1512 ) ) ;
#816 = DIRECTION ( 'NONE',  ( 0.000000000000000000, 0.000000000000000000, -1.000000000000000000 ) ) ;
#817 = CARTESIAN_POINT ( 'NONE',  ( 20.00156939100000031, 1.836970198721000105E-16, 0.5772998999999999770 ) ) ;
#818 = DIRECTION ( 'NONE',  ( 0.000000000000000000, 0.000000000000000000, -1.000000000000000000 ) ) ;
#819 = DIRECTION ( 'NONE',  ( -1.000000000000000000, 0.000000000000000000, 0.000000000000000000 ) ) ;
#820 =( NAMED_UNIT ( * ) PLANE_ANGLE_UNIT ( ) SI_UNIT ( $, .RADIAN. ) );
#821 = LINE ( 'NONE', #108, #1818 ) ;
#822 = ADVANCED_FACE ( 'NONE', ( #1948 ), #869, .T. ) ;
#823 = EDGE_LOOP ( 'NONE', ( #204, #437, #4169, #1482, #2960 ) ) ;
#824 = FILL_AREA_STYLE_COLOUR ( '', #4582 ) ;
#825 = CARTESIAN_POINT ( 'NONE',  ( 20.00156939100000031, -19.50000000000000000, 0.5772998999999999770 ) ) ;
#826 = ORIENTED_EDGE ( 'NONE', *, *, #4521, .F. ) ;
#827 = DIRECTION ( 'NONE',  ( 0.000000000000000000, 0.000000000000000000, 1.000000000000000000 ) ) ;
#828 = APPLICATION_PROTOCOL_DEFINITION ( 'draft international standard', 'automotive_design', 1998, #2410 ) ;
#829 = ORIENTED_EDGE ( 'NONE', *, *, #302, .T. ) ;
#830 = CARTESIAN_POINT ( 'NONE',  ( 25.00000000000000000, 16.50000000000000000, 0.000000000000000000 ) ) ;
#831 = CARTESIAN_POINT ( 'NONE',  ( -21.50156939099999676, -19.50000000000000000, 0.6772998999999999548 ) ) ;
#832 = DIRECTION ( 'NONE',  ( 0.000000000000000000, 0.000000000000000000, -1.000000000000000000 ) ) ;
#833 = LINE ( 'NONE', #476, #3160 ) ;
#834 = VERTEX_POINT ( 'NONE', #2290 ) ;
#835 = ADVANCED_FACE ( 'NONE', ( #3708 ), #513, .F. ) ;
#836 = ORIENTED_EDGE ( 'NONE', *, *, #1160, .T. ) ;
#838 = CARTESIAN_POINT ( 'NONE',  ( -15.00000000000000000, 0.000000000000000000, 0.5773000000000000353 ) ) ;
#837 = PLANE ( 'NONE',  #867 ) ;
#839 = PRODUCT_DEFINITION_SHAPE ( 'NONE', 'NONE',  #4608 ) ;
#840 = ADVANCED_FACE ( 'NONE', ( #4018 ), #3002, .F. ) ;
#841 = LINE ( 'NONE', #3961, #4214 ) ;
#842 = CARTESIAN_POINT ( 'NONE',  ( -16.50000000000000000, -13.50000000000000000, 8.507300000000000750 ) ) ;
#843 = CARTESIAN_POINT ( 'NONE',  ( -23.50000000000000000, -23.50000000000000000, 5.307299999999999685 ) ) ;
#844 = CARTESIAN_POINT ( 'NONE',  ( -15.00000000000000000, -3.000000000000000000, 0.3992999999999999883 ) ) ;
#845 = UNCERTAINTY_MEASURE_WITH_UNIT (LENGTH_MEASURE( 1.000000000000000082E-05 ), #2988, 'distance_accuracy_value', 'NONE');
#846 = LINE ( 'NONE', #3994, #4419 ) ;
#847 = SURFACE_STYLE_FILL_AREA ( #4156 ) ;
#848 = ORIENTED_EDGE ( 'NONE', *, *, #3109, .F. ) ;
#849 = CONTEXT_DEPENDENT_SHAPE_REPRESENTATION ( #569, #714 ) ;
#850 = ORIENTED_EDGE ( 'NONE', *, *, #3200, .T. ) ;
#851 = VECTOR ( 'NONE', #4177, 1000.000000000000000 ) ;
#852 = DIRECTION ( 'NONE',  ( 0.000000000000000000, 0.000000000000000000, 1.000000000000000000 ) ) ;
#853 = DIRECTION ( 'NONE',  ( 1.000000000000000000, 0.000000000000000000, 0.000000000000000000 ) ) ;
#854 = ORIENTED_EDGE ( 'NONE', *, *, #2038, .F. ) ;
#855 = EDGE_CURVE ( 'NONE', #2372, #2162, #4084, .T. ) ;
#856 = CIRCLE ( 'NONE', #4131, 1.500000000000001332 ) ;
#857 = VECTOR ( 'NONE', #438, 1000.000000000000000 ) ;
#858 = ORIENTED_EDGE ( 'NONE', *, *, #2519, .F. ) ;
#859 = AXIS2_PLACEMENT_3D ( 'NONE', #617, #4476, #2047 ) ;
#861 = CARTESIAN_POINT ( 'NONE',  ( 13.50000000000000000, -16.50000000000000000, 8.507300000000000750 ) ) ;
#860 = DIRECTION ( 'NONE',  ( -0.3826834323651143177, -0.9238795325112765244, 0.000000000000000000 ) ) ;
#862 = ADVANCED_BREP_SHAPE_REPRESENTATION ( '', ( #4478, #3551 ), #4532 ) ;
#863 = MECHANICAL_DESIGN_GEOMETRIC_PRESENTATION_REPRESENTATION (  '', ( #1536 ), #2051 ) ;
#864 = VECTOR ( 'NONE', #2853, 1000.000000000000000 ) ;
#865 = FACE_OUTER_BOUND ( 'NONE', #2819, .T. ) ;
#866 = DIRECTION ( 'NONE',  ( 0.000000000000000000, -1.000000000000000000, 0.000000000000000000 ) ) ;
#867 = AXIS2_PLACEMENT_3D ( 'NONE', #3671, #1919, #1820 ) ;
#868 = EDGE_CURVE ( 'NONE', #703, #373, #533, .T. ) ;
#869 = PLANE ( 'NONE',  #3903 ) ;
#870 = DIRECTION ( 'NONE',  ( -0.3826834323651143177, 0.9238795325112765244, 0.000000000000000000 ) ) ;
#871 = AXIS2_PLACEMENT_3D ( 'NONE', #1018, #1743, #4216 ) ;
#872 = EDGE_LOOP ( 'NONE', ( #3589, #2961, #3665, #1984 ) ) ;
#873 = AXIS2_PLACEMENT_3D ( 'NONE', #969, #3899, #3081 ) ;
#874 = DIRECTION ( 'NONE',  ( 0.000000000000000000, 0.000000000000000000, 1.000000000000000000 ) ) ;
#875 = ADVANCED_FACE ( 'NONE', ( #1258 ), #906, .T. ) ;
#876 = CONTEXT_DEPENDENT_SHAPE_REPRESENTATION ( #2239, #173 ) ;
#877 =( GEOMETRIC_REPRESENTATION_CONTEXT ( 3 ) GLOBAL_UNCERTAINTY_ASSIGNED_CONTEXT ( ( #1880 ) ) GLOBAL_UNIT_ASSIGNED_CONTEXT ( ( #4526, #2965, #517 ) ) REPRESENTATION_CONTEXT ( 'NONE', 'WORKASPACE' ) );
#878 = ORIENTED_EDGE ( 'NONE', *, *, #1521, .T. ) ;
#879 = PRODUCT_DEFINITION_SHAPE ( 'NONE', 'NONE',  #4611 ) ;
#880 = DIRECTION ( 'NONE',  ( 0.000000000000000000, 0.000000000000000000, -1.000000000000000000 ) ) ;
#881 = DIRECTION ( 'NONE',  ( 0.000000000000000000, 0.000000000000000000, 1.000000000000000000 ) ) ;
#882 = VERTEX_POINT ( 'NONE', #2240 ) ;
#883 = CARTESIAN_POINT ( 'NONE',  ( 0.000000000000000000, 0.000000000000000000, 0.000000000000000000 ) ) ;
#884 = ADVANCED_FACE ( 'NONE', ( #3659 ), #463, .T. ) ;
#885 = PRODUCT_DEFINITION_FORMATION_WITH_SPECIFIED_SOURCE ( 'ANY', '', #380, .NOT_KNOWN. ) ;
#886 = ORIENTED_EDGE ( 'NONE', *, *, #3930, .F. ) ;
#888 = SURFACE_SIDE_STYLE ('',( #3793 ) ) ;
#887 = FACE_OUTER_BOUND ( 'NONE', #2573, .T. ) ;
#889 = PRODUCT_DEFINITION_CONTEXT ( 'detailed design', #1496, 'design' ) ;
#890 = CARTESIAN_POINT ( 'NONE',  ( 21.50156939099999676, 0.000000000000000000, 0.5772998999999999770 ) ) ;
#891 = CARTESIAN_POINT ( 'NONE',  ( -13.50000000000000000, -16.50000000000000000, 5.307299999999999685 ) ) ;
#892 = UNCERTAINTY_MEASURE_WITH_UNIT (LENGTH_MEASURE( 1.000000000000000082E-05 ), #1927, 'distance_accuracy_value', 'NONE');
#893 = CARTESIAN_POINT ( 'NONE',  ( 23.50000000000000000, 26.50000000000000000, 8.507300000000000750 ) ) ;
#894 = ADVANCED_FACE ( 'NONE', ( #2718 ), #2325, .T. ) ;
#895 = DIRECTION ( 'NONE',  ( 0.000000000000000000, 0.000000000000000000, -1.000000000000000000 ) ) ;
#896 = EDGE_CURVE ( 'NONE', #2142, #2665, #4200, .T. ) ;
#897 = CARTESIAN_POINT ( 'NONE',  ( 23.00156939100000031, 19.50000000000000000, 0.6772998999999999548 ) ) ;
#898 = VERTEX_POINT ( 'NONE', #214 ) ;
#899 = DIRECTION ( 'NONE',  ( 0.000000000000000000, 0.000000000000000000, 1.000000000000000000 ) ) ;
#900 = ORIENTED_EDGE ( 'NONE', *, *, #3754, .T. ) ;
#902 = CARTESIAN_POINT ( 'NONE',  ( 0.000000000000000000, 22.50000000000000000, 0.000000000000000000 ) ) ;
#901 = LINE ( 'NONE', #1229, #1541 ) ;
#903 = ORIENTED_EDGE ( 'NONE', *, *, #531, .F. ) ;
#904 = ADVANCED_FACE ( 'NONE', ( #3779 ), #3465, .F. ) ;
#905 = DIRECTION ( 'NONE',  ( 0.000000000000000000, 0.000000000000000000, 1.000000000000000000 ) ) ;
#906 = CYLINDRICAL_SURFACE ( 'NONE', #3146, 2.999999999999999112 ) ;
#907 = EDGE_CURVE ( 'NONE', #1114, #2248, #3442, .T. ) ;
#908 = DIRECTION ( 'NONE',  ( 0.000000000000000000, 0.000000000000000000, 1.000000000000000000 ) ) ;
#909 =( NAMED_UNIT ( * ) SI_UNIT ( $, .STERADIAN. ) SOLID_ANGLE_UNIT ( ) );
#910 = ORIENTED_EDGE ( 'NONE', *, *, #2466, .T. ) ;
#911 = CARTESIAN_POINT ( 'NONE',  ( 13.50000000000000000, -13.50000000000000000, 8.507300000000000750 ) ) ;
#912 = VERTEX_POINT ( 'NONE', #2686 ) ;
#913 = CLOSED_SHELL ( 'NONE', ( #2111, #174, #894, #4303 ) ) ;
#914 = PRESENTATION_STYLE_ASSIGNMENT (( #1201 ) ) ;
#915 = CYLINDRICAL_SURFACE ( 'NONE', #634, 0.03999999999999999389 ) ;
#916 = ORIENTED_EDGE ( 'NONE', *, *, #3500, .F. ) ;
#917 = EDGE_CURVE ( 'NONE', #1646, #1834, #3821, .T. ) ;
#918 = DIRECTION ( 'NONE',  ( 1.000000000000000000, 0.000000000000000000, 0.000000000000000000 ) ) ;
#919 = VECTOR ( 'NONE', #183, 1000.000000000000000 ) ;
#920 = ORIENTED_EDGE ( 'NONE', *, *, #3037, .T. ) ;
#921 = CIRCLE ( 'NONE', #697, 1.500000000000001332 ) ;
#922 = FACE_BOUND ( 'NONE', #4082, .T. ) ;
#924 = FILL_AREA_STYLE_COLOUR ( '', #2193 ) ;
#923 = DIRECTION ( 'NONE',  ( 1.000000000000000000, 0.000000000000000000, 0.000000000000000000 ) ) ;
#925 = AXIS2_PLACEMENT_3D ( 'NONE', #957, #3801, #1639 ) ;
#926 = EDGE_CURVE ( 'NONE', #3514, #2267, #4125, .T. ) ;
#927 = CIRCLE ( 'NONE', #1980, 1.500000000000001332 ) ;
#928 = CIRCLE ( 'NONE', #3526, 1.500000000000001332 ) ;
#929 = CYLINDRICAL_SURFACE ( 'NONE', #4278, 1.500000000000001332 ) ;
#930 = LINE ( 'NONE', #2351, #122 ) ;
#931 = DIRECTION ( 'NONE',  ( 1.000000000000000000, 0.000000000000000000, 0.000000000000000000 ) ) ;
#932 = PRESENTATION_LAYER_ASSIGNMENT (  '', '', ( #3609 ) ) ;
#933 = STYLED_ITEM ( 'NONE', ( #587 ), #1422 ) ;
#934 = DIRECTION ( 'NONE',  ( 0.000000000000000000, 0.000000000000000000, 1.000000000000000000 ) ) ;
#935 = AXIS2_PLACEMENT_3D ( 'NONE', #4098, #4117, #923 ) ;
#936 = CIRCLE ( 'NONE', #4572, 2.999999999999999112 ) ;
#937 = EDGE_CURVE ( 'NONE', #3908, #3955, #3297, .T. ) ;
#938 = CYLINDRICAL_SURFACE ( 'NONE', #3458, 2.999999999999999112 ) ;
#939 = DIRECTION ( 'NONE',  ( 1.000000000000000000, 0.000000000000000000, 0.000000000000000000 ) ) ;
#940 = VECTOR ( 'NONE', #1794, 1000.000000000000000 ) ;
#941 = CONTEXT_DEPENDENT_SHAPE_REPRESENTATION ( #657, #2250 ) ;
#942 = EDGE_LOOP ( 'NONE', ( #3651, #1511 ) ) ;
#943 = AXIS2_PLACEMENT_3D ( 'NONE', #602, #3687, #1557 ) ;
#944 = FACE_OUTER_BOUND ( 'NONE', #1726, .T. ) ;
#945 = ORIENTED_EDGE ( 'NONE', *, *, #3065, .F. ) ;
#946 = EDGE_CURVE ( 'NONE', #178, #1350, #4431, .T. ) ;
#947 = ORIENTED_EDGE ( 'NONE', *, *, #1970, .F. ) ;
#948 = DIRECTION ( 'NONE',  ( -1.000000000000000000, 0.000000000000000000, 0.000000000000000000 ) ) ;
#950 = DIRECTION ( 'NONE',  ( 0.000000000000000000, 0.000000000000000000, 1.000000000000000000 ) ) ;
#949 = DIRECTION ( 'NONE',  ( 1.000000000000000000, 0.000000000000000000, 0.000000000000000000 ) ) ;
#951 = ORIENTED_EDGE ( 'NONE', *, *, #2238, .T. ) ;
#952 = DIRECTION ( 'NONE',  ( 1.000000000000000000, 0.000000000000000000, 0.000000000000000000 ) ) ;
#953 = ORIENTED_EDGE ( 'NONE', *, *, #2942, .T. ) ;
#954 = LINE ( 'NONE', #3777, #784 ) ;
#955 = PRODUCT_RELATED_PRODUCT_CATEGORY ( 'part', '', ( #458 ) ) ;
#957 = CARTESIAN_POINT ( 'NONE',  ( 13.50000000000000000, 13.50000000000000000, 8.507300000000000750 ) ) ;
#956 = CARTESIAN_POINT ( 'NONE',  ( 23.00156939100000031, -19.50000000000000000, 0.6772998999999999548 ) ) ;
#958 = ORIENTED_EDGE ( 'NONE', *, *, #3155, .T. ) ;
#959 =( LENGTH_UNIT ( ) NAMED_UNIT ( * ) SI_UNIT ( .MILLI., .METRE. ) );
#960 = DIRECTION ( 'NONE',  ( -1.000000000000000000, 0.000000000000000000, 0.000000000000000000 ) ) ;
#961 =( REPRESENTATION_RELATIONSHIP ('NONE','NONE', #678, #4054 ) REPRESENTATION_RELATIONSHIP_WITH_TRANSFORMATION ( #608 )SHAPE_REPRESENTATION_RELATIONSHIP( ) );
#962 = DIRECTION ( 'NONE',  ( 0.000000000000000000, 0.000000000000000000, 1.000000000000000000 ) ) ;
#963 =( NAMED_UNIT ( * ) PLANE_ANGLE_UNIT ( ) SI_UNIT ( $, .RADIAN. ) );
#964 =( NAMED_UNIT ( * ) PLANE_ANGLE_UNIT ( ) SI_UNIT ( $, .RADIAN. ) );
#965 = ADVANCED_FACE ( 'NONE', ( #603 ), #1713, .T. ) ;
#966 = CONTEXT_DEPENDENT_SHAPE_REPRESENTATION ( #322, #1245 ) ;
#967 = ORIENTED_EDGE ( 'NONE', *, *, #1638, .T. ) ;
#968 = LINE ( 'NONE', #2383, #551 ) ;
#969 = CARTESIAN_POINT ( 'NONE',  ( -36.50000010000000117, -36.50000010000000117, 0.5772998999999999770 ) ) ;
#970 = VERTEX_POINT ( 'NONE', #4498 ) ;
#971 = CARTESIAN_POINT ( 'NONE',  ( 0.000000000000000000, 0.000000000000000000, 0.000000000000000000 ) ) ;
#972 = ORIENTED_EDGE ( 'NONE', *, *, #2014, .F. ) ;
#974 = FACE_OUTER_BOUND ( 'NONE', #2700, .T. ) ;
#973 = CARTESIAN_POINT ( 'NONE',  ( -9.339803143895000659, -22.50000000000000000, 0.1779999999999999916 ) ) ;
#975 = PRODUCT_DEFINITION_CONTEXT ( 'detailed design', #1161, 'design' ) ;
#976 = EDGE_LOOP ( 'NONE', ( #3595, #748 ) ) ;
#977 = PLANE ( 'NONE',  #2473 ) ;
#978 = DIRECTION ( 'NONE',  ( 0.000000000000000000, 1.000000000000000000, 0.000000000000000000 ) ) ;
#979 = EDGE_CURVE ( 'NONE', #4470, #3568, #4157, .T. ) ;
#980 = CARTESIAN_POINT ( 'NONE',  ( 13.50000000000000000, 16.50000000000000000, 5.307299999999999685 ) ) ;
#981 = DIRECTION ( 'NONE',  ( 0.000000000000000000, 0.000000000000000000, 1.000000000000000000 ) ) ;
#982 = DIRECTION ( 'NONE',  ( 0.000000000000000000, 0.000000000000000000, 1.000000000000000000 ) ) ;
#983 = APPLICATION_CONTEXT ( 'automotive_design' ) ;
#984 = ORIENTED_EDGE ( 'NONE', *, *, #926, .F. ) ;
#985 = PLANE ( 'NONE',  #4077 ) ;
#986 = ORIENTED_EDGE ( 'NONE', *, *, #4201, .T. ) ;
#987 = SHAPE_DEFINITION_REPRESENTATION ( #344, #4054 ) ;
#988 = ORIENTED_EDGE ( 'NONE', *, *, #386, .F. ) ;
#989 = VECTOR ( 'NONE', #3232, 1000.000000000000000 ) ;
#990 = ORIENTED_EDGE ( 'NONE', *, *, #1176, .F. ) ;
#991 = CARTESIAN_POINT ( 'NONE',  ( -9.339803143895000659, -22.50000000000000000, 0.5773000000000000353 ) ) ;
#993 = CYLINDRICAL_SURFACE ( 'NONE', #2703, 1.500000000000001332 ) ;
#992 = LINE ( 'NONE', #1440, #4367 ) ;
#994 = AXIS2_PLACEMENT_3D ( 'NONE', #2327, #534, #4086 ) ;
#995 = AXIS2_PLACEMENT_3D ( 'NONE', #1159, #2621, #2995 ) ;
#996 = CARTESIAN_POINT ( 'NONE',  ( 23.50000000000000000, 23.50000000000000000, 5.307299999999999685 ) ) ;
#998 = DIRECTION ( 'NONE',  ( 1.000000000000000000, 0.000000000000000000, 0.000000000000000000 ) ) ;
#997 = CARTESIAN_POINT ( 'NONE',  ( 9.339845528055001012, -22.50000000000000000, 0.3992999999999999883 ) ) ;
#999 = VECTOR ( 'NONE', #1132, 1000.000000000000000 ) ;
#1000 = CIRCLE ( 'NONE', #3304, 1.500000000000001332 ) ;
#1001 = DIRECTION ( 'NONE',  ( 0.000000000000000000, 0.000000000000000000, 1.000000000000000000 ) ) ;
#1002 = CARTESIAN_POINT ( 'NONE',  ( -15.00000000000000000, 3.000000000000000000, 0.000000000000000000 ) ) ;
#1003 = EDGE_CURVE ( 'NONE', #3514, #1677, #321, .T. ) ;
#1004 = AXIS2_PLACEMENT_3D ( 'NONE', #3736, #2969, #1626 ) ;
#1005 = VECTOR ( 'NONE', #3503, 1000.000000000000000 ) ;
#1006 = CARTESIAN_POINT ( 'NONE',  ( -9.339803143895000659, 16.50000000000000000, 0.5773000000000000353 ) ) ;
#1007 = CARTESIAN_POINT ( 'NONE',  ( 21.50156939099999676, 19.50000000000000000, 0.5772998999999999770 ) ) ;
#1008 = CIRCLE ( 'NONE', #4064, 0.04000000000001999872 ) ;
#1009 = AXIS2_PLACEMENT_3D ( 'NONE', #4296, #1785, #1072 ) ;
#1010 = ORIENTED_EDGE ( 'NONE', *, *, #3484, .T. ) ;
#1011 = EDGE_CURVE ( 'NONE', #731, #522, #1371, .T. ) ;
#1012 = AXIS2_PLACEMENT_3D ( 'NONE', #752, #2229, #1869 ) ;
#1013 = CARTESIAN_POINT ( 'NONE',  ( 0.1871948187000000152, -0.4035465258109999787, 0.5773000000000000353 ) ) ;
#1014 = VERTEX_POINT ( 'NONE', #3489 ) ;
#1015 = APPLICATION_CONTEXT ( 'automotive_design' ) ;
#1016 = VECTOR ( 'NONE', #853, 1000.000000000000000 ) ;
#1017 = DIRECTION ( 'NONE',  ( 0.000000000000000000, 0.000000000000000000, 1.000000000000000000 ) ) ;
#1019 = SURFACE_STYLE_USAGE ( .BOTH. , #1041 ) ;
#1018 = CARTESIAN_POINT ( 'NONE',  ( -21.50156939099999676, 19.50000000000000000, 0.6772998999999999548 ) ) ;
#1020 = ORIENTED_EDGE ( 'NONE', *, *, #164, .T. ) ;
#1021 = ADVANCED_FACE ( 'NONE', ( #2379 ), #2690, .F. ) ;
#1022 = ORIENTED_EDGE ( 'NONE', *, *, #808, .F. ) ;
#1023 = DIRECTION ( 'NONE',  ( 0.000000000000000000, 0.000000000000000000, -1.000000000000000000 ) ) ;
#1024 = CARTESIAN_POINT ( 'NONE',  ( -26.50000000000000000, 23.50000000000000000, 8.507300000000000750 ) ) ;
#1025 = FILL_AREA_STYLE ('',( #3582 ) ) ;
#1026 =( NAMED_UNIT ( * ) PLANE_ANGLE_UNIT ( ) SI_UNIT ( $, .RADIAN. ) );
#1027 =( GEOMETRIC_REPRESENTATION_CONTEXT ( 3 ) GLOBAL_UNCERTAINTY_ASSIGNED_CONTEXT ( ( #1963 ) ) GLOBAL_UNIT_ASSIGNED_CONTEXT ( ( #1753, #3290, #1426 ) ) REPRESENTATION_CONTEXT ( 'NONE', 'WORKASPACE' ) );
#1028 = PLANE ( 'NONE',  #2043 ) ;
#1029 = DIRECTION ( 'NONE',  ( 1.000000000000000000, 0.000000000000000000, 0.000000000000000000 ) ) ;
#1030 = DIRECTION ( 'NONE',  ( 0.000000000000000000, 0.000000000000000000, 1.000000000000000000 ) ) ;
#1031 = SHAPE_REPRESENTATION_RELATIONSHIP ( 'NONE' , 'NONE' ,  #3283, #2625 ) ;
#1032 = EDGE_CURVE ( 'NONE', #3156, #4464, #1777, .T. ) ;
#1033 = ORIENTED_EDGE ( 'NONE', *, *, #3985, .F. ) ;
#1034 = DIRECTION ( 'NONE',  ( 1.000000000000000000, 0.000000000000000000, 0.000000000000000000 ) ) ;
#1035 = ORIENTED_EDGE ( 'NONE', *, *, #3175, .T. ) ;
#1036 = PRODUCT_CONTEXT ( 'NONE', #1797, 'mechanical' ) ;
#1037 = EDGE_CURVE ( 'NONE', #679, #2405, #43, .T. ) ;
#1038 = EDGE_LOOP ( 'NONE', ( #2452, #712 ) ) ;
#1039 = LINE ( 'NONE', #3523, #2692 ) ;
#1041 = SURFACE_SIDE_STYLE ('',( #4589 ) ) ;
#1040 = DIRECTION ( 'NONE',  ( 0.000000000000000000, 0.000000000000000000, -1.000000000000000000 ) ) ;
#1042 = EDGE_LOOP ( 'NONE', ( #3153, #4183, #1178, #1975 ) ) ;
#1043 = ORIENTED_EDGE ( 'NONE', *, *, #2075, .F. ) ;
#1044 = CARTESIAN_POINT ( 'NONE',  ( -23.00156939064000028, -19.50000000000000000, 0.6773000000000000131 ) ) ;
#1045 = EDGE_LOOP ( 'NONE', ( #2210, #4538, #2611, #2023 ) ) ;
#1046 = CARTESIAN_POINT ( 'NONE',  ( 20.00156939064299877, -3.285749932081897220E-15, 0.5773000000000000353 ) ) ;
#1047 = DIRECTION ( 'NONE',  ( 0.000000000000000000, 0.000000000000000000, 1.000000000000000000 ) ) ;
#1048 = DIRECTION ( 'NONE',  ( 0.000000000000000000, 0.000000000000000000, 1.000000000000000000 ) ) ;
#1049 = ADVANCED_FACE ( 'NONE', ( #431, #2524 ), #3957, .T. ) ;
#1050 = CARTESIAN_POINT ( 'NONE',  ( -21.50156939063999673, -3.469446951954000336E-15, 0.5773000000000000353 ) ) ;
#1051 = CARTESIAN_POINT ( 'NONE',  ( 23.00156939100000031, -19.50000000000000000, 0.5772998999999999770 ) ) ;
#1052 = PRODUCT ( 'zhi_peng_R500_100um_gap_split', 'zhi_peng_R500_100um_gap_split', '', ( #2154 ) ) ;
#1053 = ORIENTED_EDGE ( 'NONE', *, *, #3887, .F. ) ;
#1054 = CARTESIAN_POINT ( 'NONE',  ( -25.00000000000000000, 0.000000000000000000, 0.000000000000000000 ) ) ;
#1055 = ORIENTED_EDGE ( 'NONE', *, *, #4029, .T. ) ;
#1056 = ORIENTED_EDGE ( 'NONE', *, *, #3946, .F. ) ;
#1057 = EDGE_CURVE ( 'NONE', #4023, #3741, #3914, .T. ) ;
#1058 = CARTESIAN_POINT ( 'NONE',  ( -20.00156939064000028, -19.50000000000000000, 5.307299999999999685 ) ) ;
#1059 = DIRECTION ( 'NONE',  ( 0.000000000000000000, 1.000000000000000000, 0.000000000000000000 ) ) ;
#1060 = ORIENTED_EDGE ( 'NONE', *, *, #4124, .F. ) ;
#1061 = EDGE_LOOP ( 'NONE', ( #3015, #1043, #2546, #4276, #1020 ) ) ;
#1063 = CARTESIAN_POINT ( 'NONE',  ( 0.000000000000000000, 0.000000000000000000, 0.5773000000000000353 ) ) ;
#1062 = CARTESIAN_POINT ( 'NONE',  ( -9.339803143895000659, -22.50000000000000000, 0.000000000000000000 ) ) ;
#1064 = ADVANCED_FACE ( 'NONE', ( #2784 ), #2848, .T. ) ;
#1065 = EDGE_LOOP ( 'NONE', ( #76, #3864, #2041, #755 ) ) ;
#1066 = CARTESIAN_POINT ( 'NONE',  ( 0.000000000000000000, 0.000000000000000000, 0.000000000000000000 ) ) ;
#1067 = AXIS2_PLACEMENT_3D ( 'NONE', #2520, #3171, #2157 ) ;
#1068 = CARTESIAN_POINT ( 'NONE',  ( -25.00000000000000000, 3.000000000000000000, 0.000000000000000000 ) ) ;
#1069 = CARTESIAN_POINT ( 'NONE',  ( -20.00156939100000031, 19.50000000000000000, 0.5772998999999999770 ) ) ;
#1070 = ADVANCED_BREP_SHAPE_REPRESENTATION ( '', ( #1313, #3551 ), #3933 ) ;
#1071 = LINE ( 'NONE', #3565, #1377 ) ;
#1072 = DIRECTION ( 'NONE',  ( 0.000000000000000000, 0.000000000000000000, -1.000000000000000000 ) ) ;
#1073 = CIRCLE ( 'NONE', #4362, 1.500000000000001332 ) ;
#1074 = VECTOR ( 'NONE', #3425, 1000.000000000000000 ) ;
#1075 = ADVANCED_FACE ( 'NONE', ( #1944 ), #2234, .T. ) ;
#1076 = AXIS2_PLACEMENT_3D ( 'NONE', #4510, #3541, #3893 ) ;
#1077 = VERTEX_POINT ( 'NONE', #2978 ) ;
#1078 = AXIS2_PLACEMENT_3D ( 'NONE', #1873, #3293, #3672 ) ;
#1079 = DIRECTION ( 'NONE',  ( 1.000000000000000000, 0.000000000000000000, 0.000000000000000000 ) ) ;
#1080 = ORIENTED_EDGE ( 'NONE', *, *, #191, .F. ) ;
#1081 = AXIS2_PLACEMENT_3D ( 'NONE', #3129, #1657, #4494 ) ;
#1082 = CIRCLE ( 'NONE', #4137, 0.04000000000001999872 ) ;
#1083 = APPLICATION_PROTOCOL_DEFINITION ( 'draft international standard', 'automotive_design', 1998, #3873 ) ;
#1084 = ORIENTED_EDGE ( 'NONE', *, *, #1796, .T. ) ;
#1085 = VECTOR ( 'NONE', #1273, 1000.000000000000000 ) ;
#1086 = CARTESIAN_POINT ( 'NONE',  ( -23.00156939100000031, -19.50000000000000000, 0.6772998999999999548 ) ) ;
#1087 = FACE_OUTER_BOUND ( 'NONE', #150, .T. ) ;
#1088 = CARTESIAN_POINT ( 'NONE',  ( 0.4427789523109999514, 0.03965779445497000233, 0.000000000000000000 ) ) ;
#1089 = VERTEX_POINT ( 'NONE', #1920 ) ;
#1090 = CIRCLE ( 'NONE', #3692, 1.500000000000001332 ) ;
#1091 = EDGE_CURVE ( 'NONE', #4540, #373, #508, .T. ) ;
#1092 = ORIENTED_EDGE ( 'NONE', *, *, #3021, .F. ) ;
#1093 = AXIS2_PLACEMENT_3D ( 'NONE', #2152, #1789, #2935 ) ;
#1094 = CARTESIAN_POINT ( 'NONE',  ( -20.00156939100000031, 19.50000000000000000, 0.5772998999999999770 ) ) ;
#1095 = ORIENTED_EDGE ( 'NONE', *, *, #2177, .T. ) ;
#1096 = CARTESIAN_POINT ( 'NONE',  ( -15.00000000000000000, -1.956112807566000145, 0.5773000000000000353 ) ) ;
#1097 = PRODUCT_DEFINITION_SHAPE ( 'NONE', 'NONE',  #4340 ) ;
#1098 =( GEOMETRIC_REPRESENTATION_CONTEXT ( 3 ) GLOBAL_UNCERTAINTY_ASSIGNED_CONTEXT ( ( #4059 ) ) GLOBAL_UNIT_ASSIGNED_CONTEXT ( ( #61, #4321, #1810 ) ) REPRESENTATION_CONTEXT ( 'NONE', 'WORKASPACE' ) );
#1099 = ADVANCED_FACE ( 'NONE', ( #1495 ), #3325, .T. ) ;
#1100 = LINE ( 'NONE', #2507, #131 ) ;
#1101 = DIRECTION ( 'NONE',  ( 0.000000000000000000, 0.000000000000000000, 1.000000000000000000 ) ) ;
#1102 = CARTESIAN_POINT ( 'NONE',  ( 9.339845528055001012, 22.50000000000000000, 0.3992999999999999883 ) ) ;
#1103 = ORIENTED_EDGE ( 'NONE', *, *, #2918, .F. ) ;
#1104 = LINE ( 'NONE', #4319, #138 ) ;
#1105 = ORIENTED_EDGE ( 'NONE', *, *, #1121, .F. ) ;
#1106 = ADVANCED_FACE ( 'NONE', ( #2547 ), #4012, .F. ) ;
#1107 = PLANE ( 'NONE',  #3700 ) ;
#1108 = SHAPE_DEFINITION_REPRESENTATION ( #1124, #4234 ) ;
#1109 = ORIENTED_EDGE ( 'NONE', *, *, #4029, .F. ) ;
#1110 = PLANE ( 'NONE',  #3074 ) ;
#1111 = CARTESIAN_POINT ( 'NONE',  ( 9.339845528055001012, 22.50000000000000000, 0.5773000000000000353 ) ) ;
#1112 = ORIENTED_EDGE ( 'NONE', *, *, #3406, .T. ) ;
#1113 = EDGE_LOOP ( 'NONE', ( #802, #878, #2565, #1056 ) ) ;
#1114 = VERTEX_POINT ( 'NONE', #2215 ) ;
#1115 = LINE ( 'NONE', #22, #2274 ) ;
#1116 = ADVANCED_FACE ( 'NONE', ( #3248 ), #457, .T. ) ;
#1117 = DIRECTION ( 'NONE',  ( 1.000000000000000000, 0.000000000000000000, 0.000000000000000000 ) ) ;
#1118 = EDGE_LOOP ( 'NONE', ( #265, #669, #1739, #2628 ) ) ;
#1119 = DIRECTION ( 'NONE',  ( 0.000000000000000000, 0.000000000000000000, 1.000000000000000000 ) ) ;
#1120 = ORIENTED_EDGE ( 'NONE', *, *, #143, .F. ) ;
#1121 = EDGE_CURVE ( 'NONE', #2598, #3022, #1544, .T. ) ;
#1122 = PRODUCT_CONTEXT ( 'NONE', #1891, 'mechanical' ) ;
#1123 = EDGE_LOOP ( 'NONE', ( #3940, #659, #3221, #4240 ) ) ;
#1124 = PRODUCT_DEFINITION_SHAPE ( 'NONE', 'NONE',  #3778 ) ;
#1125 = CARTESIAN_POINT ( 'NONE',  ( 21.50156939064299877, -3.469446951954000336E-15, 0.5773000000000000353 ) ) ;
#1126 = CARTESIAN_POINT ( 'NONE',  ( -13.50000000000000000, -16.50000000000000000, 8.507300000000000750 ) ) ;
#1127 = ORIENTED_EDGE ( 'NONE', *, *, #650, .F. ) ;
#1128 = VERTEX_POINT ( 'NONE', #1230 ) ;
#1130 = CARTESIAN_POINT ( 'NONE',  ( 0.01710552974008000202, -0.007085342409919000335, 0.3992999999999999883 ) ) ;
#1129 = LINE ( 'NONE', #151, #331 ) ;
#1131 = EDGE_LOOP ( 'NONE', ( #2991, #2842, #4114, #3977 ) ) ;
#1132 = DIRECTION ( 'NONE',  ( 0.000000000000000000, 0.000000000000000000, -1.000000000000000000 ) ) ;
#1133 = CLOSED_SHELL ( 'NONE', ( #2033, #2873, #2335, #2458 ) ) ;
#1134 = DIRECTION ( 'NONE',  ( 1.000000000000000000, 0.000000000000000000, 0.000000000000000000 ) ) ;
#1135 = PLANE ( 'NONE',  #3006 ) ;
#1136 = DIRECTION ( 'NONE',  ( -1.000000000000000000, 0.000000000000000000, 0.000000000000000000 ) ) ;
#1137 =( NAMED_UNIT ( * ) SI_UNIT ( $, .STERADIAN. ) SOLID_ANGLE_UNIT ( ) );
#1138 = AXIS2_PLACEMENT_3D ( 'NONE', #2366, #615, #3110 ) ;
#1139 = ADVANCED_FACE ( 'NONE', ( #4051 ), #2951, .T. ) ;
#1140 = ORIENTED_EDGE ( 'NONE', *, *, #1435, .T. ) ;
#1141 = AXIS2_PLACEMENT_3D ( 'NONE', #4570, #1, #318 ) ;
#1142 = AXIS2_PLACEMENT_3D ( 'NONE', #3049, #1279, #2396 ) ;
#1143 = FACE_OUTER_BOUND ( 'NONE', #1344, .T. ) ;
#1144 = DIRECTION ( 'NONE',  ( 0.000000000000000000, 0.000000000000000000, 1.000000000000000000 ) ) ;
#1145 = VERTEX_POINT ( 'NONE', #4384 ) ;
#1146 = SHAPE_DEFINITION_REPRESENTATION ( #422, #1832 ) ;
#1147 = AXIS2_PLACEMENT_3D ( 'NONE', #4014, #1856, #78 ) ;
#1148 = EDGE_LOOP ( 'NONE', ( #1953, #1556, #121, #3339, #3599 ) ) ;
#1149 = PRODUCT_RELATED_PRODUCT_CATEGORY ( 'part', '', ( #3199 ) ) ;
#1150 = LINE ( 'NONE', #3241, #2705 ) ;
#1151 = VECTOR ( 'NONE', #2869, 1000.000000000000000 ) ;
#1152 = CARTESIAN_POINT ( 'NONE',  ( -0.2557341336119999808, 0.3636289237349999981, 0.000000000000000000 ) ) ;
#1153 = FACE_OUTER_BOUND ( 'NONE', #324, .T. ) ;
#1154 = ORIENTED_EDGE ( 'NONE', *, *, #4586, .F. ) ;
#1155 = VECTOR ( 'NONE', #2764, 1000.000000000000000 ) ;
#1156 = PRESENTATION_LAYER_ASSIGNMENT (  '', '', ( #3837 ) ) ;
#1157 = AXIS2_PLACEMENT_3D ( 'NONE', #1278, #3093, #4525 ) ;
#1158 = EDGE_LOOP ( 'NONE', ( #137, #3312 ) ) ;
#1159 = CARTESIAN_POINT ( 'NONE',  ( 0.000000000000000000, 0.000000000000000000, 0.1779999999999999916 ) ) ;
#1160 = EDGE_CURVE ( 'NONE', #358, #2248, #128, .T. ) ;
#1161 = APPLICATION_CONTEXT ( 'automotive_design' ) ;
#1162 = DIRECTION ( 'NONE',  ( -1.000000000000000000, 0.000000000000000000, 0.000000000000000000 ) ) ;
#1163 = AXIS2_PLACEMENT_3D ( 'NONE', #2172, #3928, #2908 ) ;
#1164 = DIRECTION ( 'NONE',  ( 1.000000000000000000, 0.000000000000000000, 0.000000000000000000 ) ) ;
#1165 = LINE ( 'NONE', #1574, #2411 ) ;
#1166 = CARTESIAN_POINT ( 'NONE',  ( 23.50000000000000000, 23.50000000000000000, 8.507300000000000750 ) ) ;
#1167 = UNCERTAINTY_MEASURE_WITH_UNIT (LENGTH_MEASURE( 1.000000000000000082E-05 ), #599, 'distance_accuracy_value', 'NONE');
#1168 =( LENGTH_UNIT ( ) NAMED_UNIT ( * ) SI_UNIT ( .MILLI., .METRE. ) );
#1169 = AXIS2_PLACEMENT_3D ( 'NONE', #911, #3408, #3054 ) ;
#1170 = LINE ( 'NONE', #2587, #989 ) ;
#1171 = PRODUCT ( 'Open CASCADE STEP translator 7.8 1.3_9.STEP', 'Open CASCADE STEP translator 7.8 1.3_9.STEP', '', ( #1840 ) ) ;
#1172 =( GEOMETRIC_REPRESENTATION_CONTEXT ( 3 ) GLOBAL_UNCERTAINTY_ASSIGNED_CONTEXT ( ( #2650 ) ) GLOBAL_UNIT_ASSIGNED_CONTEXT ( ( #2857, #2194, #443 ) ) REPRESENTATION_CONTEXT ( 'NONE', 'WORKASPACE' ) );
#1173 = CARTESIAN_POINT ( 'NONE',  ( -23.50000000000000000, 26.50000000000000000, 8.507300000000000750 ) ) ;
#1174 = LINE ( 'NONE', #2514, #416 ) ;
#1175 = VERTEX_POINT ( 'NONE', #861 ) ;
#1176 = EDGE_CURVE ( 'NONE', #4448, #970, #1000, .T. ) ;
#1177 = AXIS2_PLACEMENT_3D ( 'NONE', #1702, #3360, #179 ) ;
#1178 = ORIENTED_EDGE ( 'NONE', *, *, #1957, .T. ) ;
#1179 = CARTESIAN_POINT ( 'NONE',  ( -23.00156939064000028, -19.50000000000000000, 0.5773000000000000353 ) ) ;
#1180 = PRODUCT_DEFINITION_FORMATION_WITH_SPECIFIED_SOURCE ( 'ANY', '', #4006, .NOT_KNOWN. ) ;
#1181 = CYLINDRICAL_SURFACE ( 'NONE', #185, 1.500000000000001332 ) ;
#1182 = DIRECTION ( 'NONE',  ( 0.000000000000000000, 0.000000000000000000, 1.000000000000000000 ) ) ;
#1183 = VERTEX_POINT ( 'NONE', #1585 ) ;
#1184 = EDGE_CURVE ( 'NONE', #753, #3716, #1852, .T. ) ;
#1185 = CARTESIAN_POINT ( 'NONE',  ( 0.000000000000000000, 0.000000000000000000, 0.000000000000000000 ) ) ;
#1186 = ORIENTED_EDGE ( 'NONE', *, *, #71, .T. ) ;
#1188 = DIRECTION ( 'NONE',  ( 0.000000000000000000, 0.000000000000000000, -1.000000000000000000 ) ) ;
#1187 = DIRECTION ( 'NONE',  ( -0.9914448613738202631, -0.1305261922199764668, 0.000000000000000000 ) ) ;
#1189 = FACE_OUTER_BOUND ( 'NONE', #4404, .T. ) ;
#1190 = LINE ( 'NONE', #190, #3990 ) ;
#1191 = CARTESIAN_POINT ( 'NONE',  ( -30.00000000000000000, -30.00000000000000000, 5.307299999999999685 ) ) ;
#1192 = CARTESIAN_POINT ( 'NONE',  ( -23.50000000000000000, 23.50000000000000000, 8.507300000000000750 ) ) ;
#1193 = PLANE ( 'NONE',  #175 ) ;
#1194 = EDGE_LOOP ( 'NONE', ( #3344, #766 ) ) ;
#1195 = EDGE_CURVE ( 'NONE', #1516, #4473, #1835, .T. ) ;
#1196 = SURFACE_STYLE_USAGE ( .BOTH. , #1263 ) ;
#1197 = CARTESIAN_POINT ( 'NONE',  ( 21.50156939064299877, -19.50000000000000000, 5.307299999999999685 ) ) ;
#1198 = EDGE_LOOP ( 'NONE', ( #4580, #7, #3247, #1492, #4309, #4173, #2535, #2271 ) ) ;
#1199 = CARTESIAN_POINT ( 'NONE',  ( -13.50000000000000000, 13.50000000000000000, 8.507300000000000750 ) ) ;
#1200 = VERTEX_POINT ( 'NONE', #4331 ) ;
#1201 = SURFACE_STYLE_USAGE ( .BOTH. , #1247 ) ;
#1202 = CARTESIAN_POINT ( 'NONE',  ( 13.50000000000000000, -16.50000000000000000, 5.307299999999999685 ) ) ;
#1203 = CARTESIAN_POINT ( 'NONE',  ( -15.00000000000000000, 1.956112807566000145, 0.3992999999999999883 ) ) ;
#1204 = DIRECTION ( 'NONE',  ( 0.000000000000000000, 0.000000000000000000, 1.000000000000000000 ) ) ;
#1205 = EDGE_CURVE ( 'NONE', #525, #3394, #3983, .T. ) ;
#1206 = ORIENTED_EDGE ( 'NONE', *, *, #3263, .F. ) ;
#1207 = CARTESIAN_POINT ( 'NONE',  ( 20.00156939100000031, -19.50000000000000000, 0.6772998999999999548 ) ) ;
#1208 = PRODUCT ( 'Open CASCADE STEP translator 7.8 1.14.STEP', 'Open CASCADE STEP translator 7.8 1.14.STEP', '', ( #1343 ) ) ;
#1209 = FACE_OUTER_BOUND ( 'NONE', #4564, .T. ) ;
#1210 = EDGE_CURVE ( 'NONE', #572, #1962, #3607, .T. ) ;
#1211 = UNCERTAINTY_MEASURE_WITH_UNIT (LENGTH_MEASURE( 1.000000000000000082E-05 ), #1168, 'distance_accuracy_value', 'NONE');
#1212 = CARTESIAN_POINT ( 'NONE',  ( -0.4482999999999999763, 0.000000000000000000, 0.3992999999999999883 ) ) ;
#1213 = VECTOR ( 'NONE', #3618, 1000.000000000000000 ) ;
#1214 = VERTEX_POINT ( 'NONE', #484 ) ;
#1215 = VERTEX_POINT ( 'NONE', #4356 ) ;
#1216 = CLOSED_SHELL ( 'NONE', ( #1812, #3552, #3423, #4285 ) ) ;
#1217 = EDGE_CURVE ( 'NONE', #2017, #1252, #2578, .T. ) ;
#1218 = CONTEXT_DEPENDENT_SHAPE_REPRESENTATION ( #961, #1625 ) ;
#1219 = VERTEX_POINT ( 'NONE', #1207 ) ;
#1220 = VECTOR ( 'NONE', #664, 1000.000000000000000 ) ;
#1221 = CARTESIAN_POINT ( 'NONE',  ( -21.50156939063999673, -3.469446951954000336E-15, 5.307299999999999685 ) ) ;
#1222 = FACE_OUTER_BOUND ( 'NONE', #4343, .T. ) ;
#1223 = ORIENTED_EDGE ( 'NONE', *, *, #372, .F. ) ;
#1224 = AXIS2_PLACEMENT_3D ( 'NONE', #890, #212, #1946 ) ;
#1225 = VECTOR ( 'NONE', #621, 1000.000000000000000 ) ;
#1226 = DIRECTION ( 'NONE',  ( 0.000000000000000000, 0.000000000000000000, 1.000000000000000000 ) ) ;
#1227 = ORIENTED_EDGE ( 'NONE', *, *, #3009, .T. ) ;
#1228 = AXIS2_PLACEMENT_3D ( 'NONE', #474, #3649, #3266 ) ;
#1230 = CARTESIAN_POINT ( 'NONE',  ( -20.00156939064000028, 19.50000000000000000, 5.307299999999999685 ) ) ;
#1229 = CARTESIAN_POINT ( 'NONE',  ( -20.00156939100000031, -19.50000000000000000, 0.5772998999999999770 ) ) ;
#1231 = EDGE_CURVE ( 'NONE', #4509, #1516, #3089, .T. ) ;
#1232 = VECTOR ( 'NONE', #2237, 1000.000000000000000 ) ;
#1233 =( GEOMETRIC_REPRESENTATION_CONTEXT ( 3 ) GLOBAL_UNCERTAINTY_ASSIGNED_CONTEXT ( ( #464 ) ) GLOBAL_UNIT_ASSIGNED_CONTEXT ( ( #3757, #2964, #3381 ) ) REPRESENTATION_CONTEXT ( 'NONE', 'WORKASPACE' ) );
#1234 = ORIENTED_EDGE ( 'NONE', *, *, #1057, .T. ) ;
#1235 = DIRECTION ( 'NONE',  ( 0.000000000000000000, 0.000000000000000000, 1.000000000000000000 ) ) ;
#1236 = AXIS2_PLACEMENT_3D ( 'NONE', #454, #3288, #2945 ) ;
#1237 = DIRECTION ( 'NONE',  ( 0.000000000000000000, 0.000000000000000000, 1.000000000000000000 ) ) ;
#1238 =( NAMED_UNIT ( * ) PLANE_ANGLE_UNIT ( ) SI_UNIT ( $, .RADIAN. ) );
#1239 = CARTESIAN_POINT ( 'NONE',  ( 12.63755779107400024, -16.50000000000000000, 0.3992999999999999883 ) ) ;
#1240 = PRODUCT_DEFINITION ( 'UNKNOWN', '', #583, #4428 ) ;
#1241 = CARTESIAN_POINT ( 'NONE',  ( 0.4480000000000000093, 0.000000000000000000, 0.000000000000000000 ) ) ;
#1242 =( GEOMETRIC_REPRESENTATION_CONTEXT ( 3 ) GLOBAL_UNCERTAINTY_ASSIGNED_CONTEXT ( ( #795 ) ) GLOBAL_UNIT_ASSIGNED_CONTEXT ( ( #4442, #4090, #563 ) ) REPRESENTATION_CONTEXT ( 'NONE', 'WORKASPACE' ) );
#1243 = ITEM_DEFINED_TRANSFORMATION ( 'NONE', 'NONE', #354,  #3551 ) ;
#1244 = ORIENTED_EDGE ( 'NONE', *, *, #4001, .F. ) ;
#1245 = PRODUCT_DEFINITION_SHAPE ( 'NONE', 'NONE',  #4615 ) ;
#1246 = ADVANCED_FACE ( 'NONE', ( #974 ), #275, .T. ) ;
#1247 = SURFACE_SIDE_STYLE ('',( #4112 ) ) ;
#1248 = DIRECTION ( 'NONE',  ( 0.000000000000000000, 0.000000000000000000, 1.000000000000000000 ) ) ;
#1249 = EDGE_LOOP ( 'NONE', ( #4305, #1244, #2329, #1942 ) ) ;
#1250 = APPLICATION_CONTEXT ( 'automotive_design' ) ;
#1251 = AXIS2_PLACEMENT_3D ( 'NONE', #523, #1958, #1604 ) ;
#1252 = VERTEX_POINT ( 'NONE', #3743 ) ;
#1253 = EDGE_CURVE ( 'NONE', #1665, #2408, #928, .T. ) ;
#1255 = DIRECTION ( 'NONE',  ( 0.000000000000000000, 0.000000000000000000, -1.000000000000000000 ) ) ;
#1254 = LINE ( 'NONE', #1328, #1459 ) ;
#1256 = VERTEX_POINT ( 'NONE', #1961 ) ;
#1257 = CARTESIAN_POINT ( 'NONE',  ( 25.00000000000000000, -3.000000000000000000, 0.5773000000000000353 ) ) ;
#1258 = FACE_OUTER_BOUND ( 'NONE', #3086, .T. ) ;
#1259 = UNCERTAINTY_MEASURE_WITH_UNIT (LENGTH_MEASURE( 1.000000000000000082E-05 ), #1609, 'distance_accuracy_value', 'NONE');
#1260 = SHAPE_REPRESENTATION_RELATIONSHIP ( 'NONE' , 'NONE' ,  #3097, #465 ) ;
#1261 = CARTESIAN_POINT ( 'NONE',  ( -13.50000000000000000, 16.50000000000000000, 5.307299999999999685 ) ) ;
#1262 = EDGE_CURVE ( 'NONE', #703, #1432, #578, .T. ) ;
#1263 = SURFACE_SIDE_STYLE ('',( #535 ) ) ;
#1264 = EDGE_LOOP ( 'NONE', ( #903, #4269, #3042, #45 ) ) ;
#1265 = CONTEXT_DEPENDENT_SHAPE_REPRESENTATION ( #3753, #239 ) ;
#1266 = EDGE_CURVE ( 'NONE', #2129, #2749, #1378, .T. ) ;
#1267 = DIRECTION ( 'NONE',  ( 0.000000000000000000, 0.000000000000000000, 1.000000000000000000 ) ) ;
#1268 = LINE ( 'NONE', #2676, #3321 ) ;
#1269 = ORIENTED_EDGE ( 'NONE', *, *, #2038, .T. ) ;
#1270 = DIRECTION ( 'NONE',  ( 0.000000000000000000, 0.000000000000000000, 1.000000000000000000 ) ) ;
#1271 = ORIENTED_EDGE ( 'NONE', *, *, #1701, .F. ) ;
#1272 = FACE_OUTER_BOUND ( 'NONE', #1288, .T. ) ;
#1274 =( NAMED_UNIT ( * ) PLANE_ANGLE_UNIT ( ) SI_UNIT ( $, .RADIAN. ) );
#1273 = DIRECTION ( 'NONE',  ( 0.000000000000000000, 1.000000000000000000, 0.000000000000000000 ) ) ;
#1275 = ADVANCED_FACE ( 'NONE', ( #1707 ), #2026, .T. ) ;
#1276 = VERTEX_POINT ( 'NONE', #4099 ) ;
#1277 = DIRECTION ( 'NONE',  ( 0.000000000000000000, 0.000000000000000000, 1.000000000000000000 ) ) ;
#1278 = CARTESIAN_POINT ( 'NONE',  ( -21.50156939099999676, -19.50000000000000000, 0.5772998999999999770 ) ) ;
#1279 = DIRECTION ( 'NONE',  ( 0.000000000000000000, 0.000000000000000000, -1.000000000000000000 ) ) ;
#1280 = DIRECTION ( 'NONE',  ( 0.000000000000000000, 0.000000000000000000, 1.000000000000000000 ) ) ;
#1281 = CARTESIAN_POINT ( 'NONE',  ( -21.50156939099999676, 0.000000000000000000, 0.5772998999999999770 ) ) ;
#1282 = DIRECTION ( 'NONE',  ( -1.000000000000000000, 0.000000000000000000, 0.000000000000000000 ) ) ;
#1283 = EDGE_CURVE ( 'NONE', #3741, #3603, #3439, .T. ) ;
#1284 = EDGE_LOOP ( 'NONE', ( #580, #986, #1535, #589 ) ) ;
#1285 = CLOSED_SHELL ( 'NONE', ( #3134, #3614, #1580, #2141 ) ) ;
#1286 = EDGE_CURVE ( 'NONE', #4097, #3955, #2708, .T. ) ;
#1287 = CARTESIAN_POINT ( 'NONE',  ( -0.4482999999999999763, 0.000000000000000000, 0.3992999999999999883 ) ) ;
#1288 = EDGE_LOOP ( 'NONE', ( #689, #2634, #618, #528 ) ) ;
#1289 = DIRECTION ( 'NONE',  ( 1.000000000000000000, 0.000000000000000000, 0.000000000000000000 ) ) ;
#1290 = AXIS2_PLACEMENT_3D ( 'NONE', #3062, #4489, #3791 ) ;
#1291 = PRODUCT_DEFINITION ( 'UNKNOWN', '', #68, #3958 ) ;
#1292 = VERTEX_POINT ( 'NONE', #4544 ) ;
#1293 = AXIS2_PLACEMENT_3D ( 'NONE', #130, #2879, #2624 ) ;
#1294 = CARTESIAN_POINT ( 'NONE',  ( -9.339803143895000659, 22.50000000000000000, 0.5773000000000000353 ) ) ;
#1296 = FILL_AREA_STYLE ('',( #924 ) ) ;
#1295 = CARTESIAN_POINT ( 'NONE',  ( 0.4427789523109999514, 0.03965779445497000233, 0.1779999999999999916 ) ) ;
#1297 = VECTOR ( 'NONE', #3867, 1000.000000000000114 ) ;
#1298 = PRODUCT_DEFINITION_CONTEXT ( 'detailed design', #294, 'design' ) ;
#1299 = CIRCLE ( 'NONE', #1910, 1.500000000000001332 ) ;
#1300 = ORIENTED_EDGE ( 'NONE', *, *, #524, .T. ) ;
#1301 = ORIENTED_EDGE ( 'NONE', *, *, #281, .F. ) ;
#1302 = ADVANCED_BREP_SHAPE_REPRESENTATION ( '', ( #4503, #3551 ), #1705 ) ;
#1303 = DIRECTION ( 'NONE',  ( 0.000000000000000000, 0.000000000000000000, 1.000000000000000000 ) ) ;
#1304 = MANIFOLD_SOLID_BREP ( 'zhi_peng_R500_100um_gap_split.STEP<1>', #4119 ) ;
#1305 = EDGE_CURVE ( 'NONE', #3214, #3996, #260, .T. ) ;
#1307 = DIRECTION ( 'NONE',  ( 1.000000000000000000, 0.000000000000000000, 0.000000000000000000 ) ) ;
#1306 = PLANE ( 'NONE',  #943 ) ;
#1308 = AXIS2_PLACEMENT_3D ( 'NONE', #4505, #605, #2034 ) ;
#1309 = CYLINDRICAL_SURFACE ( 'NONE', #3294, 1.500000000000001332 ) ;
#1310 = STYLED_ITEM ( 'NONE', ( #4246 ), #2963 ) ;
#1311 = CARTESIAN_POINT ( 'NONE',  ( 23.00156939064299877, -19.50000000000000000, 5.307299999999999685 ) ) ;
#1312 = CARTESIAN_POINT ( 'NONE',  ( 4.984788404149999792E-15, -22.50000000000000000, 0.3992999999999999883 ) ) ;
#1313 = MANIFOLD_SOLID_BREP ( 'zhi_peng_R500_100um_gap_split.STEP<1>', #1670 ) ;
#1314 = CIRCLE ( 'NONE', #4292, 1.500000000000001332 ) ;
#1315 = ITEM_DEFINED_TRANSFORMATION ( 'NONE', 'NONE', #804,  #3551 ) ;
#1316 = APPLICATION_CONTEXT ( 'automotive_design' ) ;
#1317 = ORIENTED_EDGE ( 'NONE', *, *, #1337, .F. ) ;
#1318 = VECTOR ( 'NONE', #4342, 1000.000000000000000 ) ;
#1319 = EDGE_CURVE ( 'NONE', #4556, #4464, #3460, .T. ) ;
#1320 = PLANE ( 'NONE',  #2702 ) ;
#1321 = DIRECTION ( 'NONE',  ( 1.000000000000000000, 0.000000000000000000, 0.000000000000000000 ) ) ;
#1322 = ORIENTED_EDGE ( 'NONE', *, *, #2503, .F. ) ;
#1323 = DIRECTION ( 'NONE',  ( 1.000000000000000000, 0.000000000000000000, 0.000000000000000000 ) ) ;
#1324 = MECHANICAL_DESIGN_GEOMETRIC_PRESENTATION_REPRESENTATION (  '', ( #1850 ), #2292 ) ;
#1325 = MANIFOLD_SOLID_BREP ( 'zhi_peng_R500_100um_gap_split.STEP<1>', #1741 ) ;
#1326 = ORIENTED_EDGE ( 'NONE', *, *, #3643, .T. ) ;
#1327 = ADVANCED_FACE ( 'NONE', ( #3884 ), #993, .T. ) ;
#1329 = SURFACE_STYLE_USAGE ( .BOTH. , #888 ) ;
#1328 = CARTESIAN_POINT ( 'NONE',  ( 23.00156939100000031, -19.50000000000000000, 0.5772998999999999770 ) ) ;
#1330 = ORIENTED_EDGE ( 'NONE', *, *, #4243, .T. ) ;
#1331 = ORIENTED_EDGE ( 'NONE', *, *, #720, .T. ) ;
#1332 = LINE ( 'NONE', #2305, #4500 ) ;
#1333 = FACE_OUTER_BOUND ( 'NONE', #609, .T. ) ;
#1334 = SHAPE_REPRESENTATION_RELATIONSHIP ( 'NONE' , 'NONE' ,  #3752, #2796 ) ;
#1335 = LINE ( 'NONE', #2745, #851 ) ;
#1336 = DIRECTION ( 'NONE',  ( 0.000000000000000000, 0.000000000000000000, 1.000000000000000000 ) ) ;
#1337 = EDGE_CURVE ( 'NONE', #3865, #4556, #3997, .T. ) ;
#1338 = SHAPE_REPRESENTATION ( 'Open CASCADE STEP translator 7.8 1.4_9.STEP', ( #3551 ), #2727 ) ;
#1339 = ORIENTED_EDGE ( 'NONE', *, *, #2511, .T. ) ;
#1340 = DIRECTION ( 'NONE',  ( 0.000000000000000000, 0.000000000000000000, 1.000000000000000000 ) ) ;
#1341 = LINE ( 'NONE', #2751, #3467 ) ;
#1342 = VERTEX_POINT ( 'NONE', #2108 ) ;
#1343 = PRODUCT_CONTEXT ( 'NONE', #983, 'mechanical' ) ;
#1344 = EDGE_LOOP ( 'NONE', ( #1326, #4116 ) ) ;
#1345 = ORIENTED_EDGE ( 'NONE', *, *, #1091, .F. ) ;
#1346 = FACE_OUTER_BOUND ( 'NONE', #942, .T. ) ;
#1348 = PRESENTATION_STYLE_ASSIGNMENT (( #4149 ) ) ;
#1347 = FACE_OUTER_BOUND ( 'NONE', #2214, .T. ) ;
#1349 = EDGE_CURVE ( 'NONE', #1864, #2103, #1409, .T. ) ;
#1350 = VERTEX_POINT ( 'NONE', #4562 ) ;
#1351 = CARTESIAN_POINT ( 'NONE',  ( -0.4430789523109999739, -0.03965779445495000444, 0.5773000000000000353 ) ) ;
#1353 = CARTESIAN_POINT ( 'NONE',  ( -9.339803143895000659, 0.000000000000000000, 0.1779999999999999916 ) ) ;
#1352 = CARTESIAN_POINT ( 'NONE',  ( 0.000000000000000000, 0.000000000000000000, 0.000000000000000000 ) ) ;
#1354 = FACE_BOUND ( 'NONE', #976, .T. ) ;
#1355 = ADVANCED_FACE ( 'NONE', ( #2451 ), #335, .T. ) ;
#1356 = LINE ( 'NONE', #301, #1989 ) ;
#1357 = LINE ( 'NONE', #3875, #1155 ) ;
#1358 = ORIENTED_EDGE ( 'NONE', *, *, #3347, .T. ) ;
#1359 = PLANE ( 'NONE',  #873 ) ;
#1360 = ORIENTED_EDGE ( 'NONE', *, *, #4472, .T. ) ;
#1361 = ADVANCED_FACE ( 'NONE', ( #1529 ), #3173, .T. ) ;
#1362 = PRODUCT_CONTEXT ( 'NONE', #595, 'mechanical' ) ;
#1363 = CLOSED_SHELL ( 'NONE', ( #4575, #4514, #3679, #4184, #884, #4541, #4483, #904, #1116, #2471, #3739, #2701, #4530, #1827, #3744, #2100, #772, #1425, #875, #209, #1546, #3377, #2791, #399 ) ) ;
#1364 = FACE_OUTER_BOUND ( 'NONE', #4253, .T. ) ;
#1366 = DIRECTION ( 'NONE',  ( 1.000000000000000000, 0.000000000000000000, 0.000000000000000000 ) ) ;
#1365 = CARTESIAN_POINT ( 'NONE',  ( 23.00156939100000031, 0.000000000000000000, 0.5772998999999999770 ) ) ;
#1367 = ORIENTED_EDGE ( 'NONE', *, *, #4178, .F. ) ;
#1368 = VERTEX_POINT ( 'NONE', #2435 ) ;
#1369 = VECTOR ( 'NONE', #4294, 1000.000000000000000 ) ;
#1370 = FACE_OUTER_BOUND ( 'NONE', #2083, .T. ) ;
#1371 = CIRCLE ( 'NONE', #396, 1.500000000000001332 ) ;
#1373 = DIRECTION ( 'NONE',  ( 1.000000000000000000, 0.000000000000000000, 0.000000000000000000 ) ) ;
#1372 = CARTESIAN_POINT ( 'NONE',  ( 21.50156939099999676, 19.50000000000000000, 0.5772998999999999770 ) ) ;
#1374 =( REPRESENTATION_RELATIONSHIP ('NONE','NONE', #678, #1338 ) REPRESENTATION_RELATIONSHIP_WITH_TRANSFORMATION ( #2273 )SHAPE_REPRESENTATION_RELATIONSHIP( ) );
#1375 = EDGE_CURVE ( 'NONE', #636, #1791, #800, .T. ) ;
#1376 = DIRECTION ( 'NONE',  ( 1.000000000000000000, 0.000000000000000000, 0.000000000000000000 ) ) ;
#1377 = VECTOR ( 'NONE', #2485, 1000.000000000000000 ) ;
#1378 = CIRCLE ( 'NONE', #859, 1.500000000000001332 ) ;
#1379 = FACE_OUTER_BOUND ( 'NONE', #2153, .T. ) ;
#1380 = CARTESIAN_POINT ( 'NONE',  ( -0.4430789523109999739, 0.03965779445495000444, 0.5773000000000000353 ) ) ;
#1381 = AXIS2_PLACEMENT_3D ( 'NONE', #2000, #880, #4140 ) ;
#1382 = AXIS2_PLACEMENT_3D ( 'NONE', #4179, #2016, #981 ) ;
#1383 = EDGE_CURVE ( 'NONE', #466, #4332, #1862, .T. ) ;
#1384 = DIRECTION ( 'NONE',  ( 0.000000000000000000, 0.000000000000000000, -1.000000000000000000 ) ) ;
#1385 = PRODUCT_RELATED_PRODUCT_CATEGORY ( 'part', '', ( #3546 ) ) ;
#1386 = MANIFOLD_SOLID_BREP ( 'zhi_peng_R500_100um_gap_split.STEP<1>', #3291 ) ;
#1387 = VECTOR ( 'NONE', #79, 1000.000000000000000 ) ;
#1388 = AXIS2_PLACEMENT_3D ( 'NONE', #3611, #3224, #3988 ) ;
#1389 = ORIENTED_EDGE ( 'NONE', *, *, #2672, .F. ) ;
#1390 = VECTOR ( 'NONE', #3723, 1000.000000000000000 ) ;
#1391 = LINE ( 'NONE', #3856, #4220 ) ;
#1392 = ORIENTED_EDGE ( 'NONE', *, *, #164, .F. ) ;
#1393 = MANIFOLD_SOLID_BREP ( 'zhi_peng_R500_100um_gap_split.STEP<1>', #1285 ) ;
#1394 = CIRCLE ( 'NONE', #4445, 1.500000000000001332 ) ;
#1395 = PRODUCT_DEFINITION_SHAPE ( 'NONE', 'NONE',  #2877 ) ;
#1396 = DIRECTION ( 'NONE',  ( 0.000000000000000000, 0.000000000000000000, 1.000000000000000000 ) ) ;
#1398 = PRESENTATION_STYLE_ASSIGNMENT (( #1019 ) ) ;
#1397 = FACE_OUTER_BOUND ( 'NONE', #4329, .T. ) ;
#1399 = ORIENTED_EDGE ( 'NONE', *, *, #2608, .F. ) ;
#1400 = STYLED_ITEM ( 'NONE', ( #2095 ), #4468 ) ;
#1401 = ADVANCED_FACE ( 'NONE', ( #1143 ), #4369, .T. ) ;
#1402 = ORIENTED_EDGE ( 'NONE', *, *, #1716, .T. ) ;
#1403 = CARTESIAN_POINT ( 'NONE',  ( 9.339845528055001012, 0.000000000000000000, 0.3992999999999999883 ) ) ;
#1404 = VERTEX_POINT ( 'NONE', #4440 ) ;
#1405 = CARTESIAN_POINT ( 'NONE',  ( -36.50000010000000117, -36.50000010000000117, 0.5772998999999999770 ) ) ;
#1406 = CARTESIAN_POINT ( 'NONE',  ( -21.50156939063999673, 19.50000000000000000, 5.307299999999999685 ) ) ;
#1407 = SURFACE_SIDE_STYLE ('',( #3538 ) ) ;
#1408 = CARTESIAN_POINT ( 'NONE',  ( 26.50000000000000000, 23.50000000000000000, 5.307299999999999685 ) ) ;
#1409 = LINE ( 'NONE', #4239, #3455 ) ;
#1410 = DIRECTION ( 'NONE',  ( 0.000000000000000000, 0.000000000000000000, -1.000000000000000000 ) ) ;
#1411 =( LENGTH_UNIT ( ) NAMED_UNIT ( * ) SI_UNIT ( .MILLI., .METRE. ) );
#1412 = MANIFOLD_SOLID_BREP ( 'zhi_peng_R500_100um_gap_split.STEP<1>', #1363 ) ;
#1413 = EDGE_CURVE ( 'NONE', #1214, #4470, #3733, .T. ) ;
#1414 = VERTEX_POINT ( 'NONE', #1173 ) ;
#1415 = DIRECTION ( 'NONE',  ( 0.000000000000000000, 0.000000000000000000, 1.000000000000000000 ) ) ;
#1416 = ORIENTED_EDGE ( 'NONE', *, *, #3037, .F. ) ;
#1417 = APPLICATION_PROTOCOL_DEFINITION ( 'draft international standard', 'automotive_design', 1998, #3540 ) ;
#1418 = EDGE_CURVE ( 'NONE', #3817, #1014, #3911, .T. ) ;
#1419 = LINE ( 'NONE', #3148, #1220 ) ;
#1420 = CARTESIAN_POINT ( 'NONE',  ( 9.339845528055001012, -16.50000000000000000, 0.3992999999999999883 ) ) ;
#1421 = ORIENTED_EDGE ( 'NONE', *, *, #3698, .F. ) ;
#1422 = MANIFOLD_SOLID_BREP ( 'zhi_peng_R500_100um_gap_split.STEP<1>', #3819 ) ;
#1423 = DIRECTION ( 'NONE',  ( 0.000000000000000000, 0.000000000000000000, 1.000000000000000000 ) ) ;
#1424 = ORIENTED_EDGE ( 'NONE', *, *, #3803, .T. ) ;
#1425 = ADVANCED_FACE ( 'NONE', ( #2098 ), #4463, .F. ) ;
#1426 =( NAMED_UNIT ( * ) SI_UNIT ( $, .STERADIAN. ) SOLID_ANGLE_UNIT ( ) );
#1427 = SURFACE_STYLE_FILL_AREA ( #791 ) ;
#1428 = CARTESIAN_POINT ( 'NONE',  ( 0.000000000000000000, 0.000000000000000000, 0.000000000000000000 ) ) ;
#1429 = DIRECTION ( 'NONE',  ( 0.000000000000000000, 0.000000000000000000, 1.000000000000000000 ) ) ;
#1430 = CARTESIAN_POINT ( 'NONE',  ( 15.00000000000000000, 1.956152303315000340, 0.000000000000000000 ) ) ;
#1431 = PRODUCT_DEFINITION_SHAPE ( 'NONE', 'NONE',  #4599 ) ;
#1432 = VERTEX_POINT ( 'NONE', #2380 ) ;
#1433 = DIRECTION ( 'NONE',  ( 0.000000000000000000, 0.000000000000000000, 1.000000000000000000 ) ) ;
#1434 = ORIENTED_EDGE ( 'NONE', *, *, #2491, .F. ) ;
#1435 = EDGE_CURVE ( 'NONE', #3061, #3128, #2056, .T. ) ;
#1436 = SHAPE_DEFINITION_REPRESENTATION ( #1930, #2584 ) ;
#1437 = ORIENTED_EDGE ( 'NONE', *, *, #1567, .F. ) ;
#1438 = FACE_OUTER_BOUND ( 'NONE', #1264, .T. ) ;
#1439 = PLANE ( 'NONE',  #1675 ) ;
#1440 = CARTESIAN_POINT ( 'NONE',  ( 25.00000000000000000, 3.000000000000000000, 0.1779999999999999916 ) ) ;
#1441 = ORIENTED_EDGE ( 'NONE', *, *, #1900, .F. ) ;
#1442 = EDGE_CURVE ( 'NONE', #218, #1414, #3427, .T. ) ;
#1444 = DIRECTION ( 'NONE',  ( 0.000000000000000000, 1.000000000000000000, 0.000000000000000000 ) ) ;
#1443 = PLANE ( 'NONE',  #559 ) ;
#1445 = VECTOR ( 'NONE', #2195, 1000.000000000000000 ) ;
#1446 = ORIENTED_EDGE ( 'NONE', *, *, #1195, .T. ) ;
#1447 = ADVANCED_FACE ( 'NONE', ( #3136 ), #628, .T. ) ;
#1448 = CARTESIAN_POINT ( 'NONE',  ( 23.00156939064299877, -3.285749932081999771E-15, 0.6773000000000000131 ) ) ;
#1449 = FACE_OUTER_BOUND ( 'NONE', #2245, .T. ) ;
#1450 = FACE_OUTER_BOUND ( 'NONE', #4219, .T. ) ;
#1451 = VECTOR ( 'NONE', #1965, 1000.000000000000000 ) ;
#1452 = AXIS2_PLACEMENT_3D ( 'NONE', #3349, #1592, #171 ) ;
#1453 = AXIS2_PLACEMENT_3D ( 'NONE', #1522, #4277, #430 ) ;
#1454 = ORIENTED_EDGE ( 'NONE', *, *, #2424, .F. ) ;
#1455 = COLOUR_RGB ( '',0.7921568627450980005, 0.8196078431372548767, 0.9333333333333333481 ) ;
#1456 = LINE ( 'NONE', #3260, #2355 ) ;
#1457 = VERTEX_POINT ( 'NONE', #2059 ) ;
#1458 = DIRECTION ( 'NONE',  ( 1.000000000000000000, 0.000000000000000000, 0.000000000000000000 ) ) ;
#1459 = VECTOR ( 'NONE', #3396, 1000.000000000000000 ) ;
#1460 = VECTOR ( 'NONE', #2441, 1000.000000000000000 ) ;
#1461 = ITEM_DEFINED_TRANSFORMATION ( 'NONE', 'NONE', #2073,  #3551 ) ;
#1462 = ORIENTED_EDGE ( 'NONE', *, *, #1418, .F. ) ;
#1463 = CIRCLE ( 'NONE', #4213, 2.999999999999999112 ) ;
#1464 = PLANE ( 'NONE',  #3384 ) ;
#1465 = LINE ( 'NONE', #307, #2843 ) ;
#1466 = DIRECTION ( 'NONE',  ( 1.000000000000000000, 0.000000000000000000, 0.000000000000000000 ) ) ;
#1467 = VECTOR ( 'NONE', #1040, 1000.000000000000000 ) ;
#1468 = ADVANCED_FACE ( 'NONE', ( #2442, #285 ), #2398, .F. ) ;
#1469 = ORIENTED_EDGE ( 'NONE', *, *, #806, .F. ) ;
#1470 = VECTOR ( 'NONE', #3809, 1000.000000000000000 ) ;
#1471 = ORIENTED_EDGE ( 'NONE', *, *, #2931, .T. ) ;
#1472 = PRODUCT ( 'Open CASCADE STEP translator 7.8 1.18.STEP', 'Open CASCADE STEP translator 7.8 1.18.STEP', '', ( #1362 ) ) ;
#1473 = PRESENTATION_LAYER_ASSIGNMENT (  '', '', ( #206 ) ) ;
#1474 = ADVANCED_BREP_SHAPE_REPRESENTATION ( '', ( #1422, #3551 ), #352 ) ;
#1475 = CARTESIAN_POINT ( 'NONE',  ( 21.50156939064299877, 19.50000000000000000, 0.5773000000000000353 ) ) ;
#1476 =( LENGTH_UNIT ( ) NAMED_UNIT ( * ) SI_UNIT ( .MILLI., .METRE. ) );
#1477 = DIRECTION ( 'NONE',  ( 0.000000000000000000, 0.000000000000000000, 1.000000000000000000 ) ) ;
#1478 = DIRECTION ( 'NONE',  ( 1.000000000000000000, 0.000000000000000000, 0.000000000000000000 ) ) ;
#1479 = DIRECTION ( 'NONE',  ( 0.000000000000000000, 0.000000000000000000, 1.000000000000000000 ) ) ;
#1480 = AXIS2_PLACEMENT_3D ( 'NONE', #1199, #3543, #262 ) ;
#1481 = PRODUCT_DEFINITION_FORMATION_WITH_SPECIFIED_SOURCE ( 'ANY', '', #3199, .NOT_KNOWN. ) ;
#1482 = ORIENTED_EDGE ( 'NONE', *, *, #281, .T. ) ;
#1483 = DIRECTION ( 'NONE',  ( 1.000000000000000000, 0.000000000000000000, 0.000000000000000000 ) ) ;
#1484 = ORIENTED_EDGE ( 'NONE', *, *, #2595, .F. ) ;
#1485 = SURFACE_STYLE_FILL_AREA ( #2864 ) ;
#1486 = EDGE_CURVE ( 'NONE', #2425, #4473, #3826, .T. ) ;
#1487 = SHAPE_DEFINITION_REPRESENTATION ( #2455, #3283 ) ;
#1488 = ORIENTED_EDGE ( 'NONE', *, *, #3974, .T. ) ;
#1489 = DIRECTION ( 'NONE',  ( 1.000000000000000000, 0.000000000000000000, 0.000000000000000000 ) ) ;
#1490 = CARTESIAN_POINT ( 'NONE',  ( 15.00000000000000000, 3.000000000000000000, 0.5773000000000000353 ) ) ;
#1491 = CARTESIAN_POINT ( 'NONE',  ( -0.01706935259613000244, -0.007070357346244999890, 0.1779999999999999916 ) ) ;
#1492 = ORIENTED_EDGE ( 'NONE', *, *, #2378, .T. ) ;
#1493 = VERTEX_POINT ( 'NONE', #261 ) ;
#1495 = FACE_OUTER_BOUND ( 'NONE', #823, .T. ) ;
#1494 = CARTESIAN_POINT ( 'NONE',  ( 0.2558841336120000198, -0.3638887313559999725, 0.5773000000000000353 ) ) ;
#1496 = APPLICATION_CONTEXT ( 'automotive_design' ) ;
#1497 = EDGE_CURVE ( 'NONE', #562, #378, #1694, .T. ) ;
#1498 = DIRECTION ( 'NONE',  ( -0.000000000000000000, 1.000000000000000000, 0.000000000000000000 ) ) ;
#1499 = FILL_AREA_STYLE ('',( #2829 ) ) ;
#1500 = FACE_OUTER_BOUND ( 'NONE', #3174, .T. ) ;
#1501 = DIRECTION ( 'NONE',  ( 0.000000000000000000, 0.000000000000000000, 1.000000000000000000 ) ) ;
#1502 = LINE ( 'NONE', #4249, #1986 ) ;
#1503 = CARTESIAN_POINT ( 'NONE',  ( 12.63755779107300015, 16.50000000000000000, 0.3992999999999999883 ) ) ;
#1504 = EDGE_CURVE ( 'NONE', #4380, #912, #2123, .T. ) ;
#1505 = ORIENTED_EDGE ( 'NONE', *, *, #2218, .F. ) ;
#1506 = FILL_AREA_STYLE_COLOUR ( '', #4578 ) ;
#1507 = FACE_OUTER_BOUND ( 'NONE', #4444, .T. ) ;
#1508 = ORIENTED_EDGE ( 'NONE', *, *, #2503, .T. ) ;
#1509 = CARTESIAN_POINT ( 'NONE',  ( 20.00156939064300232, -19.50000000000000000, 5.307299999999999685 ) ) ;
#1510 = PRODUCT_CONTEXT ( 'NONE', #1015, 'mechanical' ) ;
#1511 = ORIENTED_EDGE ( 'NONE', *, *, #2424, .T. ) ;
#1512 = PRODUCT ( 'Open CASCADE STEP translator 7.8 1.4_9.STEP', 'Open CASCADE STEP translator 7.8 1.4_9.STEP', '', ( #803 ) ) ;
#1513 = ADVANCED_FACE ( 'NONE', ( #2691 ), #1717, .F. ) ;
#1514 = DIRECTION ( 'NONE',  ( -0.9238795325112766355, -0.3826834323651143732, 0.000000000000000000 ) ) ;
#1515 = ORIENTED_EDGE ( 'NONE', *, *, #3627, .F. ) ;
#1516 = VERTEX_POINT ( 'NONE', #4551 ) ;
#1518 = CARTESIAN_POINT ( 'NONE',  ( 16.50000000000000000, -13.50000000000000000, 5.307299999999999685 ) ) ;
#1517 = CARTESIAN_POINT ( 'NONE',  ( -0.01706935259684000394, 0.007070357346537999889, 0.000000000000000000 ) ) ;
#1519 = DIRECTION ( 'NONE',  ( -1.000000000000000000, 0.000000000000000000, 0.000000000000000000 ) ) ;
#1520 = DIRECTION ( 'NONE',  ( 0.000000000000000000, 0.000000000000000000, -1.000000000000000000 ) ) ;
#1521 = EDGE_CURVE ( 'NONE', #1128, #2333, #1357, .T. ) ;
#1522 = CARTESIAN_POINT ( 'NONE',  ( 21.50156939099999676, 0.000000000000000000, 0.5772998999999999770 ) ) ;
#1523 = AXIS2_PLACEMENT_3D ( 'NONE', #1724, #1714, #2087 ) ;
#1524 = DIRECTION ( 'NONE',  ( 0.9914448613738202631, 0.1305261922199764668, 0.000000000000000000 ) ) ;
#1525 = ORIENTED_EDGE ( 'NONE', *, *, #3712, .T. ) ;
#1526 = EDGE_CURVE ( 'NONE', #1747, #3394, #4199, .T. ) ;
#1527 = AXIS2_PLACEMENT_3D ( 'NONE', #1613, #1637, #2374 ) ;
#1528 = VECTOR ( 'NONE', #4195, 1000.000000000000000 ) ;
#1529 = FACE_OUTER_BOUND ( 'NONE', #2186, .T. ) ;
#1530 = CARTESIAN_POINT ( 'NONE',  ( -23.00156939100000031, 1.836970198721000105E-16, 0.5772998999999999770 ) ) ;
#1531 = ORIENTED_EDGE ( 'NONE', *, *, #4429, .T. ) ;
#1532 =( REPRESENTATION_RELATIONSHIP ('NONE','NONE', #678, #4234 ) REPRESENTATION_RELATIONSHIP_WITH_TRANSFORMATION ( #3354 )SHAPE_REPRESENTATION_RELATIONSHIP( ) );
#1533 = SURFACE_STYLE_FILL_AREA ( #4002 ) ;
#1534 = VECTOR ( 'NONE', #1570, 1000.000000000000000 ) ;
#1535 = ORIENTED_EDGE ( 'NONE', *, *, #4110, .T. ) ;
#1536 = STYLED_ITEM ( 'NONE', ( #914 ), #2851 ) ;
#1537 = DIRECTION ( 'NONE',  ( 0.000000000000000000, 0.000000000000000000, 1.000000000000000000 ) ) ;
#1538 = FACE_OUTER_BOUND ( 'NONE', #2736, .T. ) ;
#1539 = ORIENTED_EDGE ( 'NONE', *, *, #2491, .T. ) ;
#1540 = AXIS2_PLACEMENT_3D ( 'NONE', #2149, #3894, #52 ) ;
#1541 = VECTOR ( 'NONE', #3044, 1000.000000000000000 ) ;
#1542 = AXIS2_PLACEMENT_3D ( 'NONE', #2164, #2258, #1162 ) ;
#1543 = VERTEX_POINT ( 'NONE', #1006 ) ;
#1544 = LINE ( 'NONE', #4426, #857 ) ;
#1545 = CIRCLE ( 'NONE', #4071, 0.03999999999999999389 ) ;
#1546 = ADVANCED_FACE ( 'NONE', ( #3493 ), #938, .T. ) ;
#1547 = CARTESIAN_POINT ( 'NONE',  ( -0.2240000000000000047, -0.3879793808950000034, 0.1779999999999999916 ) ) ;
#1548 = CIRCLE ( 'NONE', #1617, 1.500000000000001332 ) ;
#1549 = LINE ( 'NONE', #2956, #2635 ) ;
#1550 = DIRECTION ( 'NONE',  ( 1.000000000000000000, 0.000000000000000000, 0.000000000000000000 ) ) ;
#1551 = UNCERTAINTY_MEASURE_WITH_UNIT (LENGTH_MEASURE( 1.000000000000000082E-05 ), #2360, 'distance_accuracy_value', 'NONE');
#1552 =( NAMED_UNIT ( * ) PLANE_ANGLE_UNIT ( ) SI_UNIT ( $, .RADIAN. ) );
#1553 = COLOUR_RGB ( '',0.7921568627450980005, 0.8196078431372548767, 0.9333333333333333481 ) ;
#1554 = DIRECTION ( 'NONE',  ( 1.000000000000000000, 0.000000000000000000, 0.000000000000000000 ) ) ;
#1555 = PRODUCT_DEFINITION_SHAPE ( 'NONE', 'NONE',  #4607 ) ;
#1556 = ORIENTED_EDGE ( 'NONE', *, *, #1210, .T. ) ;
#1557 = DIRECTION ( 'NONE',  ( 0.000000000000000000, 1.000000000000000000, 0.000000000000000000 ) ) ;
#1558 = EDGE_LOOP ( 'NONE', ( #3485, #3623 ) ) ;
#1559 = APPLICATION_PROTOCOL_DEFINITION ( 'draft international standard', 'automotive_design', 1998, #765 ) ;
#1560 = ADVANCED_FACE ( 'NONE', ( #2168 ), #2812, .T. ) ;
#1561 = ORIENTED_EDGE ( 'NONE', *, *, #2805, .F. ) ;
#1562 = CYLINDRICAL_SURFACE ( 'NONE', #1381, 1.500000000000001332 ) ;
#1563 = DIRECTION ( 'NONE',  ( 0.7933533402910131205, -0.6087614290090100910, 0.000000000000000000 ) ) ;
#1564 = DIRECTION ( 'NONE',  ( 1.000000000000000000, 0.000000000000000000, 0.000000000000000000 ) ) ;
#1565 = VERTEX_POINT ( 'NONE', #3566 ) ;
#1566 = SHAPE_REPRESENTATION_RELATIONSHIP ( 'NONE' , 'NONE' ,  #2584, #237 ) ;
#1567 = EDGE_CURVE ( 'NONE', #2225, #3661, #3922, .T. ) ;
#1568 = ORIENTED_EDGE ( 'NONE', *, *, #2062, .T. ) ;
#1570 = DIRECTION ( 'NONE',  ( -1.000000000000000000, -2.215461512956000046E-16, 0.000000000000000000 ) ) ;
#1569 = CARTESIAN_POINT ( 'NONE',  ( 25.00000000000000000, 16.50000000000000000, 0.5773000000000000353 ) ) ;
#1571 = CARTESIAN_POINT ( 'NONE',  ( 25.00000000000000000, -16.50000000000000000, 0.5773000000000000353 ) ) ;
#1572 = FACE_OUTER_BOUND ( 'NONE', #2867, .T. ) ;
#1573 = ADVANCED_FACE ( 'NONE', ( #3 ), #2555, .T. ) ;
#1574 = CARTESIAN_POINT ( 'NONE',  ( -26.50000000000000000, 23.50000000000000000, 8.507300000000000750 ) ) ;
#1575 = ORIENTED_EDGE ( 'NONE', *, *, #364, .T. ) ;
#1576 = PRESENTATION_STYLE_ASSIGNMENT (( #1196 ) ) ;
#1577 = LINE ( 'NONE', #2296, #2493 ) ;
#1578 = CARTESIAN_POINT ( 'NONE',  ( -30.00000000000000000, -30.00000000000000000, 5.307299999999999685 ) ) ;
#1579 = ORIENTED_EDGE ( 'NONE', *, *, #1266, .T. ) ;
#1580 = ADVANCED_FACE ( 'NONE', ( #2881 ), #2833, .T. ) ;
#1581 = FACE_OUTER_BOUND ( 'NONE', #1113, .T. ) ;
#1582 = CARTESIAN_POINT ( 'NONE',  ( 0.002411567222444000163, -0.01831767164798999911, 0.1779999999999999916 ) ) ;
#1583 = ORIENTED_EDGE ( 'NONE', *, *, #2211, .F. ) ;
#1585 = CARTESIAN_POINT ( 'NONE',  ( 12.63755779107300015, 16.50000000000000000, 0.5773000000000000353 ) ) ;
#1584 = LINE ( 'NONE', #3063, #2055 ) ;
#1587 = UNCERTAINTY_MEASURE_WITH_UNIT (LENGTH_MEASURE( 1.000000000000000082E-05 ), #124, 'distance_accuracy_value', 'NONE');
#1586 = PRODUCT_DEFINITION ( 'UNKNOWN', '', #3785, #3816 ) ;
#1588 = VERTEX_POINT ( 'NONE', #1430 ) ;
#1589 = CARTESIAN_POINT ( 'NONE',  ( -21.50156939063999673, -3.469446951954000336E-15, 5.307299999999999685 ) ) ;
#1590 = FACE_OUTER_BOUND ( 'NONE', #4272, .T. ) ;
#1591 = CARTESIAN_POINT ( 'NONE',  ( 0.000000000000000000, 16.50000000000000000, 0.3992999999999999883 ) ) ;
#1592 = DIRECTION ( 'NONE',  ( 1.000000000000000000, 0.000000000000000000, 0.000000000000000000 ) ) ;
#1593 = UNCERTAINTY_MEASURE_WITH_UNIT (LENGTH_MEASURE( 1.000000000000000082E-05 ), #4566, 'distance_accuracy_value', 'NONE');
#1594 = PLANE ( 'NONE',  #3596 ) ;
#1595 = EDGE_CURVE ( 'NONE', #4092, #639, #2638, .T. ) ;
#1596 = SURFACE_STYLE_FILL_AREA ( #4066 ) ;
#1597 = EDGE_LOOP ( 'NONE', ( #228, #2159, #4323, #1053, #3897 ) ) ;
#1598 = VECTOR ( 'NONE', #2389, 1000.000000000000000 ) ;
#1599 = EDGE_CURVE ( 'NONE', #679, #3474, #1082, .T. ) ;
#1600 = AXIS2_PLACEMENT_3D ( 'NONE', #1221, #4401, #4378 ) ;
#1601 = DIRECTION ( 'NONE',  ( 1.000000000000000000, 0.000000000000000000, 0.000000000000000000 ) ) ;
#1602 = ORIENTED_EDGE ( 'NONE', *, *, #4212, .F. ) ;
#1603 = VECTOR ( 'NONE', #3029, 1000.000000000000000 ) ;
#1604 = DIRECTION ( 'NONE',  ( 1.000000000000000000, 0.000000000000000000, 0.000000000000000000 ) ) ;
#1605 = VERTEX_POINT ( 'NONE', #3587 ) ;
#1606 = VECTOR ( 'NONE', #3204, 1000.000000000000000 ) ;
#1607 = CARTESIAN_POINT ( 'NONE',  ( -20.00156939063999673, -19.50000000000000000, 5.307299999999999685 ) ) ;
#1609 =( LENGTH_UNIT ( ) NAMED_UNIT ( * ) SI_UNIT ( .MILLI., .METRE. ) );
#1608 = CARTESIAN_POINT ( 'NONE',  ( -20.00156939064000028, -3.285749932081999771E-15, 0.6773000000000000131 ) ) ;
#1610 = AXIS2_PLACEMENT_3D ( 'NONE', #392, #2486, #2531 ) ;
#1611 = EDGE_CURVE ( 'NONE', #1256, #2405, #741, .T. ) ;
#1612 = ORIENTED_EDGE ( 'NONE', *, *, #3208, .T. ) ;
#1613 = CARTESIAN_POINT ( 'NONE',  ( -30.00000000000000000, -30.00000000000000000, 5.307299999999999685 ) ) ;
#1614 = AXIS2_PLACEMENT_3D ( 'NONE', #1978, #3719, #1601 ) ;
#1615 = CARTESIAN_POINT ( 'NONE',  ( 15.00000000000000000, 3.000000000000000000, 0.1779999999999999916 ) ) ;
#1616 = FACE_OUTER_BOUND ( 'NONE', #182, .T. ) ;
#1617 = AXIS2_PLACEMENT_3D ( 'NONE', #177, #1248, #4095 ) ;
#1618 = ADVANCED_FACE ( 'NONE', ( #1450 ), #2856, .T. ) ;
#1619 =( REPRESENTATION_RELATIONSHIP ('NONE','NONE', #678, #3752 ) REPRESENTATION_RELATIONSHIP_WITH_TRANSFORMATION ( #4466 )SHAPE_REPRESENTATION_RELATIONSHIP( ) );
#1620 =( LENGTH_UNIT ( ) NAMED_UNIT ( * ) SI_UNIT ( .MILLI., .METRE. ) );
#1621 = AXIS2_PLACEMENT_3D ( 'NONE', #299, #2826, #713 ) ;
#1622 = ORIENTED_EDGE ( 'NONE', *, *, #593, .F. ) ;
#1623 = ITEM_DEFINED_TRANSFORMATION ( 'NONE', 'NONE', #1251,  #3551 ) ;
#1624 = VERTEX_POINT ( 'NONE', #2461 ) ;
#1625 = PRODUCT_DEFINITION_SHAPE ( 'NONE', 'NONE',  #4617 ) ;
#1626 = DIRECTION ( 'NONE',  ( 1.000000000000000000, 0.000000000000000000, 0.000000000000000000 ) ) ;
#1627 = DIRECTION ( 'NONE',  ( 1.000000000000000000, 0.000000000000000000, 0.000000000000000000 ) ) ;
#1628 = ORIENTED_EDGE ( 'NONE', *, *, #4458, .F. ) ;
#1629 = ADVANCED_FACE ( 'NONE', ( #3993 ), #1761, .T. ) ;
#1630 = CARTESIAN_POINT ( 'NONE',  ( 0.000000000000000000, 0.000000000000000000, 0.000000000000000000 ) ) ;
#1631 = DIRECTION ( 'NONE',  ( 1.000000000000000000, 0.000000000000000000, 0.000000000000000000 ) ) ;
#1632 = ORIENTED_EDGE ( 'NONE', *, *, #3000, .T. ) ;
#1634 = FILL_AREA_STYLE_COLOUR ( '', #627 ) ;
#1633 = DIRECTION ( 'NONE',  ( 0.000000000000000000, 1.000000000000000000, 0.000000000000000000 ) ) ;
#1635 = ORIENTED_EDGE ( 'NONE', *, *, #89, .T. ) ;
#1636 = CARTESIAN_POINT ( 'NONE',  ( 21.50156939064299877, -19.50000000000000000, 5.307299999999999685 ) ) ;
#1637 = DIRECTION ( 'NONE',  ( 0.000000000000000000, 0.000000000000000000, 1.000000000000000000 ) ) ;
#1638 = EDGE_CURVE ( 'NONE', #28, #2225, #3965, .T. ) ;
#1639 = DIRECTION ( 'NONE',  ( -1.000000000000000000, 0.000000000000000000, 0.000000000000000000 ) ) ;
#1640 = FACE_OUTER_BOUND ( 'NONE', #1065, .T. ) ;
#1641 = SHAPE_REPRESENTATION ( 'Open CASCADE STEP translator 7.8 1.7_8.STEP', ( #3551 ), #3026 ) ;
#1642 = DIRECTION ( 'NONE',  ( 1.000000000000000000, 0.000000000000000000, 0.000000000000000000 ) ) ;
#1643 = ORIENTED_EDGE ( 'NONE', *, *, #1993, .T. ) ;
#1644 = PRODUCT_DEFINITION ( 'UNKNOWN', '', #72, #276 ) ;
#1645 = CONTEXT_DEPENDENT_SHAPE_REPRESENTATION ( #1532, #839 ) ;
#1646 = VERTEX_POINT ( 'NONE', #2220 ) ;
#1647 = DIRECTION ( 'NONE',  ( 1.000000000000000000, 0.000000000000000000, 0.000000000000000000 ) ) ;
#1648 = ORIENTED_EDGE ( 'NONE', *, *, #593, .T. ) ;
#1649 = ORIENTED_EDGE ( 'NONE', *, *, #3021, .T. ) ;
#1650 = EDGE_CURVE ( 'NONE', #452, #3661, #319, .T. ) ;
#1651 = VERTEX_POINT ( 'NONE', #2191 ) ;
#1652 = FACE_BOUND ( 'NONE', #3900, .T. ) ;
#1653 = DIRECTION ( 'NONE',  ( 1.000000000000000000, 0.000000000000000000, 0.000000000000000000 ) ) ;
#1654 = ORIENTED_EDGE ( 'NONE', *, *, #3272, .F. ) ;
#1655 = LINE ( 'NONE', #830, #699 ) ;
#1656 = ORIENTED_EDGE ( 'NONE', *, *, #3414, .T. ) ;
#1657 = DIRECTION ( 'NONE',  ( 0.000000000000000000, 0.000000000000000000, 1.000000000000000000 ) ) ;
#1658 = DIRECTION ( 'NONE',  ( -0.6087614290090100910, 0.7933533402910131205, 0.000000000000000000 ) ) ;
#1660 = DIRECTION ( 'NONE',  ( 0.000000000000000000, 0.000000000000000000, -1.000000000000000000 ) ) ;
#1659 = DIRECTION ( 'NONE',  ( 0.000000000000000000, 0.000000000000000000, 1.000000000000000000 ) ) ;
#1661 = SHAPE_REPRESENTATION_RELATIONSHIP ( 'NONE' , 'NONE' ,  #2105, #2513 ) ;
#1662 = DIRECTION ( 'NONE',  ( -1.000000000000000000, 0.000000000000000000, 0.000000000000000000 ) ) ;
#1663 = EDGE_CURVE ( 'NONE', #1791, #4075, #3164, .T. ) ;
#1664 = CARTESIAN_POINT ( 'NONE',  ( -0.002416678348502999691, -0.01835649450478000003, 0.5773000000000000353 ) ) ;
#1665 = VERTEX_POINT ( 'NONE', #82 ) ;
#1666 = FACE_OUTER_BOUND ( 'NONE', #3031, .T. ) ;
#1667 = CONTEXT_DEPENDENT_SHAPE_REPRESENTATION ( #2150, #2987 ) ;
#1668 = EDGE_CURVE ( 'NONE', #142, #3474, #1502, .T. ) ;
#1669 = EDGE_LOOP ( 'NONE', ( #1060, #2391 ) ) ;
#1670 = CLOSED_SHELL ( 'NONE', ( #585, #2394, #1106, #1618, #1361, #2622, #1723, #1075, #2007, #1513, #1763 ) ) ;
#1671 = DIRECTION ( 'NONE',  ( 1.000000000000000000, 0.000000000000000000, 0.000000000000000000 ) ) ;
#1672 = CARTESIAN_POINT ( 'NONE',  ( -21.50156939099999676, -19.50000000000000000, 0.5772998999999999770 ) ) ;
#1673 = VERTEX_POINT ( 'NONE', #1051 ) ;
#1674 = DIRECTION ( 'NONE',  ( 0.000000000000000000, 0.000000000000000000, 1.000000000000000000 ) ) ;
#1675 = AXIS2_PLACEMENT_3D ( 'NONE', #2820, #707, #3192 ) ;
#1676 = VERTEX_POINT ( 'NONE', #696 ) ;
#1677 = VERTEX_POINT ( 'NONE', #2125 ) ;
#1678 = VECTOR ( 'NONE', #3850, 1000.000000000000114 ) ;
#1680 = CARTESIAN_POINT ( 'NONE',  ( 21.50156939064299877, 19.50000000000000000, 5.307299999999999685 ) ) ;
#1679 = DIRECTION ( 'NONE',  ( 0.000000000000000000, 0.000000000000000000, 1.000000000000000000 ) ) ;
#1681 = VECTOR ( 'NONE', #2476, 1000.000000000000114 ) ;
#1682 = SHAPE_REPRESENTATION ( 'Open CASCADE STEP translator 7.8 1.18.STEP', ( #3551 ), #3858 ) ;
#1683 = CIRCLE ( 'NONE', #2845, 1.500000000000001332 ) ;
#1684 = VECTOR ( 'NONE', #226, 1000.000000000000000 ) ;
#1685 = ORIENTED_EDGE ( 'NONE', *, *, #1691, .F. ) ;
#1686 = ORIENTED_EDGE ( 'NONE', *, *, #4254, .T. ) ;
#1687 = DIRECTION ( 'NONE',  ( -0.3826834323651143177, -0.9238795325112765244, 0.000000000000000000 ) ) ;
#1689 = CARTESIAN_POINT ( 'NONE',  ( 16.50000000000000000, 13.50000000000000000, 8.507300000000000750 ) ) ;
#1688 = CARTESIAN_POINT ( 'NONE',  ( -0.002416678348502999691, 0.01835649450478000003, 0.3992999999999999883 ) ) ;
#1690 = AXIS2_PLACEMENT_3D ( 'NONE', #2782, #1023, #553 ) ;
#1691 = EDGE_CURVE ( 'NONE', #1864, #572, #3542, .T. ) ;
#1692 = PLANE ( 'NONE',  #994 ) ;
#1693 = AXIS2_PLACEMENT_3D ( 'NONE', #598, #184, #949 ) ;
#1694 = LINE ( 'NONE', #2421, #781 ) ;
#1695 = DIRECTION ( 'NONE',  ( 0.000000000000000000, -1.000000000000000000, 0.000000000000000000 ) ) ;
#1696 = AXIS2_PLACEMENT_3D ( 'NONE', #2283, #2434, #14 ) ;
#1697 = CIRCLE ( 'NONE', #638, 1.500000000000001332 ) ;
#1698 = CARTESIAN_POINT ( 'NONE',  ( -30.00000000000000000, -30.00000000000000000, 5.307299999999999685 ) ) ;
#1699 = CARTESIAN_POINT ( 'NONE',  ( 23.00156939064299877, 19.50000000000000000, 0.6773000000000000131 ) ) ;
#1700 = VERTEX_POINT ( 'NONE', #1408 ) ;
#1701 = EDGE_CURVE ( 'NONE', #2632, #327, #1803, .T. ) ;
#1702 = CARTESIAN_POINT ( 'NONE',  ( 0.000000000000000000, 0.000000000000000000, 0.000000000000000000 ) ) ;
#1703 = MECHANICAL_DESIGN_GEOMETRIC_PRESENTATION_REPRESENTATION (  '', ( #3168 ), #3625 ) ;
#1704 = ORIENTED_EDGE ( 'NONE', *, *, #1497, .F. ) ;
#1705 =( GEOMETRIC_REPRESENTATION_CONTEXT ( 3 ) GLOBAL_UNCERTAINTY_ASSIGNED_CONTEXT ( ( #3641 ) ) GLOBAL_UNIT_ASSIGNED_CONTEXT ( ( #2687, #4126, #2307 ) ) REPRESENTATION_CONTEXT ( 'NONE', 'WORKASPACE' ) );
#1707 = FACE_OUTER_BOUND ( 'NONE', #2741, .T. ) ;
#1706 = LINE ( 'NONE', #3149, #1467 ) ;
#1708 = ADVANCED_FACE ( 'NONE', ( #1758 ), #3511, .F. ) ;
#1709 = VERTEX_POINT ( 'NONE', #3892 ) ;
#1710 = DIRECTION ( 'NONE',  ( 0.000000000000000000, 0.000000000000000000, 1.000000000000000000 ) ) ;
#1711 =( REPRESENTATION_RELATIONSHIP ('NONE','NONE', #678, #1832 ) REPRESENTATION_RELATIONSHIP_WITH_TRANSFORMATION ( #2985 )SHAPE_REPRESENTATION_RELATIONSHIP( ) );
#1713 = PLANE ( 'NONE',  #3675 ) ;
#1712 = PLANE ( 'NONE',  #2721 ) ;
#1714 = DIRECTION ( 'NONE',  ( 0.000000000000000000, 0.000000000000000000, 1.000000000000000000 ) ) ;
#1715 = CARTESIAN_POINT ( 'NONE',  ( -26.50000000000000000, -23.50000000000000000, 8.507300000000000750 ) ) ;
#1716 = EDGE_CURVE ( 'NONE', #4473, #1516, #2332, .T. ) ;
#1717 = PLANE ( 'NONE',  #4508 ) ;
#1718 = DIRECTION ( 'NONE',  ( 1.000000000000000000, 0.000000000000000000, 0.000000000000000000 ) ) ;
#1719 = ORIENTED_EDGE ( 'NONE', *, *, #1383, .F. ) ;
#1720 = LINE ( 'NONE', #3833, #3165 ) ;
#1721 = VERTEX_POINT ( 'NONE', #694 ) ;
#1722 = ORIENTED_EDGE ( 'NONE', *, *, #937, .F. ) ;
#1723 = ADVANCED_FACE ( 'NONE', ( #2459 ), #737, .T. ) ;
#1724 = CARTESIAN_POINT ( 'NONE',  ( 21.50156939099999676, 19.50000000000000000, 0.6772998999999999548 ) ) ;
#1725 = PLANE ( 'NONE',  #2130 ) ;
#1726 = EDGE_LOOP ( 'NONE', ( #1531, #920, #18, #1389 ) ) ;
#1727 = ORIENTED_EDGE ( 'NONE', *, *, #2931, .F. ) ;
#1728 = PRODUCT_RELATED_PRODUCT_CATEGORY ( 'part', '', ( #4410 ) ) ;
#1729 = DIRECTION ( 'NONE',  ( 0.000000000000000000, 0.000000000000000000, 1.000000000000000000 ) ) ;
#1730 = CARTESIAN_POINT ( 'NONE',  ( 15.00000000000000000, -3.000000000000000000, 0.1779999999999999916 ) ) ;
#1731 =( NAMED_UNIT ( * ) PLANE_ANGLE_UNIT ( ) SI_UNIT ( $, .RADIAN. ) );
#1732 = DIRECTION ( 'NONE',  ( 1.000000000000000000, 0.000000000000000000, 0.000000000000000000 ) ) ;
#1733 = DIRECTION ( 'NONE',  ( 1.000000000000000000, 0.000000000000000000, 0.000000000000000000 ) ) ;
#1734 = APPLICATION_CONTEXT ( 'automotive_design' ) ;
#1735 = DIRECTION ( 'NONE',  ( 0.000000000000000000, 0.000000000000000000, 1.000000000000000000 ) ) ;
#1736 = EDGE_CURVE ( 'NONE', #3727, #636, #4163, .T. ) ;
#1737 = VERTEX_POINT ( 'NONE', #4247 ) ;
#1738 = DIRECTION ( 'NONE',  ( 1.000000000000000000, 0.000000000000000000, 0.000000000000000000 ) ) ;
#1739 = ORIENTED_EDGE ( 'NONE', *, *, #3868, .T. ) ;
#1740 = SHAPE_DEFINITION_REPRESENTATION ( #3583, #1682 ) ;
#1741 = CLOSED_SHELL ( 'NONE', ( #2709, #822, #2276, #3825 ) ) ;
#1742 = DIRECTION ( 'NONE',  ( 0.6087614290090099800, -0.7933533402910131205, 0.000000000000000000 ) ) ;
#1744 = DIRECTION ( 'NONE',  ( 0.000000000000000000, 0.000000000000000000, 1.000000000000000000 ) ) ;
#1743 = DIRECTION ( 'NONE',  ( 0.000000000000000000, 0.000000000000000000, 1.000000000000000000 ) ) ;
#1745 = ORIENTED_EDGE ( 'NONE', *, *, #3436, .F. ) ;
#1746 = AXIS2_PLACEMENT_3D ( 'NONE', #1406, #1001, #4245 ) ;
#1747 = VERTEX_POINT ( 'NONE', #1380 ) ;
#1748 = AXIS2_PLACEMENT_3D ( 'NONE', #3920, #2097, #1826 ) ;
#1749 = AXIS2_PLACEMENT_3D ( 'NONE', #405, #3287, #4326 ) ;
#1750 = CARTESIAN_POINT ( 'NONE',  ( -30.00000000000000000, -30.00000000000000000, 5.307299999999999685 ) ) ;
#1751 = ORIENTED_EDGE ( 'NONE', *, *, #2211, .T. ) ;
#1752 = EDGE_CURVE ( 'NONE', #3633, #2814, #3492, .T. ) ;
#1753 =( LENGTH_UNIT ( ) NAMED_UNIT ( * ) SI_UNIT ( .MILLI., .METRE. ) );
#1754 = AXIS2_PLACEMENT_3D ( 'NONE', #4105, #962, #2689 ) ;
#1755 =( GEOMETRIC_REPRESENTATION_CONTEXT ( 3 ) GLOBAL_UNCERTAINTY_ASSIGNED_CONTEXT ( ( #2241 ) ) GLOBAL_UNIT_ASSIGNED_CONTEXT ( ( #1620, #3008, #909 ) ) REPRESENTATION_CONTEXT ( 'NONE', 'WORKASPACE' ) );
#1756 = DIRECTION ( 'NONE',  ( 0.000000000000000000, 0.000000000000000000, 1.000000000000000000 ) ) ;
#1757 = ADVANCED_BREP_SHAPE_REPRESENTATION ( '', ( #1393, #3551 ), #149 ) ;
#1758 = FACE_OUTER_BOUND ( 'NONE', #3265, .T. ) ;
#1759 = AXIS2_PLACEMENT_3D ( 'NONE', #2657, #1267, #3786 ) ;
#1760 = COLOUR_RGB ( '',0.7921568627450980005, 0.8196078431372548767, 0.9333333333333333481 ) ;
#1761 = PLANE ( 'NONE',  #2706 ) ;
#1762 = DIRECTION ( 'NONE',  ( 0.000000000000000000, 0.000000000000000000, 1.000000000000000000 ) ) ;
#1763 = ADVANCED_FACE ( 'NONE', ( #2122 ), #3539, .F. ) ;
#1764 = VECTOR ( 'NONE', #3154, 1000.000000000000000 ) ;
#1765 = VECTOR ( 'NONE', #4226, 1000.000000000000000 ) ;
#1766 = AXIS2_PLACEMENT_3D ( 'NONE', #2802, #362, #2088 ) ;
#1767 = DIRECTION ( 'NONE',  ( -0.000000000000000000, 1.000000000000000000, 0.000000000000000000 ) ) ;
#1768 = ORIENTED_EDGE ( 'NONE', *, *, #2378, .F. ) ;
#1769 = CARTESIAN_POINT ( 'NONE',  ( 0.000000000000000000, 0.000000000000000000, 0.000000000000000000 ) ) ;
#1770 = PRODUCT_DEFINITION_SHAPE ( 'NONE', 'NONE',  #4600 ) ;
#1771 = EDGE_CURVE ( 'NONE', #2017, #3774, #1781, .T. ) ;
#1772 = CARTESIAN_POINT ( 'NONE',  ( -21.50156939099999676, 19.50000000000000000, 0.5772998999999999770 ) ) ;
#1774 = CARTESIAN_POINT ( 'NONE',  ( -21.50156939099999676, -19.50000000000000000, 0.5772998999999999770 ) ) ;
#1773 = CARTESIAN_POINT ( 'NONE',  ( -30.00000000000000000, -30.00000000000000000, 5.307299999999999685 ) ) ;
#1775 = AXIS2_PLACEMENT_3D ( 'NONE', #1405, #2478, #3532 ) ;
#1777 = LINE ( 'NONE', #733, #1297 ) ;
#1776 = DIRECTION ( 'NONE',  ( 0.000000000000000000, 0.000000000000000000, 1.000000000000000000 ) ) ;
#1778 = ORIENTED_EDGE ( 'NONE', *, *, #3406, .F. ) ;
#1779 = LINE ( 'NONE', #1730, #3402 ) ;
#1780 = CARTESIAN_POINT ( 'NONE',  ( 0.2558841336120000198, -0.3638887313559999725, 0.3992999999999999883 ) ) ;
#1781 = LINE ( 'NONE', #2166, #1765 ) ;
#1782 = EDGE_CURVE ( 'NONE', #3156, #2804, #3749, .T. ) ;
#1783 = APPLICATION_PROTOCOL_DEFINITION ( 'draft international standard', 'automotive_design', 1998, #1496 ) ;
#1784 = DIRECTION ( 'NONE',  ( 1.000000000000000000, 0.000000000000000000, 0.000000000000000000 ) ) ;
#1785 = DIRECTION ( 'NONE',  ( 1.051347561197999877E-16, -1.000000000000000000, 0.000000000000000000 ) ) ;
#1786 = FACE_OUTER_BOUND ( 'NONE', #1971, .T. ) ;
#1787 = ORIENTED_EDGE ( 'NONE', *, *, #1032, .T. ) ;
#1788 = PRODUCT_RELATED_PRODUCT_CATEGORY ( 'part', '', ( #1052 ) ) ;
#1789 = DIRECTION ( 'NONE',  ( 0.000000000000000000, 0.000000000000000000, 1.000000000000000000 ) ) ;
#1790 = VERTEX_POINT ( 'NONE', #1069 ) ;
#1791 = VERTEX_POINT ( 'NONE', #2420 ) ;
#1792 = SHAPE_REPRESENTATION ( 'Open CASCADE STEP translator 7.8 1.5_9.STEP', ( #3551 ), #3933 ) ;
#1793 = CARTESIAN_POINT ( 'NONE',  ( -21.50156939099999676, 0.000000000000000000, 0.6772998999999999548 ) ) ;
#1794 = DIRECTION ( 'NONE',  ( 0.000000000000000000, -1.000000000000000000, 0.000000000000000000 ) ) ;
#1795 = ORIENTED_EDGE ( 'NONE', *, *, #3579, .F. ) ;
#1796 = EDGE_CURVE ( 'NONE', #4594, #525, #2790, .T. ) ;
#1797 = APPLICATION_CONTEXT ( 'automotive_design' ) ;
#1798 = ORIENTED_EDGE ( 'NONE', *, *, #386, .T. ) ;
#1799 = DIRECTION ( 'NONE',  ( 1.000000000000000000, 0.000000000000000000, 0.000000000000000000 ) ) ;
#1800 = ORIENTED_EDGE ( 'NONE', *, *, #2608, .T. ) ;
#1801 = SHAPE_REPRESENTATION_RELATIONSHIP ( 'NONE' , 'NONE' ,  #1682, #2962 ) ;
#1802 =( NAMED_UNIT ( * ) PLANE_ANGLE_UNIT ( ) SI_UNIT ( $, .RADIAN. ) );
#1803 = LINE ( 'NONE', #3135, #1460 ) ;
#1804 = FACE_OUTER_BOUND ( 'NONE', #3499, .T. ) ;
#1805 = CARTESIAN_POINT ( 'NONE',  ( -12.63760714846999988, 16.50000000000000000, 0.1779999999999999916 ) ) ;
#1806 = SHAPE_REPRESENTATION_RELATIONSHIP ( 'NONE' , 'NONE' ,  #1792, #1070 ) ;
#1807 = ORIENTED_EDGE ( 'NONE', *, *, #2447, .T. ) ;
#1808 = LINE ( 'NONE', #1530, #3998 ) ;
#1809 = ORIENTED_EDGE ( 'NONE', *, *, #4072, .T. ) ;
#1810 =( NAMED_UNIT ( * ) SI_UNIT ( $, .STERADIAN. ) SOLID_ANGLE_UNIT ( ) );
#1811 = APPLICATION_PROTOCOL_DEFINITION ( 'draft international standard', 'automotive_design', 1998, #2734 ) ;
#1812 = ADVANCED_FACE ( 'NONE', ( #3202 ), #3585, .T. ) ;
#1813 = ORIENTED_EDGE ( 'NONE', *, *, #1716, .F. ) ;
#1814 = FILL_AREA_STYLE_COLOUR ( '', #3910 ) ;
#1815 = CARTESIAN_POINT ( 'NONE',  ( 20.00156939064300232, 19.50000000000000000, 0.6773000000000000131 ) ) ;
#1816 = LINE ( 'NONE', #3213, #135 ) ;
#1817 = ORIENTED_EDGE ( 'NONE', *, *, #3930, .T. ) ;
#1818 = VECTOR ( 'NONE', #870, 1000.000000000000000 ) ;
#1819 = ORIENTED_EDGE ( 'NONE', *, *, #4235, .T. ) ;
#1820 = DIRECTION ( 'NONE',  ( 0.000000000000000000, 0.000000000000000000, -1.000000000000000000 ) ) ;
#1821 = VECTOR ( 'NONE', #2496, 1000.000000000000000 ) ;
#1822 = EDGE_LOOP ( 'NONE', ( #520, #2731, #1907, #3462, #1817, #2986, #2472, #467 ) ) ;
#1823 = FACE_OUTER_BOUND ( 'NONE', #2498, .T. ) ;
#1824 = CIRCLE ( 'NONE', #2110, 3.000000000000000888 ) ;
#1825 = FILL_AREA_STYLE ('',( #388 ) ) ;
#1826 = DIRECTION ( 'NONE',  ( 1.000000000000000000, 0.000000000000000000, 0.000000000000000000 ) ) ;
#1827 = ADVANCED_FACE ( 'NONE', ( #717 ), #2146, .F. ) ;
#1828 = CARTESIAN_POINT ( 'NONE',  ( 23.00156939064299877, -19.50000000000000000, 5.307299999999999685 ) ) ;
#1829 = DIRECTION ( 'NONE',  ( 0.000000000000000000, 0.000000000000000000, 1.000000000000000000 ) ) ;
#1830 = VECTOR ( 'NONE', #1879, 1000.000000000000114 ) ;
#1831 = AXIS2_PLACEMENT_3D ( 'NONE', #2054, #4548, #2013 ) ;
#1832 = SHAPE_REPRESENTATION ( 'Open CASCADE STEP translator 7.8 1.9.STEP', ( #3551 ), #3038 ) ;
#1833 = LINE ( 'NONE', #421, #2401 ) ;
#1834 = VERTEX_POINT ( 'NONE', #1448 ) ;
#1835 = CIRCLE ( 'NONE', #3605, 1.500000000000001332 ) ;
#1836 = DIRECTION ( 'NONE',  ( 0.000000000000000000, 0.000000000000000000, 1.000000000000000000 ) ) ;
#1837 = ORIENTED_EDGE ( 'NONE', *, *, #4521, .T. ) ;
#1838 = COLOUR_RGB ( '',0.7921568627450980005, 0.8196078431372548767, 0.9333333333333333481 ) ;
#1839 =( GEOMETRIC_REPRESENTATION_CONTEXT ( 3 ) GLOBAL_UNCERTAINTY_ASSIGNED_CONTEXT ( ( #514 ) ) GLOBAL_UNIT_ASSIGNED_CONTEXT ( ( #2630, #217, #516 ) ) REPRESENTATION_CONTEXT ( 'NONE', 'WORKASPACE' ) );
#1840 = PRODUCT_CONTEXT ( 'NONE', #2588, 'mechanical' ) ;
#1841 = ORIENTED_EDGE ( 'NONE', *, *, #2169, .F. ) ;
#1842 = CIRCLE ( 'NONE', #1614, 0.03999999999999999389 ) ;
#1843 = EDGE_CURVE ( 'NONE', #373, #1588, #1100, .T. ) ;
#1844 = DIRECTION ( 'NONE',  ( 0.000000000000000000, 0.000000000000000000, -1.000000000000000000 ) ) ;
#1845 = DIRECTION ( 'NONE',  ( 0.000000000000000000, 0.000000000000000000, 1.000000000000000000 ) ) ;
#1846 = LINE ( 'NONE', #779, #564 ) ;
#1847 = ORIENTED_EDGE ( 'NONE', *, *, #4044, .T. ) ;
#1848 = AXIS2_PLACEMENT_3D ( 'NONE', #2244, #2884, #2835 ) ;
#1849 = ORIENTED_EDGE ( 'NONE', *, *, #531, .T. ) ;
#1850 = STYLED_ITEM ( 'NONE', ( #4595 ), #4407 ) ;
#1852 = LINE ( 'NONE', #3271, #4355 ) ;
#1851 = DIRECTION ( 'NONE',  ( -0.9914448613738202631, 0.1305261922199764668, 0.000000000000000000 ) ) ;
#1853 = EDGE_CURVE ( 'NONE', #1432, #2017, #1356, .T. ) ;
#1854 = VERTEX_POINT ( 'NONE', #1002 ) ;
#1855 = VECTOR ( 'NONE', #3470, 1000.000000000000000 ) ;
#1856 = DIRECTION ( 'NONE',  ( 0.000000000000000000, 0.000000000000000000, 1.000000000000000000 ) ) ;
#1857 = DIRECTION ( 'NONE',  ( 1.000000000000000000, 0.000000000000000000, 0.000000000000000000 ) ) ;
#1858 = DIRECTION ( 'NONE',  ( 0.000000000000000000, 0.000000000000000000, 1.000000000000000000 ) ) ;
#1859 = DIRECTION ( 'NONE',  ( 0.3826834323651143177, 0.9238795325112765244, 0.000000000000000000 ) ) ;
#1860 = EDGE_CURVE ( 'NONE', #4563, #407, #653, .T. ) ;
#1861 = ORIENTED_EDGE ( 'NONE', *, *, #1526, .F. ) ;
#1862 = LINE ( 'NONE', #3863, #2633 ) ;
#1863 = DIRECTION ( 'NONE',  ( -1.000000000000000000, 0.000000000000000000, 0.000000000000000000 ) ) ;
#1864 = VERTEX_POINT ( 'NONE', #3706 ) ;
#1865 = APPLICATION_PROTOCOL_DEFINITION ( 'draft international standard', 'automotive_design', 1998, #1973 ) ;
#1866 = ORIENTED_EDGE ( 'NONE', *, *, #683, .T. ) ;
#1867 = FACE_OUTER_BOUND ( 'NONE', #434, .T. ) ;
#1868 = CARTESIAN_POINT ( 'NONE',  ( 23.50000000000000000, -23.50000000000000000, 8.507300000000000750 ) ) ;
#1869 = DIRECTION ( 'NONE',  ( -1.000000000000000000, 0.000000000000000000, 0.000000000000000000 ) ) ;
#1870 = ADVANCED_FACE ( 'NONE', ( #1209 ), #2528, .T. ) ;
#1871 = ORIENTED_EDGE ( 'NONE', *, *, #493, .F. ) ;
#1873 = CARTESIAN_POINT ( 'NONE',  ( 0.2241499999999999881, -0.3882391885170000112, 0.3992999999999999883 ) ) ;
#1872 = LINE ( 'NONE', #411, #2347 ) ;
#1874 = EDGE_CURVE ( 'NONE', #2010, #757, #3253, .T. ) ;
#1875 = PRODUCT_RELATED_PRODUCT_CATEGORY ( 'part', '', ( #1171 ) ) ;
#1876 = LINE ( 'NONE', #439, #332 ) ;
#1877 = LINE ( 'NONE', #3274, #3387 ) ;
#1878 = DIRECTION ( 'NONE',  ( -1.000000000000000000, 0.000000000000000000, 0.000000000000000000 ) ) ;
#1879 = DIRECTION ( 'NONE',  ( 0.6087614290090099800, -0.7933533402910131205, 0.000000000000000000 ) ) ;
#1880 = UNCERTAINTY_MEASURE_WITH_UNIT (LENGTH_MEASURE( 1.000000000000000082E-05 ), #4526, 'distance_accuracy_value', 'NONE');
#1881 = SHAPE_REPRESENTATION_RELATIONSHIP ( 'NONE' , 'NONE' ,  #586, #19 ) ;
#1882 = PLANE ( 'NONE',  #24 ) ;
#1883 = EDGE_LOOP ( 'NONE', ( #1505, #2882, #1402, #3420 ) ) ;
#1884 =( NAMED_UNIT ( * ) PLANE_ANGLE_UNIT ( ) SI_UNIT ( $, .RADIAN. ) );
#1885 = DIRECTION ( 'NONE',  ( -1.000000000000000000, 0.000000000000000000, 0.000000000000000000 ) ) ;
#1886 = ORIENTED_EDGE ( 'NONE', *, *, #3036, .F. ) ;
#1887 = PRESENTATION_STYLE_ASSIGNMENT (( #449 ) ) ;
#1888 = APPLICATION_PROTOCOL_DEFINITION ( 'draft international standard', 'automotive_design', 1998, #103 ) ;
#1889 = ORIENTED_EDGE ( 'NONE', *, *, #2545, .T. ) ;
#1890 = PRODUCT_DEFINITION_SHAPE ( 'NONE', 'NONE',  #4603 ) ;
#1891 = APPLICATION_CONTEXT ( 'automotive_design' ) ;
#1892 = PLANE ( 'NONE',  #3219 ) ;
#1893 = DIRECTION ( 'NONE',  ( 1.000000000000000000, 0.000000000000000000, 0.000000000000000000 ) ) ;
#1894 = EDGE_LOOP ( 'NONE', ( #544, #1330, #3040, #2656, #2933, #951 ) ) ;
#1895 = ADVANCED_FACE ( 'NONE', ( #3638 ), #440, .T. ) ;
#1896 = ORIENTED_EDGE ( 'NONE', *, *, #1900, .T. ) ;
#1897 = DIRECTION ( 'NONE',  ( -1.000000000000000000, 0.000000000000000000, 0.000000000000000000 ) ) ;
#1898 = FACE_OUTER_BOUND ( 'NONE', #2091, .T. ) ;
#1899 = CARTESIAN_POINT ( 'NONE',  ( 21.50156939064299877, -19.50000000000000000, 5.307299999999999685 ) ) ;
#1900 = EDGE_CURVE ( 'NONE', #2767, #3788, #3373, .T. ) ;
#1901 = CARTESIAN_POINT ( 'NONE',  ( -16.50000000000000000, -13.50000000000000000, 8.507300000000000750 ) ) ;
#1902 = AXIS2_PLACEMENT_3D ( 'NONE', #4258, #2870, #382 ) ;
#1903 = CARTESIAN_POINT ( 'NONE',  ( -15.00000000000000000, -3.000000000000000000, 0.5773000000000000353 ) ) ;
#1904 = AXIS2_PLACEMENT_3D ( 'NONE', #2774, #1017, #2433 ) ;
#1905 = FILL_AREA_STYLE ('',( #4106 ) ) ;
#1906 = FACE_OUTER_BOUND ( 'NONE', #2613, .T. ) ;
#1907 = ORIENTED_EDGE ( 'NONE', *, *, #2133, .F. ) ;
#1908 = ADVANCED_FACE ( 'NONE', ( #1500 ), #3963, .T. ) ;
#1909 = CONTEXT_DEPENDENT_SHAPE_REPRESENTATION ( #4479, #1770 ) ;
#1910 = AXIS2_PLACEMENT_3D ( 'NONE', #1050, #3945, #3452 ) ;
#1911 = CARTESIAN_POINT ( 'NONE',  ( -23.00156939064000028, -3.469446951954000336E-15, 5.307299999999999685 ) ) ;
#1912 = PLANE ( 'NONE',  #2188 ) ;
#1913 = DIRECTION ( 'NONE',  ( 0.000000000000000000, 0.000000000000000000, -1.000000000000000000 ) ) ;
#1914 = VERTEX_POINT ( 'NONE', #418 ) ;
#1915 = PRESENTATION_LAYER_ASSIGNMENT (  '', '', ( #933 ) ) ;
#1916 = VECTOR ( 'NONE', #3324, 1000.000000000000000 ) ;
#1917 = EDGE_CURVE ( 'NONE', #2371, #218, #936, .T. ) ;
#1918 = ORIENTED_EDGE ( 'NONE', *, *, #907, .F. ) ;
#1920 = CARTESIAN_POINT ( 'NONE',  ( 9.339845528055001012, 22.50000000000000000, 0.000000000000000000 ) ) ;
#1919 = DIRECTION ( 'NONE',  ( 0.000000000000000000, -1.000000000000000000, 0.000000000000000000 ) ) ;
#1921 = UNCERTAINTY_MEASURE_WITH_UNIT (LENGTH_MEASURE( 1.000000000000000082E-05 ), #959, 'distance_accuracy_value', 'NONE');
#1922 = VECTOR ( 'NONE', #2005, 1000.000000000000000 ) ;
#1923 = AXIS2_PLACEMENT_3D ( 'NONE', #3206, #1863, #1144 ) ;
#1924 = CARTESIAN_POINT ( 'NONE',  ( 21.50156939099999676, -19.50000000000000000, 0.5772998999999999770 ) ) ;
#1925 =( REPRESENTATION_RELATIONSHIP ('NONE','NONE', #678, #1792 ) REPRESENTATION_RELATIONSHIP_WITH_TRANSFORMATION ( #2203 )SHAPE_REPRESENTATION_RELATIONSHIP( ) );
#1926 = UNCERTAINTY_MEASURE_WITH_UNIT (LENGTH_MEASURE( 1.000000000000000082E-05 ), #1411, 'distance_accuracy_value', 'NONE');
#1927 =( LENGTH_UNIT ( ) NAMED_UNIT ( * ) SI_UNIT ( .MILLI., .METRE. ) );
#1928 = PRESENTATION_LAYER_ASSIGNMENT (  '', '', ( #1850 ) ) ;
#1929 = CARTESIAN_POINT ( 'NONE',  ( -0.1870448187000000040, 0.4032867181899999487, 0.1779999999999999916 ) ) ;
#1930 = PRODUCT_DEFINITION_SHAPE ( 'NONE', 'NONE',  #3569 ) ;
#1931 = EDGE_CURVE ( 'NONE', #562, #1646, #2924, .T. ) ;
#1932 = ORIENTED_EDGE ( 'NONE', *, *, #868, .F. ) ;
#1933 = EDGE_LOOP ( 'NONE', ( #1807, #4050 ) ) ;
#1934 = CONTEXT_DEPENDENT_SHAPE_REPRESENTATION ( #419, #1431 ) ;
#1935 = AXIS2_PLACEMENT_3D ( 'NONE', #3721, #4115, #4168 ) ;
#1936 = ORIENTED_EDGE ( 'NONE', *, *, #2231, .F. ) ;
#1937 = ADVANCED_FACE ( 'NONE', ( #3612, #50 ), #2926, .T. ) ;
#1938 =( NAMED_UNIT ( * ) SI_UNIT ( $, .STERADIAN. ) SOLID_ANGLE_UNIT ( ) );
#1939 = DIRECTION ( 'NONE',  ( -1.000000000000000000, 0.000000000000000000, 0.000000000000000000 ) ) ;
#1940 = DIRECTION ( 'NONE',  ( 1.000000000000000000, 0.000000000000000000, 0.000000000000000000 ) ) ;
#1941 = EDGE_LOOP ( 'NONE', ( #785, #3389 ) ) ;
#1942 = ORIENTED_EDGE ( 'NONE', *, *, #3376, .F. ) ;
#1944 = FACE_OUTER_BOUND ( 'NONE', #3355, .T. ) ;
#1943 = DIRECTION ( 'NONE',  ( 1.000000000000000000, 0.000000000000000000, 0.000000000000000000 ) ) ;
#1945 = EDGE_CURVE ( 'NONE', #407, #3608, #4016, .T. ) ;
#1946 = DIRECTION ( 'NONE',  ( 1.000000000000000000, 0.000000000000000000, 0.000000000000000000 ) ) ;
#1947 = DIRECTION ( 'NONE',  ( 0.000000000000000000, 0.000000000000000000, 1.000000000000000000 ) ) ;
#1948 = FACE_OUTER_BOUND ( 'NONE', #3631, .T. ) ;
#1949 = DIRECTION ( 'NONE',  ( 0.000000000000000000, 0.000000000000000000, -1.000000000000000000 ) ) ;
#1950 = ORIENTED_EDGE ( 'NONE', *, *, #3946, .T. ) ;
#1951 = SURFACE_STYLE_USAGE ( .BOTH. , #3690 ) ;
#1952 = ITEM_DEFINED_TRANSFORMATION ( 'NONE', 'NONE', #2363,  #3551 ) ;
#1953 = ORIENTED_EDGE ( 'NONE', *, *, #1691, .T. ) ;
#1954 =( NAMED_UNIT ( * ) PLANE_ANGLE_UNIT ( ) SI_UNIT ( $, .RADIAN. ) );
#1955 = DIRECTION ( 'NONE',  ( 0.000000000000000000, 0.000000000000000000, 1.000000000000000000 ) ) ;
#1956 = ORIENTED_EDGE ( 'NONE', *, *, #3881, .F. ) ;
#1957 = EDGE_CURVE ( 'NONE', #1565, #2142, #2957, .T. ) ;
#1958 = DIRECTION ( 'NONE',  ( 0.000000000000000000, 0.000000000000000000, 1.000000000000000000 ) ) ;
#1959 = ORIENTED_EDGE ( 'NONE', *, *, #3191, .F. ) ;
#1961 = CARTESIAN_POINT ( 'NONE',  ( -12.63760714846999988, 16.50000000000000000, 0.1779999999999999916 ) ) ;
#1960 = LINE ( 'NONE', #3438, #1922 ) ;
#1962 = VERTEX_POINT ( 'NONE', #4035 ) ;
#1963 = UNCERTAINTY_MEASURE_WITH_UNIT (LENGTH_MEASURE( 1.000000000000000082E-05 ), #1753, 'distance_accuracy_value', 'NONE');
#1964 = EDGE_CURVE ( 'NONE', #3067, #3022, #196, .T. ) ;
#1965 = DIRECTION ( 'NONE',  ( 0.000000000000000000, -1.000000000000000000, 0.000000000000000000 ) ) ;
#1966 = PLANE ( 'NONE',  #3390 ) ;
#1967 = CARTESIAN_POINT ( 'NONE',  ( -20.00156939100000031, 0.000000000000000000, 0.5772998999999999770 ) ) ;
#1968 = UNCERTAINTY_MEASURE_WITH_UNIT (LENGTH_MEASURE( 1.000000000000000082E-05 ), #3331, 'distance_accuracy_value', 'NONE');
#1969 = CARTESIAN_POINT ( 'NONE',  ( -23.50000000000000000, 26.50000000000000000, 5.307299999999999685 ) ) ;
#1970 = EDGE_CURVE ( 'NONE', #1673, #4167, #921, .T. ) ;
#1971 = EDGE_LOOP ( 'NONE', ( #1751, #1360, #4230, #1649, #2972, #2996, #1800, #2822 ) ) ;
#1972 = VECTOR ( 'NONE', #4437, 1000.000000000000000 ) ;
#1973 = APPLICATION_CONTEXT ( 'automotive_design' ) ;
#1974 = AXIS2_PLACEMENT_3D ( 'NONE', #1191, #3275, #102 ) ;
#1975 = ORIENTED_EDGE ( 'NONE', *, *, #2992, .T. ) ;
#1976 = AXIS2_PLACEMENT_3D ( 'NONE', #1901, #133, #978 ) ;
#1977 = FILL_AREA_STYLE ('',( #3386 ) ) ;
#1978 = CARTESIAN_POINT ( 'NONE',  ( 0.2241499999999999881, -0.3882391885170000112, 0.3992999999999999883 ) ) ;
#1979 = ORIENTED_EDGE ( 'NONE', *, *, #379, .F. ) ;
#1980 = AXIS2_PLACEMENT_3D ( 'NONE', #391, #1101, #1784 ) ;
#1981 = STYLED_ITEM ( 'NONE', ( #1398 ), #1325 ) ;
#1982 = DIRECTION ( 'NONE',  ( 1.000000000000000000, 0.000000000000000000, 0.000000000000000000 ) ) ;
#1983 = ADVANCED_FACE ( 'NONE', ( #1572 ), #761, .T. ) ;
#1984 = ORIENTED_EDGE ( 'NONE', *, *, #473, .T. ) ;
#1985 = VECTOR ( 'NONE', #4306, 1000.000000000000000 ) ;
#1986 = VECTOR ( 'NONE', #4336, 1000.000000000000000 ) ;
#1987 = DIRECTION ( 'NONE',  ( 0.000000000000000000, 0.000000000000000000, 1.000000000000000000 ) ) ;
#1988 = AXIS2_PLACEMENT_3D ( 'NONE', #3114, #3196, #2115 ) ;
#1989 = VECTOR ( 'NONE', #2763, 1000.000000000000000 ) ;
#1990 = ORIENTED_EDGE ( 'NONE', *, *, #3109, .T. ) ;
#1991 = DIRECTION ( 'NONE',  ( 0.000000000000000000, 0.000000000000000000, 1.000000000000000000 ) ) ;
#1992 = DIRECTION ( 'NONE',  ( -1.000000000000000000, 0.000000000000000000, 0.000000000000000000 ) ) ;
#1993 = EDGE_CURVE ( 'NONE', #2632, #251, #4496, .T. ) ;
#1994 = AXIS2_PLACEMENT_3D ( 'NONE', #730, #3630, #1466 ) ;
#1995 = DIRECTION ( 'NONE',  ( 1.000000000000000000, 0.000000000000000000, 0.000000000000000000 ) ) ;
#1996 = AXIS2_PLACEMENT_3D ( 'NONE', #111, #3999, #4271 ) ;
#1997 = ORIENTED_EDGE ( 'NONE', *, *, #806, .T. ) ;
#1998 = ADVANCED_FACE ( 'NONE', ( #4155 ), #4457, .T. ) ;
#1999 = ORIENTED_EDGE ( 'NONE', *, *, #224, .T. ) ;
#2000 = CARTESIAN_POINT ( 'NONE',  ( -21.50156939063999673, -3.469446951954000336E-15, 5.307299999999999685 ) ) ;
#2001 = ORIENTED_EDGE ( 'NONE', *, *, #3414, .F. ) ;
#2002 = DIRECTION ( 'NONE',  ( 0.000000000000000000, 0.000000000000000000, 1.000000000000000000 ) ) ;
#2003 = ORIENTED_EDGE ( 'NONE', *, *, #538, .F. ) ;
#2004 = ORIENTED_EDGE ( 'NONE', *, *, #2813, .F. ) ;
#2005 = DIRECTION ( 'NONE',  ( 0.000000000000000000, -1.000000000000000000, 0.000000000000000000 ) ) ;
#2006 = PRODUCT_DEFINITION_CONTEXT ( 'detailed design', #812, 'design' ) ;
#2007 = ADVANCED_FACE ( 'NONE', ( #554 ), #253, .F. ) ;
#2008 = VERTEX_POINT ( 'NONE', #3729 ) ;
#2009 = CYLINDRICAL_SURFACE ( 'NONE', #4354, 1.500000000000001332 ) ;
#2010 = VERTEX_POINT ( 'NONE', #891 ) ;
#2011 = CARTESIAN_POINT ( 'NONE',  ( 25.00000000000000000, 0.000000000000000000, 0.5773000000000000353 ) ) ;
#2013 = DIRECTION ( 'NONE',  ( 1.000000000000000000, 0.000000000000000000, 0.000000000000000000 ) ) ;
#2012 = DIRECTION ( 'NONE',  ( -0.3826834323651143177, 0.9238795325112765244, 0.000000000000000000 ) ) ;
#2014 = EDGE_CURVE ( 'NONE', #1292, #2021, #3674, .T. ) ;
#2015 = DIRECTION ( 'NONE',  ( 1.000000000000000000, 0.000000000000000000, 0.000000000000000000 ) ) ;
#2016 = DIRECTION ( 'NONE',  ( -1.000000000000000000, 0.000000000000000000, 0.000000000000000000 ) ) ;
#2017 = VERTEX_POINT ( 'NONE', #1257 ) ;
#2018 = CARTESIAN_POINT ( 'NONE',  ( -20.00156939100000031, 19.50000000000000000, 0.6772998999999999548 ) ) ;
#2019 = DIRECTION ( 'NONE',  ( 1.000000000000000000, 0.000000000000000000, 0.000000000000000000 ) ) ;
#2020 = CARTESIAN_POINT ( 'NONE',  ( 21.50156939064299877, -3.469446951954000336E-15, 5.307299999999999685 ) ) ;
#2021 = VERTEX_POINT ( 'NONE', #2715 ) ;
#2022 = CARTESIAN_POINT ( 'NONE',  ( 0.000000000000000000, 0.000000000000000000, 0.000000000000000000 ) ) ;
#2023 = ORIENTED_EDGE ( 'NONE', *, *, #3784, .T. ) ;
#2024 = EDGE_CURVE ( 'NONE', #1677, #1215, #954, .T. ) ;
#2026 = PLANE ( 'NONE',  #4060 ) ;
#2025 = DIRECTION ( 'NONE',  ( -1.000000000000000000, 0.000000000000000000, 0.000000000000000000 ) ) ;
#2027 = ORIENTED_EDGE ( 'NONE', *, *, #2849, .F. ) ;
#2028 = ORIENTED_EDGE ( 'NONE', *, *, #1037, .F. ) ;
#2029 = APPLICATION_CONTEXT ( 'automotive_design' ) ;
#2031 = CARTESIAN_POINT ( 'NONE',  ( 21.50156939064299877, -3.469446951954000336E-15, 5.307299999999999685 ) ) ;
#2030 = FACE_OUTER_BOUND ( 'NONE', #4011, .T. ) ;
#2032 = CARTESIAN_POINT ( 'NONE',  ( 23.00156939064299877, -3.469446951954000336E-15, 5.307299999999999685 ) ) ;
#2033 = ADVANCED_FACE ( 'NONE', ( #2685 ), #4123, .T. ) ;
#2034 = DIRECTION ( 'NONE',  ( 0.000000000000000000, -1.000000000000000000, 0.000000000000000000 ) ) ;
#2035 = PRODUCT ( 'Open CASCADE STEP translator 7.8 1.8_1.STEP', 'Open CASCADE STEP translator 7.8 1.8_1.STEP', '', ( #2175 ) ) ;
#2036 = CARTESIAN_POINT ( 'NONE',  ( -21.50156939099999676, -19.50000000000000000, 0.5772998999999999770 ) ) ;
#2037 = EDGE_LOOP ( 'NONE', ( #2892, #3170 ) ) ;
#2038 = EDGE_CURVE ( 'NONE', #3279, #4164, #4083, .T. ) ;
#2039 = CARTESIAN_POINT ( 'NONE',  ( 21.50156939064299877, 19.50000000000000000, 5.307299999999999685 ) ) ;
#2040 = CARTESIAN_POINT ( 'NONE',  ( -36.50000010000000117, -36.50000010000000117, 0.5772998999999999770 ) ) ;
#2041 = ORIENTED_EDGE ( 'NONE', *, *, #2661, .F. ) ;
#2042 = DIRECTION ( 'NONE',  ( 1.000000000000000000, 0.000000000000000000, 0.000000000000000000 ) ) ;
#2043 = AXIS2_PLACEMENT_3D ( 'NONE', #2096, #1756, #1732 ) ;
#2044 = CIRCLE ( 'NONE', #127, 1.500000000000001332 ) ;
#2045 = DIRECTION ( 'NONE',  ( 0.000000000000000000, 0.000000000000000000, 1.000000000000000000 ) ) ;
#2047 = DIRECTION ( 'NONE',  ( 1.000000000000000000, 0.000000000000000000, 0.000000000000000000 ) ) ;
#2046 = FACE_OUTER_BOUND ( 'NONE', #2740, .T. ) ;
#2048 = VECTOR ( 'NONE', #412, 1000.000000000000000 ) ;
#2049 = PRODUCT_DEFINITION_CONTEXT ( 'detailed design', #3602, 'design' ) ;
#2050 = EDGE_CURVE ( 'NONE', #2825, #3568, #3048, .T. ) ;
#2051 =( GEOMETRIC_REPRESENTATION_CONTEXT ( 3 ) GLOBAL_UNCERTAINTY_ASSIGNED_CONTEXT ( ( #3350 ) ) GLOBAL_UNIT_ASSIGNED_CONTEXT ( ( #500, #3761, #539 ) ) REPRESENTATION_CONTEXT ( 'NONE', 'WORKASPACE' ) );
#2052 = AXIS2_PLACEMENT_3D ( 'NONE', #1774, #309, #1366 ) ;
#2054 = CARTESIAN_POINT ( 'NONE',  ( 21.50156939099999676, 19.50000000000000000, 0.6772998999999999548 ) ) ;
#2053 = DIRECTION ( 'NONE',  ( 1.000000000000000000, 0.000000000000000000, 0.000000000000000000 ) ) ;
#2055 = VECTOR ( 'NONE', #3342, 1000.000000000000000 ) ;
#2056 = CIRCLE ( 'NONE', #2562, 1.500000000000001332 ) ;
#2057 = CARTESIAN_POINT ( 'NONE',  ( 16.50000000000000000, -13.50000000000000000, 8.507300000000000750 ) ) ;
#2058 = CIRCLE ( 'NONE', #3619, 1.500000000000001332 ) ;
#2059 = CARTESIAN_POINT ( 'NONE',  ( 16.50000000000000000, -13.50000000000000000, 8.507300000000000750 ) ) ;
#2060 = FACE_OUTER_BOUND ( 'NONE', #1148, .T. ) ;
#2061 = AXIS2_PLACEMENT_3D ( 'NONE', #616, #3555, #3906 ) ;
#2062 = EDGE_CURVE ( 'NONE', #2204, #667, #3077, .T. ) ;
#2063 = ORIENTED_EDGE ( 'NONE', *, *, #1253, .F. ) ;
#2064 = VECTOR ( 'NONE', #635, 1000.000000000000000 ) ;
#2065 = DIRECTION ( 'NONE',  ( 1.000000000000000000, 0.000000000000000000, 0.000000000000000000 ) ) ;
#2066 = ORIENTED_EDGE ( 'NONE', *, *, #3191, .T. ) ;
#2067 = APPLICATION_PROTOCOL_DEFINITION ( 'draft international standard', 'automotive_design', 1998, #4024 ) ;
#2068 = EDGE_CURVE ( 'NONE', #4493, #679, #1332, .T. ) ;
#2069 = CARTESIAN_POINT ( 'NONE',  ( 0.000000000000000000, 0.000000000000000000, 0.5773000000000000353 ) ) ;
#2071 = CARTESIAN_POINT ( 'NONE',  ( -15.00000000000000000, -1.956112807566000145, 0.3992999999999999883 ) ) ;
#2070 = DIRECTION ( 'NONE',  ( 0.000000000000000000, 0.000000000000000000, -1.000000000000000000 ) ) ;
#2072 = ORIENTED_EDGE ( 'NONE', *, *, #3505, .T. ) ;
#2073 = AXIS2_PLACEMENT_3D ( 'NONE', #3269, #1204, #3016 ) ;
#2074 = CARTESIAN_POINT ( 'NONE',  ( 15.00000000000000000, -3.000000000000000000, 0.000000000000000000 ) ) ;
#2075 = EDGE_CURVE ( 'NONE', #898, #3741, #930, .T. ) ;
#2077 = DIRECTION ( 'NONE',  ( 1.000000000000000000, 0.000000000000000000, 0.000000000000000000 ) ) ;
#2076 =( NAMED_UNIT ( * ) SI_UNIT ( $, .STERADIAN. ) SOLID_ANGLE_UNIT ( ) );
#2078 =( LENGTH_UNIT ( ) NAMED_UNIT ( * ) SI_UNIT ( .MILLI., .METRE. ) );
#2079 = DIRECTION ( 'NONE',  ( 0.000000000000000000, 0.000000000000000000, 1.000000000000000000 ) ) ;
#2080 = CARTESIAN_POINT ( 'NONE',  ( -25.00000000000000000, -16.50000000000000000, 0.5773000000000000353 ) ) ;
#2081 = DIRECTION ( 'NONE',  ( 0.000000000000000000, 0.000000000000000000, -1.000000000000000000 ) ) ;
#2082 = ADVANCED_BREP_SHAPE_REPRESENTATION ( '', ( #2851, #3551 ), #2727 ) ;
#2083 = EDGE_LOOP ( 'NONE', ( #1956, #1055, #2550, #2714 ) ) ;
#2084 = EDGE_LOOP ( 'NONE', ( #1579, #2300 ) ) ;
#2085 = PRODUCT_CONTEXT ( 'NONE', #532, 'mechanical' ) ;
#2086 = ADVANCED_FACE ( 'NONE', ( #4175 ), #977, .T. ) ;
#2087 = DIRECTION ( 'NONE',  ( 1.000000000000000000, 0.000000000000000000, 0.000000000000000000 ) ) ;
#2089 = DIRECTION ( 'NONE',  ( 0.000000000000000000, 0.000000000000000000, -1.000000000000000000 ) ) ;
#2088 = DIRECTION ( 'NONE',  ( 1.000000000000000000, 0.000000000000000000, 0.000000000000000000 ) ) ;
#2090 = ORIENTED_EDGE ( 'NONE', *, *, #808, .T. ) ;
#2091 = EDGE_LOOP ( 'NONE', ( #289, #4005, #1301, #3091 ) ) ;
#2093 = CARTESIAN_POINT ( 'NONE',  ( 0.01465778537412000017, 0.01124731430156999945, 0.000000000000000000 ) ) ;
#2092 = DIRECTION ( 'NONE',  ( 0.000000000000000000, 0.000000000000000000, 1.000000000000000000 ) ) ;
#2094 = ADVANCED_FACE ( 'NONE', ( #1590 ), #4433, .T. ) ;
#2095 = PRESENTATION_STYLE_ASSIGNMENT (( #671 ) ) ;
#2096 = CARTESIAN_POINT ( 'NONE',  ( 21.50156939099999676, 19.50000000000000000, 0.6772998999999999548 ) ) ;
#2097 = DIRECTION ( 'NONE',  ( 0.000000000000000000, 0.000000000000000000, 1.000000000000000000 ) ) ;
#2098 = FACE_OUTER_BOUND ( 'NONE', #3696, .T. ) ;
#2099 = CARTESIAN_POINT ( 'NONE',  ( -25.00000000000000000, -16.50000000000000000, 0.5773000000000000353 ) ) ;
#2100 = ADVANCED_FACE ( 'NONE', ( #530 ), #1966, .F. ) ;
#2101 = ORIENTED_EDGE ( 'NONE', *, *, #3698, .T. ) ;
#2102 = PLANE ( 'NONE',  #645 ) ;
#2103 = VERTEX_POINT ( 'NONE', #47 ) ;
#2104 = APPLICATION_PROTOCOL_DEFINITION ( 'draft international standard', 'automotive_design', 1998, #444 ) ;
#2105 = SHAPE_REPRESENTATION ( 'Open CASCADE STEP translator 7.8 1.12.STEP', ( #3551 ), #3471 ) ;
#2106 = DIRECTION ( 'NONE',  ( 1.000000000000000000, 0.000000000000000000, 0.000000000000000000 ) ) ;
#2108 = CARTESIAN_POINT ( 'NONE',  ( 15.00000000000000000, 1.956152303315000340, 0.1779999999999999916 ) ) ;
#2107 = DIRECTION ( 'NONE',  ( 0.1305261922199764946, 0.9914448613738203742, 0.000000000000000000 ) ) ;
#2109 = ORIENTED_EDGE ( 'NONE', *, *, #3860, .T. ) ;
#2110 = AXIS2_PLACEMENT_3D ( 'NONE', #3813, #4147, #948 ) ;
#2111 = ADVANCED_FACE ( 'NONE', ( #387 ), #129, .F. ) ;
#2112 = EDGE_LOOP ( 'NONE', ( #4577, #3959 ) ) ;
#2113 = VECTOR ( 'NONE', #3799, 1000.000000000000000 ) ;
#2114 = AXIS2_PLACEMENT_3D ( 'NONE', #69, #4420, #751 ) ;
#2115 = DIRECTION ( 'NONE',  ( -1.661854963597999982E-15, -1.000000000000000000, 0.000000000000000000 ) ) ;
#2116 = SURFACE_STYLE_USAGE ( .BOTH. , #3820 ) ;
#2117 = AXIS2_PLACEMENT_3D ( 'NONE', #1698, #3432, #2019 ) ;
#2118 = VECTOR ( 'NONE', #1744, 1000.000000000000000 ) ;
#2119 = DIRECTION ( 'NONE',  ( 0.000000000000000000, 0.000000000000000000, -1.000000000000000000 ) ) ;
#2120 = PRODUCT_RELATED_PRODUCT_CATEGORY ( 'part', '', ( #3960 ) ) ;
#2121 =( NAMED_UNIT ( * ) SI_UNIT ( $, .STERADIAN. ) SOLID_ANGLE_UNIT ( ) );
#2122 = FACE_OUTER_BOUND ( 'NONE', #1249, .T. ) ;
#2123 = CIRCLE ( 'NONE', #2934, 0.04000000000001999872 ) ;
#2124 = FACE_OUTER_BOUND ( 'NONE', #1158, .T. ) ;
#2125 = CARTESIAN_POINT ( 'NONE',  ( 26.50000000000000000, -23.50000000000000000, 8.507300000000000750 ) ) ;
#2126 = CARTESIAN_POINT ( 'NONE',  ( 16.50000000000000000, -13.50000000000000000, 5.307299999999999685 ) ) ;
#2127 = PRESENTATION_LAYER_ASSIGNMENT (  '', '', ( #1310 ) ) ;
#2128 = AXIS2_PLACEMENT_3D ( 'NONE', #2830, #4265, #390 ) ;
#2129 = VERTEX_POINT ( 'NONE', #736 ) ;
#2130 = AXIS2_PLACEMENT_3D ( 'NONE', #1491, #1514, #2158 ) ;
#2131 = DIRECTION ( 'NONE',  ( 1.000000000000000000, 0.000000000000000000, 0.000000000000000000 ) ) ;
#2132 = VERTEX_POINT ( 'NONE', #3327 ) ;
#2133 = EDGE_CURVE ( 'NONE', #1493, #1342, #841, .T. ) ;
#2134 = ADVANCED_BREP_SHAPE_REPRESENTATION ( '', ( #2963, #3551 ), #3026 ) ;
#2135 = APPLICATION_PROTOCOL_DEFINITION ( 'draft international standard', 'automotive_design', 1998, #4260 ) ;
#2136 = AXIS2_PLACEMENT_3D ( 'NONE', #87, #3949, #801 ) ;
#2137 = PRODUCT_DEFINITION_SHAPE ( 'NONE', 'NONE',  #408 ) ;
#2138 = DIRECTION ( 'NONE',  ( 1.000000000000000000, 0.000000000000000000, 0.000000000000000000 ) ) ;
#2139 = CARTESIAN_POINT ( 'NONE',  ( -21.50156939063999673, -19.50000000000000000, 5.307299999999999685 ) ) ;
#2140 = CARTESIAN_POINT ( 'NONE',  ( 13.50000000000000000, -13.50000000000000000, 5.307299999999999685 ) ) ;
#2141 = ADVANCED_FACE ( 'NONE', ( #1189 ), #2217, .T. ) ;
#2142 = VERTEX_POINT ( 'NONE', #3637 ) ;
#2143 = DIRECTION ( 'NONE',  ( 1.000000000000000000, 0.000000000000000000, 0.000000000000000000 ) ) ;
#2144 = AXIS2_PLACEMENT_3D ( 'NONE', #971, #1674, #918 ) ;
#2145 = SURFACE_STYLE_FILL_AREA ( #1499 ) ;
#2146 = PLANE ( 'NONE',  #3991 ) ;
#2147 = CARTESIAN_POINT ( 'NONE',  ( -21.50156939063999673, 19.50000000000000000, 0.5773000000000000353 ) ) ;
#2148 = EDGE_CURVE ( 'NONE', #4414, #2333, #2695, .T. ) ;
#2149 = CARTESIAN_POINT ( 'NONE',  ( 21.50156939064299877, -3.469446951954000336E-15, 5.307299999999999685 ) ) ;
#2150 =( REPRESENTATION_RELATIONSHIP ('NONE','NONE', #678, #1682 ) REPRESENTATION_RELATIONSHIP_WITH_TRANSFORMATION ( #1623 )SHAPE_REPRESENTATION_RELATIONSHIP( ) );
#2151 = ORIENTED_EDGE ( 'NONE', *, *, #2415, .F. ) ;
#2152 = CARTESIAN_POINT ( 'NONE',  ( -21.50156939099999676, 0.000000000000000000, 0.5772998999999999770 ) ) ;
#2153 = EDGE_LOOP ( 'NONE', ( #3361, #1932, #2222, #2402 ) ) ;
#2154 = PRODUCT_CONTEXT ( 'NONE', #4024, 'mechanical' ) ;
#2155 = EDGE_LOOP ( 'NONE', ( #385, #279 ) ) ;
#2156 = CARTESIAN_POINT ( 'NONE',  ( -0.4082999999999999963, 0.000000000000000000, 0.5773000000000000353 ) ) ;
#2157 = DIRECTION ( 'NONE',  ( 1.000000000000000000, 0.000000000000000000, 0.000000000000000000 ) ) ;
#2158 = DIRECTION ( 'NONE',  ( -0.3826834323651143177, 0.9238795325112765244, 0.000000000000000000 ) ) ;
#2159 = ORIENTED_EDGE ( 'NONE', *, *, #3784, .F. ) ;
#2160 = ORIENTED_EDGE ( 'NONE', *, *, #1521, .F. ) ;
#2161 = DIRECTION ( 'NONE',  ( 0.000000000000000000, -1.000000000000000000, 0.000000000000000000 ) ) ;
#2162 = VERTEX_POINT ( 'NONE', #4386 ) ;
#2163 = LINE ( 'NONE', #3282, #346 ) ;
#2164 = CARTESIAN_POINT ( 'NONE',  ( -21.50156939063999673, 19.50000000000000000, 0.6773000000000000131 ) ) ;
#2165 = CARTESIAN_POINT ( 'NONE',  ( 23.00156939064299877, -19.50000000000000000, 0.5773000000000000353 ) ) ;
#2166 = CARTESIAN_POINT ( 'NONE',  ( 25.00000000000000000, -3.000000000000000000, 0.5773000000000000353 ) ) ;
#2167 = DIRECTION ( 'NONE',  ( 0.000000000000000000, 0.000000000000000000, 1.000000000000000000 ) ) ;
#2168 = FACE_OUTER_BOUND ( 'NONE', #3517, .T. ) ;
#2169 = EDGE_CURVE ( 'NONE', #1214, #4563, #2878, .T. ) ;
#2170 = EDGE_CURVE ( 'NONE', #109, #1790, #1073, .T. ) ;
#2171 = ORIENTED_EDGE ( 'NONE', *, *, #450, .T. ) ;
#2172 = CARTESIAN_POINT ( 'NONE',  ( 0.000000000000000000, 0.000000000000000000, 0.5773000000000000353 ) ) ;
#2173 = ORIENTED_EDGE ( 'NONE', *, *, #3076, .T. ) ;
#2174 = CARTESIAN_POINT ( 'NONE',  ( -0.4430789523109999739, 0.03965779445495000444, 0.3992999999999999883 ) ) ;
#2175 = PRODUCT_CONTEXT ( 'NONE', #1973, 'mechanical' ) ;
#2176 = ORIENTED_EDGE ( 'NONE', *, *, #1638, .F. ) ;
#2177 = EDGE_CURVE ( 'NONE', #4332, #2225, #1876, .T. ) ;
#2178 = CARTESIAN_POINT ( 'NONE',  ( -23.50000000000000000, -23.50000000000000000, 8.507300000000000750 ) ) ;
#2179 = PLANE ( 'NONE',  #3094 ) ;
#2180 = ORIENTED_EDGE ( 'NONE', *, *, #2839, .F. ) ;
#2181 = CLOSED_SHELL ( 'NONE', ( #662, #3127, #687, #1327 ) ) ;
#2182 = ORIENTED_EDGE ( 'NONE', *, *, #1435, .F. ) ;
#2184 = CARTESIAN_POINT ( 'NONE',  ( 21.50156939064299877, -19.50000000000000000, 0.6773000000000000131 ) ) ;
#2183 = FACE_OUTER_BOUND ( 'NONE', #1894, .T. ) ;
#2185 = CIRCLE ( 'NONE', #1138, 1.500000000000001332 ) ;
#2186 = EDGE_LOOP ( 'NONE', ( #2670, #423, #1508, #295 ) ) ;
#2187 = EDGE_CURVE ( 'NONE', #4432, #3664, #4143, .T. ) ;
#2188 = AXIS2_PLACEMENT_3D ( 'NONE', #453, #3242, #3337 ) ;
#2189 = LINE ( 'NONE', #2526, #2629 ) ;
#2190 = CARTESIAN_POINT ( 'NONE',  ( 0.4480000000000000093, 0.000000000000000000, 0.1779999999999999916 ) ) ;
#2191 = CARTESIAN_POINT ( 'NONE',  ( -23.00156939064000028, -19.50000000000000000, 5.307299999999999685 ) ) ;
#2192 = AXIS2_PLACEMENT_3D ( 'NONE', #349, #2167, #1478 ) ;
#2193 = COLOUR_RGB ( '',0.7921568627450980005, 0.8196078431372548767, 0.9333333333333333481 ) ;
#2194 =( NAMED_UNIT ( * ) PLANE_ANGLE_UNIT ( ) SI_UNIT ( $, .RADIAN. ) );
#2195 = DIRECTION ( 'NONE',  ( 0.000000000000000000, 1.000000000000000000, 0.000000000000000000 ) ) ;
#2196 = VERTEX_POINT ( 'NONE', #1571 ) ;
#2197 = AXIS2_PLACEMENT_3D ( 'NONE', #4040, #4394, #2609 ) ;
#2198 = DIRECTION ( 'NONE',  ( 1.000000000000000000, 0.000000000000000000, 0.000000000000000000 ) ) ;
#2199 = ORIENTED_EDGE ( 'NONE', *, *, #341, .F. ) ;
#2200 = EDGE_CURVE ( 'NONE', #3716, #4000, #2189, .T. ) ;
#2201 = FILL_AREA_STYLE_COLOUR ( '', #2950 ) ;
#2202 = VECTOR ( 'NONE', #711, 1000.000000000000000 ) ;
#2203 = ITEM_DEFINED_TRANSFORMATION ( 'NONE', 'NONE', #2958,  #3551 ) ;
#2204 = VERTEX_POINT ( 'NONE', #3656 ) ;
#2205 = AXIS2_PLACEMENT_3D ( 'NONE', #2020, #3695, #1940 ) ;
#2206 = APPLICATION_CONTEXT ( 'automotive_design' ) ;
#2207 = LINE ( 'NONE', #2228, #1151 ) ;
#2208 = DIRECTION ( 'NONE',  ( 1.000000000000000000, 0.000000000000000000, 0.000000000000000000 ) ) ;
#2209 = DIRECTION ( 'NONE',  ( 0.000000000000000000, 0.000000000000000000, 1.000000000000000000 ) ) ;
#2210 = ORIENTED_EDGE ( 'NONE', *, *, #3208, .F. ) ;
#2211 = EDGE_CURVE ( 'NONE', #65, #2598, #3147, .T. ) ;
#2212 = PRODUCT_DEFINITION ( 'UNKNOWN', '', #2806, #2049 ) ;
#2213 = AXIS2_PLACEMENT_3D ( 'NONE', #425, #356, #1079 ) ;
#2214 = EDGE_LOOP ( 'NONE', ( #1768, #1886, #1778, #3122 ) ) ;
#2215 = CARTESIAN_POINT ( 'NONE',  ( 16.50000000000000000, 13.50000000000000000, 8.507300000000000750 ) ) ;
#2216 = PRODUCT_DEFINITION_SHAPE ( 'NONE', 'NONE',  #3364 ) ;
#2217 = CYLINDRICAL_SURFACE ( 'NONE', #478, 1.500000000000001332 ) ;
#2218 = EDGE_CURVE ( 'NONE', #2425, #4509, #856, .T. ) ;
#2219 = DIRECTION ( 'NONE',  ( 1.000000000000000000, 0.000000000000000000, 0.000000000000000000 ) ) ;
#2220 = CARTESIAN_POINT ( 'NONE',  ( 23.00156939064299877, -3.285749932081999771E-15, 5.307299999999999685 ) ) ;
#2221 = CARTESIAN_POINT ( 'NONE',  ( 25.00000000000000000, 0.000000000000000000, 0.000000000000000000 ) ) ;
#2222 = ORIENTED_EDGE ( 'NONE', *, *, #4317, .F. ) ;
#2223 = FILL_AREA_STYLE_COLOUR ( '', #1455 ) ;
#2224 = FACE_OUTER_BOUND ( 'NONE', #2981, .T. ) ;
#2225 = VERTEX_POINT ( 'NONE', #487 ) ;
#2226 = APPLICATION_PROTOCOL_DEFINITION ( 'draft international standard', 'automotive_design', 1998, #812 ) ;
#2227 = EDGE_LOOP ( 'NONE', ( #4142, #2589 ) ) ;
#2228 = CARTESIAN_POINT ( 'NONE',  ( -23.00156939064000028, -3.469446951954000336E-15, 5.307299999999999685 ) ) ;
#2229 = DIRECTION ( 'NONE',  ( 0.000000000000000000, 0.000000000000000000, 1.000000000000000000 ) ) ;
#2230 = ORIENTED_EDGE ( 'NONE', *, *, #1782, .F. ) ;
#2231 = EDGE_CURVE ( 'NONE', #1493, #4000, #2505, .T. ) ;
#2232 = ORIENTED_EDGE ( 'NONE', *, *, #3881, .T. ) ;
#2234 = PLANE ( 'NONE',  #2269 ) ;
#2233 = DIRECTION ( 'NONE',  ( 1.000000000000000000, 0.000000000000000000, 0.000000000000000000 ) ) ;
#2235 = PRODUCT_DEFINITION_CONTEXT ( 'detailed design', #103, 'design' ) ;
#2236 = DIRECTION ( 'NONE',  ( 1.000000000000000000, 0.000000000000000000, 0.000000000000000000 ) ) ;
#2237 = DIRECTION ( 'NONE',  ( 0.000000000000000000, 0.000000000000000000, 1.000000000000000000 ) ) ;
#2238 = EDGE_CURVE ( 'NONE', #3633, #221, #2552, .T. ) ;
#2239 =( REPRESENTATION_RELATIONSHIP ('NONE','NONE', #678, #3573 ) REPRESENTATION_RELATIONSHIP_WITH_TRANSFORMATION ( #2671 )SHAPE_REPRESENTATION_RELATIONSHIP( ) );
#2240 = CARTESIAN_POINT ( 'NONE',  ( 23.00156939064299877, -3.469446951954000336E-15, 0.5773000000000000353 ) ) ;
#2241 = UNCERTAINTY_MEASURE_WITH_UNIT (LENGTH_MEASURE( 1.000000000000000082E-05 ), #1620, 'distance_accuracy_value', 'NONE');
#2242 = LINE ( 'NONE', #4316, #389 ) ;
#2243 = FILL_AREA_STYLE ('',( #824 ) ) ;
#2244 = CARTESIAN_POINT ( 'NONE',  ( -13.50000000000000000, -13.50000000000000000, 8.507300000000000750 ) ) ;
#2245 = EDGE_LOOP ( 'NONE', ( #126, #1628 ) ) ;
#2246 = ADVANCED_FACE ( 'NONE', ( #1898 ), #3298, .T. ) ;
#2247 = ITEM_DEFINED_TRANSFORMATION ( 'NONE', 'NONE', #4460,  #3551 ) ;
#2248 = VERTEX_POINT ( 'NONE', #2321 ) ;
#2249 = DIRECTION ( 'NONE',  ( 0.000000000000000000, 1.000000000000000000, 0.000000000000000000 ) ) ;
#2250 = PRODUCT_DEFINITION_SHAPE ( 'NONE', 'NONE',  #4606 ) ;
#2251 = DIRECTION ( 'NONE',  ( 1.000000000000000000, 2.806452596694999694E-16, 0.000000000000000000 ) ) ;
#2252 = DIRECTION ( 'NONE',  ( 0.9238795325112766355, -0.3826834323651143732, 0.000000000000000000 ) ) ;
#2253 = ORIENTED_EDGE ( 'NONE', *, *, #2170, .F. ) ;
#2254 = DIRECTION ( 'NONE',  ( 0.000000000000000000, 0.000000000000000000, 1.000000000000000000 ) ) ;
#2255 = ORIENTED_EDGE ( 'NONE', *, *, #3860, .F. ) ;
#2256 = DIRECTION ( 'NONE',  ( 0.000000000000000000, -1.000000000000000000, 0.000000000000000000 ) ) ;
#2257 = EDGE_CURVE ( 'NONE', #2008, #3996, #4455, .T. ) ;
#2258 = DIRECTION ( 'NONE',  ( 0.000000000000000000, 0.000000000000000000, 1.000000000000000000 ) ) ;
#2259 = CARTESIAN_POINT ( 'NONE',  ( -0.2557341336119999808, -0.3636289237349999981, 0.1779999999999999916 ) ) ;
#2260 = CLOSED_SHELL ( 'NONE', ( #4193, #965, #739, #2508 ) ) ;
#2261 = DIRECTION ( 'NONE',  ( 0.000000000000000000, -1.000000000000000000, 0.000000000000000000 ) ) ;
#2262 = LINE ( 'NONE', #3678, #4430 ) ;
#2263 = AXIS2_PLACEMENT_3D ( 'NONE', #991, #2318, #2045 ) ;
#2264 = DIRECTION ( 'NONE',  ( 0.000000000000000000, 0.000000000000000000, -1.000000000000000000 ) ) ;
#2265 = PRODUCT_DEFINITION ( 'UNKNOWN', '', #2876, #186 ) ;
#2266 = APPLICATION_CONTEXT ( 'automotive_design' ) ;
#2267 = VERTEX_POINT ( 'NONE', #3367 ) ;
#2268 = AXIS2_PLACEMENT_3D ( 'NONE', #2999, #1235, #2648 ) ;
#2269 = AXIS2_PLACEMENT_3D ( 'NONE', #3654, #814, #3343 ) ;
#2270 = SURFACE_SIDE_STYLE ('',( #847 ) ) ;
#2271 = ORIENTED_EDGE ( 'NONE', *, *, #1337, .T. ) ;
#2272 = SURFACE_STYLE_FILL_AREA ( #3783 ) ;
#2273 = ITEM_DEFINED_TRANSFORMATION ( 'NONE', 'NONE', #3107,  #3551 ) ;
#2274 = VECTOR ( 'NONE', #2530, 1000.000000000000114 ) ;
#2275 =( GEOMETRIC_REPRESENTATION_CONTEXT ( 3 ) GLOBAL_UNCERTAINTY_ASSIGNED_CONTEXT ( ( #1259 ) ) GLOBAL_UNIT_ASSIGNED_CONTEXT ( ( #1609, #1884, #3150 ) ) REPRESENTATION_CONTEXT ( 'NONE', 'WORKASPACE' ) );
#2276 = ADVANCED_FACE ( 'NONE', ( #865 ), #3421, .F. ) ;
#2277 = SURFACE_SIDE_STYLE ('',( #202 ) ) ;
#2278 = PRESENTATION_LAYER_ASSIGNMENT (  '', '', ( #4283 ) ) ;
#2279 = CARTESIAN_POINT ( 'NONE',  ( 0.4427789523109999514, -0.03965779445497000233, 0.1779999999999999916 ) ) ;
#2280 = LINE ( 'NONE', #2990, #3924 ) ;
#2281 = CIRCLE ( 'NONE', #3533, 3.000000000000000888 ) ;
#2282 = ORIENTED_EDGE ( 'NONE', *, *, #1843, .F. ) ;
#2284 = CARTESIAN_POINT ( 'NONE',  ( 25.00000000000000000, -3.000000000000000000, 0.1779999999999999916 ) ) ;
#2283 = CARTESIAN_POINT ( 'NONE',  ( 0.2241499999999999881, 0.3882391885170000112, 0.3992999999999999883 ) ) ;
#2285 = AXIS2_PLACEMENT_3D ( 'NONE', #2707, #3088, #4490 ) ;
#2286 = ORIENTED_EDGE ( 'NONE', *, *, #3163, .F. ) ;
#2287 = CIRCLE ( 'NONE', #4151, 1.500000000000001332 ) ;
#2288 = DIRECTION ( 'NONE',  ( -1.000000000000000000, 0.000000000000000000, 0.000000000000000000 ) ) ;
#2289 = PLANE ( 'NONE',  #3083 ) ;
#2290 = CARTESIAN_POINT ( 'NONE',  ( -20.00156939063999673, 19.50000000000000000, 5.307299999999999685 ) ) ;
#2291 = UNCERTAINTY_MEASURE_WITH_UNIT (LENGTH_MEASURE( 1.000000000000000082E-05 ), #3923, 'distance_accuracy_value', 'NONE');
#2292 =( GEOMETRIC_REPRESENTATION_CONTEXT ( 3 ) GLOBAL_UNCERTAINTY_ASSIGNED_CONTEXT ( ( #1593 ) ) GLOBAL_UNIT_ASSIGNED_CONTEXT ( ( #4566, #690, #2076 ) ) REPRESENTATION_CONTEXT ( 'NONE', 'WORKASPACE' ) );
#2293 = CARTESIAN_POINT ( 'NONE',  ( -26.50000000000000000, -23.50000000000000000, 8.507300000000000750 ) ) ;
#2294 = ADVANCED_FACE ( 'NONE', ( #2713 ), #929, .T. ) ;
#2295 = EDGE_CURVE ( 'NONE', #3971, #1368, #2304, .T. ) ;
#2296 = CARTESIAN_POINT ( 'NONE',  ( 25.00000000000000000, 3.000000000000000000, 0.5773000000000000353 ) ) ;
#2297 =( NAMED_UNIT ( * ) SI_UNIT ( $, .STERADIAN. ) SOLID_ANGLE_UNIT ( ) );
#2298 = EDGE_LOOP ( 'NONE', ( #2446, #972 ) ) ;
#2299 = DIRECTION ( 'NONE',  ( 1.000000000000000000, 0.000000000000000000, 0.000000000000000000 ) ) ;
#2300 = ORIENTED_EDGE ( 'NONE', *, *, #2386, .T. ) ;
#2301 = CARTESIAN_POINT ( 'NONE',  ( 0.000000000000000000, 0.000000000000000000, 0.000000000000000000 ) ) ;
#2302 = ORIENTED_EDGE ( 'NONE', *, *, #3594, .F. ) ;
#2303 = CARTESIAN_POINT ( 'NONE',  ( -0.4482999999999999763, 0.000000000000000000, 0.3992999999999999883 ) ) ;
#2304 = LINE ( 'NONE', #3047, #1451 ) ;
#2305 = CARTESIAN_POINT ( 'NONE',  ( -0.2557341336119999808, 0.3636289237349999981, 0.1779999999999999916 ) ) ;
#2306 = DIRECTION ( 'NONE',  ( 0.000000000000000000, 0.000000000000000000, -1.000000000000000000 ) ) ;
#2307 =( NAMED_UNIT ( * ) SI_UNIT ( $, .STERADIAN. ) SOLID_ANGLE_UNIT ( ) );
#2308 = CARTESIAN_POINT ( 'NONE',  ( 0.000000000000000000, 16.50000000000000000, 0.5773000000000000353 ) ) ;
#2309 = DIRECTION ( 'NONE',  ( 0.000000000000000000, 0.000000000000000000, 1.000000000000000000 ) ) ;
#2310 = ITEM_DEFINED_TRANSFORMATION ( 'NONE', 'NONE', #3476,  #3551 ) ;
#2311 = EDGE_CURVE ( 'NONE', #28, #452, #189, .T. ) ;
#2312 = ORIENTED_EDGE ( 'NONE', *, *, #3726, .F. ) ;
#2313 = DIRECTION ( 'NONE',  ( -1.661854963597999982E-15, -1.000000000000000000, 0.000000000000000000 ) ) ;
#2314 = ORIENTED_EDGE ( 'NONE', *, *, #946, .F. ) ;
#2315 = DIRECTION ( 'NONE',  ( 1.000000000000000000, 0.000000000000000000, 0.000000000000000000 ) ) ;
#2316 = PRODUCT_DEFINITION ( 'UNKNOWN', '', #3409, #3635 ) ;
#2317 = ORIENTED_EDGE ( 'NONE', *, *, #4, .T. ) ;
#2318 = DIRECTION ( 'NONE',  ( -1.000000000000000000, 0.000000000000000000, 0.000000000000000000 ) ) ;
#2319 = CARTESIAN_POINT ( 'NONE',  ( -0.01468885139132000001, 0.01127115209497000017, 0.5773000000000000353 ) ) ;
#2320 = UNCERTAINTY_MEASURE_WITH_UNIT (LENGTH_MEASURE( 1.000000000000000082E-05 ), #4499, 'distance_accuracy_value', 'NONE');
#2321 = CARTESIAN_POINT ( 'NONE',  ( 16.50000000000000000, 13.50000000000000000, 5.307299999999999685 ) ) ;
#2322 = CARTESIAN_POINT ( 'NONE',  ( -23.50000000000000000, -26.50000000000000000, 5.307299999999999685 ) ) ;
#2323 = CARTESIAN_POINT ( 'NONE',  ( 0.000000000000000000, 0.000000000000000000, 0.3992999999999999883 ) ) ;
#2324 = EDGE_CURVE ( 'NONE', #357, #882, #3755, .T. ) ;
#2325 = CYLINDRICAL_SURFACE ( 'NONE', #1142, 1.500000000000001332 ) ;
#2326 = UNCERTAINTY_MEASURE_WITH_UNIT (LENGTH_MEASURE( 1.000000000000000082E-05 ), #1476, 'distance_accuracy_value', 'NONE');
#2327 = CARTESIAN_POINT ( 'NONE',  ( -23.50000000000000000, 26.50000000000000000, 8.507300000000000750 ) ) ;
#2328 = CLOSED_SHELL ( 'NONE', ( #1468, #4020, #1560, #614, #1573, #1983, #3844, #1998, #4172, #3655, #2583 ) ) ;
#2329 = ORIENTED_EDGE ( 'NONE', *, *, #3491, .F. ) ;
#2330 = AXIS2_PLACEMENT_3D ( 'NONE', #2788, #3848, #315 ) ;
#2331 = CONTEXT_DEPENDENT_SHAPE_REPRESENTATION ( #2948, #4376 ) ;
#2332 = CIRCLE ( 'NONE', #1141, 1.500000000000001332 ) ;
#2333 = VERTEX_POINT ( 'NONE', #4121 ) ;
#2334 = AXIS2_PLACEMENT_3D ( 'NONE', #3805, #2747, #3227 ) ;
#2335 = ADVANCED_FACE ( 'NONE', ( #2350 ), #2009, .T. ) ;
#2336 = CARTESIAN_POINT ( 'NONE',  ( -9.339803143895000659, 22.50000000000000000, 0.5773000000000000353 ) ) ;
#2337 = ORIENTED_EDGE ( 'NONE', *, *, #1305, .T. ) ;
#2338 = CIRCLE ( 'NONE', #31, 1.500000000000001332 ) ;
#2339 = VECTOR ( 'NONE', #4405, 1000.000000000000000 ) ;
#2340 = CARTESIAN_POINT ( 'NONE',  ( 0.000000000000000000, 0.000000000000000000, 0.000000000000000000 ) ) ;
#2341 = ORIENTED_EDGE ( 'NONE', *, *, #3400, .F. ) ;
#2342 = MECHANICAL_DESIGN_GEOMETRIC_PRESENTATION_REPRESENTATION (  '', ( #404 ), #626 ) ;
#2343 = VECTOR ( 'NONE', #4227, 1000.000000000000000 ) ;
#2344 = EDGE_CURVE ( 'NONE', #1605, #3912, #1655, .T. ) ;
#2346 = SURFACE_STYLE_FILL_AREA ( #1296 ) ;
#2345 = CARTESIAN_POINT ( 'NONE',  ( -26.50000000000000000, -23.50000000000000000, 8.507300000000000750 ) ) ;
#2347 = VECTOR ( 'NONE', #1187, 1000.000000000000114 ) ;
#2348 = AXIS2_PLACEMENT_3D ( 'NONE', #80, #2899, #905 ) ;
#2349 = ORIENTED_EDGE ( 'NONE', *, *, #1970, .T. ) ;
#2350 = FACE_OUTER_BOUND ( 'NONE', #506, .T. ) ;
#2351 = CARTESIAN_POINT ( 'NONE',  ( -25.00000000000000000, 22.50000000000000000, 0.1779999999999999916 ) ) ;
#2352 = CIRCLE ( 'NONE', #1696, 0.03999999999999999389 ) ;
#2353 = CARTESIAN_POINT ( 'NONE',  ( -13.50000000000000000, -13.50000000000000000, 8.507300000000000750 ) ) ;
#2354 = CARTESIAN_POINT ( 'NONE',  ( -0.4482999999999999763, 0.000000000000000000, 0.3992999999999999883 ) ) ;
#2355 = VECTOR ( 'NONE', #2198, 1000.000000000000000 ) ;
#2356 = DIRECTION ( 'NONE',  ( 1.000000000000000000, 0.000000000000000000, 0.000000000000000000 ) ) ;
#2357 = AXIS2_PLACEMENT_3D ( 'NONE', #1578, #4415, #939 ) ;
#2358 = LINE ( 'NONE', #3714, #2577 ) ;
#2359 = ORIENTED_EDGE ( 'NONE', *, *, #1668, .T. ) ;
#2360 =( LENGTH_UNIT ( ) NAMED_UNIT ( * ) SI_UNIT ( .MILLI., .METRE. ) );
#2361 = DIRECTION ( 'NONE',  ( 0.000000000000000000, 0.000000000000000000, 1.000000000000000000 ) ) ;
#2362 = ORIENTED_EDGE ( 'NONE', *, *, #1319, .F. ) ;
#2363 = AXIS2_PLACEMENT_3D ( 'NONE', #542, #3391, #4487 ) ;
#2364 = PLANE ( 'NONE',  #2866 ) ;
#2365 = VERTEX_POINT ( 'NONE', #4161 ) ;
#2366 = CARTESIAN_POINT ( 'NONE',  ( -21.50156939063999673, 19.50000000000000000, 5.307299999999999685 ) ) ;
#2368 = FILL_AREA_STYLE ('',( #1634 ) ) ;
#2367 = PLANE ( 'NONE',  #3463 ) ;
#2369 = UNCERTAINTY_MEASURE_WITH_UNIT (LENGTH_MEASURE( 1.000000000000000082E-05 ), #3189, 'distance_accuracy_value', 'NONE');
#2370 = EDGE_CURVE ( 'NONE', #327, #1565, #2928, .T. ) ;
#2371 = VERTEX_POINT ( 'NONE', #258 ) ;
#2372 = VERTEX_POINT ( 'NONE', #4130 ) ;
#2373 = DIRECTION ( 'NONE',  ( 1.000000000000000000, 0.000000000000000000, 0.000000000000000000 ) ) ;
#2374 = DIRECTION ( 'NONE',  ( 1.000000000000000000, 0.000000000000000000, 0.000000000000000000 ) ) ;
#2376 = CARTESIAN_POINT ( 'NONE',  ( 23.00156939064299877, -3.285749932081999771E-15, 5.307299999999999685 ) ) ;
#2375 = DIRECTION ( 'NONE',  ( 0.000000000000000000, 0.000000000000000000, 1.000000000000000000 ) ) ;
#2377 = FACE_OUTER_BOUND ( 'NONE', #2155, .T. ) ;
#2378 = EDGE_CURVE ( 'NONE', #3261, #1854, #3378, .T. ) ;
#2379 = FACE_OUTER_BOUND ( 'NONE', #2875, .T. ) ;
#2380 = CARTESIAN_POINT ( 'NONE',  ( 15.00000000000000000, -3.000000000000000000, 0.5773000000000000353 ) ) ;
#2381 = DIRECTION ( 'NONE',  ( 0.000000000000000000, 0.000000000000000000, 1.000000000000000000 ) ) ;
#2382 = ORIENTED_EDGE ( 'NONE', *, *, #1957, .F. ) ;
#2383 = CARTESIAN_POINT ( 'NONE',  ( 9.339845528055001012, 16.50000000000000000, 0.5100000000000000089 ) ) ;
#2384 = CARTESIAN_POINT ( 'NONE',  ( 15.00000000000000000, -1.956152303315000340, 0.000000000000000000 ) ) ;
#2385 = EDGE_LOOP ( 'NONE', ( #3451, #16, #2838, #2518 ) ) ;
#2386 = EDGE_CURVE ( 'NONE', #2749, #2129, #2338, .T. ) ;
#2387 = CARTESIAN_POINT ( 'NONE',  ( 0.000000000000000000, 0.000000000000000000, 0.000000000000000000 ) ) ;
#2388 = ORIENTED_EDGE ( 'NONE', *, *, #1160, .F. ) ;
#2389 = DIRECTION ( 'NONE',  ( 0.000000000000000000, 0.000000000000000000, -1.000000000000000000 ) ) ;
#2390 = DIRECTION ( 'NONE',  ( 0.000000000000000000, 0.000000000000000000, -1.000000000000000000 ) ) ;
#2391 = ORIENTED_EDGE ( 'NONE', *, *, #3484, .F. ) ;
#2392 =( NAMED_UNIT ( * ) PLANE_ANGLE_UNIT ( ) SI_UNIT ( $, .RADIAN. ) );
#2393 = CARTESIAN_POINT ( 'NONE',  ( 0.000000000000000000, 0.000000000000000000, 0.1779999999999999916 ) ) ;
#2394 = ADVANCED_FACE ( 'NONE', ( #2746 ), #3104, .T. ) ;
#2396 = DIRECTION ( 'NONE',  ( -1.000000000000000000, 0.000000000000000000, 0.000000000000000000 ) ) ;
#2395 = SURFACE_STYLE_FILL_AREA ( #4547 ) ;
#2397 = CARTESIAN_POINT ( 'NONE',  ( 21.50156939099999676, -19.50000000000000000, 0.6772998999999999548 ) ) ;
#2398 = PLANE ( 'NONE',  #1308 ) ;
#2399 = PRODUCT_RELATED_PRODUCT_CATEGORY ( 'part', '', ( #3880 ) ) ;
#2400 = CARTESIAN_POINT ( 'NONE',  ( 21.50156939099999676, -19.50000000000000000, 0.5772998999999999770 ) ) ;
#2401 = VECTOR ( 'NONE', #4337, 1000.000000000000000 ) ;
#2402 = ORIENTED_EDGE ( 'NONE', *, *, #3627, .T. ) ;
#2403 = AXIS2_PLACEMENT_3D ( 'NONE', #3050, #934, #1995 ) ;
#2404 = LINE ( 'NONE', #2769, #2423 ) ;
#2405 = VERTEX_POINT ( 'NONE', #4165 ) ;
#2406 = PRODUCT_CONTEXT ( 'NONE', #444, 'mechanical' ) ;
#2407 = AXIS2_PLACEMENT_3D ( 'NONE', #1063, #3131, #1373 ) ;
#2408 = VERTEX_POINT ( 'NONE', #4248 ) ;
#2409 = ADVANCED_FACE ( 'NONE', ( #1804 ), #3230, .F. ) ;
#2410 = APPLICATION_CONTEXT ( 'automotive_design' ) ;
#2411 = VECTOR ( 'NONE', #81, 1000.000000000000000 ) ;
#2412 = CARTESIAN_POINT ( 'NONE',  ( 12.63755779107300015, 16.50000000000000000, 0.3992999999999999883 ) ) ;
#2413 = CARTESIAN_POINT ( 'NONE',  ( -16.50000000000000000, 13.50000000000000000, 8.507300000000000750 ) ) ;
#2414 = AXIS2_PLACEMENT_3D ( 'NONE', #119, #852, #2208 ) ;
#2415 = EDGE_CURVE ( 'NONE', #4347, #1219, #927, .T. ) ;
#2416 = LINE ( 'NONE', #1403, #3014 ) ;
#2417 = CARTESIAN_POINT ( 'NONE',  ( -21.50156939063999673, -19.50000000000000000, 5.307299999999999685 ) ) ;
#2418 = CARTESIAN_POINT ( 'NONE',  ( 25.00000000000000000, 0.000000000000000000, 0.5773000000000000353 ) ) ;
#2419 = AXIS2_PLACEMENT_3D ( 'NONE', #3172, #3840, #642 ) ;
#2420 = CARTESIAN_POINT ( 'NONE',  ( -12.63760714846999988, -16.50000000000000000, 0.000000000000000000 ) ) ;
#2421 = CARTESIAN_POINT ( 'NONE',  ( 20.00156939064300232, -3.469446951954000336E-15, 5.307299999999999685 ) ) ;
#2422 = CARTESIAN_POINT ( 'NONE',  ( -23.50000000000000000, -23.50000000000000000, 8.507300000000000750 ) ) ;
#2423 = VECTOR ( 'NONE', #3548, 1000.000000000000000 ) ;
#2424 = EDGE_CURVE ( 'NONE', #4509, #2425, #2044, .T. ) ;
#2425 = VERTEX_POINT ( 'NONE', #1828 ) ;
#2426 = CIRCLE ( 'NONE', #1621, 1.500000000000001332 ) ;
#2427 = DIRECTION ( 'NONE',  ( 0.000000000000000000, 0.000000000000000000, 1.000000000000000000 ) ) ;
#2428 = EDGE_LOOP ( 'NONE', ( #2592, #596 ) ) ;
#2429 = SHAPE_DEFINITION_REPRESENTATION ( #144, #678 ) ;
#2430 = EDGE_LOOP ( 'NONE', ( #3699, #244, #4181, #360, #1269, #3440 ) ) ;
#2431 = EDGE_CURVE ( 'NONE', #4332, #2462, #968, .T. ) ;
#2432 =( GEOMETRIC_REPRESENTATION_CONTEXT ( 3 ) GLOBAL_UNCERTAINTY_ASSIGNED_CONTEXT ( ( #4519 ) ) GLOBAL_UNIT_ASSIGNED_CONTEXT ( ( #222, #2660, #3060 ) ) REPRESENTATION_CONTEXT ( 'NONE', 'WORKASPACE' ) );
#2433 = DIRECTION ( 'NONE',  ( 1.000000000000000000, 0.000000000000000000, 0.000000000000000000 ) ) ;
#2435 = CARTESIAN_POINT ( 'NONE',  ( -9.339803143895000659, 16.50000000000000000, 0.1779999999999999916 ) ) ;
#2434 = DIRECTION ( 'NONE',  ( 0.000000000000000000, 0.000000000000000000, 1.000000000000000000 ) ) ;
#2436 = ORIENTED_EDGE ( 'NONE', *, *, #2992, .F. ) ;
#2437 = DIRECTION ( 'NONE',  ( -0.7933533402910131205, -0.6087614290090100910, 0.000000000000000000 ) ) ;
#2438 = SURFACE_STYLE_FILL_AREA ( #1025 ) ;
#2439 = PRODUCT_DEFINITION_FORMATION_WITH_SPECIFIED_SOURCE ( 'ANY', '', #1472, .NOT_KNOWN. ) ;
#2440 = DIRECTION ( 'NONE',  ( 0.9914448613738202631, -0.1305261922199764668, 0.000000000000000000 ) ) ;
#2441 = DIRECTION ( 'NONE',  ( -1.000000000000000000, 0.000000000000000000, 0.000000000000000000 ) ) ;
#2442 = FACE_BOUND ( 'NONE', #2298, .T. ) ;
#2443 =( LENGTH_UNIT ( ) NAMED_UNIT ( * ) SI_UNIT ( .MILLI., .METRE. ) );
#2444 = ORIENTED_EDGE ( 'NONE', *, *, #233, .T. ) ;
#2445 = FACE_OUTER_BOUND ( 'NONE', #1597, .T. ) ;
#2446 = ORIENTED_EDGE ( 'NONE', *, *, #2447, .F. ) ;
#2447 = EDGE_CURVE ( 'NONE', #2021, #1292, #2556, .T. ) ;
#2448 = SHAPE_DEFINITION_REPRESENTATION ( #749, #4346 ) ;
#2449 = FACE_BOUND ( 'NONE', #3210, .T. ) ;
#2451 = FACE_OUTER_BOUND ( 'NONE', #375, .T. ) ;
#2450 = PLANE ( 'NONE',  #3537 ) ;
#2452 = ORIENTED_EDGE ( 'NONE', *, *, #3428, .T. ) ;
#2453 = PLANE ( 'NONE',  #1988 ) ;
#2454 = EDGE_LOOP ( 'NONE', ( #219, #3734, #1399, #4281 ) ) ;
#2455 = PRODUCT_DEFINITION_SHAPE ( 'NONE', 'NONE',  #2797 ) ;
#2456 =( NAMED_UNIT ( * ) SI_UNIT ( $, .STERADIAN. ) SOLID_ANGLE_UNIT ( ) );
#2457 = LINE ( 'NONE', #2057, #2998 ) ;
#2458 = ADVANCED_FACE ( 'NONE', ( #1449 ), #1320, .F. ) ;
#2459 = FACE_OUTER_BOUND ( 'NONE', #15, .T. ) ;
#2460 = CARTESIAN_POINT ( 'NONE',  ( 23.00156939100000031, 19.50000000000000000, 0.5772998999999999770 ) ) ;
#2461 = CARTESIAN_POINT ( 'NONE',  ( -23.00156939100000031, 1.836970198721000105E-16, 0.6772998999999999548 ) ) ;
#2462 = VERTEX_POINT ( 'NONE', #3586 ) ;
#2463 = DIRECTION ( 'NONE',  ( 0.000000000000000000, 0.000000000000000000, 1.000000000000000000 ) ) ;
#2464 = ORIENTED_EDGE ( 'NONE', *, *, #341, .T. ) ;
#2465 = CLOSED_SHELL ( 'NONE', ( #3300, #2901, #835, #4139, #417, #136, #1021, #3689, #1099, #673, #2246 ) ) ;
#2466 = EDGE_CURVE ( 'NONE', #1114, #2632, #3522, .T. ) ;
#2467 = CARTESIAN_POINT ( 'NONE',  ( -21.50156939099999676, 0.000000000000000000, 0.5772998999999999770 ) ) ;
#2468 = DIRECTION ( 'NONE',  ( 0.000000000000000000, 0.000000000000000000, 1.000000000000000000 ) ) ;
#2469 = EDGE_LOOP ( 'NONE', ( #1819, #4070, #3198, #770 ) ) ;
#2470 = CIRCLE ( 'NONE', #3515, 0.04000000000001999872 ) ;
#2471 = ADVANCED_FACE ( 'NONE', ( #2124 ), #695, .F. ) ;
#2472 = ORIENTED_EDGE ( 'NONE', *, *, #1262, .F. ) ;
#2473 = AXIS2_PLACEMENT_3D ( 'NONE', #2393, #3818, #620 ) ;
#2474 = AXIS2_PLACEMENT_3D ( 'NONE', #4435, #1237, #2927 ) ;
#2476 = DIRECTION ( 'NONE',  ( -0.6087614290090099800, 0.7933533402910131205, 0.000000000000000000 ) ) ;
#2475 = LINE ( 'NONE', #3846, #706 ) ;
#2477 = ORIENTED_EDGE ( 'NONE', *, *, #2918, .T. ) ;
#2478 = DIRECTION ( 'NONE',  ( 0.000000000000000000, 0.000000000000000000, 1.000000000000000000 ) ) ;
#2479 = SHAPE_REPRESENTATION_RELATIONSHIP ( 'NONE' , 'NONE' ,  #4054, #4583 ) ;
#2480 = CIRCLE ( 'NONE', #3829, 0.04000000000001999872 ) ;
#2481 = FILL_AREA_STYLE_COLOUR ( '', #3684 ) ;
#2482 = CARTESIAN_POINT ( 'NONE',  ( 0.000000000000000000, 3.000000000000000000, 0.5773000000000000353 ) ) ;
#2483 =( GEOMETRIC_REPRESENTATION_CONTEXT ( 3 ) GLOBAL_UNCERTAINTY_ASSIGNED_CONTEXT ( ( #845 ) ) GLOBAL_UNIT_ASSIGNED_CONTEXT ( ( #2988, #2392, #3486 ) ) REPRESENTATION_CONTEXT ( 'NONE', 'WORKASPACE' ) );
#2484 = AXIS2_PLACEMENT_3D ( 'NONE', #719, #1479, #4267 ) ;
#2485 = DIRECTION ( 'NONE',  ( 0.000000000000000000, 0.000000000000000000, -1.000000000000000000 ) ) ;
#2486 = DIRECTION ( 'NONE',  ( -0.000000000000000000, 1.000000000000000000, 0.000000000000000000 ) ) ;
#2487 = CIRCLE ( 'NONE', #267, 1.500000000000001332 ) ;
#2488 = EDGE_LOOP ( 'NONE', ( #541, #984, #445, #3509 ) ) ;
#2489 = FACE_OUTER_BOUND ( 'NONE', #4138, .T. ) ;
#2490 = ORIENTED_EDGE ( 'NONE', *, *, #1701, .T. ) ;
#2491 = EDGE_CURVE ( 'NONE', #4167, #1673, #1683, .T. ) ;
#2492 = APPLICATION_PROTOCOL_DEFINITION ( 'draft international standard', 'automotive_design', 1998, #1316 ) ;
#2493 = VECTOR ( 'NONE', #2610, 1000.000000000000000 ) ;
#2494 = ORIENTED_EDGE ( 'NONE', *, *, #3887, .T. ) ;
#2495 = DIRECTION ( 'NONE',  ( -0.3826834323651143177, 0.9238795325112765244, 0.000000000000000000 ) ) ;
#2496 = DIRECTION ( 'NONE',  ( 0.000000000000000000, 0.000000000000000000, 1.000000000000000000 ) ) ;
#2497 = DIRECTION ( 'NONE',  ( -0.000000000000000000, 1.000000000000000000, 0.000000000000000000 ) ) ;
#2498 = EDGE_LOOP ( 'NONE', ( #2679, #3915 ) ) ;
#2499 = MECHANICAL_DESIGN_GEOMETRIC_PRESENTATION_REPRESENTATION (  '', ( #3244 ), #1098 ) ;
#2500 = VECTOR ( 'NONE', #656, 1000.000000000000000 ) ;
#2501 = FACE_OUTER_BOUND ( 'NONE', #73, .T. ) ;
#2502 = EDGE_LOOP ( 'NONE', ( #2781, #4418 ) ) ;
#2503 = EDGE_CURVE ( 'NONE', #4030, #466, #1115, .T. ) ;
#2504 = AXIS2_PLACEMENT_3D ( 'NONE', #3789, #594, #3498 ) ;
#2505 = LINE ( 'NONE', #4333, #999 ) ;
#2506 = LINE ( 'NONE', #842, #4511 ) ;
#2507 = CARTESIAN_POINT ( 'NONE',  ( 15.00000000000000000, -2.492782445396999579E-14, 0.000000000000000000 ) ) ;
#2508 = ADVANCED_FACE ( 'NONE', ( #3119 ), #2793, .T. ) ;
#2509 = DIRECTION ( 'NONE',  ( 1.000000000000000000, 0.000000000000000000, 0.000000000000000000 ) ) ;
#2510 = CARTESIAN_POINT ( 'NONE',  ( 0.2241499999999999881, 0.3882391885170000112, 0.3992999999999999883 ) ) ;
#2511 = EDGE_CURVE ( 'NONE', #2267, #1215, #259, .T. ) ;
#2512 = ORIENTED_EDGE ( 'NONE', *, *, #2200, .F. ) ;
#2513 = ADVANCED_BREP_SHAPE_REPRESENTATION ( '', ( #4491, #3551 ), #3471 ) ;
#2514 = CARTESIAN_POINT ( 'NONE',  ( -25.00000000000000000, 22.50000000000000000, 0.5773000000000000353 ) ) ;
#2515 = ORIENTED_EDGE ( 'NONE', *, *, #3974, .F. ) ;
#2516 = CARTESIAN_POINT ( 'NONE',  ( -13.50000000000000000, 16.50000000000000000, 8.507300000000000750 ) ) ;
#2517 = APPLICATION_PROTOCOL_DEFINITION ( 'draft international standard', 'automotive_design', 1998, #1250 ) ;
#2518 = ORIENTED_EDGE ( 'NONE', *, *, #2575, .T. ) ;
#2519 = EDGE_CURVE ( 'NONE', #970, #4448, #3218, .T. ) ;
#2520 = CARTESIAN_POINT ( 'NONE',  ( 21.50156939064299877, -3.469446951954000336E-15, 0.6773000000000000131 ) ) ;
#2521 = CARTESIAN_POINT ( 'NONE',  ( -0.01706935259684000394, 0.007070357346537999889, 0.1779999999999999916 ) ) ;
#2522 = ORIENTED_EDGE ( 'NONE', *, *, #720, .F. ) ;
#2523 = EDGE_LOOP ( 'NONE', ( #5, #1437, #2176, #3506 ) ) ;
#2524 = FACE_OUTER_BOUND ( 'NONE', #3521, .T. ) ;
#2525 = ORIENTED_EDGE ( 'NONE', *, *, #2766, .F. ) ;
#2526 = CARTESIAN_POINT ( 'NONE',  ( 0.002411567222444000163, 0.01831767164798999911, 0.000000000000000000 ) ) ;
#2527 = SURFACE_SIDE_STYLE ('',( #2145 ) ) ;
#2528 = CYLINDRICAL_SURFACE ( 'NONE', #4127, 0.04000000000001999872 ) ;
#2529 = EDGE_CURVE ( 'NONE', #3934, #2659, #1299, .T. ) ;
#2530 = DIRECTION ( 'NONE',  ( 0.6087614290090099800, 0.7933533402910131205, 0.000000000000000000 ) ) ;
#2531 = DIRECTION ( 'NONE',  ( 1.000000000000000000, 0.000000000000000000, 0.000000000000000000 ) ) ;
#2532 =( NAMED_UNIT ( * ) SI_UNIT ( $, .STERADIAN. ) SOLID_ANGLE_UNIT ( ) );
#2533 = CARTESIAN_POINT ( 'NONE',  ( 0.1871948187000000152, 0.4035465258109999787, 0.3992999999999999883 ) ) ;
#2534 = PRODUCT ( 'Open CASCADE STEP translator 7.8 1.10.STEP', 'Open CASCADE STEP translator 7.8 1.10.STEP', '', ( #115 ) ) ;
#2535 = ORIENTED_EDGE ( 'NONE', *, *, #2967, .F. ) ;
#2536 = PRODUCT_DEFINITION ( 'UNKNOWN', '', #3138, #2644 ) ;
#2537 = DIRECTION ( 'NONE',  ( -0.6087614290090099800, -0.7933533402910131205, 0.000000000000000000 ) ) ;
#2538 = ORIENTED_EDGE ( 'NONE', *, *, #1860, .T. ) ;
#2539 = ITEM_DEFINED_TRANSFORMATION ( 'NONE', 'NONE', #505,  #210 ) ;
#2540 = VERTEX_POINT ( 'NONE', #4266 ) ;
#2541 = DIRECTION ( 'NONE',  ( -1.000000000000000000, 0.000000000000000000, 0.000000000000000000 ) ) ;
#2542 = DIRECTION ( 'NONE',  ( -1.000000000000000000, 0.000000000000000000, 0.000000000000000000 ) ) ;
#2543 = CARTESIAN_POINT ( 'NONE',  ( -0.2557341336119999808, -0.3636289237349999981, 0.1779999999999999916 ) ) ;
#2544 = ORIENTED_EDGE ( 'NONE', *, *, #3868, .F. ) ;
#2545 = EDGE_CURVE ( 'NONE', #3078, #3908, #266, .T. ) ;
#2546 = ORIENTED_EDGE ( 'NONE', *, *, #4254, .F. ) ;
#2547 = FACE_OUTER_BOUND ( 'NONE', #2523, .T. ) ;
#2548 = CIRCLE ( 'NONE', #26, 1.500000000000001332 ) ;
#2549 = UNCERTAINTY_MEASURE_WITH_UNIT (LENGTH_MEASURE( 1.000000000000000082E-05 ), #4381, 'distance_accuracy_value', 'NONE');
#2550 = ORIENTED_EDGE ( 'NONE', *, *, #2595, .T. ) ;
#2551 = VECTOR ( 'NONE', #818, 1000.000000000000000 ) ;
#2552 = LINE ( 'NONE', #2925, #323 ) ;
#2553 =( REPRESENTATION_RELATIONSHIP ('NONE','NONE', #678, #1641 ) REPRESENTATION_RELATIONSHIP_WITH_TRANSFORMATION ( #1952 )SHAPE_REPRESENTATION_RELATIONSHIP( ) );
#2554 = CARTESIAN_POINT ( 'NONE',  ( -0.01468885139132000001, -0.01127115209497000017, 0.5773000000000000353 ) ) ;
#2555 = PLANE ( 'NONE',  #1610 ) ;
#2556 = CIRCLE ( 'NONE', #3904, 1.500000000000001332 ) ;
#2557 = UNCERTAINTY_MEASURE_WITH_UNIT (LENGTH_MEASURE( 1.000000000000000082E-05 ), #2443, 'distance_accuracy_value', 'NONE');
#2558 = MECHANICAL_DESIGN_GEOMETRIC_PRESENTATION_REPRESENTATION (  '', ( #3907 ), #1755 ) ;
#2559 = FACE_OUTER_BOUND ( 'NONE', #2684, .T. ) ;
#2560 = CIRCLE ( 'NONE', #3835, 1.500000000000001332 ) ;
#2561 = ORIENTED_EDGE ( 'NONE', *, *, #1413, .T. ) ;
#2562 = AXIS2_PLACEMENT_3D ( 'NONE', #3851, #4162, #4133 ) ;
#2563 = SURFACE_STYLE_FILL_AREA ( #4217 ) ;
#2564 = CYLINDRICAL_SURFACE ( 'NONE', #1996, 1.500000000000001332 ) ;
#2565 = ORIENTED_EDGE ( 'NONE', *, *, #3767, .T. ) ;
#2566 = VECTOR ( 'NONE', #1520, 1000.000000000000000 ) ;
#2567 = APPLICATION_PROTOCOL_DEFINITION ( 'draft international standard', 'automotive_design', 1998, #480 ) ;
#2568 = EDGE_CURVE ( 'NONE', #2103, #2196, #740, .T. ) ;
#2569 = AXIS2_PLACEMENT_3D ( 'NONE', #3954, #4008, #2597 ) ;
#2570 = SURFACE_STYLE_USAGE ( .BOTH. , #4325 ) ;
#2571 = LINE ( 'NONE', #809, #549 ) ;
#2572 = CARTESIAN_POINT ( 'NONE',  ( -30.00000000000000000, -30.00000000000000000, 5.307299999999999685 ) ) ;
#2573 = EDGE_LOOP ( 'NONE', ( #4353, #2253 ) ) ;
#2574 = VECTOR ( 'NONE', #1659, 1000.000000000000000 ) ;
#2575 = EDGE_CURVE ( 'NONE', #218, #2365, #1071, .T. ) ;
#2576 = EDGE_LOOP ( 'NONE', ( #1656, #988, #734, #4396 ) ) ;
#2577 = VECTOR ( 'NONE', #1282, 1000.000000000000000 ) ;
#2578 = LINE ( 'NONE', #2284, #2339 ) ;
#2579 = PRODUCT_DEFINITION_SHAPE ( 'NONE', 'NONE',  #4602 ) ;
#2580 =( GEOMETRIC_REPRESENTATION_CONTEXT ( 3 ) GLOBAL_UNCERTAINTY_ASSIGNED_CONTEXT ( ( #1968 ) ) GLOBAL_UNIT_ASSIGNED_CONTEXT ( ( #3331, #3372, #3710 ) ) REPRESENTATION_CONTEXT ( 'NONE', 'WORKASPACE' ) );
#2581 = DIRECTION ( 'NONE',  ( 1.000000000000000000, 0.000000000000000000, 0.000000000000000000 ) ) ;
#2582 = DIRECTION ( 'NONE',  ( 0.000000000000000000, 0.000000000000000000, 1.000000000000000000 ) ) ;
#2583 = ADVANCED_FACE ( 'NONE', ( #3921 ), #4017, .T. ) ;
#2584 = SHAPE_REPRESENTATION ( 'Open CASCADE STEP translator 7.8 1.16.STEP', ( #3551 ), #1027 ) ;
#2585 = DIRECTION ( 'NONE',  ( 0.000000000000000000, 0.000000000000000000, -1.000000000000000000 ) ) ;
#2586 = AXIS2_PLACEMENT_3D ( 'NONE', #1066, #3901, #306 ) ;
#2587 = CARTESIAN_POINT ( 'NONE',  ( -13.50000000000000000, 16.50000000000000000, 8.507300000000000750 ) ) ;
#2588 = APPLICATION_CONTEXT ( 'automotive_design' ) ;
#2589 = ORIENTED_EDGE ( 'NONE', *, *, #2062, .F. ) ;
#2590 = DIRECTION ( 'NONE',  ( 1.000000000000000000, 0.000000000000000000, 0.000000000000000000 ) ) ;
#2591 = FACE_OUTER_BOUND ( 'NONE', #3195, .T. ) ;
#2592 = ORIENTED_EDGE ( 'NONE', *, *, #1176, .T. ) ;
#2593 = SURFACE_SIDE_STYLE ('',( #1485 ) ) ;
#2594 = ORIENTED_EDGE ( 'NONE', *, *, #2311, .F. ) ;
#2595 = EDGE_CURVE ( 'NONE', #1014, #3716, #2480, .T. ) ;
#2596 = CARTESIAN_POINT ( 'NONE',  ( 0.01465778537412000017, -0.01124731430156999945, 0.1779999999999999916 ) ) ;
#2597 = DIRECTION ( 'NONE',  ( 1.000000000000000000, 0.000000000000000000, 0.000000000000000000 ) ) ;
#2598 = VERTEX_POINT ( 'NONE', #4408 ) ;
#2599 = ORIENTED_EDGE ( 'NONE', *, *, #4482, .F. ) ;
#2600 = DIRECTION ( 'NONE',  ( 0.000000000000000000, 0.000000000000000000, -1.000000000000000000 ) ) ;
#2601 = PRODUCT_DEFINITION ( 'UNKNOWN', '', #658, #889 ) ;
#2602 = DIRECTION ( 'NONE',  ( 0.000000000000000000, 0.000000000000000000, -1.000000000000000000 ) ) ;
#2603 = CARTESIAN_POINT ( 'NONE',  ( -16.50000000000000000, -13.50000000000000000, 8.507300000000000750 ) ) ;
#2604 = DIRECTION ( 'NONE',  ( -1.000000000000000000, 0.000000000000000000, 0.000000000000000000 ) ) ;
#2605 = UNCERTAINTY_MEASURE_WITH_UNIT (LENGTH_MEASURE( 1.000000000000000082E-05 ), #2907, 'distance_accuracy_value', 'NONE');
#2606 =( NAMED_UNIT ( * ) SI_UNIT ( $, .STERADIAN. ) SOLID_ANGLE_UNIT ( ) );
#2607 = CARTESIAN_POINT ( 'NONE',  ( 5.204170427930000032E-15, -16.50000000000000000, 0.1779999999999999916 ) ) ;
#2608 = EDGE_CURVE ( 'NONE', #1414, #3046, #3981, .T. ) ;
#2609 = DIRECTION ( 'NONE',  ( 1.000000000000000000, 0.000000000000000000, 0.000000000000000000 ) ) ;
#2610 = DIRECTION ( 'NONE',  ( -1.000000000000000000, -2.602085213964999621E-16, 0.000000000000000000 ) ) ;
#2611 = ORIENTED_EDGE ( 'NONE', *, *, #2050, .T. ) ;
#2612 =( NAMED_UNIT ( * ) PLANE_ANGLE_UNIT ( ) SI_UNIT ( $, .RADIAN. ) );
#2613 = EDGE_LOOP ( 'NONE', ( #1727, #3685, #92, #140 ) ) ;
#2614 = DIRECTION ( 'NONE',  ( 0.000000000000000000, 1.000000000000000000, 0.000000000000000000 ) ) ;
#2615 = DIRECTION ( 'NONE',  ( -1.000000000000000000, 0.000000000000000000, 0.000000000000000000 ) ) ;
#2616 = CARTESIAN_POINT ( 'NONE',  ( 0.4480000000000000093, 0.000000000000000000, 0.1779999999999999916 ) ) ;
#2617 = EDGE_LOOP ( 'NONE', ( #3581, #1095, #2090, #4068 ) ) ;
#2618 = DIRECTION ( 'NONE',  ( 1.000000000000000000, 0.000000000000000000, 0.000000000000000000 ) ) ;
#2619 = ORIENTED_EDGE ( 'NONE', *, *, #3475, .T. ) ;
#2621 = DIRECTION ( 'NONE',  ( 0.000000000000000000, 0.000000000000000000, 1.000000000000000000 ) ) ;
#2620 = PLANE ( 'NONE',  #4361 ) ;
#2622 = ADVANCED_FACE ( 'NONE', ( #3615 ), #2289, .T. ) ;
#2623 = CLOSED_SHELL ( 'NONE', ( #1049, #4411, #4389, #3832, #9, #291, #782, #298, #4374, #215, #4334, #3534 ) ) ;
#2624 = DIRECTION ( 'NONE',  ( 1.000000000000000000, 0.000000000000000000, 0.000000000000000000 ) ) ;
#2625 = ADVANCED_BREP_SHAPE_REPRESENTATION ( '', ( #4392, #3551 ), #651 ) ;
#2626 = AXIS2_PLACEMENT_3D ( 'NONE', #2467, #3905, #2138 ) ;
#2627 = DIRECTION ( 'NONE',  ( 1.000000000000000000, 0.000000000000000000, 0.000000000000000000 ) ) ;
#2628 = ORIENTED_EDGE ( 'NONE', *, *, #2257, .T. ) ;
#2629 = VECTOR ( 'NONE', #759, 1000.000000000000114 ) ;
#2630 =( LENGTH_UNIT ( ) NAMED_UNIT ( * ) SI_UNIT ( .MILLI., .METRE. ) );
#2631 = PLANE ( 'NONE',  #2947 ) ;
#2632 = VERTEX_POINT ( 'NONE', #4037 ) ;
#2633 = VECTOR ( 'NONE', #3259, 1000.000000000000000 ) ;
#2634 = ORIENTED_EDGE ( 'NONE', *, *, #1413, .F. ) ;
#2635 = VECTOR ( 'NONE', #3728, 1000.000000000000114 ) ;
#2636 = CARTESIAN_POINT ( 'NONE',  ( -20.00156939063999673, -3.469446951954000336E-15, 5.307299999999999685 ) ) ;
#2637 = EDGE_LOOP ( 'NONE', ( #836, #2696, #2444, #3082, #1525, #455, #4366, #2885 ) ) ;
#2638 = CIRCLE ( 'NONE', #2484, 1.500000000000001332 ) ;
#2639 = DIRECTION ( 'NONE',  ( 1.000000000000000000, 0.000000000000000000, 0.000000000000000000 ) ) ;
#2640 = VECTOR ( 'NONE', #540, 1000.000000000000114 ) ;
#2641 = ORIENTED_EDGE ( 'NONE', *, *, #896, .F. ) ;
#2643 = DIRECTION ( 'NONE',  ( 1.000000000000000000, 0.000000000000000000, 0.000000000000000000 ) ) ;
#2642 = CARTESIAN_POINT ( 'NONE',  ( -26.50000000000000000, -23.50000000000000000, 5.307299999999999685 ) ) ;
#2644 = PRODUCT_DEFINITION_CONTEXT ( 'detailed design', #3873, 'design' ) ;
#2645 = VECTOR ( 'NONE', #4252, 1000.000000000000000 ) ;
#2646 = ORIENTED_EDGE ( 'NONE', *, *, #4429, .F. ) ;
#2647 = VECTOR ( 'NONE', #2131, 1000.000000000000000 ) ;
#2648 = DIRECTION ( 'NONE',  ( 1.000000000000000000, 0.000000000000000000, 0.000000000000000000 ) ) ;
#2649 = EDGE_CURVE ( 'NONE', #3214, #4310, #512, .T. ) ;
#2650 = UNCERTAINTY_MEASURE_WITH_UNIT (LENGTH_MEASURE( 1.000000000000000082E-05 ), #2857, 'distance_accuracy_value', 'NONE');
#2651 = PRESENTATION_LAYER_ASSIGNMENT (  '', '', ( #3244 ) ) ;
#2652 = CARTESIAN_POINT ( 'NONE',  ( -25.00000000000000000, 16.50000000000000000, 0.5773000000000000353 ) ) ;
#2653 = AXIS2_PLACEMENT_3D ( 'NONE', #2036, #982, #286 ) ;
#2654 = ORIENTED_EDGE ( 'NONE', *, *, #3918, .F. ) ;
#2655 = EDGE_CURVE ( 'NONE', #3261, #25, #762, .T. ) ;
#2656 = ORIENTED_EDGE ( 'NONE', *, *, #4586, .T. ) ;
#2657 = CARTESIAN_POINT ( 'NONE',  ( 0.2241499999999999881, 0.3882391885170000112, 0.5773000000000000353 ) ) ;
#2658 = CARTESIAN_POINT ( 'NONE',  ( 21.50156939099999676, 0.000000000000000000, 0.5772998999999999770 ) ) ;
#2659 = VERTEX_POINT ( 'NONE', #3348 ) ;
#2660 =( NAMED_UNIT ( * ) PLANE_ANGLE_UNIT ( ) SI_UNIT ( $, .RADIAN. ) );
#2661 = EDGE_CURVE ( 'NONE', #1709, #1737, #2262, .T. ) ;
#2662 = ORIENTED_EDGE ( 'NONE', *, *, #1286, .F. ) ;
#2664 = DIRECTION ( 'NONE',  ( 0.000000000000000000, 0.000000000000000000, 1.000000000000000000 ) ) ;
#2663 = CARTESIAN_POINT ( 'NONE',  ( 21.50156939099999676, 0.000000000000000000, 0.6772998999999999548 ) ) ;
#2665 = VERTEX_POINT ( 'NONE', #3255 ) ;
#2666 = DIRECTION ( 'NONE',  ( 0.000000000000000000, 0.000000000000000000, -1.000000000000000000 ) ) ;
#2667 = DIRECTION ( 'NONE',  ( -1.000000000000000000, -1.051347561197999877E-16, 0.000000000000000000 ) ) ;
#2668 = DIRECTION ( 'NONE',  ( 0.000000000000000000, 0.000000000000000000, 1.000000000000000000 ) ) ;
#2669 = EDGE_CURVE ( 'NONE', #3046, #3797, #1165, .T. ) ;
#2670 = ORIENTED_EDGE ( 'NONE', *, *, #3334, .F. ) ;
#2671 = ITEM_DEFINED_TRANSFORMATION ( 'NONE', 'NONE', #3330,  #3551 ) ;
#2672 = EDGE_CURVE ( 'NONE', #3580, #1914, #170, .T. ) ;
#2673 = ORIENTED_EDGE ( 'NONE', *, *, #2466, .F. ) ;
#2674 = PRODUCT_DEFINITION ( 'UNKNOWN', '', #435, #4150 ) ;
#2675 = PLANE ( 'NONE',  #1004 ) ;
#2676 = CARTESIAN_POINT ( 'NONE',  ( -23.00156939064000028, 19.50000000000000000, 5.307299999999999685 ) ) ;
#2677 = ORIENTED_EDGE ( 'NONE', *, *, #1037, .T. ) ;
#2678 = DIRECTION ( 'NONE',  ( 0.000000000000000000, 0.000000000000000000, 1.000000000000000000 ) ) ;
#2679 = ORIENTED_EDGE ( 'NONE', *, *, #2529, .T. ) ;
#2680 = LINE ( 'NONE', #1294, #1598 ) ;
#2682 = DIRECTION ( 'NONE',  ( -1.000000000000000000, 0.000000000000000000, 0.000000000000000000 ) ) ;
#2681 = FACE_OUTER_BOUND ( 'NONE', #3382, .T. ) ;
#2683 = PRODUCT_DEFINITION_CONTEXT ( 'detailed design', #765, 'design' ) ;
#2684 = EDGE_LOOP ( 'NONE', ( #886, #2512, #1484, #1462, #1635, #2282, #1345, #745, #4398 ) ) ;
#2685 = FACE_OUTER_BOUND ( 'NONE', #3888, .T. ) ;
#2686 = CARTESIAN_POINT ( 'NONE',  ( -0.2557341336119999808, -0.3636289237349999981, 0.000000000000000000 ) ) ;
#2687 =( LENGTH_UNIT ( ) NAMED_UNIT ( * ) SI_UNIT ( .MILLI., .METRE. ) );
#2688 = DIRECTION ( 'NONE',  ( 0.000000000000000000, 0.000000000000000000, -1.000000000000000000 ) ) ;
#2689 = DIRECTION ( 'NONE',  ( -1.000000000000000000, 0.000000000000000000, 0.000000000000000000 ) ) ;
#2690 = PLANE ( 'NONE',  #2334 ) ;
#2691 = FACE_OUTER_BOUND ( 'NONE', #2617, .T. ) ;
#2692 = VECTOR ( 'NONE', #4215, 1000.000000000000000 ) ;
#2693 = FACE_OUTER_BOUND ( 'NONE', #238, .T. ) ;
#2694 = CONTEXT_DEPENDENT_SHAPE_REPRESENTATION ( #2698, #4081 ) ;
#2695 = CIRCLE ( 'NONE', #1542, 1.500000000000001332 ) ;
#2696 = ORIENTED_EDGE ( 'NONE', *, *, #4009, .T. ) ;
#2697 = AXIS2_PLACEMENT_3D ( 'NONE', #1868, #3317, #2615 ) ;
#2698 =( REPRESENTATION_RELATIONSHIP ('NONE','NONE', #678, #2584 ) REPRESENTATION_RELATIONSHIP_WITH_TRANSFORMATION ( #2310 )SHAPE_REPRESENTATION_RELATIONSHIP( ) );
#2699 = DIRECTION ( 'NONE',  ( 1.000000000000000000, 0.000000000000000000, 0.000000000000000000 ) ) ;
#2700 = EDGE_LOOP ( 'NONE', ( #1127, #1358, #4263, #1561 ) ) ;
#2701 = ADVANCED_FACE ( 'NONE', ( #2900 ), #1135, .F. ) ;
#2702 = AXIS2_PLACEMENT_3D ( 'NONE', #3203, #2729, #4314 ) ;
#2703 = AXIS2_PLACEMENT_3D ( 'NONE', #4341, #2803, #446 ) ;
#2704 = ORIENTED_EDGE ( 'NONE', *, *, #4088, .F. ) ;
#2705 = VECTOR ( 'NONE', #2251, 1000.000000000000000 ) ;
#2706 = AXIS2_PLACEMENT_3D ( 'NONE', #2902, #1829, #1117 ) ;
#2708 = LINE ( 'NONE', #3064, #4205 ) ;
#2707 = CARTESIAN_POINT ( 'NONE',  ( -21.50156939063999673, 19.50000000000000000, 5.307299999999999685 ) ) ;
#2709 = ADVANCED_FACE ( 'NONE', ( #442 ), #104, .T. ) ;
#2710 = AXIS2_PLACEMENT_3D ( 'NONE', #2140, #2092, #2808 ) ;
#2711 = VECTOR ( 'NONE', #1134, 1000.000000000000000 ) ;
#2712 = ORIENTED_EDGE ( 'NONE', *, *, #538, .T. ) ;
#2713 = FACE_OUTER_BOUND ( 'NONE', #3644, .T. ) ;
#2714 = ORIENTED_EDGE ( 'NONE', *, *, #1184, .F. ) ;
#2715 = CARTESIAN_POINT ( 'NONE',  ( -23.00156939064000028, 19.50000000000000000, 0.5773000000000000353 ) ) ;
#2716 = CIRCLE ( 'NONE', #1236, 1.500000000000001332 ) ;
#2718 = FACE_OUTER_BOUND ( 'NONE', #448, .T. ) ;
#2717 = PLANE ( 'NONE',  #4520 ) ;
#2719 = SHAPE_REPRESENTATION_RELATIONSHIP ( 'NONE' , 'NONE' ,  #3573, #862 ) ;
#2720 = DIRECTION ( 'NONE',  ( 0.000000000000000000, 0.000000000000000000, 1.000000000000000000 ) ) ;
#2721 = AXIS2_PLACEMENT_3D ( 'NONE', #230, #496, #2759 ) ;
#2722 = ADVANCED_FACE ( 'NONE', ( #1867 ), #1464, .F. ) ;
#2723 = COLOUR_RGB ( '',0.7921568627450980005, 0.8196078431372548767, 0.9333333333333333481 ) ;
#2724 = EDGE_LOOP ( 'NONE', ( #2662, #4523, #1889, #1871 ) ) ;
#2725 = DIRECTION ( 'NONE',  ( 1.000000000000000000, 0.000000000000000000, 0.000000000000000000 ) ) ;
#2726 = ITEM_DEFINED_TRANSFORMATION ( 'NONE', 'NONE', #3250,  #3551 ) ;
#2727 =( GEOMETRIC_REPRESENTATION_CONTEXT ( 3 ) GLOBAL_UNCERTAINTY_ASSIGNED_CONTEXT ( ( #1211 ) ) GLOBAL_UNIT_ASSIGNED_CONTEXT ( ( #1168, #796, #3966 ) ) REPRESENTATION_CONTEXT ( 'NONE', 'WORKASPACE' ) );
#2728 = ORIENTED_EDGE ( 'NONE', *, *, #1195, .F. ) ;
#2729 = DIRECTION ( 'NONE',  ( 0.000000000000000000, 0.000000000000000000, 1.000000000000000000 ) ) ;
#2730 = DIRECTION ( 'NONE',  ( 1.000000000000000000, 0.000000000000000000, 0.000000000000000000 ) ) ;
#2731 = ORIENTED_EDGE ( 'NONE', *, *, #153, .F. ) ;
#2732 = AXIS2_PLACEMENT_3D ( 'NONE', #2733, #3435, #2639 ) ;
#2733 = CARTESIAN_POINT ( 'NONE',  ( 0.000000000000000000, 0.000000000000000000, 0.000000000000000000 ) ) ;
#2734 = APPLICATION_CONTEXT ( 'automotive_design' ) ;
#2735 = EDGE_CURVE ( 'NONE', #2162, #1864, #381, .T. ) ;
#2736 = EDGE_LOOP ( 'NONE', ( #2314, #3790 ) ) ;
#2738 = PRESENTATION_STYLE_ASSIGNMENT (( #1329 ) ) ;
#2737 = CARTESIAN_POINT ( 'NONE',  ( -13.50000000000000000, -16.50000000000000000, 8.507300000000000750 ) ) ;
#2739 = UNCERTAINTY_MEASURE_WITH_UNIT (LENGTH_MEASURE( 1.000000000000000082E-05 ), #165, 'distance_accuracy_value', 'NONE');
#2740 = EDGE_LOOP ( 'NONE', ( #3059, #1392, #4042, #2359 ) ) ;
#2741 = EDGE_LOOP ( 'NONE', ( #2941, #2525, #2109, #163 ) ) ;
#2742 = CARTESIAN_POINT ( 'NONE',  ( 21.50156939099999676, 0.000000000000000000, 0.6772998999999999548 ) ) ;
#2743 = DIRECTION ( 'NONE',  ( 0.000000000000000000, 0.000000000000000000, -1.000000000000000000 ) ) ;
#2744 = PRODUCT_DEFINITION ( 'UNKNOWN', '', #3030, #3398 ) ;
#2745 = CARTESIAN_POINT ( 'NONE',  ( -26.50000000000000000, -23.50000000000000000, 8.507300000000000750 ) ) ;
#2746 = FACE_OUTER_BOUND ( 'NONE', #2834, .T. ) ;
#2747 = DIRECTION ( 'NONE',  ( 0.000000000000000000, 0.000000000000000000, 1.000000000000000000 ) ) ;
#2748 = EDGE_CURVE ( 'NONE', #3474, #3603, #4377, .T. ) ;
#2749 = VERTEX_POINT ( 'NONE', #1179 ) ;
#2750 = DIRECTION ( 'NONE',  ( -1.000000000000000000, 0.000000000000000000, 0.000000000000000000 ) ) ;
#2751 = CARTESIAN_POINT ( 'NONE',  ( -20.00156939100000031, 0.000000000000000000, 0.5772998999999999770 ) ) ;
#2752 = ORIENTED_EDGE ( 'NONE', *, *, #3076, .F. ) ;
#2753 = ORIENTED_EDGE ( 'NONE', *, *, #715, .T. ) ;
#2754 = DIRECTION ( 'NONE',  ( 0.000000000000000000, 0.000000000000000000, 1.000000000000000000 ) ) ;
#2756 = CARTESIAN_POINT ( 'NONE',  ( 0.2241499999999999881, -0.3882391885170000112, 0.5773000000000000353 ) ) ;
#2755 = FACE_OUTER_BOUND ( 'NONE', #1194, .T. ) ;
#2757 = ORIENTED_EDGE ( 'NONE', *, *, #3347, .F. ) ;
#2758 = LINE ( 'NONE', #670, #3090 ) ;
#2759 = DIRECTION ( 'NONE',  ( 1.000000000000000000, 0.000000000000000000, 0.000000000000000000 ) ) ;
#2760 = EDGE_CURVE ( 'NONE', #2836, #1077, #2207, .T. ) ;
#2761 = SHAPE_REPRESENTATION_RELATIONSHIP ( 'NONE' , 'NONE' ,  #4346, #3802 ) ;
#2762 = FACE_BOUND ( 'NONE', #2112, .T. ) ;
#2763 = DIRECTION ( 'NONE',  ( 1.000000000000000000, 0.000000000000000000, 0.000000000000000000 ) ) ;
#2764 = DIRECTION ( 'NONE',  ( 0.000000000000000000, 0.000000000000000000, -1.000000000000000000 ) ) ;
#2765 = VECTOR ( 'NONE', #3405, 1000.000000000000000 ) ;
#2766 = EDGE_CURVE ( 'NONE', #3322, #3817, #4025, .T. ) ;
#2767 = VERTEX_POINT ( 'NONE', #1086 ) ;
#2768 = CIRCLE ( 'NONE', #764, 1.500000000000001332 ) ;
#2769 = CARTESIAN_POINT ( 'NONE',  ( -0.4430789523109999739, -0.03965779445495000444, 0.3992999999999999883 ) ) ;
#2770 = EDGE_LOOP ( 'NONE', ( #2599, #2182 ) ) ;
#2771 = PRODUCT_CONTEXT ( 'NONE', #1316, 'mechanical' ) ;
#2772 = CIRCLE ( 'NONE', #2414, 1.500000000000001332 ) ;
#2773 = VECTOR ( 'NONE', #1277, 1000.000000000000000 ) ;
#2774 = CARTESIAN_POINT ( 'NONE',  ( 21.50156939064299877, 19.50000000000000000, 5.307299999999999685 ) ) ;
#2776 = CARTESIAN_POINT ( 'NONE',  ( -12.63760714846999988, -16.50000000000000000, 0.1779999999999999916 ) ) ;
#2775 = PLANE ( 'NONE',  #4515 ) ;
#2777 = EDGE_LOOP ( 'NONE', ( #3834, #2337, #1471, #41, #2199, #394 ) ) ;
#2778 = PRESENTATION_LAYER_ASSIGNMENT (  '', '', ( #188 ) ) ;
#2779 = AXIS2_PLACEMENT_3D ( 'NONE', #2178, #1844, #2541 ) ;
#2780 = MECHANICAL_DESIGN_GEOMETRIC_PRESENTATION_REPRESENTATION (  '', ( #3759 ), #1233 ) ;
#2781 = ORIENTED_EDGE ( 'NONE', *, *, #1266, .F. ) ;
#2782 = CARTESIAN_POINT ( 'NONE',  ( 0.4480000000000000093, 0.000000000000000000, 0.1779999999999999916 ) ) ;
#2784 = FACE_OUTER_BOUND ( 'NONE', #681, .T. ) ;
#2783 = CARTESIAN_POINT ( 'NONE',  ( -36.50000010000000117, -36.50000010000000117, 0.6772998999999999548 ) ) ;
#2785 = CARTESIAN_POINT ( 'NONE',  ( -21.50156939063999673, -3.469446951954000336E-15, 0.6773000000000000131 ) ) ;
#2786 = VECTOR ( 'NONE', #483, 1000.000000000000000 ) ;
#2787 = AXIS2_PLACEMENT_3D ( 'NONE', #4388, #2582, #1550 ) ;
#2788 = CARTESIAN_POINT ( 'NONE',  ( -7.806255641895999731E-16, 3.000000000000000000, 0.1779999999999999916 ) ) ;
#2789 = AXIS2_PLACEMENT_3D ( 'NONE', #2616, #591, #2699 ) ;
#2790 = LINE ( 'NONE', #2482, #4274 ) ;
#2791 = ADVANCED_FACE ( 'NONE', ( #3953 ), #750, .T. ) ;
#2792 =( NAMED_UNIT ( * ) SI_UNIT ( $, .STERADIAN. ) SOLID_ANGLE_UNIT ( ) );
#2793 = CYLINDRICAL_SURFACE ( 'NONE', #575, 1.500000000000001332 ) ;
#2794 = CIRCLE ( 'NONE', #1093, 1.500000000000001332 ) ;
#2795 = ORIENTED_EDGE ( 'NONE', *, *, #2805, .T. ) ;
#2796 = ADVANCED_BREP_SHAPE_REPRESENTATION ( '', ( #1325, #3551 ), #4528 ) ;
#2797 = PRODUCT_DEFINITION ( 'UNKNOWN', '', #1180, #2235 ) ;
#2798 = CARTESIAN_POINT ( 'NONE',  ( -21.50156939063999673, -3.469446951954000336E-15, 5.307299999999999685 ) ) ;
#2799 = ORIENTED_EDGE ( 'NONE', *, *, #105, .F. ) ;
#2800 = DIRECTION ( 'NONE',  ( 0.000000000000000000, 0.000000000000000000, 1.000000000000000000 ) ) ;
#2801 = PLANE ( 'NONE',  #4122 ) ;
#2803 = DIRECTION ( 'NONE',  ( 0.000000000000000000, 0.000000000000000000, -1.000000000000000000 ) ) ;
#2802 = CARTESIAN_POINT ( 'NONE',  ( -21.50156939063999673, -3.469446951954000336E-15, 5.307299999999999685 ) ) ;
#2804 = VERTEX_POINT ( 'NONE', #2156 ) ;
#2805 = EDGE_CURVE ( 'NONE', #1665, #639, #118, .T. ) ;
#2806 = PRODUCT_DEFINITION_FORMATION_WITH_SPECIFIED_SOURCE ( 'ANY', '', #3546, .NOT_KNOWN. ) ;
#2807 = ORIENTED_EDGE ( 'NONE', *, *, #2068, .F. ) ;
#2808 = DIRECTION ( 'NONE',  ( -1.000000000000000000, 0.000000000000000000, 0.000000000000000000 ) ) ;
#2809 = ORIENTED_EDGE ( 'NONE', *, *, #524, .F. ) ;
#2810 = FACE_OUTER_BOUND ( 'NONE', #2037, .T. ) ;
#2811 = CARTESIAN_POINT ( 'NONE',  ( 0.01465778537412000017, -0.01124731430156999945, 0.1779999999999999916 ) ) ;
#2812 = PLANE ( 'NONE',  #1009 ) ;
#2813 = EDGE_CURVE ( 'NONE', #4535, #3341, #3222, .T. ) ;
#2814 = VERTEX_POINT ( 'NONE', #3666 ) ;
#2815 = CARTESIAN_POINT ( 'NONE',  ( -0.4482999999999999763, 0.000000000000000000, 0.5773000000000000353 ) ) ;
#2816 = ORIENTED_EDGE ( 'NONE', *, *, #2735, .F. ) ;
#2817 = SHAPE_DEFINITION_REPRESENTATION ( #3240, #2105 ) ;
#2818 = EDGE_CURVE ( 'NONE', #1175, #757, #34, .T. ) ;
#2819 = EDGE_LOOP ( 'NONE', ( #2646, #1367 ) ) ;
#2820 = CARTESIAN_POINT ( 'NONE',  ( -21.50156939099999676, 0.000000000000000000, 0.5772998999999999770 ) ) ;
#2821 = LINE ( 'NONE', #2413, #2861 ) ;
#2822 = ORIENTED_EDGE ( 'NONE', *, *, #240, .T. ) ;
#2823 = ORIENTED_EDGE ( 'NONE', *, *, #4317, .T. ) ;
#2824 = DIRECTION ( 'NONE',  ( 1.000000000000000000, 0.000000000000000000, 0.000000000000000000 ) ) ;
#2825 = VERTEX_POINT ( 'NONE', #4349 ) ;
#2826 = DIRECTION ( 'NONE',  ( 0.000000000000000000, 0.000000000000000000, 1.000000000000000000 ) ) ;
#2827 = PRODUCT_DEFINITION_SHAPE ( 'NONE', 'NONE',  #2674 ) ;
#2828 =( NAMED_UNIT ( * ) SI_UNIT ( $, .STERADIAN. ) SOLID_ANGLE_UNIT ( ) );
#2829 = FILL_AREA_STYLE_COLOUR ( '', #1838 ) ;
#2830 = CARTESIAN_POINT ( 'NONE',  ( -0.4482999999999999763, 0.000000000000000000, 0.5773000000000000353 ) ) ;
#2831 = EDGE_CURVE ( 'NONE', #3788, #2767, #777, .T. ) ;
#2832 = CARTESIAN_POINT ( 'NONE',  ( 23.50000000000000000, -23.50000000000000000, 5.307299999999999685 ) ) ;
#2833 = CYLINDRICAL_SURFACE ( 'NONE', #1540, 1.500000000000001332 ) ;
#2834 = EDGE_LOOP ( 'NONE', ( #4286, #953 ) ) ;
#2835 = DIRECTION ( 'NONE',  ( -1.000000000000000000, 0.000000000000000000, 0.000000000000000000 ) ) ;
#2836 = VERTEX_POINT ( 'NONE', #1911 ) ;
#2837 = APPLICATION_PROTOCOL_DEFINITION ( 'draft international standard', 'automotive_design', 1998, #4109 ) ;
#2838 = ORIENTED_EDGE ( 'NONE', *, *, #1442, .F. ) ;
#2839 = EDGE_CURVE ( 'NONE', #636, #4470, #1150, .T. ) ;
#2840 = DIRECTION ( 'NONE',  ( 0.000000000000000000, 0.000000000000000000, 1.000000000000000000 ) ) ;
#2841 = DIRECTION ( 'NONE',  ( 0.000000000000000000, 0.000000000000000000, 1.000000000000000000 ) ) ;
#2842 = ORIENTED_EDGE ( 'NONE', *, *, #632, .T. ) ;
#2843 = VECTOR ( 'NONE', #1742, 1000.000000000000114 ) ;
#2844 = MANIFOLD_SOLID_BREP ( 'zhi_peng_R500_100um_gap_split.STEP<1>', #1133 ) ;
#2845 = AXIS2_PLACEMENT_3D ( 'NONE', #242, #1340, #2509 ) ;
#2846 = AXIS2_PLACEMENT_3D ( 'NONE', #4032, #1897, #98 ) ;
#2848 = CYLINDRICAL_SURFACE ( 'NONE', #3600, 1.500000000000001332 ) ;
#2847 = LINE ( 'NONE', #313, #3762 ) ;
#2849 = EDGE_CURVE ( 'NONE', #1543, #3950, #3357, .T. ) ;
#2850 = ORIENTED_EDGE ( 'NONE', *, *, #4009, .F. ) ;
#2851 = MANIFOLD_SOLID_BREP ( 'zhi_peng_R500_100um_gap_split.STEP<1>', #2465 ) ;
#2852 = LINE ( 'NONE', #1068, #1387 ) ;
#2853 = DIRECTION ( 'NONE',  ( 0.000000000000000000, 0.000000000000000000, 1.000000000000000000 ) ) ;
#2854 = AXIS2_PLACEMENT_3D ( 'NONE', #2742, #3068, #2373 ) ;
#2855 = DIRECTION ( 'NONE',  ( 0.000000000000000000, 0.000000000000000000, 1.000000000000000000 ) ) ;
#2856 = CYLINDRICAL_SURFACE ( 'NONE', #3610, 0.03999999999999999389 ) ;
#2857 =( LENGTH_UNIT ( ) NAMED_UNIT ( * ) SI_UNIT ( .MILLI., .METRE. ) );
#2858 = MECHANICAL_DESIGN_GEOMETRIC_PRESENTATION_REPRESENTATION (  '', ( #1310 ), #4439 ) ;
#2859 = EDGE_CURVE ( 'NONE', #1854, #525, #4073, .T. ) ;
#2860 = ORIENTED_EDGE ( 'NONE', *, *, #436, .F. ) ;
#2861 = VECTOR ( 'NONE', #2390, 1000.000000000000000 ) ;
#2862 = PLANE ( 'NONE',  #1163 ) ;
#2863 = ORIENTED_EDGE ( 'NONE', *, *, #2672, .T. ) ;
#2864 = FILL_AREA_STYLE ('',( #2201 ) ) ;
#2865 = APPLICATION_PROTOCOL_DEFINITION ( 'draft international standard', 'automotive_design', 1998, #1891 ) ;
#2866 = AXIS2_PLACEMENT_3D ( 'NONE', #2040, #1415, #2065 ) ;
#2867 = EDGE_LOOP ( 'NONE', ( #95, #3768, #1120, #303 ) ) ;
#2868 = PRODUCT_DEFINITION_SHAPE ( 'NONE', 'NONE',  #2265 ) ;
#2869 = DIRECTION ( 'NONE',  ( 0.000000000000000000, 0.000000000000000000, -1.000000000000000000 ) ) ;
#2870 = DIRECTION ( 'NONE',  ( 0.000000000000000000, 0.000000000000000000, 1.000000000000000000 ) ) ;
#2871 = DIRECTION ( 'NONE',  ( 1.000000000000000000, 0.000000000000000000, 0.000000000000000000 ) ) ;
#2872 = ORIENTED_EDGE ( 'NONE', *, *, #1853, .T. ) ;
#2873 = ADVANCED_FACE ( 'NONE', ( #1438 ), #1562, .T. ) ;
#2874 = VERTEX_POINT ( 'NONE', #570 ) ;
#2875 = EDGE_LOOP ( 'NONE', ( #1612, #398, #1033, #3416, #4022, #612 ) ) ;
#2876 = PRODUCT_DEFINITION_FORMATION_WITH_SPECIFIED_SOURCE ( 'ANY', '', #458, .NOT_KNOWN. ) ;
#2877 = PRODUCT_DEFINITION ( 'UNKNOWN', '', #4385, #3772 ) ;
#2878 = LINE ( 'NONE', #2954, #3902 ) ;
#2879 = DIRECTION ( 'NONE',  ( 0.000000000000000000, 0.000000000000000000, 1.000000000000000000 ) ) ;
#2880 = DIRECTION ( 'NONE',  ( 1.000000000000000000, 0.000000000000000000, 0.000000000000000000 ) ) ;
#2881 = FACE_OUTER_BOUND ( 'NONE', #112, .T. ) ;
#2882 = ORIENTED_EDGE ( 'NONE', *, *, #1486, .T. ) ;
#2883 = DIRECTION ( 'NONE',  ( 0.000000000000000000, 0.000000000000000000, -1.000000000000000000 ) ) ;
#2884 = DIRECTION ( 'NONE',  ( 0.000000000000000000, 0.000000000000000000, -1.000000000000000000 ) ) ;
#2885 = ORIENTED_EDGE ( 'NONE', *, *, #3065, .T. ) ;
#2886 = EDGE_CURVE ( 'NONE', #452, #3670, #2932, .T. ) ;
#2887 = APPLICATION_PROTOCOL_DEFINITION ( 'draft international standard', 'automotive_design', 1998, #4236 ) ;
#2888 = VERTEX_POINT ( 'NONE', #3411 ) ;
#2889 = FILL_AREA_STYLE ('',( #1814 ) ) ;
#2890 = FACE_OUTER_BOUND ( 'NONE', #2469, .T. ) ;
#2891 = PLANE ( 'NONE',  #789 ) ;
#2892 = ORIENTED_EDGE ( 'NONE', *, *, #937, .T. ) ;
#2893 = ORIENTED_EDGE ( 'NONE', *, *, #2760, .F. ) ;
#2895 = DIRECTION ( 'NONE',  ( 1.000000000000000000, 0.000000000000000000, 0.000000000000000000 ) ) ;
#2894 = CARTESIAN_POINT ( 'NONE',  ( -25.00000000000000000, 3.000000000000000000, 0.3992999999999999883 ) ) ;
#2896 = ORIENTED_EDGE ( 'NONE', *, *, #2324, .T. ) ;
#2897 = CARTESIAN_POINT ( 'NONE',  ( 21.50156939064299877, -19.50000000000000000, 5.307299999999999685 ) ) ;
#2898 =( NAMED_UNIT ( * ) PLANE_ANGLE_UNIT ( ) SI_UNIT ( $, .RADIAN. ) );
#2899 = DIRECTION ( 'NONE',  ( -1.000000000000000000, 0.000000000000000000, 0.000000000000000000 ) ) ;
#2900 = FACE_OUTER_BOUND ( 'NONE', #3560, .T. ) ;
#2901 = ADVANCED_FACE ( 'NONE', ( #4094 ), #2675, .T. ) ;
#2902 = CARTESIAN_POINT ( 'NONE',  ( -21.50156939099999676, -19.50000000000000000, 0.6772998999999999548 ) ) ;
#2903 = LINE ( 'NONE', #2221, #1445 ) ;
#2904 = PRODUCT_DEFINITION_SHAPE ( 'NONE', 'NONE',  #2212 ) ;
#2905 = APPLICATION_CONTEXT ( 'automotive_design' ) ;
#2906 = ORIENTED_EDGE ( 'NONE', *, *, #3310, .T. ) ;
#2907 =( LENGTH_UNIT ( ) NAMED_UNIT ( * ) SI_UNIT ( .MILLI., .METRE. ) );
#2908 = DIRECTION ( 'NONE',  ( 1.000000000000000000, 0.000000000000000000, 0.000000000000000000 ) ) ;
#2909 = ORIENTED_EDGE ( 'NONE', *, *, #558, .F. ) ;
#2910 = EDGE_CURVE ( 'NONE', #1721, #2836, #2560, .T. ) ;
#2911 = PRODUCT_CONTEXT ( 'NONE', #2266, 'mechanical' ) ;
#2912 = ORIENTED_EDGE ( 'NONE', *, *, #2200, .T. ) ;
#2913 = DIRECTION ( 'NONE',  ( 0.000000000000000000, 1.000000000000000000, 0.000000000000000000 ) ) ;
#2914 = CARTESIAN_POINT ( 'NONE',  ( -0.4082999999999999963, 0.000000000000000000, 0.3992999999999999883 ) ) ;
#2915 = CARTESIAN_POINT ( 'NONE',  ( -25.00000000000000000, 3.000000000000000000, 0.000000000000000000 ) ) ;
#2916 = VERTEX_POINT ( 'NONE', #3316 ) ;
#2917 = MANIFOLD_SOLID_BREP ( 'zhi_peng_R500_100um_gap_split.STEP<1>', #2328 ) ;
#2918 = EDGE_CURVE ( 'NONE', #1676, #1914, #485, .T. ) ;
#2919 = ORIENTED_EDGE ( 'NONE', *, *, #3285, .T. ) ;
#2921 = DIRECTION ( 'NONE',  ( 1.000000000000000000, 0.000000000000000000, 0.000000000000000000 ) ) ;
#2920 = DIRECTION ( 'NONE',  ( -0.000000000000000000, 1.000000000000000000, 0.000000000000000000 ) ) ;
#2922 = AXIS2_PLACEMENT_3D ( 'NONE', #247, #2754, #4187 ) ;
#2923 = PRODUCT_DEFINITION_CONTEXT ( 'detailed design', #4236, 'design' ) ;
#2924 = CIRCLE ( 'NONE', #1293, 1.500000000000001332 ) ;
#2925 = CARTESIAN_POINT ( 'NONE',  ( 0.000000000000000000, -16.50000000000000000, 0.3992999999999999883 ) ) ;
#2926 = PLANE ( 'NONE',  #2787 ) ;
#2927 = DIRECTION ( 'NONE',  ( 1.000000000000000000, 0.000000000000000000, 0.000000000000000000 ) ) ;
#2928 = CIRCLE ( 'NONE', #1754, 3.000000000000000888 ) ;
#2929 = UNCERTAINTY_MEASURE_WITH_UNIT (LENGTH_MEASURE( 1.000000000000000082E-05 ), #4043, 'distance_accuracy_value', 'NONE');
#2930 = PRESENTATION_LAYER_ASSIGNMENT (  '', '', ( #1981 ) ) ;
#2931 = EDGE_CURVE ( 'NONE', #3996, #1962, #3798, .T. ) ;
#2932 = CIRCLE ( 'NONE', #1759, 0.03999999999999999389 ) ;
#2933 = ORIENTED_EDGE ( 'NONE', *, *, #1752, .F. ) ;
#2934 = AXIS2_PLACEMENT_3D ( 'NONE', #3782, #234, #3512 ) ;
#2935 = DIRECTION ( 'NONE',  ( 1.000000000000000000, 0.000000000000000000, 0.000000000000000000 ) ) ;
#2936 = ORIENTED_EDGE ( 'NONE', *, *, #3000, .F. ) ;
#2937 = SURFACE_SIDE_STYLE ('',( #1533 ) ) ;
#2938 = AXIS2_PLACEMENT_3D ( 'NONE', #1372, #1710, #280 ) ;
#2939 = VECTOR ( 'NONE', #213, 1000.000000000000000 ) ;
#2940 = ITEM_DEFINED_TRANSFORMATION ( 'NONE', 'NONE', #3781,  #3551 ) ;
#2941 = ORIENTED_EDGE ( 'NONE', *, *, #89, .F. ) ;
#2942 = EDGE_CURVE ( 'NONE', #3664, #4432, #4208, .T. ) ;
#2943 = VECTOR ( 'NONE', #3577, 1000.000000000000000 ) ;
#2944 = FACE_OUTER_BOUND ( 'NONE', #338, .T. ) ;
#2945 = DIRECTION ( 'NONE',  ( 1.000000000000000000, 0.000000000000000000, 0.000000000000000000 ) ) ;
#2946 = ORIENTED_EDGE ( 'NONE', *, *, #3564, .F. ) ;
#2947 = AXIS2_PLACEMENT_3D ( 'NONE', #1688, #3115, #4413 ) ;
#2948 =( REPRESENTATION_RELATIONSHIP ('NONE','NONE', #678, #3535 ) REPRESENTATION_RELATIONSHIP_WITH_TRANSFORMATION ( #1243 )SHAPE_REPRESENTATION_RELATIONSHIP( ) );
#2949 = EDGE_LOOP ( 'NONE', ( #4393, #2001, #2341, #1080, #2286, #3952, #200, #2312 ) ) ;
#2950 = COLOUR_RGB ( '',0.7921568627450980005, 0.8196078431372548767, 0.9333333333333333481 ) ;
#2951 = CYLINDRICAL_SURFACE ( 'NONE', #1078, 0.03999999999999999389 ) ;
#2952 = PRODUCT_DEFINITION_SHAPE ( 'NONE', 'NONE',  #4605 ) ;
#2953 = ADVANCED_FACE ( 'NONE', ( #1370 ), #4154, .T. ) ;
#2954 = CARTESIAN_POINT ( 'NONE',  ( -9.339803143895000659, -16.50000000000000000, 0.5773000000000000353 ) ) ;
#2955 = MANIFOLD_SOLID_BREP ( 'zhi_peng_R500_100um_gap_split.STEP<1>', #913 ) ;
#2956 = CARTESIAN_POINT ( 'NONE',  ( 0.01465778537412000017, 0.01124731430156999945, 0.1779999999999999916 ) ) ;
#2957 = LINE ( 'NONE', #2603, #3296 ) ;
#2958 = AXIS2_PLACEMENT_3D ( 'NONE', #2387, #3108, #1982 ) ;
#2959 = CARTESIAN_POINT ( 'NONE',  ( -9.339803143895000659, -22.50000000000000000, 0.5773000000000000353 ) ) ;
#2960 = ORIENTED_EDGE ( 'NONE', *, *, #1736, .T. ) ;
#2961 = ORIENTED_EDGE ( 'NONE', *, *, #1945, .F. ) ;
#2962 = ADVANCED_BREP_SHAPE_REPRESENTATION ( '', ( #4407, #3551 ), #3858 ) ;
#2963 = MANIFOLD_SOLID_BREP ( 'zhi_peng_R500_100um_gap_split.STEP<1>', #3445 ) ;
#2964 =( NAMED_UNIT ( * ) PLANE_ANGLE_UNIT ( ) SI_UNIT ( $, .RADIAN. ) );
#2965 =( NAMED_UNIT ( * ) PLANE_ANGLE_UNIT ( ) SI_UNIT ( $, .RADIAN. ) );
#2966 = VERTEX_POINT ( 'NONE', #2165 ) ;
#2967 = EDGE_CURVE ( 'NONE', #3865, #3394, #3201, .T. ) ;
#2968 = CONTEXT_DEPENDENT_SHAPE_REPRESENTATION ( #4176, #3278 ) ;
#2969 = DIRECTION ( 'NONE',  ( 0.000000000000000000, 0.000000000000000000, 1.000000000000000000 ) ) ;
#2970 = FACE_OUTER_BOUND ( 'NONE', #1198, .T. ) ;
#2971 = CARTESIAN_POINT ( 'NONE',  ( 20.00156939100000031, -19.50000000000000000, 0.5772998999999999770 ) ) ;
#2972 = ORIENTED_EDGE ( 'NONE', *, *, #1917, .T. ) ;
#2973 = EDGE_CURVE ( 'NONE', #1854, #3713, #2852, .T. ) ;
#2974 =( NAMED_UNIT ( * ) SI_UNIT ( $, .STERADIAN. ) SOLID_ANGLE_UNIT ( ) );
#2975 = MANIFOLD_SOLID_BREP ( 'zhi_peng_R500_100um_gap_split.STEP<1>', #2623 ) ;
#2976 = EDGE_LOOP ( 'NONE', ( #3178, #85, #469, #4451 ) ) ;
#2978 = CARTESIAN_POINT ( 'NONE',  ( -23.00156939064000028, -3.469446951954000336E-15, 0.6773000000000000131 ) ) ;
#2977 = LINE ( 'NONE', #42, #1085 ) ;
#2979 = APPLICATION_CONTEXT ( 'automotive_design' ) ;
#2980 = DIRECTION ( 'NONE',  ( 1.000000000000000000, 0.000000000000000000, 0.000000000000000000 ) ) ;
#2981 = EDGE_LOOP ( 'NONE', ( #3578, #481, #4372, #600 ) ) ;
#2982 = FACE_OUTER_BOUND ( 'NONE', #686, .T. ) ;
#2983 = ORIENTED_EDGE ( 'NONE', *, *, #2813, .T. ) ;
#2984 = CYLINDRICAL_SURFACE ( 'NONE', #1169, 3.000000000000000888 ) ;
#2985 = ITEM_DEFINED_TRANSFORMATION ( 'NONE', 'NONE', #3553,  #3551 ) ;
#2986 = ORIENTED_EDGE ( 'NONE', *, *, #4438, .F. ) ;
#2987 = PRODUCT_DEFINITION_SHAPE ( 'NONE', 'NONE',  #4616 ) ;
#2988 =( LENGTH_UNIT ( ) NAMED_UNIT ( * ) SI_UNIT ( .MILLI., .METRE. ) );
#2989 = CARTESIAN_POINT ( 'NONE',  ( -23.00156939064000028, -19.50000000000000000, 5.307299999999999685 ) ) ;
#2990 = CARTESIAN_POINT ( 'NONE',  ( 0.01710552973981999819, 0.007085342409808999785, 0.3992999999999999883 ) ) ;
#2991 = ORIENTED_EDGE ( 'NONE', *, *, #4567, .T. ) ;
#2992 = EDGE_CURVE ( 'NONE', #2142, #2132, #2506, .T. ) ;
#2993 = EDGE_LOOP ( 'NONE', ( #3018, #3167, #3308, #366, #88, #2753 ) ) ;
#2995 = DIRECTION ( 'NONE',  ( 1.000000000000000000, 0.000000000000000000, 0.000000000000000000 ) ) ;
#2994 = FACE_OUTER_BOUND ( 'NONE', #2576, .T. ) ;
#2996 = ORIENTED_EDGE ( 'NONE', *, *, #1442, .T. ) ;
#2997 = DIRECTION ( 'NONE',  ( 0.000000000000000000, 0.000000000000000000, -1.000000000000000000 ) ) ;
#2998 = VECTOR ( 'NONE', #3180, 1000.000000000000000 ) ;
#2999 = CARTESIAN_POINT ( 'NONE',  ( -21.50156939099999676, 0.000000000000000000, 0.5772998999999999770 ) ) ;
#3000 = EDGE_CURVE ( 'NONE', #1543, #1368, #3368, .T. ) ;
#3001 = CARTESIAN_POINT ( 'NONE',  ( 23.00156939100000031, 0.000000000000000000, 0.5772998999999999770 ) ) ;
#3002 = PLANE ( 'NONE',  #2474 ) ;
#3003 =( NAMED_UNIT ( * ) PLANE_ANGLE_UNIT ( ) SI_UNIT ( $, .RADIAN. ) );
#3004 = VECTOR ( 'NONE', #1444, 1000.000000000000000 ) ;
#3005 = DIRECTION ( 'NONE',  ( -1.000000000000000000, 0.000000000000000000, 0.000000000000000000 ) ) ;
#3006 = AXIS2_PLACEMENT_3D ( 'NONE', #3992, #793, #2219 ) ;
#3007 = VECTOR ( 'NONE', #2089, 1000.000000000000000 ) ;
#3008 =( NAMED_UNIT ( * ) PLANE_ANGLE_UNIT ( ) SI_UNIT ( $, .RADIAN. ) );
#3009 = EDGE_CURVE ( 'NONE', #4493, #1256, #1549, .T. ) ;
#3010 = ITEM_DEFINED_TRANSFORMATION ( 'NONE', 'NONE', #721,  #3551 ) ;
#3011 = AXIS2_PLACEMENT_3D ( 'NONE', #2756, #950, #4518 ) ;
#3012 = EDGE_LOOP ( 'NONE', ( #4107, #1896 ) ) ;
#3013 = CARTESIAN_POINT ( 'NONE',  ( -15.00000000000000000, 3.000000000000000000, 0.3992999999999999883 ) ) ;
#3014 = VECTOR ( 'NONE', #732, 1000.000000000000000 ) ;
#3015 = ORIENTED_EDGE ( 'NONE', *, *, #1283, .F. ) ;
#3016 = DIRECTION ( 'NONE',  ( 1.000000000000000000, 0.000000000000000000, 0.000000000000000000 ) ) ;
#3017 = AXIS2_PLACEMENT_3D ( 'NONE', #2572, #3318, #2871 ) ;
#3018 = ORIENTED_EDGE ( 'NONE', *, *, #263, .F. ) ;
#3019 = LINE ( 'NONE', #2319, #3313 ) ;
#3020 = CIRCLE ( 'NONE', #3235, 0.04000000000001999872 ) ;
#3021 = EDGE_CURVE ( 'NONE', #1677, #2371, #1190, .T. ) ;
#3022 = VERTEX_POINT ( 'NONE', #2322 ) ;
#3023 = PRESENTATION_LAYER_ASSIGNMENT (  '', '', ( #1400 ) ) ;
#3024 = DIRECTION ( 'NONE',  ( 1.000000000000000000, 0.000000000000000000, 0.000000000000000000 ) ) ;
#3025 = UNCERTAINTY_MEASURE_WITH_UNIT (LENGTH_MEASURE( 1.000000000000000082E-05 ), #3748, 'distance_accuracy_value', 'NONE');
#3026 =( GEOMETRIC_REPRESENTATION_CONTEXT ( 3 ) GLOBAL_UNCERTAINTY_ASSIGNED_CONTEXT ( ( #892 ) ) GLOBAL_UNIT_ASSIGNED_CONTEXT ( ( #1927, #1238, #4038 ) ) REPRESENTATION_CONTEXT ( 'NONE', 'WORKASPACE' ) );
#3027 = FACE_OUTER_BOUND ( 'NONE', #3495, .T. ) ;
#3028 = PRODUCT_RELATED_PRODUCT_CATEGORY ( 'part', '', ( #11 ) ) ;
#3029 = DIRECTION ( 'NONE',  ( 0.000000000000000000, 1.000000000000000000, 0.000000000000000000 ) ) ;
#3030 = PRODUCT_DEFINITION_FORMATION_WITH_SPECIFIED_SOURCE ( 'ANY', '', #3880, .NOT_KNOWN. ) ;
#3031 = EDGE_LOOP ( 'NONE', ( #3529, #2799, #287, #3929 ) ) ;
#3032 = SURFACE_STYLE_USAGE ( .BOTH. , #2937 ) ;
#3033 = CONTEXT_DEPENDENT_SHAPE_REPRESENTATION ( #1711, #1555 ) ;
#3034 = AXIS2_PLACEMENT_3D ( 'NONE', #245, #899, #2315 ) ;
#3035 = ORIENTED_EDGE ( 'NONE', *, *, #3643, .F. ) ;
#3036 = EDGE_CURVE ( 'NONE', #1709, #3261, #1877, .T. ) ;
#3037 = EDGE_CURVE ( 'NONE', #4045, #1676, #4387, .T. ) ;
#3038 =( GEOMETRIC_REPRESENTATION_CONTEXT ( 3 ) GLOBAL_UNCERTAINTY_ASSIGNED_CONTEXT ( ( #193 ) ) GLOBAL_UNIT_ASSIGNED_CONTEXT ( ( #3305, #3003, #3351 ) ) REPRESENTATION_CONTEXT ( 'NONE', 'WORKASPACE' ) );
#3039 = CARTESIAN_POINT ( 'NONE',  ( -15.00000000000000000, 0.000000000000000000, 0.5773000000000000353 ) ) ;
#3040 = ORIENTED_EDGE ( 'NONE', *, *, #2568, .F. ) ;
#3041 = CARTESIAN_POINT ( 'NONE',  ( 0.000000000000000000, 0.000000000000000000, 0.000000000000000000 ) ) ;
#3042 = ORIENTED_EDGE ( 'NONE', *, *, #2760, .T. ) ;
#3043 = EDGE_CURVE ( 'NONE', #3727, #912, #3657, .T. ) ;
#3045 = CARTESIAN_POINT ( 'NONE',  ( 15.00000000000000000, 1.956152303315000340, 0.5773000000000000353 ) ) ;
#3044 = DIRECTION ( 'NONE',  ( 0.000000000000000000, 0.000000000000000000, 1.000000000000000000 ) ) ;
#3046 = VERTEX_POINT ( 'NONE', #1024 ) ;
#3047 = CARTESIAN_POINT ( 'NONE',  ( -9.339803143895000659, 0.000000000000000000, 0.1779999999999999916 ) ) ;
#3048 = LINE ( 'NONE', #4480, #3145 ) ;
#3049 = CARTESIAN_POINT ( 'NONE',  ( -21.50156939063999673, -19.50000000000000000, 5.307299999999999685 ) ) ;
#3050 = CARTESIAN_POINT ( 'NONE',  ( -21.50156939099999676, 0.000000000000000000, 0.6772998999999999548 ) ) ;
#3051 = EDGE_CURVE ( 'NONE', #2132, #2010, #2281, .T. ) ;
#3052 = CARTESIAN_POINT ( 'NONE',  ( 9.339845528055001012, 22.50000000000000000, 0.5100000000000000089 ) ) ;
#3053 = ORIENTED_EDGE ( 'NONE', *, *, #1771, .T. ) ;
#3054 = DIRECTION ( 'NONE',  ( -1.000000000000000000, 0.000000000000000000, 0.000000000000000000 ) ) ;
#3055 = ORIENTED_EDGE ( 'NONE', *, *, #2859, .F. ) ;
#3056 = ADVANCED_FACE ( 'NONE', ( #3177 ), #2453, .F. ) ;
#3057 = FILL_AREA_STYLE_COLOUR ( '', #3307 ) ;
#3058 = CARTESIAN_POINT ( 'NONE',  ( 20.00156939100000031, 19.50000000000000000, 0.6772998999999999548 ) ) ;
#3059 = ORIENTED_EDGE ( 'NONE', *, *, #2748, .T. ) ;
#3060 =( NAMED_UNIT ( * ) SI_UNIT ( $, .STERADIAN. ) SOLID_ANGLE_UNIT ( ) );
#3061 = VERTEX_POINT ( 'NONE', #4242 ) ;
#3062 = CARTESIAN_POINT ( 'NONE',  ( -23.50000000000000000, -23.50000000000000000, 5.307299999999999685 ) ) ;
#3064 = CARTESIAN_POINT ( 'NONE',  ( 20.00156939100000031, 19.50000000000000000, 0.5772998999999999770 ) ) ;
#3063 = CARTESIAN_POINT ( 'NONE',  ( 25.00000000000000000, 22.50000000000000000, 0.000000000000000000 ) ) ;
#3065 = EDGE_CURVE ( 'NONE', #757, #358, #4584, .T. ) ;
#3066 = ORIENTED_EDGE ( 'NONE', *, *, #199, .F. ) ;
#3067 = VERTEX_POINT ( 'NONE', #17 ) ;
#3068 = DIRECTION ( 'NONE',  ( 0.000000000000000000, 0.000000000000000000, 1.000000000000000000 ) ) ;
#3069 = DIRECTION ( 'NONE',  ( 1.000000000000000000, 0.000000000000000000, 0.000000000000000000 ) ) ;
#3071 = CARTESIAN_POINT ( 'NONE',  ( 21.50156939099999676, -19.50000000000000000, 0.6772998999999999548 ) ) ;
#3070 = DIRECTION ( 'NONE',  ( 0.000000000000000000, -1.000000000000000000, 0.000000000000000000 ) ) ;
#3072 = DIRECTION ( 'NONE',  ( 1.000000000000000000, 0.000000000000000000, 0.000000000000000000 ) ) ;
#3073 = SURFACE_SIDE_STYLE ('',( #3100 ) ) ;
#3074 = AXIS2_PLACEMENT_3D ( 'NONE', #2069, #3936, #684 ) ;
#3075 = CYLINDRICAL_SURFACE ( 'NONE', #1480, 3.000000000000000888 ) ;
#3076 = EDGE_CURVE ( 'NONE', #2372, #3633, #2416, .T. ) ;
#3077 = CIRCLE ( 'NONE', #1157, 1.500000000000001332 ) ;
#3078 = VERTEX_POINT ( 'NONE', #3559 ) ;
#3079 = VECTOR ( 'NONE', #2306, 1000.000000000000000 ) ;
#3080 = DIRECTION ( 'NONE',  ( 0.000000000000000000, 0.000000000000000000, 1.000000000000000000 ) ) ;
#3081 = DIRECTION ( 'NONE',  ( 1.000000000000000000, 0.000000000000000000, 0.000000000000000000 ) ) ;
#3082 = ORIENTED_EDGE ( 'NONE', *, *, #545, .T. ) ;
#3083 = AXIS2_PLACEMENT_3D ( 'NONE', #1591, #3639, #3707 ) ;
#3084 = VECTOR ( 'NONE', #527, 1000.000000000000000 ) ;
#3085 = ADVANCED_FACE ( 'NONE', ( #2501 ), #1443, .F. ) ;
#3086 = EDGE_LOOP ( 'NONE', ( #3984, #342, #497, #3571 ) ) ;
#3087 = VECTOR ( 'NONE', #4524, 1000.000000000000000 ) ;
#3089 = LINE ( 'NONE', #3815, #325 ) ;
#3088 = DIRECTION ( 'NONE',  ( 0.000000000000000000, 0.000000000000000000, 1.000000000000000000 ) ) ;
#3090 = VECTOR ( 'NONE', #3913, 1000.000000000000000 ) ;
#3091 = ORIENTED_EDGE ( 'NONE', *, *, #4101, .T. ) ;
#3092 = ORIENTED_EDGE ( 'NONE', *, *, #473, .F. ) ;
#3093 = DIRECTION ( 'NONE',  ( 0.000000000000000000, 0.000000000000000000, 1.000000000000000000 ) ) ;
#3094 = AXIS2_PLACEMENT_3D ( 'NONE', #2521, #2252, #3937 ) ;
#3095 = EDGE_CURVE ( 'NONE', #2665, #1175, #2847, .T. ) ;
#3096 = DIRECTION ( 'NONE',  ( 1.000000000000000000, 0.000000000000000000, 0.000000000000000000 ) ) ;
#3097 = SHAPE_REPRESENTATION ( 'Open CASCADE STEP translator 7.8 1.8_1.STEP', ( #3551 ), #2580 ) ;
#3098 = STYLED_ITEM ( 'NONE', ( #254 ), #4392 ) ;
#3099 = CARTESIAN_POINT ( 'NONE',  ( -15.00000000000000000, 3.000000000000000000, 0.000000000000000000 ) ) ;
#3100 = SURFACE_STYLE_FILL_AREA ( #2243 ) ;
#3101 = AXIS2_PLACEMENT_3D ( 'NONE', #3624, #827, #1458 ) ;
#3102 = PLANE ( 'NONE',  #4228 ) ;
#3103 = EDGE_LOOP ( 'NONE', ( #2028, #2807, #1227, #4171 ) ) ;
#3104 = PLANE ( 'NONE',  #1076 ) ;
#3105 = CARTESIAN_POINT ( 'NONE',  ( 13.50000000000000000, 13.50000000000000000, 5.307299999999999685 ) ) ;
#3106 = VERTEX_POINT ( 'NONE', #1062 ) ;
#3107 = AXIS2_PLACEMENT_3D ( 'NONE', #2022, #270, #205 ) ;
#3108 = DIRECTION ( 'NONE',  ( 0.000000000000000000, 0.000000000000000000, 1.000000000000000000 ) ) ;
#3109 = EDGE_CURVE ( 'NONE', #3322, #1404, #1008, .T. ) ;
#3110 = DIRECTION ( 'NONE',  ( 1.000000000000000000, 0.000000000000000000, 0.000000000000000000 ) ) ;
#3112 = DIRECTION ( 'NONE',  ( 1.000000000000000000, 0.000000000000000000, 0.000000000000000000 ) ) ;
#3111 = PLANE ( 'NONE',  #3843 ) ;
#3113 = ORIENTED_EDGE ( 'NONE', *, *, #2973, .T. ) ;
#3114 = CARTESIAN_POINT ( 'NONE',  ( 15.00000000000000000, -2.492782445396999579E-14, 0.1779999999999999916 ) ) ;
#3116 = DIRECTION ( 'NONE',  ( 0.000000000000000000, 0.000000000000000000, 1.000000000000000000 ) ) ;
#3115 = DIRECTION ( 'NONE',  ( -0.1305261922199764946, 0.9914448613738203742, 0.000000000000000000 ) ) ;
#3117 = FACE_BOUND ( 'NONE', #4049, .T. ) ;
#3118 = DIRECTION ( 'NONE',  ( 0.000000000000000000, 1.000000000000000000, 0.000000000000000000 ) ) ;
#3119 = FACE_OUTER_BOUND ( 'NONE', #3478, .T. ) ;
#3120 = ORIENTED_EDGE ( 'NONE', *, *, #1184, .T. ) ;
#3121 = CARTESIAN_POINT ( 'NONE',  ( 20.00156939100000031, 19.50000000000000000, 0.5772998999999999770 ) ) ;
#3122 = ORIENTED_EDGE ( 'NONE', *, *, #2973, .F. ) ;
#3123 = APPLICATION_PROTOCOL_DEFINITION ( 'draft international standard', 'automotive_design', 1998, #738 ) ;
#3124 = DIRECTION ( 'NONE',  ( -1.000000000000000000, 0.000000000000000000, 0.000000000000000000 ) ) ;
#3126 =( NAMED_UNIT ( * ) SI_UNIT ( $, .STERADIAN. ) SOLID_ANGLE_UNIT ( ) );
#3125 = CARTESIAN_POINT ( 'NONE',  ( -4.984788404149999792E-15, 22.50000000000000000, 0.5773000000000000353 ) ) ;
#3127 = ADVANCED_FACE ( 'NONE', ( #3130 ), #4565, .T. ) ;
#3128 = VERTEX_POINT ( 'NONE', #1044 ) ;
#3129 = CARTESIAN_POINT ( 'NONE',  ( 21.50156939064299877, 19.50000000000000000, 0.5773000000000000353 ) ) ;
#3131 = DIRECTION ( 'NONE',  ( 0.000000000000000000, 0.000000000000000000, 1.000000000000000000 ) ) ;
#3130 = FACE_OUTER_BOUND ( 'NONE', #1038, .T. ) ;
#3132 = CARTESIAN_POINT ( 'NONE',  ( 23.50000000000000000, -23.50000000000000000, 8.507300000000000750 ) ) ;
#3133 = FACE_OUTER_BOUND ( 'NONE', #3857, .T. ) ;
#3134 = ADVANCED_FACE ( 'NONE', ( #4546 ), #3886, .F. ) ;
#3135 = CARTESIAN_POINT ( 'NONE',  ( -13.50000000000000000, 16.50000000000000000, 8.507300000000000750 ) ) ;
#3136 = FACE_OUTER_BOUND ( 'NONE', #1284, .T. ) ;
#3137 = DIRECTION ( 'NONE',  ( 1.000000000000000000, 0.000000000000000000, 0.000000000000000000 ) ) ;
#3138 = PRODUCT_DEFINITION_FORMATION_WITH_SPECIFIED_SOURCE ( 'ANY', '', #3925, .NOT_KNOWN. ) ;
#3139 = EDGE_LOOP ( 'NONE', ( #290, #2896 ) ) ;
#3140 = VECTOR ( 'NONE', #1662, 1000.000000000000000 ) ;
#3141 = DIRECTION ( 'NONE',  ( 0.000000000000000000, 1.000000000000000000, 0.000000000000000000 ) ) ;
#3142 = ORIENTED_EDGE ( 'NONE', *, *, #3803, .F. ) ;
#3143 = ADVANCED_FACE ( 'NONE', ( #4287 ), #3508, .F. ) ;
#3144 = APPLICATION_PROTOCOL_DEFINITION ( 'draft international standard', 'automotive_design', 1998, #2979 ) ;
#3145 = VECTOR ( 'NONE', #1687, 1000.000000000000000 ) ;
#3146 = AXIS2_PLACEMENT_3D ( 'NONE', #1166, #2585, #819 ) ;
#3147 = CIRCLE ( 'NONE', #1147, 2.999999999999999112 ) ;
#3148 = CARTESIAN_POINT ( 'NONE',  ( 16.50000000000000000, -13.50000000000000000, 8.507300000000000750 ) ) ;
#3150 =( NAMED_UNIT ( * ) SI_UNIT ( $, .STERADIAN. ) SOLID_ANGLE_UNIT ( ) );
#3149 = CARTESIAN_POINT ( 'NONE',  ( 26.50000000000000000, 23.50000000000000000, 8.507300000000000750 ) ) ;
#3151 = ORIENTED_EDGE ( 'NONE', *, *, #758, .F. ) ;
#3152 = VECTOR ( 'NONE', #2495, 1000.000000000000000 ) ;
#3153 = ORIENTED_EDGE ( 'NONE', *, *, #3712, .F. ) ;
#3154 = DIRECTION ( 'NONE',  ( 0.000000000000000000, 0.000000000000000000, 1.000000000000000000 ) ) ;
#3155 = EDGE_CURVE ( 'NONE', #2814, #2162, #2475, .T. ) ;
#3156 = VERTEX_POINT ( 'NONE', #1351 ) ;
#3157 =( GEOMETRIC_REPRESENTATION_CONTEXT ( 3 ) GLOBAL_UNCERTAINTY_ASSIGNED_CONTEXT ( ( #3731 ) ) GLOBAL_UNIT_ASSIGNED_CONTEXT ( ( #49, #3181, #3161 ) ) REPRESENTATION_CONTEXT ( 'NONE', 'WORKASPACE' ) );
#3158 = AXIS2_PLACEMENT_3D ( 'NONE', #3747, #1303, #1992 ) ;
#3159 = PLANE ( 'NONE',  #3369 ) ;
#3160 = VECTOR ( 'NONE', #1913, 1000.000000000000000 ) ;
#3161 =( NAMED_UNIT ( * ) SI_UNIT ( $, .STERADIAN. ) SOLID_ANGLE_UNIT ( ) );
#3162 = DIRECTION ( 'NONE',  ( 0.000000000000000000, 1.000000000000000000, 0.000000000000000000 ) ) ;
#3163 = EDGE_CURVE ( 'NONE', #1700, #2365, #1463, .T. ) ;
#3164 = LINE ( 'NONE', #3616, #264 ) ;
#3165 = VECTOR ( 'NONE', #3141, 1000.000000000000000 ) ;
#3166 = PRODUCT ( 'Open CASCADE STEP translator 7.8 1.2_9.STEP', 'Open CASCADE STEP translator 7.8 1.2_9.STEP', '', ( #4373 ) ) ;
#3167 = ORIENTED_EDGE ( 'NONE', *, *, #44, .F. ) ;
#3168 = STYLED_ITEM ( 'NONE', ( #3383 ), #4491 ) ;
#3169 = DIRECTION ( 'NONE',  ( 1.000000000000000000, 0.000000000000000000, 0.000000000000000000 ) ) ;
#3170 = ORIENTED_EDGE ( 'NONE', *, *, #493, .T. ) ;
#3171 = DIRECTION ( 'NONE',  ( 0.000000000000000000, 0.000000000000000000, 1.000000000000000000 ) ) ;
#3173 = PLANE ( 'NONE',  #38 ) ;
#3172 = CARTESIAN_POINT ( 'NONE',  ( -21.50156939099999676, 19.50000000000000000, 0.6772998999999999548 ) ) ;
#3174 = EDGE_LOOP ( 'NONE', ( #492, #724 ) ) ;
#3175 = EDGE_CURVE ( 'NONE', #2916, #4023, #2758, .T. ) ;
#3176 = ORIENTED_EDGE ( 'NONE', *, *, #372, .T. ) ;
#3177 = FACE_OUTER_BOUND ( 'NONE', #1822, .T. ) ;
#3178 = ORIENTED_EDGE ( 'NONE', *, *, #1599, .T. ) ;
#3179 = CARTESIAN_POINT ( 'NONE',  ( 0.000000000000000000, 0.000000000000000000, 0.000000000000000000 ) ) ;
#3180 = DIRECTION ( 'NONE',  ( 0.000000000000000000, 1.000000000000000000, 0.000000000000000000 ) ) ;
#3181 =( NAMED_UNIT ( * ) PLANE_ANGLE_UNIT ( ) SI_UNIT ( $, .RADIAN. ) );
#3182 = CARTESIAN_POINT ( 'NONE',  ( -36.50000010000000117, -36.50000010000000117, 0.6772998999999999548 ) ) ;
#3183 = CARTESIAN_POINT ( 'NONE',  ( 25.00000000000000000, -16.50000000000000000, 0.3992999999999999883 ) ) ;
#3184 = DIRECTION ( 'NONE',  ( 0.000000000000000000, 0.000000000000000000, 1.000000000000000000 ) ) ;
#3185 = EDGE_CURVE ( 'NONE', #1790, #4535, #4221, .T. ) ;
#3186 = ORIENTED_EDGE ( 'NONE', *, *, #3095, .T. ) ;
#3187 = CARTESIAN_POINT ( 'NONE',  ( -21.50156939063999673, -19.50000000000000000, 5.307299999999999685 ) ) ;
#3188 = ORIENTED_EDGE ( 'NONE', *, *, #2238, .F. ) ;
#3189 =( LENGTH_UNIT ( ) NAMED_UNIT ( * ) SI_UNIT ( .MILLI., .METRE. ) );
#3190 = VERTEX_POINT ( 'NONE', #2074 ) ;
#3191 = EDGE_CURVE ( 'NONE', #3912, #4164, #4192, .T. ) ;
#3192 = DIRECTION ( 'NONE',  ( 1.000000000000000000, 0.000000000000000000, 0.000000000000000000 ) ) ;
#3193 = DIRECTION ( 'NONE',  ( -1.000000000000000000, 0.000000000000000000, 0.000000000000000000 ) ) ;
#3194 = ORIENTED_EDGE ( 'NONE', *, *, #1993, .F. ) ;
#3195 = EDGE_LOOP ( 'NONE', ( #3842, #2436, #3720, #3281 ) ) ;
#3197 = CARTESIAN_POINT ( 'NONE',  ( -25.00000000000000000, 0.000000000000000000, 0.000000000000000000 ) ) ;
#3196 = DIRECTION ( 'NONE',  ( 1.000000000000000000, -1.661854963597999982E-15, 0.000000000000000000 ) ) ;
#3198 = ORIENTED_EDGE ( 'NONE', *, *, #1736, .F. ) ;
#3199 = PRODUCT ( 'Open CASCADE STEP translator 7.8 1.15.STEP', 'Open CASCADE STEP translator 7.8 1.15.STEP', '', ( #663 ) ) ;
#3200 = EDGE_CURVE ( 'NONE', #3713, #4594, #297, .T. ) ;
#3201 = LINE ( 'NONE', #20, #3461 ) ;
#3202 = FACE_OUTER_BOUND ( 'NONE', #3284, .T. ) ;
#3203 = CARTESIAN_POINT ( 'NONE',  ( -36.50000010000000117, -36.50000010000000117, 0.6772998999999999548 ) ) ;
#3204 = DIRECTION ( 'NONE',  ( 0.000000000000000000, 0.000000000000000000, -1.000000000000000000 ) ) ;
#3205 = VERTEX_POINT ( 'NONE', #74 ) ;
#3206 = CARTESIAN_POINT ( 'NONE',  ( 25.00000000000000000, 0.000000000000000000, 0.3992999999999999883 ) ) ;
#3207 = ORIENTED_EDGE ( 'NONE', *, *, #2766, .T. ) ;
#3208 = EDGE_CURVE ( 'NONE', #4380, #3106, #756, .T. ) ;
#3209 = APPLICATION_PROTOCOL_DEFINITION ( 'draft international standard', 'automotive_design', 1998, #1734 ) ;
#3210 = EDGE_LOOP ( 'NONE', ( #4467, #3855 ) ) ;
#3211 = SURFACE_STYLE_FILL_AREA ( #2889 ) ;
#3212 = CARTESIAN_POINT ( 'NONE',  ( -21.50156939063999673, -19.50000000000000000, 5.307299999999999685 ) ) ;
#3213 = CARTESIAN_POINT ( 'NONE',  ( -23.50000000000000000, -26.50000000000000000, 5.307299999999999685 ) ) ;
#3214 = VERTEX_POINT ( 'NONE', #1494 ) ;
#3215 = VECTOR ( 'NONE', #2688, 1000.000000000000000 ) ;
#3216 = PRODUCT_RELATED_PRODUCT_CATEGORY ( 'part', '', ( #380 ) ) ;
#3217 = ORIENTED_EDGE ( 'NONE', *, *, #1205, .F. ) ;
#3218 = CIRCLE ( 'NONE', #773, 1.500000000000001332 ) ;
#3219 = AXIS2_PLACEMENT_3D ( 'NONE', #2596, #1563, #3629 ) ;
#3220 = CARTESIAN_POINT ( 'NONE',  ( 12.63755779107400024, -16.50000000000000000, 0.3992999999999999883 ) ) ;
#3221 = ORIENTED_EDGE ( 'NONE', *, *, #1853, .F. ) ;
#3222 = CIRCLE ( 'NONE', #1228, 1.500000000000001332 ) ;
#3223 = PRESENTATION_LAYER_ASSIGNMENT (  '', '', ( #3907 ) ) ;
#3224 = DIRECTION ( 'NONE',  ( 0.000000000000000000, 0.000000000000000000, 1.000000000000000000 ) ) ;
#3225 = ADVANCED_FACE ( 'NONE', ( #786 ), #2620, .F. ) ;
#3226 = DIRECTION ( 'NONE',  ( -1.661854963597999982E-15, -1.000000000000000000, 0.000000000000000000 ) ) ;
#3227 = DIRECTION ( 'NONE',  ( 1.000000000000000000, 0.000000000000000000, 0.000000000000000000 ) ) ;
#3228 = VECTOR ( 'NONE', #860, 1000.000000000000000 ) ;
#3229 = AXIS2_PLACEMENT_3D ( 'NONE', #1241, #2309, #2590 ) ;
#3230 = PLANE ( 'NONE',  #2192 ) ;
#3231 = CARTESIAN_POINT ( 'NONE',  ( -23.50000000000000000, 23.50000000000000000, 8.507300000000000750 ) ) ;
#3232 = DIRECTION ( 'NONE',  ( 0.000000000000000000, 0.000000000000000000, -1.000000000000000000 ) ) ;
#3233 = CIRCLE ( 'NONE', #1012, 1.500000000000001332 ) ;
#3234 = ORIENTED_EDGE ( 'NONE', *, *, #1286, .T. ) ;
#3235 = AXIS2_PLACEMENT_3D ( 'NONE', #4166, #3453, #1738 ) ;
#3236 = CYLINDRICAL_SURFACE ( 'NONE', #1848, 3.000000000000000888 ) ;
#3237 = ORIENTED_EDGE ( 'NONE', *, *, #1497, .T. ) ;
#3238 = APPLICATION_PROTOCOL_DEFINITION ( 'draft international standard', 'automotive_design', 1998, #3295 ) ;
#3239 = ORIENTED_EDGE ( 'NONE', *, *, #1663, .T. ) ;
#3240 = PRODUCT_DEFINITION_SHAPE ( 'NONE', 'NONE',  #1291 ) ;
#3241 = CARTESIAN_POINT ( 'NONE',  ( 4.630646784546999193E-15, -16.50000000000000000, 0.1779999999999999916 ) ) ;
#3242 = DIRECTION ( 'NONE',  ( 0.000000000000000000, 0.000000000000000000, 1.000000000000000000 ) ) ;
#3243 = DIRECTION ( 'NONE',  ( 0.000000000000000000, 0.000000000000000000, -1.000000000000000000 ) ) ;
#3244 = STYLED_ITEM ( 'NONE', ( #1887 ), #4478 ) ;
#3245 = EDGE_CURVE ( 'NONE', #3885, #4556, #1872, .T. ) ;
#3246 =( GEOMETRIC_REPRESENTATION_CONTEXT ( 3 ) GLOBAL_UNCERTAINTY_ASSIGNED_CONTEXT ( ( #1926 ) ) GLOBAL_UNIT_ASSIGNED_CONTEXT ( ( #1411, #964, #3567 ) ) REPRESENTATION_CONTEXT ( 'NONE', 'WORKASPACE' ) );
#3247 = ORIENTED_EDGE ( 'NONE', *, *, #2655, .F. ) ;
#3248 = FACE_OUTER_BOUND ( 'NONE', #3558, .T. ) ;
#3249 = ORIENTED_EDGE ( 'NONE', *, *, #1599, .F. ) ;
#3250 = AXIS2_PLACEMENT_3D ( 'NONE', #3041, #4471, #3456 ) ;
#3251 = DIRECTION ( 'NONE',  ( 0.000000000000000000, 1.000000000000000000, 0.000000000000000000 ) ) ;
#3252 =( NAMED_UNIT ( * ) SI_UNIT ( $, .STERADIAN. ) SOLID_ANGLE_UNIT ( ) );
#3253 = LINE ( 'NONE', #3989, #2711 ) ;
#3254 = ADVANCED_FACE ( 'NONE', ( #2183 ), #837, .F. ) ;
#3255 = CARTESIAN_POINT ( 'NONE',  ( -13.50000000000000000, -16.50000000000000000, 8.507300000000000750 ) ) ;
#3256 = CARTESIAN_POINT ( 'NONE',  ( 0.01710552974008000202, -0.007085342409919000335, 0.3992999999999999883 ) ) ;
#3257 = CARTESIAN_POINT ( 'NONE',  ( -23.00156939100000031, 1.836970198721000105E-16, 0.5772998999999999770 ) ) ;
#3258 = EDGE_LOOP ( 'NONE', ( #3142, #3653 ) ) ;
#3259 = DIRECTION ( 'NONE',  ( -1.000000000000000000, 0.000000000000000000, 0.000000000000000000 ) ) ;
#3260 = CARTESIAN_POINT ( 'NONE',  ( 0.000000000000000000, -16.50000000000000000, 0.5773000000000000353 ) ) ;
#3261 = VERTEX_POINT ( 'NONE', #4330 ) ;
#3262 = DIRECTION ( 'NONE',  ( 1.000000000000000000, 0.000000000000000000, 0.000000000000000000 ) ) ;
#3263 = EDGE_CURVE ( 'NONE', #221, #4310, #3606, .T. ) ;
#3264 = APPLICATION_PROTOCOL_DEFINITION ( 'draft international standard', 'automotive_design', 1998, #1015 ) ;
#3265 = EDGE_LOOP ( 'NONE', ( #2728, #1813 ) ) ;
#3266 = DIRECTION ( 'NONE',  ( 1.000000000000000000, 0.000000000000000000, 0.000000000000000000 ) ) ;
#3267 = CARTESIAN_POINT ( 'NONE',  ( 25.00000000000000000, 3.000000000000000000, 0.5773000000000000353 ) ) ;
#3268 = ORIENTED_EDGE ( 'NONE', *, *, #1262, .T. ) ;
#3269 = CARTESIAN_POINT ( 'NONE',  ( 0.000000000000000000, 0.000000000000000000, 0.000000000000000000 ) ) ;
#3270 = ORIENTED_EDGE ( 'NONE', *, *, #3185, .F. ) ;
#3271 = CARTESIAN_POINT ( 'NONE',  ( 0.4427789523109999514, -0.03965779445497000233, 0.1779999999999999916 ) ) ;
#3272 = EDGE_CURVE ( 'NONE', #4486, #3865, #1129, .T. ) ;
#3273 = DIRECTION ( 'NONE',  ( 0.000000000000000000, 0.000000000000000000, 1.000000000000000000 ) ) ;
#3274 = CARTESIAN_POINT ( 'NONE',  ( -15.00000000000000000, -3.000000000000000000, 0.000000000000000000 ) ) ;
#3275 = DIRECTION ( 'NONE',  ( 0.000000000000000000, 0.000000000000000000, 1.000000000000000000 ) ) ;
#3276 = DIRECTION ( 'NONE',  ( 0.000000000000000000, 0.000000000000000000, 1.000000000000000000 ) ) ;
#3277 = PRODUCT_RELATED_PRODUCT_CATEGORY ( 'part', '', ( #3166 ) ) ;
#3278 = PRODUCT_DEFINITION_SHAPE ( 'NONE', 'NONE',  #4598 ) ;
#3279 = VERTEX_POINT ( 'NONE', #1569 ) ;
#3280 = FACE_BOUND ( 'NONE', #296, .T. ) ;
#3281 = ORIENTED_EDGE ( 'NONE', *, *, #3450, .T. ) ;
#3282 = CARTESIAN_POINT ( 'NONE',  ( -23.50000000000000000, -26.50000000000000000, 8.507300000000000750 ) ) ;
#3283 = SHAPE_REPRESENTATION ( 'Open CASCADE STEP translator 7.8 1.1_9.STEP', ( #3551 ), #651 ) ;
#3284 = EDGE_LOOP ( 'NONE', ( #3956, #4522, #799, #3549 ) ) ;
#3285 = EDGE_CURVE ( 'NONE', #1145, #1214, #2977, .T. ) ;
#3286 = DIRECTION ( 'NONE',  ( 0.000000000000000000, 0.000000000000000000, 1.000000000000000000 ) ) ;
#3287 = DIRECTION ( 'NONE',  ( 0.000000000000000000, 0.000000000000000000, 1.000000000000000000 ) ) ;
#3288 = DIRECTION ( 'NONE',  ( 0.000000000000000000, 0.000000000000000000, 1.000000000000000000 ) ) ;
#3289 = ORIENTED_EDGE ( 'NONE', *, *, #3095, .F. ) ;
#3290 =( NAMED_UNIT ( * ) PLANE_ANGLE_UNIT ( ) SI_UNIT ( $, .RADIAN. ) );
#3291 = CLOSED_SHELL ( 'NONE', ( #840, #1908, #1246, #271 ) ) ;
#3292 = VERTEX_POINT ( 'NONE', #1608 ) ;
#3293 = DIRECTION ( 'NONE',  ( 0.000000000000000000, 0.000000000000000000, 1.000000000000000000 ) ) ;
#3294 = AXIS2_PLACEMENT_3D ( 'NONE', #3375, #1949, #3352 ) ;
#3295 = APPLICATION_CONTEXT ( 'automotive_design' ) ;
#3296 = VECTOR ( 'NONE', #866, 1000.000000000000000 ) ;
#3297 = CIRCLE ( 'NONE', #1831, 1.500000000000001332 ) ;
#3298 = CYLINDRICAL_SURFACE ( 'NONE', #4576, 0.04000000000001997097 ) ;
#3299 = CARTESIAN_POINT ( 'NONE',  ( 23.50000000000000000, 23.50000000000000000, 8.507300000000000750 ) ) ;
#3300 = ADVANCED_FACE ( 'NONE', ( #526, #2681 ), #167, .T. ) ;
#3301 = CARTESIAN_POINT ( 'NONE',  ( 21.50156939099999676, 0.000000000000000000, 0.6772998999999999548 ) ) ;
#3302 = AXIS2_PLACEMENT_3D ( 'NONE', #2832, #3964, #610 ) ;
#3303 = UNCERTAINTY_MEASURE_WITH_UNIT (LENGTH_MEASURE( 1.000000000000000082E-05 ), #3468, 'distance_accuracy_value', 'NONE');
#3304 = AXIS2_PLACEMENT_3D ( 'NONE', #3702, #75, #2895 ) ;
#3305 =( LENGTH_UNIT ( ) NAMED_UNIT ( * ) SI_UNIT ( .MILLI., .METRE. ) );
#3306 = FACE_OUTER_BOUND ( 'NONE', #3810, .T. ) ;
#3307 = COLOUR_RGB ( '',0.7921568627450980005, 0.8196078431372548767, 0.9333333333333333481 ) ;
#3308 = ORIENTED_EDGE ( 'NONE', *, *, #1383, .T. ) ;
#3309 = STYLED_ITEM ( 'NONE', ( #494 ), #1412 ) ;
#3310 = EDGE_CURVE ( 'NONE', #667, #3788, #901, .T. ) ;
#3311 = PLANE ( 'NONE',  #3323 ) ;
#3312 = ORIENTED_EDGE ( 'NONE', *, *, #3854, .F. ) ;
#3313 = VECTOR ( 'NONE', #3742, 1000.000000000000114 ) ;
#3314 = APPLICATION_PROTOCOL_DEFINITION ( 'draft international standard', 'automotive_design', 1998, #66 ) ;
#3315 = VECTOR ( 'NONE', #1059, 1000.000000000000000 ) ;
#3316 = CARTESIAN_POINT ( 'NONE',  ( -25.00000000000000000, 16.50000000000000000, 0.5773000000000000353 ) ) ;
#3317 = DIRECTION ( 'NONE',  ( 0.000000000000000000, 0.000000000000000000, -1.000000000000000000 ) ) ;
#3318 = DIRECTION ( 'NONE',  ( 0.000000000000000000, 0.000000000000000000, 1.000000000000000000 ) ) ;
#3319 = ORIENTED_EDGE ( 'NONE', *, *, #3376, .T. ) ;
#3320 =( NAMED_UNIT ( * ) PLANE_ANGLE_UNIT ( ) SI_UNIT ( $, .RADIAN. ) );
#3321 = VECTOR ( 'NONE', #4113, 1000.000000000000000 ) ;
#3322 = VERTEX_POINT ( 'NONE', #1295 ) ;
#3323 = AXIS2_PLACEMENT_3D ( 'NONE', #159, #4067, #2012 ) ;
#3325 = PLANE ( 'NONE',  #995 ) ;
#3324 = DIRECTION ( 'NONE',  ( 0.000000000000000000, 0.000000000000000000, 1.000000000000000000 ) ) ;
#3326 = ADVANCED_FACE ( 'NONE', ( #547 ), #225, .T. ) ;
#3327 = CARTESIAN_POINT ( 'NONE',  ( -16.50000000000000000, -13.50000000000000000, 5.307299999999999685 ) ) ;
#3328 = CARTESIAN_POINT ( 'NONE',  ( -25.00000000000000000, -22.50000000000000000, 0.1779999999999999916 ) ) ;
#3329 = LINE ( 'NONE', #192, #402 ) ;
#3330 = AXIS2_PLACEMENT_3D ( 'NONE', #1630, #4076, #2042 ) ;
#3331 =( LENGTH_UNIT ( ) NAMED_UNIT ( * ) SI_UNIT ( .MILLI., .METRE. ) );
#3332 = ORIENTED_EDGE ( 'NONE', *, *, #2967, .T. ) ;
#3333 = EDGE_LOOP ( 'NONE', ( #3359, #3366 ) ) ;
#3334 = EDGE_CURVE ( 'NONE', #3670, #1183, #3019, .T. ) ;
#3335 = ORIENTED_EDGE ( 'NONE', *, *, #1567, .T. ) ;
#3336 = PRESENTATION_STYLE_ASSIGNMENT (( #3693 ) ) ;
#3337 = DIRECTION ( 'NONE',  ( 1.000000000000000000, 0.000000000000000000, 0.000000000000000000 ) ) ;
#3338 = LINE ( 'NONE', #4048, #1016 ) ;
#3339 = ORIENTED_EDGE ( 'NONE', *, *, #855, .T. ) ;
#3340 = EDGE_CURVE ( 'NONE', #1914, #1676, #2487, .T. ) ;
#3341 = VERTEX_POINT ( 'NONE', #507 ) ;
#3343 = DIRECTION ( 'NONE',  ( 1.000000000000000000, 2.215461512956000046E-16, 0.000000000000000000 ) ) ;
#3342 = DIRECTION ( 'NONE',  ( -1.000000000000000000, -2.215461512956000046E-16, 0.000000000000000000 ) ) ;
#3344 = ORIENTED_EDGE ( 'NONE', *, *, #1931, .T. ) ;
#3345 = CARTESIAN_POINT ( 'NONE',  ( 21.50156939064299877, -3.469446951954000336E-15, 0.5773000000000000353 ) ) ;
#3346 = DIRECTION ( 'NONE',  ( -0.7933533402910131205, -0.6087614290090100910, 0.000000000000000000 ) ) ;
#3347 = EDGE_CURVE ( 'NONE', #2408, #4092, #248, .T. ) ;
#3348 = CARTESIAN_POINT ( 'NONE',  ( -23.00156939064000028, -3.285749932081897220E-15, 0.5773000000000000353 ) ) ;
#3349 = CARTESIAN_POINT ( 'NONE',  ( -25.00000000000000000, 0.000000000000000000, 0.1779999999999999916 ) ) ;
#3350 = UNCERTAINTY_MEASURE_WITH_UNIT (LENGTH_MEASURE( 1.000000000000000082E-05 ), #500, 'distance_accuracy_value', 'NONE');
#3351 =( NAMED_UNIT ( * ) SI_UNIT ( $, .STERADIAN. ) SOLID_ANGLE_UNIT ( ) );
#3352 = DIRECTION ( 'NONE',  ( -1.000000000000000000, 0.000000000000000000, 0.000000000000000000 ) ) ;
#3353 = PRESENTATION_STYLE_ASSIGNMENT (( #1951 ) ) ;
#3354 = ITEM_DEFINED_TRANSFORMATION ( 'NONE', 'NONE', #1177,  #3551 ) ;
#3355 = EDGE_LOOP ( 'NONE', ( #916, #1959, #3319, #1022, #3335 ) ) ;
#3356 = EDGE_CURVE ( 'NONE', #1673, #4347, #1254, .T. ) ;
#3357 = LINE ( 'NONE', #176, #4581 ) ;
#3358 = CARTESIAN_POINT ( 'NONE',  ( -0.4430789523109999739, -0.03965779445495000444, 0.3992999999999999883 ) ) ;
#3359 = ORIENTED_EDGE ( 'NONE', *, *, #2415, .T. ) ;
#3360 = DIRECTION ( 'NONE',  ( 0.000000000000000000, 0.000000000000000000, 1.000000000000000000 ) ) ;
#3361 = ORIENTED_EDGE ( 'NONE', *, *, #1091, .T. ) ;
#3362 = CARTESIAN_POINT ( 'NONE',  ( -25.00000000000000000, -16.50000000000000000, 0.1779999999999999916 ) ) ;
#3363 = LINE ( 'NONE', #2642, #4443 ) ;
#3364 = PRODUCT_DEFINITION ( 'UNKNOWN', '', #4085, #4100 ) ;
#3365 = CLOSED_SHELL ( 'NONE', ( #1708, #459, #1895, #2294 ) ) ;
#3366 = ORIENTED_EDGE ( 'NONE', *, *, #379, .T. ) ;
#3367 = CARTESIAN_POINT ( 'NONE',  ( 23.50000000000000000, -26.50000000000000000, 5.307299999999999685 ) ) ;
#3368 = LINE ( 'NONE', #3705, #2566 ) ;
#3369 = AXIS2_PLACEMENT_3D ( 'NONE', #300, #625, #3510 ) ;
#3370 = DIRECTION ( 'NONE',  ( 0.000000000000000000, 0.000000000000000000, 1.000000000000000000 ) ) ;
#3371 = DIRECTION ( 'NONE',  ( 0.000000000000000000, 0.000000000000000000, 1.000000000000000000 ) ) ;
#3372 =( NAMED_UNIT ( * ) PLANE_ANGLE_UNIT ( ) SI_UNIT ( $, .RADIAN. ) );
#3373 = CIRCLE ( 'NONE', #320, 1.500000000000001332 ) ;
#3374 = AXIS2_PLACEMENT_3D ( 'NONE', #3132, #4527, #998 ) ;
#3375 = CARTESIAN_POINT ( 'NONE',  ( 21.50156939064299877, 19.50000000000000000, 5.307299999999999685 ) ) ;
#3376 = EDGE_CURVE ( 'NONE', #3912, #1089, #1584, .T. ) ;
#3377 = ADVANCED_FACE ( 'NONE', ( #2994 ), #208, .F. ) ;
#3378 = LINE ( 'NONE', #3099, #1603 ) ;
#3379 = VECTOR ( 'NONE', #2855, 1000.000000000000000 ) ;
#3380 = AXIS2_PLACEMENT_3D ( 'NONE', #3724, #1255, #2682 ) ;
#3381 =( NAMED_UNIT ( * ) SI_UNIT ( $, .STERADIAN. ) SOLID_ANGLE_UNIT ( ) );
#3382 = EDGE_LOOP ( 'NONE', ( #2538, #2494, #2919, #3967 ) ) ;
#3383 = PRESENTATION_STYLE_ASSIGNMENT (( #3032 ) ) ;
#3384 = AXIS2_PLACEMENT_3D ( 'NONE', #3575, #776, #2913 ) ;
#3385 = ORIENTED_EDGE ( 'NONE', *, *, #3436, .T. ) ;
#3386 = FILL_AREA_STYLE_COLOUR ( '', #3758 ) ;
#3387 = VECTOR ( 'NONE', #4015, 1000.000000000000000 ) ;
#3388 = LINE ( 'NONE', #1582, #2640 ) ;
#3389 = ORIENTED_EDGE ( 'NONE', *, *, #3896, .F. ) ;
#3390 = AXIS2_PLACEMENT_3D ( 'NONE', #4359, #1498, #460 ) ;
#3391 = DIRECTION ( 'NONE',  ( 0.000000000000000000, 0.000000000000000000, 1.000000000000000000 ) ) ;
#3392 = CIRCLE ( 'NONE', #1766, 1.500000000000001332 ) ;
#3393 = APPLICATION_CONTEXT ( 'automotive_design' ) ;
#3394 = VERTEX_POINT ( 'NONE', #4475 ) ;
#3395 = PLANE ( 'NONE',  #2263 ) ;
#3397 = CARTESIAN_POINT ( 'NONE',  ( 0.002411567222444000163, -0.01831767164798999911, 0.1779999999999999916 ) ) ;
#3396 = DIRECTION ( 'NONE',  ( 0.000000000000000000, 0.000000000000000000, 1.000000000000000000 ) ) ;
#3398 = PRODUCT_DEFINITION_CONTEXT ( 'detailed design', #2979, 'design' ) ;
#3399 = CIRCLE ( 'NONE', #3697, 3.000000000000000888 ) ;
#3400 = EDGE_CURVE ( 'NONE', #3620, #3797, #630, .T. ) ;
#3401 = DIRECTION ( 'NONE',  ( -1.000000000000000000, 0.000000000000000000, 0.000000000000000000 ) ) ;
#3402 = VECTOR ( 'NONE', #314, 1000.000000000000000 ) ;
#3403 = CARTESIAN_POINT ( 'NONE',  ( 13.50000000000000000, 16.50000000000000000, 8.507300000000000750 ) ) ;
#3404 = DIRECTION ( 'NONE',  ( 0.000000000000000000, 0.000000000000000000, 1.000000000000000000 ) ) ;
#3405 = DIRECTION ( 'NONE',  ( 0.000000000000000000, -1.000000000000000000, 0.000000000000000000 ) ) ;
#3406 = EDGE_CURVE ( 'NONE', #3713, #1709, #1960, .T. ) ;
#3407 = PRESENTATION_STYLE_ASSIGNMENT (( #643 ) ) ;
#3408 = DIRECTION ( 'NONE',  ( 0.000000000000000000, 0.000000000000000000, -1.000000000000000000 ) ) ;
#3409 = PRODUCT_DEFINITION_FORMATION_WITH_SPECIFIED_SOURCE ( 'ANY', '', #3166, .NOT_KNOWN. ) ;
#3410 = ORIENTED_EDGE ( 'NONE', *, *, #1796, .F. ) ;
#3411 = CARTESIAN_POINT ( 'NONE',  ( -23.00156939064000028, 19.50000000000000000, 5.307299999999999685 ) ) ;
#3412 = DIRECTION ( 'NONE',  ( 0.000000000000000000, 0.000000000000000000, 1.000000000000000000 ) ) ;
#3413 = ORIENTED_EDGE ( 'NONE', *, *, #4324, .T. ) ;
#3414 = EDGE_CURVE ( 'NONE', #3797, #3067, #3363, .T. ) ;
#3415 = DIRECTION ( 'NONE',  ( 1.000000000000000000, 0.000000000000000000, 0.000000000000000000 ) ) ;
#3416 = ORIENTED_EDGE ( 'NONE', *, *, #1663, .F. ) ;
#3417 = PLANE ( 'NONE',  #1290 ) ;
#3419 =( NAMED_UNIT ( * ) SI_UNIT ( $, .STERADIAN. ) SOLID_ANGLE_UNIT ( ) );
#3418 = CARTESIAN_POINT ( 'NONE',  ( -21.50156939099999676, 19.50000000000000000, 0.5772998999999999770 ) ) ;
#3420 = ORIENTED_EDGE ( 'NONE', *, *, #1231, .F. ) ;
#3421 = PLANE ( 'NONE',  #1224 ) ;
#3422 = EDGE_LOOP ( 'NONE', ( #3497, #1837, #4492, #1847, #726 ) ) ;
#3423 = ADVANCED_FACE ( 'NONE', ( #887 ), #2367, .F. ) ;
#3425 = DIRECTION ( 'NONE',  ( 0.000000000000000000, 0.000000000000000000, -1.000000000000000000 ) ) ;
#3424 = CARTESIAN_POINT ( 'NONE',  ( 9.339845528055001012, 16.50000000000000000, 0.3992999999999999883 ) ) ;
#3426 = CARTESIAN_POINT ( 'NONE',  ( -30.00000000000000000, -30.00000000000000000, 5.307299999999999685 ) ) ;
#3427 = LINE ( 'NONE', #655, #2343 ) ;
#3428 = EDGE_CURVE ( 'NONE', #2888, #1128, #3995, .T. ) ;
#3429 = CARTESIAN_POINT ( 'NONE',  ( 25.00000000000000000, 3.000000000000000000, 0.000000000000000000 ) ) ;
#3430 = CONTEXT_DEPENDENT_SHAPE_REPRESENTATION ( #4152, #879 ) ;
#3431 = ORIENTED_EDGE ( 'NONE', *, *, #1032, .F. ) ;
#3432 = DIRECTION ( 'NONE',  ( 0.000000000000000000, 0.000000000000000000, 1.000000000000000000 ) ) ;
#3433 = LINE ( 'NONE', #3039, #277 ) ;
#3434 = ORIENTED_EDGE ( 'NONE', *, *, #3272, .T. ) ;
#3435 = DIRECTION ( 'NONE',  ( 0.000000000000000000, 0.000000000000000000, 1.000000000000000000 ) ) ;
#3436 = EDGE_CURVE ( 'NONE', #3885, #1200, #1545, .T. ) ;
#3437 = ORIENTED_EDGE ( 'NONE', *, *, #727, .F. ) ;
#3439 = LINE ( 'NONE', #902, #3084 ) ;
#3438 = CARTESIAN_POINT ( 'NONE',  ( -25.00000000000000000, -3.000000000000000000, 0.000000000000000000 ) ) ;
#3440 = ORIENTED_EDGE ( 'NONE', *, *, #3500, .T. ) ;
#3442 = LINE ( 'NONE', #1689, #1074 ) ;
#3441 = CARTESIAN_POINT ( 'NONE',  ( -0.1870448187000000040, -0.4032867181899999487, 0.000000000000000000 ) ) ;
#3443 = SHAPE_REPRESENTATION_RELATIONSHIP ( 'NONE' , 'NONE' ,  #63, #4417 ) ;
#3444 = CARTESIAN_POINT ( 'NONE',  ( 0.000000000000000000, -3.000000000000000000, 0.3992999999999999883 ) ) ;
#3445 = CLOSED_SHELL ( 'NONE', ( #1355, #1629, #4093, #3326 ) ) ;
#3446 = SURFACE_STYLE_USAGE ( .BOTH. , #3073 ) ;
#3447 = VECTOR ( 'NONE', #3072, 1000.000000000000000 ) ;
#3448 = FACE_BOUND ( 'NONE', #3531, .T. ) ;
#3449 = APPLICATION_CONTEXT ( 'automotive_design' ) ;
#3450 = EDGE_CURVE ( 'NONE', #2665, #2010, #4517, .T. ) ;
#3451 = ORIENTED_EDGE ( 'NONE', *, *, #191, .T. ) ;
#3452 = DIRECTION ( 'NONE',  ( 1.000000000000000000, 0.000000000000000000, 0.000000000000000000 ) ) ;
#3453 = DIRECTION ( 'NONE',  ( 0.000000000000000000, 0.000000000000000000, 1.000000000000000000 ) ) ;
#3454 = EDGE_LOOP ( 'NONE', ( #4174, #805 ) ) ;
#3455 = VECTOR ( 'NONE', #110, 1000.000000000000000 ) ;
#3456 = DIRECTION ( 'NONE',  ( 1.000000000000000000, 0.000000000000000000, 0.000000000000000000 ) ) ;
#3457 = MECHANICAL_DESIGN_GEOMETRIC_PRESENTATION_REPRESENTATION (  '', ( #4283 ), #4436 ) ;
#3458 = AXIS2_PLACEMENT_3D ( 'NONE', #3231, #1410, #1136 ) ;
#3460 = LINE ( 'NONE', #2071, #2118 ) ;
#3459 = LINE ( 'NONE', #274, #3315 ) ;
#3461 = VECTOR ( 'NONE', #1047, 1000.000000000000000 ) ;
#3462 = ORIENTED_EDGE ( 'NONE', *, *, #2231, .T. ) ;
#3463 = AXIS2_PLACEMENT_3D ( 'NONE', #3418, #1679, #1653 ) ;
#3465 = CYLINDRICAL_SURFACE ( 'NONE', #925, 3.000000000000000888 ) ;
#3464 = DIRECTION ( 'NONE',  ( 0.000000000000000000, 0.000000000000000000, -1.000000000000000000 ) ) ;
#3466 = CARTESIAN_POINT ( 'NONE',  ( 20.00156939064300232, -3.469446951954000336E-15, 0.6773000000000000131 ) ) ;
#3467 = VECTOR ( 'NONE', #4555, 1000.000000000000000 ) ;
#3468 =( LENGTH_UNIT ( ) NAMED_UNIT ( * ) SI_UNIT ( .MILLI., .METRE. ) );
#3469 = CIRCLE ( 'NONE', #3101, 1.500000000000001332 ) ;
#3470 = DIRECTION ( 'NONE',  ( -1.000000000000000000, 0.000000000000000000, 0.000000000000000000 ) ) ;
#3471 =( GEOMETRIC_REPRESENTATION_CONTEXT ( 3 ) GLOBAL_UNCERTAINTY_ASSIGNED_CONTEXT ( ( #107 ) ) GLOBAL_UNIT_ASSIGNED_CONTEXT ( ( #622, #4244, #3822 ) ) REPRESENTATION_CONTEXT ( 'NONE', 'WORKASPACE' ) );
#3472 = ORIENTED_EDGE ( 'NONE', *, *, #1874, .F. ) ;
#3473 = FACE_OUTER_BOUND ( 'NONE', #1933, .T. ) ;
#3474 = VERTEX_POINT ( 'NONE', #4170 ) ;
#3475 = EDGE_CURVE ( 'NONE', #28, #4030, #2352, .T. ) ;
#3476 = AXIS2_PLACEMENT_3D ( 'NONE', #883, #1270, #1289 ) ;
#3477 = PRODUCT_CONTEXT ( 'NONE', #4260, 'mechanical' ) ;
#3478 = EDGE_LOOP ( 'NONE', ( #2349, #1488, #2151, #211 ) ) ;
#3479 = PRODUCT_DEFINITION_FORMATION_WITH_SPECIFIED_SOURCE ( 'ANY', '', #2534, .NOT_KNOWN. ) ;
#3480 = DIRECTION ( 'NONE',  ( 0.000000000000000000, 0.000000000000000000, 1.000000000000000000 ) ) ;
#3482 = FILL_AREA_STYLE ('',( #2223 ) ) ;
#3481 = DIRECTION ( 'NONE',  ( 1.000000000000000000, 0.000000000000000000, 0.000000000000000000 ) ) ;
#3483 = ORIENTED_EDGE ( 'NONE', *, *, #1486, .F. ) ;
#3484 = EDGE_CURVE ( 'NONE', #4412, #3926, #3392, .T. ) ;
#3485 = ORIENTED_EDGE ( 'NONE', *, *, #2148, .F. ) ;
#3486 =( NAMED_UNIT ( * ) SI_UNIT ( $, .STERADIAN. ) SOLID_ANGLE_UNIT ( ) );
#3487 = CARTESIAN_POINT ( 'NONE',  ( 25.00000000000000000, 22.50000000000000000, 0.3992999999999999883 ) ) ;
#3489 = CARTESIAN_POINT ( 'NONE',  ( 0.4079999999999999738, 0.000000000000000000, 0.000000000000000000 ) ) ;
#3488 = CARTESIAN_POINT ( 'NONE',  ( -23.00156939064000028, 19.50000000000000000, 0.6773000000000000131 ) ) ;
#3490 = CARTESIAN_POINT ( 'NONE',  ( -13.50000000000000000, 16.50000000000000000, 8.507300000000000750 ) ) ;
#3491 = EDGE_CURVE ( 'NONE', #1089, #2462, #3862, .T. ) ;
#3492 = LINE ( 'NONE', #3944, #1369 ) ;
#3493 = FACE_OUTER_BOUND ( 'NONE', #2454, .T. ) ;
#3494 = CARTESIAN_POINT ( 'NONE',  ( 0.000000000000000000, 0.000000000000000000, 0.000000000000000000 ) ) ;
#3495 = EDGE_LOOP ( 'NONE', ( #1861, #4554, #3434, #3332 ) ) ;
#3496 = LINE ( 'NONE', #304, #2064 ) ;
#3497 = ORIENTED_EDGE ( 'NONE', *, *, #2295, .T. ) ;
#3498 = DIRECTION ( 'NONE',  ( 1.000000000000000000, 0.000000000000000000, 0.000000000000000000 ) ) ;
#3499 = EDGE_LOOP ( 'NONE', ( #3188, #2752, #2654, #2544, #1300 ) ) ;
#3500 = EDGE_CURVE ( 'NONE', #4164, #3661, #665, .T. ) ;
#3501 = FACE_OUTER_BOUND ( 'NONE', #647, .T. ) ;
#3503 = DIRECTION ( 'NONE',  ( 0.000000000000000000, -1.000000000000000000, 0.000000000000000000 ) ) ;
#3502 = FACE_OUTER_BOUND ( 'NONE', #3972, .T. ) ;
#3504 = ORIENTED_EDGE ( 'NONE', *, *, #4211, .T. ) ;
#3505 = EDGE_CURVE ( 'NONE', #3341, #4535, #272, .T. ) ;
#3506 = ORIENTED_EDGE ( 'NONE', *, *, #2311, .T. ) ;
#3507 = PRODUCT_RELATED_PRODUCT_CATEGORY ( 'part', '', ( #798 ) ) ;
#3508 = PLANE ( 'NONE',  #2938 ) ;
#3509 = ORIENTED_EDGE ( 'NONE', *, *, #1121, .T. ) ;
#3510 = DIRECTION ( 'NONE',  ( 0.000000000000000000, 0.000000000000000000, -1.000000000000000000 ) ) ;
#3511 = PLANE ( 'NONE',  #40 ) ;
#3512 = DIRECTION ( 'NONE',  ( 1.000000000000000000, 0.000000000000000000, 0.000000000000000000 ) ) ;
#3513 = DIRECTION ( 'NONE',  ( -2.215461512956000046E-16, 1.000000000000000000, 0.000000000000000000 ) ) ;
#3514 = VERTEX_POINT ( 'NONE', #4238 ) ;
#3515 = AXIS2_PLACEMENT_3D ( 'NONE', #3732, #2720, #195 ) ;
#3516 = CARTESIAN_POINT ( 'NONE',  ( -12.63760714846999988, 16.50000000000000000, 0.5773000000000000353 ) ) ;
#3517 = EDGE_LOOP ( 'NONE', ( #1469, #813, #826, #2936, #355, #1035 ) ) ;
#3518 = SHAPE_DEFINITION_REPRESENTATION ( #2137, #63 ) ;
#3519 = AXIS2_PLACEMENT_3D ( 'NONE', #2323, #3370, #3069 ) ;
#3520 = CIRCLE ( 'NONE', #1904, 1.500000000000001332 ) ;
#3521 = EDGE_LOOP ( 'NONE', ( #3431, #4301, #207, #3725, #3217, #3410, #1795, #2946, #3669 ) ) ;
#3522 = CIRCLE ( 'NONE', #623, 3.000000000000000888 ) ;
#3523 = CARTESIAN_POINT ( 'NONE',  ( -23.00156939064000028, -19.50000000000000000, 5.307299999999999685 ) ) ;
#3524 = DIRECTION ( 'NONE',  ( 0.000000000000000000, 0.000000000000000000, -1.000000000000000000 ) ) ;
#3525 = EDGE_LOOP ( 'NONE', ( #3268, #2872, #3053, #2823 ) ) ;
#3526 = AXIS2_PLACEMENT_3D ( 'NONE', #1680, #4453, #3112 ) ;
#3527 = VECTOR ( 'NONE', #93, 1000.000000000000000 ) ;
#3528 = VECTOR ( 'NONE', #1384, 1000.000000000000000 ) ;
#3529 = ORIENTED_EDGE ( 'NONE', *, *, #545, .F. ) ;
#3530 = DIRECTION ( 'NONE',  ( 1.000000000000000000, 0.000000000000000000, 0.000000000000000000 ) ) ;
#3531 = EDGE_LOOP ( 'NONE', ( #2673, #4251, #60, #3289, #2641, #2382, #429, #1271 ) ) ;
#3532 = DIRECTION ( 'NONE',  ( 1.000000000000000000, 0.000000000000000000, 0.000000000000000000 ) ) ;
#3533 = AXIS2_PLACEMENT_3D ( 'NONE', #4593, #1729, #3941 ) ;
#3534 = ADVANCED_FACE ( 'NONE', ( #1347 ), #2775, .T. ) ;
#3535 = SHAPE_REPRESENTATION ( 'Open CASCADE STEP translator 7.8 1.6_8.STEP', ( #3551 ), #1172 ) ;
#3536 = FACE_BOUND ( 'NONE', #2637, .T. ) ;
#3537 = AXIS2_PLACEMENT_3D ( 'NONE', #4188, #2107, #3524 ) ;
#3538 = SURFACE_STYLE_FILL_AREA ( #1825 ) ;
#3539 = PLANE ( 'NONE',  #767 ) ;
#3540 = APPLICATION_CONTEXT ( 'automotive_design' ) ;
#3541 = DIRECTION ( 'NONE',  ( 0.000000000000000000, 0.000000000000000000, 1.000000000000000000 ) ) ;
#3542 = LINE ( 'NONE', #351, #864 ) ;
#3543 = DIRECTION ( 'NONE',  ( 0.000000000000000000, 0.000000000000000000, -1.000000000000000000 ) ) ;
#3544 = PRESENTATION_LAYER_ASSIGNMENT (  '', '', ( #3098 ) ) ;
#3545 = EDGE_CURVE ( 'NONE', #1565, #775, #2821, .T. ) ;
#3546 = PRODUCT ( 'Open CASCADE STEP translator 7.8 1.6_8.STEP', 'Open CASCADE STEP translator 7.8 1.6_8.STEP', '', ( #2911 ) ) ;
#3547 = ORIENTED_EDGE ( 'NONE', *, *, #250, .T. ) ;
#3548 = DIRECTION ( 'NONE',  ( 0.000000000000000000, 0.000000000000000000, 1.000000000000000000 ) ) ;
#3549 = ORIENTED_EDGE ( 'NONE', *, *, #3505, .F. ) ;
#3550 = APPLICATION_PROTOCOL_DEFINITION ( 'draft international standard', 'automotive_design', 1998, #2029 ) ;
#3551 = AXIS2_PLACEMENT_3D ( 'NONE', #3494, #1735, #3137 ) ;
#3552 = ADVANCED_FACE ( 'NONE', ( #3502 ), #4259, .T. ) ;
#3553 = AXIS2_PLACEMENT_3D ( 'NONE', #2301, #2002, #4450 ) ;
#3554 = DIRECTION ( 'NONE',  ( 1.000000000000000000, 0.000000000000000000, 0.000000000000000000 ) ) ;
#3555 = DIRECTION ( 'NONE',  ( 0.000000000000000000, 0.000000000000000000, 1.000000000000000000 ) ) ;
#3556 = ORIENTED_EDGE ( 'NONE', *, *, #250, .F. ) ;
#3557 = DIRECTION ( 'NONE',  ( 1.000000000000000000, 0.000000000000000000, 0.000000000000000000 ) ) ;
#3558 = EDGE_LOOP ( 'NONE', ( #2388, #2909, #1575, #235 ) ) ;
#3559 = CARTESIAN_POINT ( 'NONE',  ( 23.00156939100000031, 19.50000000000000000, 0.5772998999999999770 ) ) ;
#3560 = EDGE_LOOP ( 'NONE', ( #4120, #1602 ) ) ;
#3561 = CARTESIAN_POINT ( 'NONE',  ( 23.00156939064299877, 19.50000000000000000, 5.307299999999999685 ) ) ;
#3562 = SURFACE_STYLE_USAGE ( .BOTH. , #3891 ) ;
#3563 = CARTESIAN_POINT ( 'NONE',  ( -30.00000000000000000, -30.00000000000000000, 5.307299999999999685 ) ) ;
#3564 = EDGE_CURVE ( 'NONE', #25, #1737, #4561, .T. ) ;
#3565 = CARTESIAN_POINT ( 'NONE',  ( 23.50000000000000000, 26.50000000000000000, 8.507300000000000750 ) ) ;
#3566 = CARTESIAN_POINT ( 'NONE',  ( -16.50000000000000000, 13.50000000000000000, 8.507300000000000750 ) ) ;
#3567 =( NAMED_UNIT ( * ) SI_UNIT ( $, .STERADIAN. ) SOLID_ANGLE_UNIT ( ) );
#3568 = VERTEX_POINT ( 'NONE', #973 ) ;
#3569 = PRODUCT_DEFINITION ( 'UNKNOWN', '', #885, #975 ) ;
#3570 = DIRECTION ( 'NONE',  ( 0.000000000000000000, 0.000000000000000000, -1.000000000000000000 ) ) ;
#3571 = ORIENTED_EDGE ( 'NONE', *, *, #3594, .T. ) ;
#3572 =( NAMED_UNIT ( * ) PLANE_ANGLE_UNIT ( ) SI_UNIT ( $, .RADIAN. ) );
#3573 = SHAPE_REPRESENTATION ( 'Open CASCADE STEP translator 7.8 1.14.STEP', ( #3551 ), #4532 ) ;
#3574 = ORIENTED_EDGE ( 'NONE', *, *, #1931, .F. ) ;
#3575 = CARTESIAN_POINT ( 'NONE',  ( 9.339845528055001012, -22.50000000000000000, 0.5100000000000000089 ) ) ;
#3576 = CARTESIAN_POINT ( 'NONE',  ( -12.63760714846999988, -16.50000000000000000, 0.1779999999999999916 ) ) ;
#3577 = DIRECTION ( 'NONE',  ( 0.000000000000000000, -1.000000000000000000, 0.000000000000000000 ) ) ;
#3578 = ORIENTED_EDGE ( 'NONE', *, *, #3812, .F. ) ;
#3579 = EDGE_CURVE ( 'NONE', #1737, #4594, #3459, .T. ) ;
#3580 = VERTEX_POINT ( 'NONE', #1365 ) ;
#3581 = ORIENTED_EDGE ( 'NONE', *, *, #2431, .F. ) ;
#3582 = FILL_AREA_STYLE_COLOUR ( '', #278 ) ;
#3583 = PRODUCT_DEFINITION_SHAPE ( 'NONE', 'NONE',  #4063 ) ;
#3584 = CARTESIAN_POINT ( 'NONE',  ( -21.50156939099999676, 19.50000000000000000, 0.5772998999999999770 ) ) ;
#3585 = CYLINDRICAL_SURFACE ( 'NONE', #1748, 1.500000000000001332 ) ;
#3586 = CARTESIAN_POINT ( 'NONE',  ( 9.339845528055001012, 16.50000000000000000, 0.000000000000000000 ) ) ;
#3587 = CARTESIAN_POINT ( 'NONE',  ( 25.00000000000000000, 16.50000000000000000, 0.000000000000000000 ) ) ;
#3588 = SHAPE_REPRESENTATION_RELATIONSHIP ( 'NONE' , 'NONE' ,  #377, #1474 ) ;
#3589 = ORIENTED_EDGE ( 'NONE', *, *, #3985, .T. ) ;
#3590 = DIRECTION ( 'NONE',  ( 1.000000000000000000, 0.000000000000000000, 0.000000000000000000 ) ) ;
#3591 = ORIENTED_EDGE ( 'NONE', *, *, #3155, .F. ) ;
#3592 = VECTOR ( 'NONE', #158, 1000.000000000000000 ) ;
#3593 = SHAPE_DEFINITION_REPRESENTATION ( #1097, #1792 ) ;
#3594 = EDGE_CURVE ( 'NONE', #2371, #1700, #1706, .T. ) ;
#3595 = ORIENTED_EDGE ( 'NONE', *, *, #946, .T. ) ;
#3596 = AXIS2_PLACEMENT_3D ( 'NONE', #3751, #960, #908 ) ;
#3597 = CARTESIAN_POINT ( 'NONE',  ( 25.00000000000000000, -22.50000000000000000, 0.000000000000000000 ) ) ;
#3598 = PLANE ( 'NONE',  #3017 ) ;
#3599 = ORIENTED_EDGE ( 'NONE', *, *, #2735, .T. ) ;
#3600 = AXIS2_PLACEMENT_3D ( 'NONE', #4288, #4222, #2921 ) ;
#3601 = ADVANCED_FACE ( 'NONE', ( #1397 ), #2450, .F. ) ;
#3602 = APPLICATION_CONTEXT ( 'automotive_design' ) ;
#3603 = VERTEX_POINT ( 'NONE', #3814 ) ;
#3604 = VECTOR ( 'NONE', #1991, 1000.000000000000000 ) ;
#3605 = AXIS2_PLACEMENT_3D ( 'NONE', #2184, #4080, #2643 ) ;
#3607 = LINE ( 'NONE', #787, #1534 ) ;
#3606 = LINE ( 'NONE', #3220, #1916 ) ;
#3608 = VERTEX_POINT ( 'NONE', #334 ) ;
#3609 = STYLED_ITEM ( 'NONE', ( #3336 ), #2917 ) ;
#3610 = AXIS2_PLACEMENT_3D ( 'NONE', #2510, #3947, #3557 ) ;
#3611 = CARTESIAN_POINT ( 'NONE',  ( -36.50000010000000117, -36.50000010000000117, 0.6772998999999999548 ) ) ;
#3612 = FACE_BOUND ( 'NONE', #269, .T. ) ;
#3613 = AXIS2_PLACEMENT_3D ( 'NONE', #1750, #1776, #1799 ) ;
#3614 = ADVANCED_FACE ( 'NONE', ( #2755 ), #3111, .T. ) ;
#3615 = FACE_OUTER_BOUND ( 'NONE', #2993, .T. ) ;
#3616 = CARTESIAN_POINT ( 'NONE',  ( 5.204170427930000032E-15, -16.50000000000000000, 0.000000000000000000 ) ) ;
#3617 =( NAMED_UNIT ( * ) PLANE_ANGLE_UNIT ( ) SI_UNIT ( $, .RADIAN. ) );
#3618 = DIRECTION ( 'NONE',  ( 0.000000000000000000, 0.000000000000000000, 1.000000000000000000 ) ) ;
#3619 = AXIS2_PLACEMENT_3D ( 'NONE', #120, #433, #94 ) ;
#3620 = VERTEX_POINT ( 'NONE', #293 ) ;
#3621 = VECTOR ( 'NONE', #1321, 1000.000000000000000 ) ;
#3622 = PLANE ( 'NONE',  #1923 ) ;
#3623 = ORIENTED_EDGE ( 'NONE', *, *, #3767, .F. ) ;
#3624 = CARTESIAN_POINT ( 'NONE',  ( -21.50156939063999673, -19.50000000000000000, 0.6773000000000000131 ) ) ;
#3625 =( GEOMETRIC_REPRESENTATION_CONTEXT ( 3 ) GLOBAL_UNCERTAINTY_ASSIGNED_CONTEXT ( ( #2929 ) ) GLOBAL_UNIT_ASSIGNED_CONTEXT ( ( #4043, #2612, #2297 ) ) REPRESENTATION_CONTEXT ( 'NONE', 'WORKASPACE' ) );
#3626 = ORIENTED_EDGE ( 'NONE', *, *, #3245, .T. ) ;
#3627 = EDGE_CURVE ( 'NONE', #3774, #4540, #992, .T. ) ;
#3628 = CARTESIAN_POINT ( 'NONE',  ( 20.00156939064300232, 19.50000000000000000, 5.307299999999999685 ) ) ;
#3629 = DIRECTION ( 'NONE',  ( 0.000000000000000000, 0.000000000000000000, -1.000000000000000000 ) ) ;
#3630 = DIRECTION ( 'NONE',  ( 0.000000000000000000, 0.000000000000000000, 1.000000000000000000 ) ) ;
#3631 = EDGE_LOOP ( 'NONE', ( #363, #2477 ) ) ;
#3632 = CIRCLE ( 'NONE', #2653, 1.500000000000001332 ) ;
#3633 = VERTEX_POINT ( 'NONE', #1420 ) ;
#3634 = DIRECTION ( 'NONE',  ( -1.000000000000000000, -2.602085213964999621E-16, 0.000000000000000000 ) ) ;
#3636 = PRODUCT_RELATED_PRODUCT_CATEGORY ( 'part', '', ( #4257 ) ) ;
#3635 = PRODUCT_DEFINITION_CONTEXT ( 'detailed design', #4559, 'design' ) ;
#3637 = CARTESIAN_POINT ( 'NONE',  ( -16.50000000000000000, -13.50000000000000000, 8.507300000000000750 ) ) ;
#3638 = FACE_OUTER_BOUND ( 'NONE', #1883, .T. ) ;
#3639 = DIRECTION ( 'NONE',  ( 0.000000000000000000, -1.000000000000000000, 0.000000000000000000 ) ) ;
#3640 = DIRECTION ( 'NONE',  ( 1.000000000000000000, 0.000000000000000000, 0.000000000000000000 ) ) ;
#3641 = UNCERTAINTY_MEASURE_WITH_UNIT (LENGTH_MEASURE( 1.000000000000000082E-05 ), #2687, 'distance_accuracy_value', 'NONE');
#3642 = DIRECTION ( 'NONE',  ( 0.000000000000000000, 0.000000000000000000, 1.000000000000000000 ) ) ;
#3643 = EDGE_CURVE ( 'NONE', #2966, #32, #4144, .T. ) ;
#3644 = EDGE_LOOP ( 'NONE', ( #3483, #1454, #4516, #1446 ) ) ;
#3645 = CYLINDRICAL_SURFACE ( 'NONE', #4370, 1.500000000000001332 ) ;
#3646 = ORIENTED_EDGE ( 'NONE', *, *, #4201, .F. ) ;
#3647 = APPLICATION_PROTOCOL_DEFINITION ( 'draft international standard', 'automotive_design', 1998, #3393 ) ;
#3648 = ORIENTED_EDGE ( 'NONE', *, *, #558, .T. ) ;
#3649 = DIRECTION ( 'NONE',  ( 0.000000000000000000, 0.000000000000000000, 1.000000000000000000 ) ) ;
#3650 = CARTESIAN_POINT ( 'NONE',  ( -20.00156939100000031, -19.50000000000000000, 0.6772998999999999548 ) ) ;
#3651 = ORIENTED_EDGE ( 'NONE', *, *, #2218, .T. ) ;
#3652 = EDGE_CURVE ( 'NONE', #477, #1651, #414, .T. ) ;
#3653 = ORIENTED_EDGE ( 'NONE', *, *, #1595, .F. ) ;
#3654 = CARTESIAN_POINT ( 'NONE',  ( -4.984788404149999792E-15, 22.50000000000000000, 0.3992999999999999883 ) ) ;
#3655 = ADVANCED_FACE ( 'NONE', ( #2046 ), #1725, .F. ) ;
#3656 = CARTESIAN_POINT ( 'NONE',  ( -23.00156939100000031, -19.50000000000000000, 0.5772998999999999770 ) ) ;
#3657 = LINE ( 'NONE', #2259, #3916 ) ;
#3658 = DIRECTION ( 'NONE',  ( 1.000000000000000000, 0.000000000000000000, 0.000000000000000000 ) ) ;
#3659 = FACE_OUTER_BOUND ( 'NONE', #1042, .T. ) ;
#3660 =( LENGTH_UNIT ( ) NAMED_UNIT ( * ) SI_UNIT ( .MILLI., .METRE. ) );
#3661 = VERTEX_POINT ( 'NONE', #1111 ) ;
#3662 = SURFACE_SIDE_STYLE ('',( #1596 ) ) ;
#3663 = SURFACE_STYLE_USAGE ( .BOTH. , #2270 ) ;
#3664 = VERTEX_POINT ( 'NONE', #37 ) ;
#3665 = ORIENTED_EDGE ( 'NONE', *, *, #1860, .F. ) ;
#3666 = CARTESIAN_POINT ( 'NONE',  ( 9.339845528055001012, -16.50000000000000000, 0.000000000000000000 ) ) ;
#3667 = LINE ( 'NONE', #2914, #3979 ) ;
#3668 = CARTESIAN_POINT ( 'NONE',  ( -26.50000000000000000, 23.50000000000000000, 5.307299999999999685 ) ) ;
#3669 = ORIENTED_EDGE ( 'NONE', *, *, #3909, .F. ) ;
#3670 = VERTEX_POINT ( 'NONE', #4327 ) ;
#3672 = DIRECTION ( 'NONE',  ( 1.000000000000000000, 0.000000000000000000, 0.000000000000000000 ) ) ;
#3671 = CARTESIAN_POINT ( 'NONE',  ( 0.000000000000000000, -16.50000000000000000, 0.3992999999999999883 ) ) ;
#3673 = VECTOR ( 'NONE', #4307, 1000.000000000000000 ) ;
#3674 = CIRCLE ( 'NONE', #3158, 1.500000000000001332 ) ;
#3675 = AXIS2_PLACEMENT_3D ( 'NONE', #3071, #3116, #1307 ) ;
#3676 = DIRECTION ( 'NONE',  ( 0.000000000000000000, 0.000000000000000000, 1.000000000000000000 ) ) ;
#3677 = DIRECTION ( 'NONE',  ( 0.000000000000000000, 0.000000000000000000, -1.000000000000000000 ) ) ;
#3678 = CARTESIAN_POINT ( 'NONE',  ( -25.00000000000000000, -3.000000000000000000, 0.3992999999999999883 ) ) ;
#3679 = ADVANCED_FACE ( 'NONE', ( #1153 ), #2891, .T. ) ;
#3680 = AXIS2_PLACEMENT_3D ( 'NONE', #3345, #3796, #952 ) ;
#3681 = UNCERTAINTY_MEASURE_WITH_UNIT (LENGTH_MEASURE( 1.000000000000000082E-05 ), #760, 'distance_accuracy_value', 'NONE');
#3682 = VECTOR ( 'NONE', #2256, 1000.000000000000000 ) ;
#3683 = CARTESIAN_POINT ( 'NONE',  ( 20.00156939064299877, -19.50000000000000000, 0.5773000000000000353 ) ) ;
#3684 = COLOUR_RGB ( '',0.7921568627450980005, 0.8196078431372548767, 0.9333333333333333481 ) ;
#3685 = ORIENTED_EDGE ( 'NONE', *, *, #2257, .F. ) ;
#3686 = FILL_AREA_STYLE_COLOUR ( '', #1760 ) ;
#3687 = DIRECTION ( 'NONE',  ( 1.000000000000000000, 0.000000000000000000, 0.000000000000000000 ) ) ;
#3688 = ORIENTED_EDGE ( 'NONE', *, *, #1217, .T. ) ;
#3689 = ADVANCED_FACE ( 'NONE', ( #4280 ), #2179, .T. ) ;
#3690 = SURFACE_SIDE_STYLE ('',( #2272 ) ) ;
#3691 = APPLICATION_PROTOCOL_DEFINITION ( 'draft international standard', 'automotive_design', 1998, #4559 ) ;
#3692 = AXIS2_PLACEMENT_3D ( 'NONE', #3787, #1955, #1627 ) ;
#3693 = SURFACE_STYLE_USAGE ( .BOTH. , #2277 ) ;
#3694 = CYLINDRICAL_SURFACE ( 'NONE', #2697, 2.999999999999999112 ) ;
#3695 = DIRECTION ( 'NONE',  ( 0.000000000000000000, 0.000000000000000000, 1.000000000000000000 ) ) ;
#3696 = EDGE_LOOP ( 'NONE', ( #1809, #2302, #1092, #3764 ) ) ;
#3697 = AXIS2_PLACEMENT_3D ( 'NONE', #3105, #2463, #2730 ) ;
#3698 = EDGE_CURVE ( 'NONE', #4590, #2874, #3766, .T. ) ;
#3699 = ORIENTED_EDGE ( 'NONE', *, *, #1650, .F. ) ;
#3700 = AXIS2_PLACEMENT_3D ( 'NONE', #2516, #90, #746 ) ;
#3702 = CARTESIAN_POINT ( 'NONE',  ( 21.50156939064299877, 19.50000000000000000, 5.307299999999999685 ) ) ;
#3701 = CARTESIAN_POINT ( 'NONE',  ( 23.00156939064299877, 19.50000000000000000, 5.307299999999999685 ) ) ;
#3703 = PRODUCT_DEFINITION_SHAPE ( 'NONE', 'NONE',  #1586 ) ;
#3704 = ORIENTED_EDGE ( 'NONE', *, *, #4088, .T. ) ;
#3705 = CARTESIAN_POINT ( 'NONE',  ( -9.339803143895000659, 16.50000000000000000, 0.5773000000000000353 ) ) ;
#3706 = CARTESIAN_POINT ( 'NONE',  ( 25.00000000000000000, -22.50000000000000000, 0.000000000000000000 ) ) ;
#3707 = DIRECTION ( 'NONE',  ( 0.000000000000000000, 0.000000000000000000, -1.000000000000000000 ) ) ;
#3708 = FACE_OUTER_BOUND ( 'NONE', #872, .T. ) ;
#3709 =( GEOMETRIC_REPRESENTATION_CONTEXT ( 3 ) GLOBAL_UNCERTAINTY_ASSIGNED_CONTEXT ( ( #2369 ) ) GLOBAL_UNIT_ASSIGNED_CONTEXT ( ( #3189, #3572, #3859 ) ) REPRESENTATION_CONTEXT ( 'NONE', 'WORKASPACE' ) );
#3710 =( NAMED_UNIT ( * ) SI_UNIT ( $, .STERADIAN. ) SOLID_ANGLE_UNIT ( ) );
#3711 = FACE_OUTER_BOUND ( 'NONE', #197, .T. ) ;
#3712 = EDGE_CURVE ( 'NONE', #775, #2132, #4027, .T. ) ;
#3713 = VERTEX_POINT ( 'NONE', #2915 ) ;
#3714 = CARTESIAN_POINT ( 'NONE',  ( 0.000000000000000000, 16.50000000000000000, 0.1779999999999999916 ) ) ;
#3715 = CONTEXT_DEPENDENT_SHAPE_REPRESENTATION ( #241, #4160 ) ;
#3716 = VERTEX_POINT ( 'NONE', #4350 ) ;
#3717 = EDGE_CURVE ( 'NONE', #1077, #3292, #2058, .T. ) ;
#3718 = FILL_AREA_STYLE ('',( #3057 ) ) ;
#3719 = DIRECTION ( 'NONE',  ( 0.000000000000000000, 0.000000000000000000, 1.000000000000000000 ) ) ;
#3720 = ORIENTED_EDGE ( 'NONE', *, *, #896, .T. ) ;
#3721 = CARTESIAN_POINT ( 'NONE',  ( 0.000000000000000000, 0.000000000000000000, 0.000000000000000000 ) ) ;
#3722 = EDGE_LOOP ( 'NONE', ( #3942, #246, #1686, #4368 ) ) ;
#3724 = CARTESIAN_POINT ( 'NONE',  ( 21.50156939064299877, 19.50000000000000000, 5.307299999999999685 ) ) ;
#3723 = DIRECTION ( 'NONE',  ( 0.000000000000000000, 0.000000000000000000, -1.000000000000000000 ) ) ;
#3725 = ORIENTED_EDGE ( 'NONE', *, *, #1526, .T. ) ;
#3726 = EDGE_CURVE ( 'NONE', #3022, #2267, #1816, .T. ) ;
#3727 = VERTEX_POINT ( 'NONE', #2543 ) ;
#3728 = DIRECTION ( 'NONE',  ( -0.6087614290090099800, 0.7933533402910131205, 0.000000000000000000 ) ) ;
#3729 = CARTESIAN_POINT ( 'NONE',  ( 0.1871948187000000152, -0.4035465258109999787, 0.3992999999999999883 ) ) ;
#3730 = CARTESIAN_POINT ( 'NONE',  ( -1.734723475977000168E-15, 16.50000000000000000, 0.000000000000000000 ) ) ;
#3731 = UNCERTAINTY_MEASURE_WITH_UNIT (LENGTH_MEASURE( 1.000000000000000082E-05 ), #49, 'distance_accuracy_value', 'NONE');
#3732 = CARTESIAN_POINT ( 'NONE',  ( -0.2240000000000000047, -0.3879793808950000034, 0.1779999999999999916 ) ) ;
#3733 = LINE ( 'NONE', #4089, #194 ) ;
#3734 = ORIENTED_EDGE ( 'NONE', *, *, #2669, .F. ) ;
#3735 = PRODUCT_DEFINITION_SHAPE ( 'NONE', 'NONE',  #4609 ) ;
#3736 = CARTESIAN_POINT ( 'NONE',  ( -36.50000010000000117, -36.50000010000000117, 0.5772998999999999770 ) ) ;
#3737 = CARTESIAN_POINT ( 'NONE',  ( -20.00156939063999673, -3.469446951954000336E-15, 0.5773000000000000353 ) ) ;
#3738 = ORIENTED_EDGE ( 'NONE', *, *, #1003, .F. ) ;
#3739 = ADVANCED_FACE ( 'NONE', ( #1538 ), #3598, .F. ) ;
#3740 = DIRECTION ( 'NONE',  ( 1.000000000000000000, 0.000000000000000000, 0.000000000000000000 ) ) ;
#3741 = VERTEX_POINT ( 'NONE', #810 ) ;
#3743 = CARTESIAN_POINT ( 'NONE',  ( 25.00000000000000000, -3.000000000000000000, 0.000000000000000000 ) ) ;
#3742 = DIRECTION ( 'NONE',  ( 0.6087614290090099800, 0.7933533402910131205, 0.000000000000000000 ) ) ;
#3744 = ADVANCED_FACE ( 'NONE', ( #3976 ), #4308, .F. ) ;
#3745 = CARTESIAN_POINT ( 'NONE',  ( 0.1871948187000000152, -0.4035465258109999787, 0.3992999999999999883 ) ) ;
#3746 = AXIS2_PLACEMENT_3D ( 'NONE', #3444, #557, #3096 ) ;
#3747 = CARTESIAN_POINT ( 'NONE',  ( -21.50156939063999673, 19.50000000000000000, 0.5773000000000000353 ) ) ;
#3748 =( LENGTH_UNIT ( ) NAMED_UNIT ( * ) SI_UNIT ( .MILLI., .METRE. ) );
#3749 = CIRCLE ( 'NONE', #2128, 0.03999999999999999389 ) ;
#3750 = VECTOR ( 'NONE', #3634, 1000.000000000000000 ) ;
#3751 = CARTESIAN_POINT ( 'NONE',  ( 25.00000000000000000, 0.000000000000000000, 0.1779999999999999916 ) ) ;
#3752 = SHAPE_REPRESENTATION ( 'Open CASCADE STEP translator 7.8 1.11.STEP', ( #3551 ), #4528 ) ;
#3753 =( REPRESENTATION_RELATIONSHIP ('NONE','NONE', #678, #2105 ) REPRESENTATION_RELATIONSHIP_WITH_TRANSFORMATION ( #4091 )SHAPE_REPRESENTATION_RELATIONSHIP( ) );
#3754 = EDGE_CURVE ( 'NONE', #4486, #1747, #1846, .T. ) ;
#3755 = CIRCLE ( 'NONE', #3680, 1.500000000000001332 ) ;
#3756 = MECHANICAL_DESIGN_GEOMETRIC_PRESENTATION_REPRESENTATION (  '', ( #188 ), #4132 ) ;
#3757 =( LENGTH_UNIT ( ) NAMED_UNIT ( * ) SI_UNIT ( .MILLI., .METRE. ) );
#3758 = COLOUR_RGB ( '',0.7921568627450980005, 0.8196078431372548767, 0.9333333333333333481 ) ;
#3759 = STYLED_ITEM ( 'NONE', ( #1576 ), #1393 ) ;
#3760 = ORIENTED_EDGE ( 'NONE', *, *, #3968, .T. ) ;
#3761 =( NAMED_UNIT ( * ) PLANE_ANGLE_UNIT ( ) SI_UNIT ( $, .RADIAN. ) );
#3762 = VECTOR ( 'NONE', #3530, 1000.000000000000000 ) ;
#3763 = CARTESIAN_POINT ( 'NONE',  ( -21.50156939099999676, 0.000000000000000000, 0.6772998999999999548 ) ) ;
#3764 = ORIENTED_EDGE ( 'NONE', *, *, #2024, .T. ) ;
#3765 = CARTESIAN_POINT ( 'NONE',  ( 0.000000000000000000, 0.000000000000000000, 0.000000000000000000 ) ) ;
#3766 = CIRCLE ( 'NONE', #1994, 1.500000000000001332 ) ;
#3767 = EDGE_CURVE ( 'NONE', #2333, #4414, #3233, .T. ) ;
#3768 = ORIENTED_EDGE ( 'NONE', *, *, #3175, .F. ) ;
#3769 = FACE_OUTER_BOUND ( 'NONE', #2949, .T. ) ;
#3771 = SURFACE_SIDE_STYLE ('',( #2346 ) ) ;
#3770 = DIRECTION ( 'NONE',  ( 1.000000000000000000, 0.000000000000000000, 0.000000000000000000 ) ) ;
#3772 = PRODUCT_DEFINITION_CONTEXT ( 'detailed design', #2206, 'design' ) ;
#3773 = AXIS2_PLACEMENT_3D ( 'NONE', #3763, #3412, #4485 ) ;
#3774 = VERTEX_POINT ( 'NONE', #3267 ) ;
#3775 = CARTESIAN_POINT ( 'NONE',  ( 0.1871948187000000152, 0.4035465258109999787, 0.3992999999999999883 ) ) ;
#3776 = COLOUR_RGB ( '',0.7921568627450980005, 0.8196078431372548767, 0.9333333333333333481 ) ;
#3777 = CARTESIAN_POINT ( 'NONE',  ( 26.50000000000000000, -23.50000000000000000, 8.507300000000000750 ) ) ;
#3778 = PRODUCT_DEFINITION ( 'UNKNOWN', '', #3479, #2683 ) ;
#3779 = FACE_OUTER_BOUND ( 'NONE', #592, .T. ) ;
#3780 = LINE ( 'NONE', #4461, #1972 ) ;
#3781 = AXIS2_PLACEMENT_3D ( 'NONE', #3179, #4028, #3917 ) ;
#3782 = CARTESIAN_POINT ( 'NONE',  ( -0.2240000000000000047, -0.3879793808950000034, 0.000000000000000000 ) ) ;
#3783 = FILL_AREA_STYLE ('',( #236 ) ) ;
#3784 = EDGE_CURVE ( 'NONE', #3568, #3106, #406, .T. ) ;
#3785 = PRODUCT_DEFINITION_FORMATION_WITH_SPECIFIED_SOURCE ( 'ANY', '', #4298, .NOT_KNOWN. ) ;
#3786 = DIRECTION ( 'NONE',  ( 1.000000000000000000, 0.000000000000000000, 0.000000000000000000 ) ) ;
#3787 = CARTESIAN_POINT ( 'NONE',  ( -21.50156939063999673, 19.50000000000000000, 5.307299999999999685 ) ) ;
#3788 = VERTEX_POINT ( 'NONE', #3650 ) ;
#3789 = CARTESIAN_POINT ( 'NONE',  ( 0.000000000000000000, 0.000000000000000000, 0.000000000000000000 ) ) ;
#3790 = ORIENTED_EDGE ( 'NONE', *, *, #4449, .F. ) ;
#3791 = DIRECTION ( 'NONE',  ( 0.000000000000000000, -1.000000000000000000, 0.000000000000000000 ) ) ;
#3793 = SURFACE_STYLE_FILL_AREA ( #2368 ) ;
#3792 = DIRECTION ( 'NONE',  ( 1.000000000000000000, 0.000000000000000000, 0.000000000000000000 ) ) ;
#3794 = EDGE_CURVE ( 'NONE', #4097, #3078, #2716, .T. ) ;
#3795 = ORIENTED_EDGE ( 'NONE', *, *, #1752, .T. ) ;
#3796 = DIRECTION ( 'NONE',  ( 0.000000000000000000, 0.000000000000000000, 1.000000000000000000 ) ) ;
#3797 = VERTEX_POINT ( 'NONE', #3668 ) ;
#3798 = LINE ( 'NONE', #229, #3087 ) ;
#3799 = DIRECTION ( 'NONE',  ( 0.000000000000000000, 1.000000000000000000, 0.000000000000000000 ) ) ;
#3801 = DIRECTION ( 'NONE',  ( 0.000000000000000000, 0.000000000000000000, -1.000000000000000000 ) ) ;
#3800 = FILL_AREA_STYLE_COLOUR ( '', #2723 ) ;
#3802 = ADVANCED_BREP_SHAPE_REPRESENTATION ( '', ( #2844, #3551 ), #3852 ) ;
#3803 = EDGE_CURVE ( 'NONE', #639, #4092, #1314, .T. ) ;
#3804 = DIRECTION ( 'NONE',  ( 1.000000000000000000, 0.000000000000000000, 0.000000000000000000 ) ) ;
#3805 = CARTESIAN_POINT ( 'NONE',  ( 0.000000000000000000, 0.000000000000000000, 0.000000000000000000 ) ) ;
#3806 = CONTEXT_DEPENDENT_SHAPE_REPRESENTATION ( #2553, #2952 ) ;
#3807 = ORIENTED_EDGE ( 'NONE', *, *, #2661, .T. ) ;
#3808 = CARTESIAN_POINT ( 'NONE',  ( 13.50000000000000000, 13.50000000000000000, 8.507300000000000750 ) ) ;
#3809 = DIRECTION ( 'NONE',  ( 0.000000000000000000, 0.000000000000000000, 1.000000000000000000 ) ) ;
#3810 = EDGE_LOOP ( 'NONE', ( #3437, #3547, #900, #780 ) ) ;
#3811 = CARTESIAN_POINT ( 'NONE',  ( 0.000000000000000000, 0.000000000000000000, 0.000000000000000000 ) ) ;
#3812 = EDGE_CURVE ( 'NONE', #522, #3061, #833, .T. ) ;
#3813 = CARTESIAN_POINT ( 'NONE',  ( 13.50000000000000000, -13.50000000000000000, 8.507300000000000750 ) ) ;
#3815 = CARTESIAN_POINT ( 'NONE',  ( 20.00156939064300232, -19.50000000000000000, 5.307299999999999685 ) ) ;
#3814 = CARTESIAN_POINT ( 'NONE',  ( -9.339803143895000659, 22.50000000000000000, 0.000000000000000000 ) ) ;
#3816 = PRODUCT_DEFINITION_CONTEXT ( 'detailed design', #2029, 'design' ) ;
#3817 = VERTEX_POINT ( 'NONE', #1088 ) ;
#3818 = DIRECTION ( 'NONE',  ( 0.000000000000000000, 0.000000000000000000, 1.000000000000000000 ) ) ;
#3819 = CLOSED_SHELL ( 'NONE', ( #4229, #4036, #3056, #3225, #181, #328, #33, #1275, #2086, #3601, #2953, #1870 ) ) ;
#3821 = LINE ( 'NONE', #2376, #624 ) ;
#3820 = SURFACE_SIDE_STYLE ('',( #2395 ) ) ;
#3822 =( NAMED_UNIT ( * ) SI_UNIT ( $, .STERADIAN. ) SOLID_ANGLE_UNIT ( ) );
#3823 = LINE ( 'NONE', #1715, #543 ) ;
#3824 = AXIS2_PLACEMENT_3D ( 'NONE', #1212, #3642, #2627 ) ;
#3825 = ADVANCED_FACE ( 'NONE', ( #944 ), #502, .T. ) ;
#3826 = LINE ( 'NONE', #1311, #3528 ) ;
#3827 = CIRCLE ( 'NONE', #1067, 1.500000000000001332 ) ;
#3828 =( NAMED_UNIT ( * ) SI_UNIT ( $, .STERADIAN. ) SOLID_ANGLE_UNIT ( ) );
#3829 = AXIS2_PLACEMENT_3D ( 'NONE', #462, #4434, #132 ) ;
#3830 = ORIENTED_EDGE ( 'NONE', *, *, #2148, .T. ) ;
#3831 = AXIS2_PLACEMENT_3D ( 'NONE', #2353, #3404, #3847 ) ;
#3832 = ADVANCED_FACE ( 'NONE', ( #203 ), #915, .T. ) ;
#3833 = CARTESIAN_POINT ( 'NONE',  ( 26.50000000000000000, -23.50000000000000000, 5.307299999999999685 ) ) ;
#3834 = ORIENTED_EDGE ( 'NONE', *, *, #2649, .F. ) ;
#3835 = AXIS2_PLACEMENT_3D ( 'NONE', #4400, #4046, #590 ) ;
#3836 = APPLICATION_PROTOCOL_DEFINITION ( 'draft international standard', 'automotive_design', 1998, #983 ) ;
#3837 = STYLED_ITEM ( 'NONE', ( #347 ), #2975 ) ;
#3838 = PRESENTATION_LAYER_ASSIGNMENT (  '', '', ( #3759 ) ) ;
#3839 = LINE ( 'NONE', #3362, #919 ) ;
#3841 = CARTESIAN_POINT ( 'NONE',  ( -0.01468885139132000001, 0.01127115209497000017, 0.3992999999999999883 ) ) ;
#3840 = DIRECTION ( 'NONE',  ( 0.000000000000000000, 0.000000000000000000, 1.000000000000000000 ) ) ;
#3842 = ORIENTED_EDGE ( 'NONE', *, *, #3051, .F. ) ;
#3843 = AXIS2_PLACEMENT_3D ( 'NONE', #1773, #2468, #1631 ) ;
#3844 = ADVANCED_FACE ( 'NONE', ( #1222 ), #162, .F. ) ;
#3845 = ORIENTED_EDGE ( 'NONE', *, *, #715, .F. ) ;
#3846 = CARTESIAN_POINT ( 'NONE',  ( 9.339845528055001012, -22.50000000000000000, 0.000000000000000000 ) ) ;
#3847 = DIRECTION ( 'NONE',  ( -1.000000000000000000, 0.000000000000000000, 0.000000000000000000 ) ) ;
#3848 = DIRECTION ( 'NONE',  ( 2.602085213964999621E-16, -1.000000000000000000, 0.000000000000000000 ) ) ;
#3849 = PRESENTATION_LAYER_ASSIGNMENT (  '', '', ( #3168 ) ) ;
#3850 = DIRECTION ( 'NONE',  ( -0.6087614290090099800, -0.7933533402910131205, 0.000000000000000000 ) ) ;
#3851 = CARTESIAN_POINT ( 'NONE',  ( -21.50156939063999673, -19.50000000000000000, 0.6773000000000000131 ) ) ;
#3852 =( GEOMETRIC_REPRESENTATION_CONTEXT ( 3 ) GLOBAL_UNCERTAINTY_ASSIGNED_CONTEXT ( ( #2320 ) ) GLOBAL_UNIT_ASSIGNED_CONTEXT ( ( #4499, #4549, #2456 ) ) REPRESENTATION_CONTEXT ( 'NONE', 'WORKASPACE' ) );
#3853 = DIRECTION ( 'NONE',  ( 1.000000000000000000, 2.215461512956000046E-16, 0.000000000000000000 ) ) ;
#3854 = EDGE_CURVE ( 'NONE', #2540, #834, #1090, .T. ) ;
#3855 = ORIENTED_EDGE ( 'NONE', *, *, #2942, .F. ) ;
#3856 = CARTESIAN_POINT ( 'NONE',  ( -0.1870448187000000040, -0.4032867181899999487, 0.1779999999999999916 ) ) ;
#3857 = EDGE_LOOP ( 'NONE', ( #850, #1084, #3055, #3113 ) ) ;
#3858 =( GEOMETRIC_REPRESENTATION_CONTEXT ( 3 ) GLOBAL_UNCERTAINTY_ASSIGNED_CONTEXT ( ( #1587 ) ) GLOBAL_UNIT_ASSIGNED_CONTEXT ( ( #124, #4010, #2974 ) ) REPRESENTATION_CONTEXT ( 'NONE', 'WORKASPACE' ) );
#3859 =( NAMED_UNIT ( * ) SI_UNIT ( $, .STERADIAN. ) SOLID_ANGLE_UNIT ( ) );
#3860 = EDGE_CURVE ( 'NONE', #3322, #1342, #3388, .T. ) ;
#3861 = FACE_OUTER_BOUND ( 'NONE', #1558, .T. ) ;
#3863 = CARTESIAN_POINT ( 'NONE',  ( 0.000000000000000000, 16.50000000000000000, 0.3992999999999999883 ) ) ;
#3862 = LINE ( 'NONE', #3883, #940 ) ;
#3864 = ORIENTED_EDGE ( 'NONE', *, *, #3564, .T. ) ;
#3865 = VERTEX_POINT ( 'NONE', #1203 ) ;
#3867 = DIRECTION ( 'NONE',  ( -0.9914448613738202631, -0.1305261922199764668, 0.000000000000000000 ) ) ;
#3866 = DIRECTION ( 'NONE',  ( 0.000000000000000000, 0.000000000000000000, 1.000000000000000000 ) ) ;
#3868 = EDGE_CURVE ( 'NONE', #1276, #2008, #1842, .T. ) ;
#3869 = SURFACE_SIDE_STYLE ('',( #2438 ) ) ;
#3870 =( NAMED_UNIT ( * ) SI_UNIT ( $, .STERADIAN. ) SOLID_ANGLE_UNIT ( ) );
#3871 = PLANE ( 'NONE',  #2330 ) ;
#3872 = DIRECTION ( 'NONE',  ( 1.000000000000000000, 0.000000000000000000, 0.000000000000000000 ) ) ;
#3873 = APPLICATION_CONTEXT ( 'automotive_design' ) ;
#3874 = EDGE_CURVE ( 'NONE', #1646, #562, #4218, .T. ) ;
#3875 = CARTESIAN_POINT ( 'NONE',  ( -20.00156939064000028, 19.50000000000000000, 5.307299999999999685 ) ) ;
#3876 = ORIENTED_EDGE ( 'NONE', *, *, #2649, .T. ) ;
#3877 = CARTESIAN_POINT ( 'NONE',  ( -25.00000000000000000, 16.50000000000000000, 0.000000000000000000 ) ) ;
#3878 = ORIENTED_EDGE ( 'NONE', *, *, #579, .T. ) ;
#3879 = PRODUCT_CONTEXT ( 'NONE', #3449, 'mechanical' ) ;
#3880 = PRODUCT ( 'Open CASCADE STEP translator 7.8 1.13.STEP', 'Open CASCADE STEP translator 7.8 1.13.STEP', '', ( #1036 ) ) ;
#3881 = EDGE_CURVE ( 'NONE', #1404, #753, #198, .T. ) ;
#3882 = DIRECTION ( 'NONE',  ( 0.000000000000000000, 0.000000000000000000, 1.000000000000000000 ) ) ;
#3884 = FACE_OUTER_BOUND ( 'NONE', #4261, .T. ) ;
#3883 = CARTESIAN_POINT ( 'NONE',  ( 9.339845528055001012, 22.50000000000000000, 0.000000000000000000 ) ) ;
#3885 = VERTEX_POINT ( 'NONE', #3358 ) ;
#3886 = PLANE ( 'NONE',  #4291 ) ;
#3887 = EDGE_CURVE ( 'NONE', #407, #1145, #3338, .T. ) ;
#3888 = EDGE_LOOP ( 'NONE', ( #4145, #4403 ) ) ;
#3889 = CARTESIAN_POINT ( 'NONE',  ( -23.00156939064000028, -3.285749932081897220E-15, 5.307299999999999685 ) ) ;
#3890 = CARTESIAN_POINT ( 'NONE',  ( -0.002416678348502999691, -0.01835649450478000003, 0.3992999999999999883 ) ) ;
#3891 = SURFACE_SIDE_STYLE ('',( #1427 ) ) ;
#3892 = CARTESIAN_POINT ( 'NONE',  ( -25.00000000000000000, -3.000000000000000000, 0.000000000000000000 ) ) ;
#3893 = DIRECTION ( 'NONE',  ( 1.000000000000000000, 0.000000000000000000, 0.000000000000000000 ) ) ;
#3894 = DIRECTION ( 'NONE',  ( 0.000000000000000000, 0.000000000000000000, -1.000000000000000000 ) ) ;
#3895 = CARTESIAN_POINT ( 'NONE',  ( 9.339845528055001012, -16.50000000000000000, 0.000000000000000000 ) ) ;
#3896 = EDGE_CURVE ( 'NONE', #2659, #3934, #1548, .T. ) ;
#3897 = ORIENTED_EDGE ( 'NONE', *, *, #1945, .T. ) ;
#3898 = CIRCLE ( 'NONE', #1746, 1.500000000000001332 ) ;
#3899 = DIRECTION ( 'NONE',  ( 0.000000000000000000, 0.000000000000000000, 1.000000000000000000 ) ) ;
#3900 = EDGE_LOOP ( 'NONE', ( #384, #1010 ) ) ;
#3901 = DIRECTION ( 'NONE',  ( 0.000000000000000000, 0.000000000000000000, 1.000000000000000000 ) ) ;
#3902 = VECTOR ( 'NONE', #3943, 1000.000000000000000 ) ;
#3903 = AXIS2_PLACEMENT_3D ( 'NONE', #3301, #106, #3640 ) ;
#3904 = AXIS2_PLACEMENT_3D ( 'NONE', #2147, #4536, #2750 ) ;
#3905 = DIRECTION ( 'NONE',  ( 0.000000000000000000, 0.000000000000000000, 1.000000000000000000 ) ) ;
#3906 = DIRECTION ( 'NONE',  ( 1.000000000000000000, 0.000000000000000000, 0.000000000000000000 ) ) ;
#3907 = STYLED_ITEM ( 'NONE', ( #3407 ), #1386 ) ;
#3908 = VERTEX_POINT ( 'NONE', #897 ) ;
#3909 = EDGE_CURVE ( 'NONE', #4464, #25, #3433, .T. ) ;
#3910 = COLOUR_RGB ( '',0.7921568627450980005, 0.8196078431372548767, 0.9333333333333333481 ) ;
#3911 = CIRCLE ( 'NONE', #3229, 0.04000000000001999872 ) ;
#3912 = VERTEX_POINT ( 'NONE', #571 ) ;
#3914 = LINE ( 'NONE', #3197, #3004 ) ;
#3913 = DIRECTION ( 'NONE',  ( 0.000000000000000000, 0.000000000000000000, -1.000000000000000000 ) ) ;
#3915 = ORIENTED_EDGE ( 'NONE', *, *, #3896, .T. ) ;
#3916 = VECTOR ( 'NONE', #3677, 1000.000000000000000 ) ;
#3917 = DIRECTION ( 'NONE',  ( 1.000000000000000000, 0.000000000000000000, 0.000000000000000000 ) ) ;
#3918 = EDGE_CURVE ( 'NONE', #2008, #2372, #2280, .T. ) ;
#3919 = AXIS2_PLACEMENT_3D ( 'NONE', #2658, #4447, #2299 ) ;
#3920 = CARTESIAN_POINT ( 'NONE',  ( -21.50156939099999676, 19.50000000000000000, 0.5772998999999999770 ) ) ;
#3921 = FACE_OUTER_BOUND ( 'NONE', #2976, .T. ) ;
#3922 = LINE ( 'NONE', #1102, #4284 ) ;
#3923 =( LENGTH_UNIT ( ) NAMED_UNIT ( * ) SI_UNIT ( .MILLI., .METRE. ) );
#3924 = VECTOR ( 'NONE', #220, 1000.000000000000000 ) ;
#3925 = PRODUCT ( 'zhi_peng_R500_100um_gap_split.STEP', 'zhi_peng_R500_100um_gap_split.STEP', '', ( #4185 ) ) ;
#3926 = VERTEX_POINT ( 'NONE', #2636 ) ;
#3927 =( GEOMETRIC_REPRESENTATION_CONTEXT ( 3 ) GLOBAL_UNCERTAINTY_ASSIGNED_CONTEXT ( ( #4102 ) ) GLOBAL_UNIT_ASSIGNED_CONTEXT ( ( #771, #29, #3931 ) ) REPRESENTATION_CONTEXT ( 'NONE', 'WORKASPACE' ) );
#3928 = DIRECTION ( 'NONE',  ( 0.000000000000000000, 0.000000000000000000, 1.000000000000000000 ) ) ;
#3929 = ORIENTED_EDGE ( 'NONE', *, *, #3545, .T. ) ;
#3930 = EDGE_CURVE ( 'NONE', #4000, #3190, #4074, .T. ) ;
#3931 =( NAMED_UNIT ( * ) SI_UNIT ( $, .STERADIAN. ) SOLID_ANGLE_UNIT ( ) );
#3932 = SHAPE_DEFINITION_REPRESENTATION ( #2868, #101 ) ;
#3933 =( GEOMETRIC_REPRESENTATION_CONTEXT ( 3 ) GLOBAL_UNCERTAINTY_ASSIGNED_CONTEXT ( ( #2291 ) ) GLOBAL_UNIT_ASSIGNED_CONTEXT ( ( #3923, #3617, #1137 ) ) REPRESENTATION_CONTEXT ( 'NONE', 'WORKASPACE' ) );
#3934 = VERTEX_POINT ( 'NONE', #3737 ) ;
#3935 =( GEOMETRIC_REPRESENTATION_CONTEXT ( 3 ) GLOBAL_UNCERTAINTY_ASSIGNED_CONTEXT ( ( #1921 ) ) GLOBAL_UNIT_ASSIGNED_CONTEXT ( ( #959, #1026, #3870 ) ) REPRESENTATION_CONTEXT ( 'NONE', 'WORKASPACE' ) );
#3936 = DIRECTION ( 'NONE',  ( 0.000000000000000000, 0.000000000000000000, 1.000000000000000000 ) ) ;
#3937 = DIRECTION ( 'NONE',  ( 0.000000000000000000, 0.000000000000000000, -1.000000000000000000 ) ) ;
#3938 = EDGE_LOOP ( 'NONE', ( #1416, #722, #2863, #1103 ) ) ;
#3939 = APPLICATION_CONTEXT ( 'automotive_design' ) ;
#3940 = ORIENTED_EDGE ( 'NONE', *, *, #114, .T. ) ;
#3941 = DIRECTION ( 'NONE',  ( -1.000000000000000000, 0.000000000000000000, 0.000000000000000000 ) ) ;
#3942 = ORIENTED_EDGE ( 'NONE', *, *, #4053, .T. ) ;
#3943 = DIRECTION ( 'NONE',  ( -1.000000000000000000, 0.000000000000000000, 0.000000000000000000 ) ) ;
#3944 = CARTESIAN_POINT ( 'NONE',  ( 9.339845528055001012, -16.50000000000000000, 0.5100000000000000089 ) ) ;
#3945 = DIRECTION ( 'NONE',  ( 0.000000000000000000, 0.000000000000000000, 1.000000000000000000 ) ) ;
#3946 = EDGE_CURVE ( 'NONE', #2888, #4414, #1268, .T. ) ;
#3947 = DIRECTION ( 'NONE',  ( 0.000000000000000000, 0.000000000000000000, 1.000000000000000000 ) ) ;
#3948 = ORIENTED_EDGE ( 'NONE', *, *, #926, .T. ) ;
#3949 = DIRECTION ( 'NONE',  ( 0.000000000000000000, 0.000000000000000000, 1.000000000000000000 ) ) ;
#3950 = VERTEX_POINT ( 'NONE', #2336 ) ;
#3951 = SHAPE_DEFINITION_REPRESENTATION ( #4596, #1338 ) ;
#3952 = ORIENTED_EDGE ( 'NONE', *, *, #4072, .F. ) ;
#3953 = FACE_OUTER_BOUND ( 'NONE', #395, .T. ) ;
#3954 = CARTESIAN_POINT ( 'NONE',  ( -30.00000000000000000, -30.00000000000000000, 5.307299999999999685 ) ) ;
#3955 = VERTEX_POINT ( 'NONE', #3058 ) ;
#3956 = ORIENTED_EDGE ( 'NONE', *, *, #71, .F. ) ;
#3957 = PLANE ( 'NONE',  #2407 ) ;
#3958 = PRODUCT_DEFINITION_CONTEXT ( 'detailed design', #1734, 'design' ) ;
#3959 = ORIENTED_EDGE ( 'NONE', *, *, #4212, .T. ) ;
#3960 = PRODUCT ( 'Open CASCADE STEP translator 7.8 1.19.STEP', 'Open CASCADE STEP translator 7.8 1.19.STEP', '', ( #3477 ) ) ;
#3961 = CARTESIAN_POINT ( 'NONE',  ( 15.00000000000000000, -4.985564890794999433E-14, 0.1779999999999999916 ) ) ;
#3962 = SURFACE_STYLE_USAGE ( .BOTH. , #1407 ) ;
#3963 = PLANE ( 'NONE',  #1974 ) ;
#3964 = DIRECTION ( 'NONE',  ( 0.000000000000000000, 0.000000000000000000, 1.000000000000000000 ) ) ;
#3965 = LINE ( 'NONE', #3256, #4065 ) ;
#3966 =( NAMED_UNIT ( * ) SI_UNIT ( $, .STERADIAN. ) SOLID_ANGLE_UNIT ( ) );
#3967 = ORIENTED_EDGE ( 'NONE', *, *, #2169, .T. ) ;
#3968 = EDGE_CURVE ( 'NONE', #3205, #1624, #568, .T. ) ;
#3969 = EDGE_LOOP ( 'NONE', ( #4299, #2464, #1685, #426 ) ) ;
#3970 = DIRECTION ( 'NONE',  ( -1.000000000000000000, 0.000000000000000000, 0.000000000000000000 ) ) ;
#3971 = VERTEX_POINT ( 'NONE', #4141 ) ;
#3972 = EDGE_LOOP ( 'NONE', ( #2983, #2072 ) ) ;
#3973 = VECTOR ( 'NONE', #2440, 1000.000000000000114 ) ;
#3974 = EDGE_CURVE ( 'NONE', #4167, #1219, #243, .T. ) ;
#3975 = DIRECTION ( 'NONE',  ( 0.000000000000000000, 0.000000000000000000, 1.000000000000000000 ) ) ;
#3976 = FACE_OUTER_BOUND ( 'NONE', #4383, .T. ) ;
#3977 = ORIENTED_EDGE ( 'NONE', *, *, #3310, .F. ) ;
#3978 = AXIS2_PLACEMENT_3D ( 'NONE', #1899, #4360, #1878 ) ;
#3979 = VECTOR ( 'NONE', #1537, 1000.000000000000000 ) ;
#3980 = ORIENTED_EDGE ( 'NONE', *, *, #2344, .T. ) ;
#3981 = CIRCLE ( 'NONE', #482, 2.999999999999999112 ) ;
#3982 = MECHANICAL_DESIGN_GEOMETRIC_PRESENTATION_REPRESENTATION (  '', ( #701 ), #2275 ) ;
#3983 = LINE ( 'NONE', #838, #3682 ) ;
#3984 = ORIENTED_EDGE ( 'NONE', *, *, #3163, .T. ) ;
#3985 = EDGE_CURVE ( 'NONE', #4075, #3608, #660, .T. ) ;
#3986 = MECHANICAL_DESIGN_GEOMETRIC_PRESENTATION_REPRESENTATION (  '', ( #3609 ), #2483 ) ;
#3987 = VECTOR ( 'NONE', #675, 1000.000000000000114 ) ;
#3988 = DIRECTION ( 'NONE',  ( 1.000000000000000000, 0.000000000000000000, 0.000000000000000000 ) ) ;
#3989 = CARTESIAN_POINT ( 'NONE',  ( -13.50000000000000000, -16.50000000000000000, 5.307299999999999685 ) ) ;
#3990 = VECTOR ( 'NONE', #4456, 1000.000000000000000 ) ;
#3991 = AXIS2_PLACEMENT_3D ( 'NONE', #3563, #369, #21 ) ;
#3992 = CARTESIAN_POINT ( 'NONE',  ( -30.00000000000000000, -30.00000000000000000, 5.307299999999999685 ) ) ;
#3993 = FACE_OUTER_BOUND ( 'NONE', #3012, .T. ) ;
#3994 = CARTESIAN_POINT ( 'NONE',  ( 0.002411567222444000163, -0.01831767164798999911, 0.000000000000000000 ) ) ;
#3995 = CIRCLE ( 'NONE', #2285, 1.500000000000001332 ) ;
#3996 = VERTEX_POINT ( 'NONE', #1013 ) ;
#3997 = LINE ( 'NONE', #86, #1005 ) ;
#3998 = VECTOR ( 'NONE', #874, 1000.000000000000000 ) ;
#3999 = DIRECTION ( 'NONE',  ( 0.000000000000000000, 0.000000000000000000, 1.000000000000000000 ) ) ;
#4000 = VERTEX_POINT ( 'NONE', #2384 ) ;
#4001 = EDGE_CURVE ( 'NONE', #2462, #1605, #611, .T. ) ;
#4002 = FILL_AREA_STYLE ('',( #4344 ) ) ;
#4003 = SHAPE_DEFINITION_REPRESENTATION ( #677, #1641 ) ;
#4004 = MECHANICAL_DESIGN_GEOMETRIC_PRESENTATION_REPRESENTATION (  '', ( #206 ), #1242 ) ;
#4005 = ORIENTED_EDGE ( 'NONE', *, *, #3043, .F. ) ;
#4006 = PRODUCT ( 'Open CASCADE STEP translator 7.8 1.1_9.STEP', 'Open CASCADE STEP translator 7.8 1.1_9.STEP', '', ( #451 ) ) ;
#4007 = DIRECTION ( 'NONE',  ( 1.000000000000000000, 2.215461512956000046E-16, 0.000000000000000000 ) ) ;
#4008 = DIRECTION ( 'NONE',  ( 0.000000000000000000, 0.000000000000000000, 1.000000000000000000 ) ) ;
#4009 = EDGE_CURVE ( 'NONE', #2248, #251, #3399, .T. ) ;
#4010 =( NAMED_UNIT ( * ) PLANE_ANGLE_UNIT ( ) SI_UNIT ( $, .RADIAN. ) );
#4011 = EDGE_LOOP ( 'NONE', ( #1787, #2362, #644, #3704 ) ) ;
#4012 = PLANE ( 'NONE',  #256 ) ;
#4013 = ADVANCED_FACE ( 'NONE', ( #2060 ), #3102, .F. ) ;
#4014 = CARTESIAN_POINT ( 'NONE',  ( -23.50000000000000000, -23.50000000000000000, 8.507300000000000750 ) ) ;
#4015 = DIRECTION ( 'NONE',  ( 1.000000000000000000, 0.000000000000000000, 0.000000000000000000 ) ) ;
#4016 = LINE ( 'NONE', #3328, #2551 ) ;
#4017 = CYLINDRICAL_SURFACE ( 'NONE', #4504, 0.04000000000001997097 ) ;
#4018 = FACE_OUTER_BOUND ( 'NONE', #3258, .T. ) ;
#4019 = CARTESIAN_POINT ( 'NONE',  ( -23.00156939100000031, 19.50000000000000000, 0.5772998999999999770 ) ) ;
#4020 = ADVANCED_FACE ( 'NONE', ( #3473 ), #1359, .T. ) ;
#4021 = CARTESIAN_POINT ( 'NONE',  ( 25.00000000000000000, 22.50000000000000000, 0.5773000000000000353 ) ) ;
#4022 = ORIENTED_EDGE ( 'NONE', *, *, #4235, .F. ) ;
#4023 = VERTEX_POINT ( 'NONE', #3877 ) ;
#4024 = APPLICATION_CONTEXT ( 'automotive_design' ) ;
#4025 = LINE ( 'NONE', #728, #1985 ) ;
#4026 = CARTESIAN_POINT ( 'NONE',  ( -21.50156939063999673, 19.50000000000000000, 5.307299999999999685 ) ) ;
#4027 = LINE ( 'NONE', #70, #2943 ) ;
#4028 = DIRECTION ( 'NONE',  ( 0.000000000000000000, 0.000000000000000000, 1.000000000000000000 ) ) ;
#4029 = EDGE_CURVE ( 'NONE', #1404, #1014, #3496, .T. ) ;
#4030 = VERTEX_POINT ( 'NONE', #288 ) ;
#4032 = CARTESIAN_POINT ( 'NONE',  ( 16.50000000000000000, -13.50000000000000000, 8.507300000000000750 ) ) ;
#4031 = CARTESIAN_POINT ( 'NONE',  ( 0.000000000000000000, -3.000000000000000000, 0.1779999999999999916 ) ) ;
#4033 = ADVANCED_BREP_SHAPE_REPRESENTATION ( '', ( #2975, #3551 ), #1172 ) ;
#4034 = DIRECTION ( 'NONE',  ( -1.000000000000000000, 0.000000000000000000, 0.000000000000000000 ) ) ;
#4035 = CARTESIAN_POINT ( 'NONE',  ( 9.339845528055001012, -22.50000000000000000, 0.5773000000000000353 ) ) ;
#4036 = ADVANCED_FACE ( 'NONE', ( #702 ), #2364, .T. ) ;
#4037 = CARTESIAN_POINT ( 'NONE',  ( 13.50000000000000000, 16.50000000000000000, 8.507300000000000750 ) ) ;
#4038 =( NAMED_UNIT ( * ) SI_UNIT ( $, .STERADIAN. ) SOLID_ANGLE_UNIT ( ) );
#4039 = DIRECTION ( 'NONE',  ( 3.154042683593999877E-16, -1.000000000000000000, 0.000000000000000000 ) ) ;
#4040 = CARTESIAN_POINT ( 'NONE',  ( -36.50000010000000117, -36.50000010000000117, 0.5772998999999999770 ) ) ;
#4041 = FILL_AREA_STYLE_COLOUR ( '', #4297 ) ;
#4042 = ORIENTED_EDGE ( 'NONE', *, *, #56, .F. ) ;
#4043 =( LENGTH_UNIT ( ) NAMED_UNIT ( * ) SI_UNIT ( .MILLI., .METRE. ) );
#4044 = EDGE_CURVE ( 'NONE', #4493, #142, #3020, .T. ) ;
#4045 = VERTEX_POINT ( 'NONE', #268 ) ;
#4046 = DIRECTION ( 'NONE',  ( 0.000000000000000000, 0.000000000000000000, 1.000000000000000000 ) ) ;
#4047 = PLANE ( 'NONE',  #768 ) ;
#4048 = CARTESIAN_POINT ( 'NONE',  ( -25.00000000000000000, -22.50000000000000000, 0.5773000000000000353 ) ) ;
#4049 = EDGE_LOOP ( 'NONE', ( #2171, #57 ) ) ;
#4050 = ORIENTED_EDGE ( 'NONE', *, *, #2014, .T. ) ;
#4051 = FACE_OUTER_BOUND ( 'NONE', #1118, .T. ) ;
#4052 = VECTOR ( 'NONE', #672, 1000.000000000000000 ) ;
#4053 = EDGE_CURVE ( 'NONE', #2916, #1543, #4182, .T. ) ;
#4054 = SHAPE_REPRESENTATION ( 'Open CASCADE STEP translator 7.8 1.19.STEP', ( #3551 ), #654 ) ;
#4055 = DIRECTION ( 'NONE',  ( 0.000000000000000000, 0.000000000000000000, -1.000000000000000000 ) ) ;
#4056 = DIRECTION ( 'NONE',  ( 0.000000000000000000, 0.000000000000000000, 1.000000000000000000 ) ) ;
#4057 = LINE ( 'NONE', #3730, #4275 ) ;
#4058 = VECTOR ( 'NONE', #12, 1000.000000000000000 ) ;
#4059 = UNCERTAINTY_MEASURE_WITH_UNIT (LENGTH_MEASURE( 1.000000000000000082E-05 ), #61, 'distance_accuracy_value', 'NONE');
#4060 = AXIS2_PLACEMENT_3D ( 'NONE', #3397, #4118, #2664 ) ;
#4061 = SHAPE_REPRESENTATION_RELATIONSHIP ( 'NONE' , 'NONE' ,  #4234, #1302 ) ;
#4062 = CARTESIAN_POINT ( 'NONE',  ( 0.000000000000000000, 0.000000000000000000, 0.000000000000000000 ) ) ;
#4063 = PRODUCT_DEFINITION ( 'UNKNOWN', '', #2439, #1298 ) ;
#4064 = AXIS2_PLACEMENT_3D ( 'NONE', #340, #3866, #2824 ) ;
#4065 = VECTOR ( 'NONE', #794, 1000.000000000000000 ) ;
#4066 = FILL_AREA_STYLE ('',( #3686 ) ) ;
#4067 = DIRECTION ( 'NONE',  ( -0.9238795325112766355, -0.3826834323651143732, 0.000000000000000000 ) ) ;
#4068 = ORIENTED_EDGE ( 'NONE', *, *, #3491, .T. ) ;
#4069 = VECTOR ( 'NONE', #4452, 1000.000000000000000 ) ;
#4070 = ORIENTED_EDGE ( 'NONE', *, *, #1375, .F. ) ;
#4071 = AXIS2_PLACEMENT_3D ( 'NONE', #2303, #4148, #3792 ) ;
#4072 = EDGE_CURVE ( 'NONE', #1215, #1700, #1720, .T. ) ;
#4073 = LINE ( 'NONE', #3013, #329 ) ;
#4074 = LINE ( 'NONE', #4469, #53 ) ;
#4075 = VERTEX_POINT ( 'NONE', #680 ) ;
#4076 = DIRECTION ( 'NONE',  ( 0.000000000000000000, 0.000000000000000000, 1.000000000000000000 ) ) ;
#4077 = AXIS2_PLACEMENT_3D ( 'NONE', #1672, #2427, #4537 ) ;
#4078 = ORIENTED_EDGE ( 'NONE', *, *, #2545, .F. ) ;
#4080 = DIRECTION ( 'NONE',  ( 0.000000000000000000, 0.000000000000000000, 1.000000000000000000 ) ) ;
#4079 = DIRECTION ( 'NONE',  ( 0.000000000000000000, -1.000000000000000000, 0.000000000000000000 ) ) ;
#4081 = PRODUCT_DEFINITION_SHAPE ( 'NONE', 'NONE',  #4614 ) ;
#4082 = EDGE_LOOP ( 'NONE', ( #2101, #3413 ) ) ;
#4083 = LINE ( 'NONE', #2011, #2113 ) ;
#4084 = LINE ( 'NONE', #4364, #3079 ) ;
#4085 = PRODUCT_DEFINITION_FORMATION_WITH_SPECIFIED_SOURCE ( 'ANY', '', #1208, .NOT_KNOWN. ) ;
#4086 = DIRECTION ( 'NONE',  ( 0.000000000000000000, 0.000000000000000000, -1.000000000000000000 ) ) ;
#4087 = PRODUCT_DEFINITION_FORMATION_WITH_SPECIFIED_SOURCE ( 'ANY', '', #798, .NOT_KNOWN. ) ;
#4088 = EDGE_CURVE ( 'NONE', #3885, #3156, #2404, .T. ) ;
#4089 = CARTESIAN_POINT ( 'NONE',  ( -9.339803143895000659, -16.50000000000000000, 0.5773000000000000353 ) ) ;
#4090 =( NAMED_UNIT ( * ) PLANE_ANGLE_UNIT ( ) SI_UNIT ( $, .RADIAN. ) );
#4091 = ITEM_DEFINED_TRANSFORMATION ( 'NONE', 'NONE', #2732,  #3551 ) ;
#4092 = VERTEX_POINT ( 'NONE', #1699 ) ;
#4093 = ADVANCED_FACE ( 'NONE', ( #4206 ), #985, .F. ) ;
#4094 = FACE_OUTER_BOUND ( 'NONE', #2084, .T. ) ;
#4095 = DIRECTION ( 'NONE',  ( 1.000000000000000000, 0.000000000000000000, 0.000000000000000000 ) ) ;
#4096 = ORIENTED_EDGE ( 'NONE', *, *, #565, .F. ) ;
#4097 = VERTEX_POINT ( 'NONE', #3121 ) ;
#4099 = CARTESIAN_POINT ( 'NONE',  ( 0.2558841336120000198, -0.3638887313559999725, 0.3992999999999999883 ) ) ;
#4098 = CARTESIAN_POINT ( 'NONE',  ( 0.000000000000000000, 0.000000000000000000, 0.5773000000000000353 ) ) ;
#4100 = PRODUCT_DEFINITION_CONTEXT ( 'detailed design', #2734, 'design' ) ;
#4101 = EDGE_CURVE ( 'NONE', #2825, #4380, #1391, .T. ) ;
#4102 = UNCERTAINTY_MEASURE_WITH_UNIT (LENGTH_MEASURE( 1.000000000000000082E-05 ), #771, 'distance_accuracy_value', 'NONE');
#4103 = SHAPE_REPRESENTATION_RELATIONSHIP ( 'NONE' , 'NONE' ,  #1641, #2134 ) ;
#4104 = CARTESIAN_POINT ( 'NONE',  ( 21.50156939064299877, -19.50000000000000000, 0.5773000000000000353 ) ) ;
#4105 = CARTESIAN_POINT ( 'NONE',  ( -13.50000000000000000, 13.50000000000000000, 8.507300000000000750 ) ) ;
#4106 = FILL_AREA_STYLE_COLOUR ( '', #4209 ) ;
#4107 = ORIENTED_EDGE ( 'NONE', *, *, #2831, .T. ) ;
#4108 = FACE_OUTER_BOUND ( 'NONE', #4424, .T. ) ;
#4109 = APPLICATION_CONTEXT ( 'automotive_design' ) ;
#4110 = EDGE_CURVE ( 'NONE', #811, #3205, #1341, .T. ) ;
#4111 = ORIENTED_EDGE ( 'NONE', *, *, #640, .F. ) ;
#4112 = SURFACE_STYLE_FILL_AREA ( #3718 ) ;
#4113 = DIRECTION ( 'NONE',  ( 0.000000000000000000, 0.000000000000000000, -1.000000000000000000 ) ) ;
#4114 = ORIENTED_EDGE ( 'NONE', *, *, #2831, .F. ) ;
#4115 = DIRECTION ( 'NONE',  ( 0.000000000000000000, 0.000000000000000000, 1.000000000000000000 ) ) ;
#4116 = ORIENTED_EDGE ( 'NONE', *, *, #199, .T. ) ;
#4118 = DIRECTION ( 'NONE',  ( -0.1305261922199764946, 0.9914448613738203742, 0.000000000000000000 ) ) ;
#4117 = DIRECTION ( 'NONE',  ( 0.000000000000000000, 0.000000000000000000, 1.000000000000000000 ) ) ;
#4119 = CLOSED_SHELL ( 'NONE', ( #1447, #519, #601, #2094 ) ) ;
#4120 = ORIENTED_EDGE ( 'NONE', *, *, #3652, .F. ) ;
#4121 = CARTESIAN_POINT ( 'NONE',  ( -20.00156939064000028, 19.50000000000000000, 0.6773000000000000131 ) ) ;
#4122 = AXIS2_PLACEMENT_3D ( 'NONE', #1793, #3882, #2106 ) ;
#4123 = PLANE ( 'NONE',  #1527 ) ;
#4124 = EDGE_CURVE ( 'NONE', #3926, #4412, #2287, .T. ) ;
#4125 = LINE ( 'NONE', #283, #1225 ) ;
#4126 =( NAMED_UNIT ( * ) PLANE_ANGLE_UNIT ( ) SI_UNIT ( $, .RADIAN. ) );
#4127 = AXIS2_PLACEMENT_3D ( 'NONE', #2190, #511, #488 ) ;
#4128 = CIRCLE ( 'NONE', #1749, 1.500000000000001332 ) ;
#4129 = PLANE ( 'NONE',  #692 ) ;
#4130 = CARTESIAN_POINT ( 'NONE',  ( 9.339845528055001012, -22.50000000000000000, 0.3992999999999999883 ) ) ;
#4131 = AXIS2_PLACEMENT_3D ( 'NONE', #2897, #3676, #2980 ) ;
#4132 =( GEOMETRIC_REPRESENTATION_CONTEXT ( 3 ) GLOBAL_UNCERTAINTY_ASSIGNED_CONTEXT ( ( #1167 ) ) GLOBAL_UNIT_ASSIGNED_CONTEXT ( ( #599, #1274, #3419 ) ) REPRESENTATION_CONTEXT ( 'NONE', 'WORKASPACE' ) );
#4133 = DIRECTION ( 'NONE',  ( 1.000000000000000000, 0.000000000000000000, 0.000000000000000000 ) ) ;
#4134 = PLANE ( 'NONE',  #2357 ) ;
#4135 = ITEM_DEFINED_TRANSFORMATION ( 'NONE', 'NONE', #1935,  #3551 ) ;
#4136 = VECTOR ( 'NONE', #4007, 1000.000000000000000 ) ;
#4137 = AXIS2_PLACEMENT_3D ( 'NONE', #23, #371, #4315 ) ;
#4138 = EDGE_LOOP ( 'NONE', ( #3878, #1186, #2004, #3270 ) ) ;
#4139 = ADVANCED_FACE ( 'NONE', ( #2445 ), #2102, .F. ) ;
#4140 = DIRECTION ( 'NONE',  ( -1.000000000000000000, 0.000000000000000000, 0.000000000000000000 ) ) ;
#4141 = CARTESIAN_POINT ( 'NONE',  ( -9.339803143895000659, 22.50000000000000000, 0.1779999999999999916 ) ) ;
#4142 = ORIENTED_EDGE ( 'NONE', *, *, #4567, .F. ) ;
#4143 = CIRCLE ( 'NONE', #4203, 1.500000000000001332 ) ;
#4144 = CIRCLE ( 'NONE', #2061, 1.500000000000001332 ) ;
#4145 = ORIENTED_EDGE ( 'NONE', *, *, #754, .T. ) ;
#4146 = EDGE_CURVE ( 'NONE', #2804, #1747, #710, .T. ) ;
#4147 = DIRECTION ( 'NONE',  ( 0.000000000000000000, 0.000000000000000000, 1.000000000000000000 ) ) ;
#4149 = SURFACE_STYLE_USAGE ( .BOTH. , #3771 ) ;
#4148 = DIRECTION ( 'NONE',  ( 0.000000000000000000, 0.000000000000000000, 1.000000000000000000 ) ) ;
#4150 = PRODUCT_DEFINITION_CONTEXT ( 'detailed design', #2410, 'design' ) ;
#4151 = AXIS2_PLACEMENT_3D ( 'NONE', #2798, #4231, #1034 ) ;
#4152 =( REPRESENTATION_RELATIONSHIP ('NONE','NONE', #678, #4346 ) REPRESENTATION_RELATIONSHIP_WITH_TRANSFORMATION ( #3010 )SHAPE_REPRESENTATION_RELATIONSHIP( ) );
#4153 = ORIENTED_EDGE ( 'NONE', *, *, #1771, .F. ) ;
#4154 = CYLINDRICAL_SURFACE ( 'NONE', #1690, 0.04000000000001999872 ) ;
#4155 = FACE_OUTER_BOUND ( 'NONE', #3103, .T. ) ;
#4157 = LINE ( 'NONE', #1353, #1528 ) ;
#4156 = FILL_AREA_STYLE ('',( #4041 ) ) ;
#4158 = AXIS2_PLACEMENT_3D ( 'NONE', #1007, #2381, #1718 ) ;
#4159 = DIRECTION ( 'NONE',  ( 1.000000000000000000, 0.000000000000000000, 0.000000000000000000 ) ) ;
#4160 = PRODUCT_DEFINITION_SHAPE ( 'NONE', 'NONE',  #4613 ) ;
#4161 = CARTESIAN_POINT ( 'NONE',  ( 23.50000000000000000, 26.50000000000000000, 5.307299999999999685 ) ) ;
#4162 = DIRECTION ( 'NONE',  ( 0.000000000000000000, 0.000000000000000000, 1.000000000000000000 ) ) ;
#4163 = LINE ( 'NONE', #2811, #1678 ) ;
#4164 = VERTEX_POINT ( 'NONE', #4021 ) ;
#4165 = CARTESIAN_POINT ( 'NONE',  ( -12.63760714846999988, 16.50000000000000000, 0.000000000000000000 ) ) ;
#4166 = CARTESIAN_POINT ( 'NONE',  ( -0.2240000000000000047, 0.3879793808950000034, 0.1779999999999999916 ) ) ;
#4167 = VERTEX_POINT ( 'NONE', #825 ) ;
#4168 = DIRECTION ( 'NONE',  ( 1.000000000000000000, 0.000000000000000000, 0.000000000000000000 ) ) ;
#4169 = ORIENTED_EDGE ( 'NONE', *, *, #2050, .F. ) ;
#4170 = CARTESIAN_POINT ( 'NONE',  ( -0.1870448187000000040, 0.4032867181899999487, 0.000000000000000000 ) ) ;
#4171 = ORIENTED_EDGE ( 'NONE', *, *, #1611, .T. ) ;
#4172 = ADVANCED_FACE ( 'NONE', ( #59 ), #769, .T. ) ;
#4173 = ORIENTED_EDGE ( 'NONE', *, *, #1205, .T. ) ;
#4174 = ORIENTED_EDGE ( 'NONE', *, *, #683, .F. ) ;
#4175 = FACE_OUTER_BOUND ( 'NONE', #4513, .T. ) ;
#4176 =( REPRESENTATION_RELATIONSHIP ('NONE','NONE', #567, #678 ) REPRESENTATION_RELATIONSHIP_WITH_TRANSFORMATION ( #2539 )SHAPE_REPRESENTATION_RELATIONSHIP( ) );
#4177 = DIRECTION ( 'NONE',  ( 0.000000000000000000, -1.000000000000000000, 0.000000000000000000 ) ) ;
#4178 = EDGE_CURVE ( 'NONE', #4045, #3580, #1697, .T. ) ;
#4179 = CARTESIAN_POINT ( 'NONE',  ( 26.50000000000000000, -23.50000000000000000, 8.507300000000000750 ) ) ;
#4180 = CARTESIAN_POINT ( 'NONE',  ( -15.00000000000000000, -1.956112807566000145, 0.3992999999999999883 ) ) ;
#4181 = ORIENTED_EDGE ( 'NONE', *, *, #3334, .T. ) ;
#4182 = LINE ( 'NONE', #3516, #2647 ) ;
#4183 = ORIENTED_EDGE ( 'NONE', *, *, #3545, .F. ) ;
#4184 = ADVANCED_FACE ( 'NONE', ( #2591 ), #3236, .F. ) ;
#4185 = PRODUCT_CONTEXT ( 'NONE', #3540, 'mechanical' ) ;
#4186 = ORIENTED_EDGE ( 'NONE', *, *, #3428, .F. ) ;
#4187 = DIRECTION ( 'NONE',  ( 1.000000000000000000, 0.000000000000000000, 0.000000000000000000 ) ) ;
#4189 = SURFACE_SIDE_STYLE ('',( #2563 ) ) ;
#4188 = CARTESIAN_POINT ( 'NONE',  ( 0.002411567222444000163, 0.01831767164798999911, 0.1779999999999999916 ) ) ;
#4190 = EDGE_LOOP ( 'NONE', ( #3385, #574, #2230, #2704 ) ) ;
#4191 = ADVANCED_BREP_SHAPE_REPRESENTATION ( '', ( #4468, #3551 ), #3038 ) ;
#4192 = LINE ( 'NONE', #3487, #2202 ) ;
#4193 = ADVANCED_FACE ( 'NONE', ( #1507 ), #4300, .T. ) ;
#4195 = DIRECTION ( 'NONE',  ( 0.000000000000000000, -1.000000000000000000, 0.000000000000000000 ) ) ;
#4194 = LINE ( 'NONE', #997, #2574 ) ;
#4196 = DIRECTION ( 'NONE',  ( 0.1305261922199764946, 0.9914448613738203742, 0.000000000000000000 ) ) ;
#4197 = VECTOR ( 'NONE', #2079, 1000.000000000000000 ) ;
#4198 = CARTESIAN_POINT ( 'NONE',  ( 25.00000000000000000, 0.000000000000000000, 0.3992999999999999883 ) ) ;
#4199 = LINE ( 'NONE', #1664, #3987 ) ;
#4200 = CIRCLE ( 'NONE', #3831, 3.000000000000000888 ) ;
#4201 = EDGE_CURVE ( 'NONE', #10, #811, #2794, .T. ) ;
#4202 = LINE ( 'NONE', #4552, #2500 ) ;
#4203 = AXIS2_PLACEMENT_3D ( 'NONE', #1475, #3273, #4312 ) ;
#4204 = EDGE_LOOP ( 'NONE', ( #3239, #3092, #1841, #2561, #2180, #633 ) ) ;
#4205 = VECTOR ( 'NONE', #249, 1000.000000000000000 ) ;
#4206 = FACE_OUTER_BOUND ( 'NONE', #2227, .T. ) ;
#4207 = ORIENTED_EDGE ( 'NONE', *, *, #441, .T. ) ;
#4208 = CIRCLE ( 'NONE', #1081, 1.500000000000001332 ) ;
#4209 = COLOUR_RGB ( '',0.7921568627450980005, 0.8196078431372548767, 0.9333333333333333481 ) ;
#4210 = APPLICATION_PROTOCOL_DEFINITION ( 'draft international standard', 'automotive_design', 1998, #595 ) ;
#4211 = EDGE_CURVE ( 'NONE', #4030, #3670, #723, .T. ) ;
#4212 = EDGE_CURVE ( 'NONE', #1651, #477, #1394, .T. ) ;
#4213 = AXIS2_PLACEMENT_3D ( 'NONE', #996, #648, #4262 ) ;
#4214 = VECTOR ( 'NONE', #790, 1000.000000000000000 ) ;
#4215 = DIRECTION ( 'NONE',  ( 0.000000000000000000, 0.000000000000000000, -1.000000000000000000 ) ) ;
#4217 = FILL_AREA_STYLE ('',( #1506 ) ) ;
#4216 = DIRECTION ( 'NONE',  ( 1.000000000000000000, 0.000000000000000000, 0.000000000000000000 ) ) ;
#4218 = CIRCLE ( 'NONE', #2205, 1.500000000000001332 ) ;
#4219 = EDGE_LOOP ( 'NONE', ( #4289, #2594, #2619, #3504 ) ) ;
#4220 = VECTOR ( 'NONE', #4579, 1000.000000000000000 ) ;
#4222 = DIRECTION ( 'NONE',  ( 0.000000000000000000, 0.000000000000000000, 1.000000000000000000 ) ) ;
#4221 = LINE ( 'NONE', #1094, #1764 ) ;
#4223 = DIRECTION ( 'NONE',  ( 0.000000000000000000, 0.000000000000000000, 1.000000000000000000 ) ) ;
#4224 = PLANE ( 'NONE',  #4270 ) ;
#4225 = CIRCLE ( 'NONE', #573, 1.500000000000001332 ) ;
#4226 = DIRECTION ( 'NONE',  ( 0.000000000000000000, 1.000000000000000000, 0.000000000000000000 ) ) ;
#4227 = DIRECTION ( 'NONE',  ( -1.000000000000000000, 0.000000000000000000, 0.000000000000000000 ) ) ;
#4228 = AXIS2_PLACEMENT_3D ( 'NONE', #1312, #3513, #3853 ) ;
#4229 = ADVANCED_FACE ( 'NONE', ( #3280, #6 ), #2862, .T. ) ;
#4230 = ORIENTED_EDGE ( 'NONE', *, *, #1003, .T. ) ;
#4231 = DIRECTION ( 'NONE',  ( 0.000000000000000000, 0.000000000000000000, 1.000000000000000000 ) ) ;
#4232 = ORIENTED_EDGE ( 'NONE', *, *, #4110, .F. ) ;
#4233 = APPLICATION_PROTOCOL_DEFINITION ( 'draft international standard', 'automotive_design', 1998, #509 ) ;
#4234 = SHAPE_REPRESENTATION ( 'Open CASCADE STEP translator 7.8 1.10.STEP', ( #3551 ), #1705 ) ;
#4235 = EDGE_CURVE ( 'NONE', #912, #1791, #1104, .T. ) ;
#4236 = APPLICATION_CONTEXT ( 'automotive_design' ) ;
#4237 = LINE ( 'NONE', #729, #3673 ) ;
#4239 = CARTESIAN_POINT ( 'NONE',  ( 25.00000000000000000, -16.50000000000000000, 0.000000000000000000 ) ) ;
#4238 = CARTESIAN_POINT ( 'NONE',  ( 23.50000000000000000, -26.50000000000000000, 8.507300000000000750 ) ) ;
#4240 = ORIENTED_EDGE ( 'NONE', *, *, #4438, .T. ) ;
#4241 = ORIENTED_EDGE ( 'NONE', *, *, #2818, .F. ) ;
#4242 = CARTESIAN_POINT ( 'NONE',  ( -20.00156939064000028, -19.50000000000000000, 0.6773000000000000131 ) ) ;
#4243 = EDGE_CURVE ( 'NONE', #4310, #2196, #1456, .T. ) ;
#4244 =( NAMED_UNIT ( * ) PLANE_ANGLE_UNIT ( ) SI_UNIT ( $, .RADIAN. ) );
#4245 = DIRECTION ( 'NONE',  ( 1.000000000000000000, 0.000000000000000000, 0.000000000000000000 ) ) ;
#4246 = PRESENTATION_STYLE_ASSIGNMENT (( #4293 ) ) ;
#4247 = CARTESIAN_POINT ( 'NONE',  ( -25.00000000000000000, -3.000000000000000000, 0.5773000000000000353 ) ) ;
#4248 = CARTESIAN_POINT ( 'NONE',  ( 23.00156939064299877, 19.50000000000000000, 5.307299999999999685 ) ) ;
#4249 = CARTESIAN_POINT ( 'NONE',  ( -0.1870448187000000040, 0.4032867181899999487, 0.1779999999999999916 ) ) ;
#4250 = FACE_OUTER_BOUND ( 'NONE', #2724, .T. ) ;
#4251 = ORIENTED_EDGE ( 'NONE', *, *, #364, .F. ) ;
#4252 = DIRECTION ( 'NONE',  ( 0.000000000000000000, -1.000000000000000000, 0.000000000000000000 ) ) ;
#4253 = EDGE_LOOP ( 'NONE', ( #471, #2860, #2027, #1632 ) ) ;
#4254 = EDGE_CURVE ( 'NONE', #3950, #898, #1174, .T. ) ;
#4255 = APPLICATION_PROTOCOL_DEFINITION ( 'draft international standard', 'automotive_design', 1998, #532 ) ;
#4256 = ORIENTED_EDGE ( 'NONE', *, *, #917, .F. ) ;
#4257 = PRODUCT ( 'Open CASCADE STEP translator 7.8 1.9.STEP', 'Open CASCADE STEP translator 7.8 1.9.STEP', '', ( #4322 ) ) ;
#4258 = CARTESIAN_POINT ( 'NONE',  ( -13.50000000000000000, 13.50000000000000000, 5.307299999999999685 ) ) ;
#4259 = PLANE ( 'NONE',  #871 ) ;
#4260 = APPLICATION_CONTEXT ( 'automotive_design' ) ;
#4261 = EDGE_LOOP ( 'NONE', ( #2160, #4186, #1950, #3830 ) ) ;
#4262 = DIRECTION ( 'NONE',  ( 1.000000000000000000, 0.000000000000000000, 0.000000000000000000 ) ) ;
#4263 = ORIENTED_EDGE ( 'NONE', *, *, #1595, .T. ) ;
#4264 = ADVANCED_FACE ( 'NONE', ( #374 ), #3622, .F. ) ;
#4265 = DIRECTION ( 'NONE',  ( 0.000000000000000000, 0.000000000000000000, 1.000000000000000000 ) ) ;
#4266 = CARTESIAN_POINT ( 'NONE',  ( -23.00156939064000028, 19.50000000000000000, 5.307299999999999685 ) ) ;
#4267 = DIRECTION ( 'NONE',  ( 1.000000000000000000, 0.000000000000000000, 0.000000000000000000 ) ) ;
#4268 = CLOSED_SHELL ( 'NONE', ( #4553, #350, #3143, #1064 ) ) ;
#4269 = ORIENTED_EDGE ( 'NONE', *, *, #754, .F. ) ;
#4270 = AXIS2_PLACEMENT_3D ( 'NONE', #3890, #4196, #345 ) ;
#4271 = DIRECTION ( 'NONE',  ( 1.000000000000000000, 0.000000000000000000, 0.000000000000000000 ) ) ;
#4272 = EDGE_LOOP ( 'NONE', ( #2712, #4328, #4422, #4232 ) ) ;
#4273 = SHAPE_DEFINITION_REPRESENTATION ( #55, #567 ) ;
#4274 = VECTOR ( 'NONE', #1029, 1000.000000000000000 ) ;
#4275 = VECTOR ( 'NONE', #2667, 1000.000000000000000 ) ;
#4276 = ORIENTED_EDGE ( 'NONE', *, *, #436, .T. ) ;
#4277 = DIRECTION ( 'NONE',  ( 0.000000000000000000, 0.000000000000000000, 1.000000000000000000 ) ) ;
#4278 = AXIS2_PLACEMENT_3D ( 'NONE', #1636, #529, #3401 ) ;
#4279 = CARTESIAN_POINT ( 'NONE',  ( -23.00156939100000031, -19.50000000000000000, 0.5772998999999999770 ) ) ;
#4280 = FACE_OUTER_BOUND ( 'NONE', #1045, .T. ) ;
#4281 = ORIENTED_EDGE ( 'NONE', *, *, #4358, .T. ) ;
#4282 =( GEOMETRIC_REPRESENTATION_CONTEXT ( 3 ) GLOBAL_UNCERTAINTY_ASSIGNED_CONTEXT ( ( #2605 ) ) GLOBAL_UNIT_ASSIGNED_CONTEXT ( ( #2907, #666, #3126 ) ) REPRESENTATION_CONTEXT ( 'NONE', 'WORKASPACE' ) );
#4283 = STYLED_ITEM ( 'NONE', ( #693 ), #2955 ) ;
#4284 = VECTOR ( 'NONE', #3184, 1000.000000000000000 ) ;
#4285 = ADVANCED_FACE ( 'NONE', ( #2489 ), #2564, .T. ) ;
#4286 = ORIENTED_EDGE ( 'NONE', *, *, #2187, .T. ) ;
#4288 = CARTESIAN_POINT ( 'NONE',  ( 21.50156939099999676, 19.50000000000000000, 0.5772998999999999770 ) ) ;
#4287 = FACE_OUTER_BOUND ( 'NONE', #3454, .T. ) ;
#4289 = ORIENTED_EDGE ( 'NONE', *, *, #2886, .F. ) ;
#4290 = DIRECTION ( 'NONE',  ( 0.000000000000000000, 0.000000000000000000, 1.000000000000000000 ) ) ;
#4291 = AXIS2_PLACEMENT_3D ( 'NONE', #2783, #1423, #688 ) ;
#4292 = AXIS2_PLACEMENT_3D ( 'NONE', #4379, #1182, #1564 ) ;
#4293 = SURFACE_STYLE_USAGE ( .BOTH. , #2527 ) ;
#4294 = DIRECTION ( 'NONE',  ( 0.000000000000000000, 0.000000000000000000, -1.000000000000000000 ) ) ;
#4295 = DIRECTION ( 'NONE',  ( 0.000000000000000000, 0.000000000000000000, -1.000000000000000000 ) ) ;
#4296 = CARTESIAN_POINT ( 'NONE',  ( -1.734723475977000168E-15, 16.50000000000000000, 0.1779999999999999916 ) ) ;
#4297 = COLOUR_RGB ( '',0.7921568627450980005, 0.8196078431372548767, 0.9333333333333333481 ) ;
#4298 = PRODUCT ( 'Open CASCADE STEP translator 7.8 1.11.STEP', 'Open CASCADE STEP translator 7.8 1.11.STEP', '', ( #2085 ) ) ;
#4299 = ORIENTED_EDGE ( 'NONE', *, *, #2568, .T. ) ;
#4300 = CYLINDRICAL_SURFACE ( 'NONE', #2213, 1.500000000000001332 ) ;
#4301 = ORIENTED_EDGE ( 'NONE', *, *, #1782, .T. ) ;
#4302 = FACE_OUTER_BOUND ( 'NONE', #310, .T. ) ;
#4303 = ADVANCED_FACE ( 'NONE', ( #2224 ), #3645, .T. ) ;
#4304 = SHAPE_DEFINITION_REPRESENTATION ( #100, #586 ) ;
#4305 = ORIENTED_EDGE ( 'NONE', *, *, #2344, .F. ) ;
#4306 = DIRECTION ( 'NONE',  ( 0.000000000000000000, 0.000000000000000000, -1.000000000000000000 ) ) ;
#4307 = DIRECTION ( 'NONE',  ( 0.000000000000000000, 0.000000000000000000, -1.000000000000000000 ) ) ;
#4308 = PLANE ( 'NONE',  #2569 ) ;
#4309 = ORIENTED_EDGE ( 'NONE', *, *, #2859, .T. ) ;
#4310 = VERTEX_POINT ( 'NONE', #27 ) ;
#4311 = EDGE_CURVE ( 'NONE', #10, #1624, #1808, .T. ) ;
#4312 = DIRECTION ( 'NONE',  ( 1.000000000000000000, 0.000000000000000000, 0.000000000000000000 ) ) ;
#4313 = DIRECTION ( 'NONE',  ( 0.000000000000000000, 0.000000000000000000, 1.000000000000000000 ) ) ;
#4314 = DIRECTION ( 'NONE',  ( 1.000000000000000000, 0.000000000000000000, 0.000000000000000000 ) ) ;
#4315 = DIRECTION ( 'NONE',  ( 1.000000000000000000, 0.000000000000000000, 0.000000000000000000 ) ) ;
#4316 = CARTESIAN_POINT ( 'NONE',  ( 0.000000000000000000, -3.000000000000000000, 0.000000000000000000 ) ) ;
#4317 = EDGE_CURVE ( 'NONE', #3774, #703, #1577, .T. ) ;
#4318 = ORIENTED_EDGE ( 'NONE', *, *, #3874, .F. ) ;
#4319 = CARTESIAN_POINT ( 'NONE',  ( 0.01465778537412000017, -0.01124731430156999945, 0.000000000000000000 ) ) ;
#4320 = EDGE_LOOP ( 'NONE', ( #566, #2816, #3591, #1154 ) ) ;
#4321 =( NAMED_UNIT ( * ) PLANE_ANGLE_UNIT ( ) SI_UNIT ( $, .RADIAN. ) );
#4322 = PRODUCT_CONTEXT ( 'NONE', #3939, 'mechanical' ) ;
#4323 = ORIENTED_EDGE ( 'NONE', *, *, #125, .F. ) ;
#4324 = EDGE_CURVE ( 'NONE', #2874, #4590, #4592, .T. ) ;
#4325 = SURFACE_SIDE_STYLE ('',( #3211 ) ) ;
#4326 = DIRECTION ( 'NONE',  ( 1.000000000000000000, 0.000000000000000000, 0.000000000000000000 ) ) ;
#4327 = CARTESIAN_POINT ( 'NONE',  ( 0.2558841336120000198, 0.3638887313559999725, 0.5773000000000000353 ) ) ;
#4328 = ORIENTED_EDGE ( 'NONE', *, *, #4311, .T. ) ;
#4329 = EDGE_LOOP ( 'NONE', ( #2912, #1936, #1223, #3120 ) ) ;
#4331 = CARTESIAN_POINT ( 'NONE',  ( -0.4082999999999999963, 0.000000000000000000, 0.3992999999999999883 ) ) ;
#4330 = CARTESIAN_POINT ( 'NONE',  ( -15.00000000000000000, -3.000000000000000000, 0.000000000000000000 ) ) ;
#4332 = VERTEX_POINT ( 'NONE', #3424 ) ;
#4333 = CARTESIAN_POINT ( 'NONE',  ( 15.00000000000000000, -1.956152303315000340, 0.1779999999999999916 ) ) ;
#4334 = ADVANCED_FACE ( 'NONE', ( #2982 ), #1712, .F. ) ;
#4335 = CARTESIAN_POINT ( 'NONE',  ( -0.2240000000000000047, 0.3879793808950000034, 0.1779999999999999916 ) ) ;
#4336 = DIRECTION ( 'NONE',  ( 0.000000000000000000, 0.000000000000000000, -1.000000000000000000 ) ) ;
#4337 = DIRECTION ( 'NONE',  ( 0.000000000000000000, 0.000000000000000000, 1.000000000000000000 ) ) ;
#4338 = ORIENTED_EDGE ( 'NONE', *, *, #2748, .F. ) ;
#4339 = ADVANCED_FACE ( 'NONE', ( #282 ), #2717, .T. ) ;
#4340 = PRODUCT_DEFINITION ( 'UNKNOWN', '', #4087, #788 ) ;
#4341 = CARTESIAN_POINT ( 'NONE',  ( -21.50156939063999673, 19.50000000000000000, 5.307299999999999685 ) ) ;
#4342 = DIRECTION ( 'NONE',  ( 0.000000000000000000, 0.000000000000000000, 1.000000000000000000 ) ) ;
#4343 = EDGE_LOOP ( 'NONE', ( #2677, #1997, #1234, #4488, #4338, #3249 ) ) ;
#4344 = FILL_AREA_STYLE_COLOUR ( '', #1553 ) ;
#4345 = APPLICATION_PROTOCOL_DEFINITION ( 'draft international standard', 'automotive_design', 1998, #3602 ) ;
#4346 = SHAPE_REPRESENTATION ( 'Open CASCADE STEP translator 7.8 1.13.STEP', ( #3551 ), #3852 ) ;
#4347 = VERTEX_POINT ( 'NONE', #956 ) ;
#4348 = AXIS2_PLACEMENT_3D ( 'NONE', #2354, #1280, #2015 ) ;
#4349 = CARTESIAN_POINT ( 'NONE',  ( -0.1870448187000000040, -0.4032867181899999487, 0.1779999999999999916 ) ) ;
#4350 = CARTESIAN_POINT ( 'NONE',  ( 0.4427789523109999514, -0.03965779445497000233, 0.000000000000000000 ) ) ;
#4351 = ORIENTED_EDGE ( 'NONE', *, *, #855, .F. ) ;
#4352 = AXIS2_PLACEMENT_3D ( 'NONE', #843, #4313, #2288 ) ;
#4353 = ORIENTED_EDGE ( 'NONE', *, *, #579, .F. ) ;
#4354 = AXIS2_PLACEMENT_3D ( 'NONE', #1589, #2997, #227 ) ;
#4355 = VECTOR ( 'NONE', #2600, 1000.000000000000000 ) ;
#4356 = CARTESIAN_POINT ( 'NONE',  ( 26.50000000000000000, -23.50000000000000000, 5.307299999999999685 ) ) ;
#4357 = PRESENTATION_LAYER_ASSIGNMENT (  '', '', ( #3309 ) ) ;
#4358 = EDGE_CURVE ( 'NONE', #1414, #3620, #468, .T. ) ;
#4359 = CARTESIAN_POINT ( 'NONE',  ( -23.50000000000000000, -26.50000000000000000, 8.507300000000000750 ) ) ;
#4360 = DIRECTION ( 'NONE',  ( 0.000000000000000000, 0.000000000000000000, -1.000000000000000000 ) ) ;
#4361 = AXIS2_PLACEMENT_3D ( 'NONE', #4031, #2920, #2233 ) ;
#4362 = AXIS2_PLACEMENT_3D ( 'NONE', #3584, #154, #2581 ) ;
#4363 = DIRECTION ( 'NONE',  ( 0.000000000000000000, 0.000000000000000000, 1.000000000000000000 ) ) ;
#4364 = CARTESIAN_POINT ( 'NONE',  ( 9.339845528055001012, -22.50000000000000000, 0.5100000000000000089 ) ) ;
#4365 = SHAPE_REPRESENTATION_RELATIONSHIP ( 'NONE' , 'NONE' ,  #3535, #4033 ) ;
#4366 = ORIENTED_EDGE ( 'NONE', *, *, #1874, .T. ) ;
#4367 = VECTOR ( 'NONE', #2070, 1000.000000000000000 ) ;
#4368 = ORIENTED_EDGE ( 'NONE', *, *, #143, .T. ) ;
#4369 = PLANE ( 'NONE',  #2197 ) ;
#4370 = AXIS2_PLACEMENT_3D ( 'NONE', #447, #3570, #1885 ) ;
#4371 = DIRECTION ( 'NONE',  ( 1.000000000000000000, 0.000000000000000000, 0.000000000000000000 ) ) ;
#4372 = ORIENTED_EDGE ( 'NONE', *, *, #565, .T. ) ;
#4373 = PRODUCT_CONTEXT ( 'NONE', #3295, 'mechanical' ) ;
#4374 = ADVANCED_FACE ( 'NONE', ( #1333 ), #1306, .F. ) ;
#4375 = ORIENTED_EDGE ( 'NONE', *, *, #2177, .F. ) ;
#4376 = PRODUCT_DEFINITION_SHAPE ( 'NONE', 'NONE',  #4604 ) ;
#4377 = LINE ( 'NONE', #403, #3152 ) ;
#4378 = DIRECTION ( 'NONE',  ( 1.000000000000000000, 0.000000000000000000, 0.000000000000000000 ) ) ;
#4379 = CARTESIAN_POINT ( 'NONE',  ( 21.50156939064299877, 19.50000000000000000, 0.6773000000000000131 ) ) ;
#4380 = VERTEX_POINT ( 'NONE', #3441 ) ;
#4381 =( LENGTH_UNIT ( ) NAMED_UNIT ( * ) SI_UNIT ( .MILLI., .METRE. ) );
#4382 = EDGE_CURVE ( 'NONE', #2372, #1962, #4194, .T. ) ;
#4383 = EDGE_LOOP ( 'NONE', ( #1421, #147 ) ) ;
#4384 = CARTESIAN_POINT ( 'NONE',  ( -9.339803143895000659, -22.50000000000000000, 0.5773000000000000353 ) ) ;
#4385 = PRODUCT_DEFINITION_FORMATION_WITH_SPECIFIED_SOURCE ( 'ANY', '', #2035, .NOT_KNOWN. ) ;
#4386 = CARTESIAN_POINT ( 'NONE',  ( 9.339845528055001012, -22.50000000000000000, 0.000000000000000000 ) ) ;
#4387 = LINE ( 'NONE', #817, #1232 ) ;
#4388 = CARTESIAN_POINT ( 'NONE',  ( 0.000000000000000000, 0.000000000000000000, 0.5773000000000000353 ) ) ;
#4389 = ADVANCED_FACE ( 'NONE', ( #2030 ), #2631, .F. ) ;
#4390 = DIRECTION ( 'NONE',  ( -1.000000000000000000, 0.000000000000000000, 0.000000000000000000 ) ) ;
#4391 = FACE_OUTER_BOUND ( 'NONE', #4204, .T. ) ;
#4392 = MANIFOLD_SOLID_BREP ( 'zhi_peng_R500_100um_gap_split.STEP<1>', #113 ) ;
#4393 = ORIENTED_EDGE ( 'NONE', *, *, #1964, .F. ) ;
#4394 = DIRECTION ( 'NONE',  ( 0.000000000000000000, 0.000000000000000000, 1.000000000000000000 ) ) ;
#4395 = PLANE ( 'NONE',  #1775 ) ;
#4396 = ORIENTED_EDGE ( 'NONE', *, *, #2669, .T. ) ;
#4397 = APPLICATION_PROTOCOL_DEFINITION ( 'draft international standard', 'automotive_design', 1998, #2588 ) ;
#4398 = ORIENTED_EDGE ( 'NONE', *, *, #114, .F. ) ;
#4399 = ADVANCED_FACE ( 'NONE', ( #1906 ), #3311, .T. ) ;
#4400 = CARTESIAN_POINT ( 'NONE',  ( -21.50156939063999673, -3.469446951954000336E-15, 5.307299999999999685 ) ) ;
#4401 = DIRECTION ( 'NONE',  ( 0.000000000000000000, 0.000000000000000000, 1.000000000000000000 ) ) ;
#4402 = CARTESIAN_POINT ( 'NONE',  ( 0.000000000000000000, 0.000000000000000000, 0.000000000000000000 ) ) ;
#4403 = ORIENTED_EDGE ( 'NONE', *, *, #2910, .T. ) ;
#4404 = EDGE_LOOP ( 'NONE', ( #4256, #3574, #3237, #1331 ) ) ;
#4405 = DIRECTION ( 'NONE',  ( 0.000000000000000000, 0.000000000000000000, -1.000000000000000000 ) ) ;
#4406 = PRODUCT_RELATED_PRODUCT_CATEGORY ( 'part', '', ( #1472 ) ) ;
#4407 = MANIFOLD_SOLID_BREP ( 'zhi_peng_R500_100um_gap_split.STEP<1>', #2181 ) ;
#4408 = CARTESIAN_POINT ( 'NONE',  ( -23.50000000000000000, -26.50000000000000000, 8.507300000000000750 ) ) ;
#4409 = SHAPE_REPRESENTATION_RELATIONSHIP ( 'NONE' , 'NONE' ,  #1832, #4191 ) ;
#4410 = PRODUCT ( 'Open CASCADE STEP translator 7.8 1.12.STEP', 'Open CASCADE STEP translator 7.8 1.12.STEP', '', ( #3879 ) ) ;
#4411 = ADVANCED_FACE ( 'NONE', ( #1823 ), #4395, .T. ) ;
#4412 = VERTEX_POINT ( 'NONE', #3889 ) ;
#4413 = DIRECTION ( 'NONE',  ( 0.000000000000000000, 0.000000000000000000, 1.000000000000000000 ) ) ;
#4414 = VERTEX_POINT ( 'NONE', #3488 ) ;
#4415 = DIRECTION ( 'NONE',  ( 0.000000000000000000, 0.000000000000000000, 1.000000000000000000 ) ) ;
#4416 = CONTEXT_DEPENDENT_SHAPE_REPRESENTATION ( #1619, #3735 ) ;
#4417 = ADVANCED_BREP_SHAPE_REPRESENTATION ( '', ( #1386, #3551 ), #3935 ) ;
#4418 = ORIENTED_EDGE ( 'NONE', *, *, #2386, .F. ) ;
#4419 = VECTOR ( 'NONE', #1524, 1000.000000000000114 ) ;
#4420 = DIRECTION ( 'NONE',  ( 0.000000000000000000, 0.000000000000000000, 1.000000000000000000 ) ) ;
#4421 = DIRECTION ( 'NONE',  ( 0.000000000000000000, -1.000000000000000000, 0.000000000000000000 ) ) ;
#4422 = ORIENTED_EDGE ( 'NONE', *, *, #3968, .F. ) ;
#4423 = AXIS2_PLACEMENT_3D ( 'NONE', #4104, #4529, #3804 ) ;
#4424 = EDGE_LOOP ( 'NONE', ( #945, #4241, #4207, #3648 ) ) ;
#4426 = CARTESIAN_POINT ( 'NONE',  ( -23.50000000000000000, -26.50000000000000000, 8.507300000000000750 ) ) ;
#4425 = CARTESIAN_POINT ( 'NONE',  ( -23.50000000000000000, 23.50000000000000000, 5.307299999999999685 ) ) ;
#4427 = AXIS2_PLACEMENT_3D ( 'NONE', #13, #3124, #2840 ) ;
#4428 = PRODUCT_DEFINITION_CONTEXT ( 'detailed design', #273, 'design' ) ;
#4429 = EDGE_CURVE ( 'NONE', #3580, #4045, #2426, .T. ) ;
#4430 = VECTOR ( 'NONE', #4363, 1000.000000000000000 ) ;
#4431 = CIRCLE ( 'NONE', #479, 1.500000000000001332 ) ;
#4432 = VERTEX_POINT ( 'NONE', #343 ) ;
#4433 = CYLINDRICAL_SURFACE ( 'NONE', #2268, 1.500000000000001332 ) ;
#4434 = DIRECTION ( 'NONE',  ( 0.000000000000000000, 0.000000000000000000, 1.000000000000000000 ) ) ;
#4435 = CARTESIAN_POINT ( 'NONE',  ( -36.50000010000000117, -36.50000010000000117, 0.6772998999999999548 ) ) ;
#4436 =( GEOMETRIC_REPRESENTATION_CONTEXT ( 3 ) GLOBAL_UNCERTAINTY_ASSIGNED_CONTEXT ( ( #2326 ) ) GLOBAL_UNIT_ASSIGNED_CONTEXT ( ( #1476, #1802, #2121 ) ) REPRESENTATION_CONTEXT ( 'NONE', 'WORKASPACE' ) );
#4437 = DIRECTION ( 'NONE',  ( 0.000000000000000000, 0.000000000000000000, -1.000000000000000000 ) ) ;
#4438 = EDGE_CURVE ( 'NONE', #1432, #3190, #1779, .T. ) ;
#4439 =( GEOMETRIC_REPRESENTATION_CONTEXT ( 3 ) GLOBAL_UNCERTAINTY_ASSIGNED_CONTEXT ( ( #3681 ) ) GLOBAL_UNIT_ASSIGNED_CONTEXT ( ( #760, #2898, #3252 ) ) REPRESENTATION_CONTEXT ( 'NONE', 'WORKASPACE' ) );
#4440 = CARTESIAN_POINT ( 'NONE',  ( 0.4079999999999999738, 0.000000000000000000, 0.1779999999999999916 ) ) ;
#4441 = ORIENTED_EDGE ( 'NONE', *, *, #3579, .T. ) ;
#4442 =( LENGTH_UNIT ( ) NAMED_UNIT ( * ) SI_UNIT ( .MILLI., .METRE. ) );
#4443 = VECTOR ( 'NONE', #4079, 1000.000000000000000 ) ;
#4444 = EDGE_LOOP ( 'NONE', ( #2515, #1539, #312, #1979 ) ) ;
#4445 = AXIS2_PLACEMENT_3D ( 'NONE', #3187, #1119, #4371 ) ;
#4446 = DIRECTION ( 'NONE',  ( 0.000000000000000000, 0.000000000000000000, 1.000000000000000000 ) ) ;
#4447 = DIRECTION ( 'NONE',  ( 0.000000000000000000, 0.000000000000000000, 1.000000000000000000 ) ) ;
#4448 = VERTEX_POINT ( 'NONE', #3561 ) ;
#4449 = EDGE_CURVE ( 'NONE', #1350, #178, #4225, .T. ) ;
#4450 = DIRECTION ( 'NONE',  ( 1.000000000000000000, 0.000000000000000000, 0.000000000000000000 ) ) ;
#4451 = ORIENTED_EDGE ( 'NONE', *, *, #2068, .T. ) ;
#4453 = DIRECTION ( 'NONE',  ( 0.000000000000000000, 0.000000000000000000, 1.000000000000000000 ) ) ;
#4452 = DIRECTION ( 'NONE',  ( 0.000000000000000000, 0.000000000000000000, -1.000000000000000000 ) ) ;
#4454 = ORIENTED_EDGE ( 'NONE', *, *, #2910, .F. ) ;
#4455 = LINE ( 'NONE', #3745, #3604 ) ;
#4456 = DIRECTION ( 'NONE',  ( 0.000000000000000000, 1.000000000000000000, 0.000000000000000000 ) ) ;
#4457 = PLANE ( 'NONE',  #546 ) ;
#4458 = EDGE_CURVE ( 'NONE', #3292, #1077, #797, .T. ) ;
#4459 = DIRECTION ( 'NONE',  ( 0.000000000000000000, 0.000000000000000000, -1.000000000000000000 ) ) ;
#4460 = AXIS2_PLACEMENT_3D ( 'NONE', #368, #2254, #2143 ) ;
#4461 = CARTESIAN_POINT ( 'NONE',  ( 15.00000000000000000, 1.956152303315000340, 0.1779999999999999916 ) ) ;
#4462 = LINE ( 'NONE', #1780, #4197 ) ;
#4463 = PLANE ( 'NONE',  #1382 ) ;
#4464 = VERTEX_POINT ( 'NONE', #1096 ) ;
#4465 = PRODUCT_RELATED_PRODUCT_CATEGORY ( 'part', '', ( #1208 ) ) ;
#4466 = ITEM_DEFINED_TRANSFORMATION ( 'NONE', 'NONE', #2144,  #3551 ) ;
#4467 = ORIENTED_EDGE ( 'NONE', *, *, #2187, .F. ) ;
#4468 = MANIFOLD_SOLID_BREP ( 'zhi_peng_R500_100um_gap_split.STEP<1>', #1216 ) ;
#4469 = CARTESIAN_POINT ( 'NONE',  ( 15.00000000000000000, -2.492782445396999579E-14, 0.000000000000000000 ) ) ;
#4470 = VERTEX_POINT ( 'NONE', #427 ) ;
#4471 = DIRECTION ( 'NONE',  ( 0.000000000000000000, 0.000000000000000000, 1.000000000000000000 ) ) ;
#4472 = EDGE_CURVE ( 'NONE', #2598, #3514, #2163, .T. ) ;
#4473 = VERTEX_POINT ( 'NONE', #470 ) ;
#4474 = CARTESIAN_POINT ( 'NONE',  ( -25.00000000000000000, -22.50000000000000000, 0.5773000000000000353 ) ) ;
#4476 = DIRECTION ( 'NONE',  ( 0.000000000000000000, 0.000000000000000000, 1.000000000000000000 ) ) ;
#4475 = CARTESIAN_POINT ( 'NONE',  ( -15.00000000000000000, 1.956112807566000145, 0.5773000000000000353 ) ) ;
#4477 = UNCERTAINTY_MEASURE_WITH_UNIT (LENGTH_MEASURE( 1.000000000000000082E-05 ), #2078, 'distance_accuracy_value', 'NONE');
#4478 = MANIFOLD_SOLID_BREP ( 'zhi_peng_R500_100um_gap_split.STEP<1>', #3365 ) ;
#4479 =( REPRESENTATION_RELATIONSHIP ('NONE','NONE', #678, #586 ) REPRESENTATION_RELATIONSHIP_WITH_TRANSFORMATION ( #2247 )SHAPE_REPRESENTATION_RELATIONSHIP( ) );
#4480 = CARTESIAN_POINT ( 'NONE',  ( -0.01706935259684000394, 0.007070357346537999889, 0.1779999999999999916 ) ) ;
#4481 = LINE ( 'NONE', #257, #3140 ) ;
#4482 = EDGE_CURVE ( 'NONE', #3128, #3061, #3469, .T. ) ;
#4483 = ADVANCED_FACE ( 'NONE', ( #4302 ), #1107, .T. ) ;
#4484 = ORIENTED_EDGE ( 'NONE', *, *, #4458, .T. ) ;
#4485 = DIRECTION ( 'NONE',  ( 1.000000000000000000, 0.000000000000000000, 0.000000000000000000 ) ) ;
#4486 = VERTEX_POINT ( 'NONE', #2174 ) ;
#4487 = DIRECTION ( 'NONE',  ( 1.000000000000000000, 0.000000000000000000, 0.000000000000000000 ) ) ;
#4488 = ORIENTED_EDGE ( 'NONE', *, *, #1283, .T. ) ;
#4489 = DIRECTION ( 'NONE',  ( 0.000000000000000000, 0.000000000000000000, -1.000000000000000000 ) ) ;
#4490 = DIRECTION ( 'NONE',  ( 1.000000000000000000, 0.000000000000000000, 0.000000000000000000 ) ) ;
#4491 = MANIFOLD_SOLID_BREP ( 'zhi_peng_R500_100um_gap_split.STEP<1>', #4268 ) ;
#4492 = ORIENTED_EDGE ( 'NONE', *, *, #3009, .F. ) ;
#4493 = VERTEX_POINT ( 'NONE', #518 ) ;
#4494 = DIRECTION ( 'NONE',  ( 1.000000000000000000, 0.000000000000000000, 0.000000000000000000 ) ) ;
#4495 = CIRCLE ( 'NONE', #472, 1.500000000000001332 ) ;
#4496 = LINE ( 'NONE', #3403, #2939 ) ;
#4498 = CARTESIAN_POINT ( 'NONE',  ( 20.00156939064299877, 19.50000000000000000, 5.307299999999999685 ) ) ;
#4497 = CARTESIAN_POINT ( 'NONE',  ( -23.50000000000000000, 26.50000000000000000, 8.507300000000000750 ) ) ;
#4499 =( LENGTH_UNIT ( ) NAMED_UNIT ( * ) SI_UNIT ( .MILLI., .METRE. ) );
#4500 = VECTOR ( 'NONE', #2666, 1000.000000000000000 ) ;
#4501 = AXIS2_PLACEMENT_3D ( 'NONE', #1125, #3975, #432 ) ;
#4502 = LINE ( 'NONE', #2652, #2765 ) ;
#4503 = MANIFOLD_SOLID_BREP ( 'zhi_peng_R500_100um_gap_split.STEP<1>', #2260 ) ;
#4504 = AXIS2_PLACEMENT_3D ( 'NONE', #4335, #156, #4390 ) ;
#4505 = CARTESIAN_POINT ( 'NONE',  ( 0.000000000000000000, 0.000000000000000000, 0.5773000000000000353 ) ) ;
#4506 = LINE ( 'NONE', #3895, #1855 ) ;
#4507 = AXIS2_PLACEMENT_3D ( 'NONE', #831, #3286, #1489 ) ;
#4508 = AXIS2_PLACEMENT_3D ( 'NONE', #3052, #1642, #3118 ) ;
#4509 = VERTEX_POINT ( 'NONE', #1509 ) ;
#4510 = CARTESIAN_POINT ( 'NONE',  ( -36.50000010000000117, -36.50000010000000117, 0.5772998999999999770 ) ) ;
#4511 = VECTOR ( 'NONE', #4055, 1000.000000000000000 ) ;
#4512 = CARTESIAN_POINT ( 'NONE',  ( 9.339845528055001012, 16.50000000000000000, 0.000000000000000000 ) ) ;
#4513 = EDGE_LOOP ( 'NONE', ( #3176, #413, #2255, #1990, #2232 ) ) ;
#4514 = ADVANCED_FACE ( 'NONE', ( #4108 ), #2984, .F. ) ;
#4515 = AXIS2_PLACEMENT_3D ( 'NONE', #4543, #685, #4588 ) ;
#4516 = ORIENTED_EDGE ( 'NONE', *, *, #1231, .T. ) ;
#4518 = DIRECTION ( 'NONE',  ( 1.000000000000000000, 0.000000000000000000, 0.000000000000000000 ) ) ;
#4517 = LINE ( 'NONE', #2737, #1390 ) ;
#4519 = UNCERTAINTY_MEASURE_WITH_UNIT (LENGTH_MEASURE( 1.000000000000000082E-05 ), #222, 'distance_accuracy_value', 'NONE');
#4520 = AXIS2_PLACEMENT_3D ( 'NONE', #1352, #3464, #3070 ) ;
#4521 = EDGE_CURVE ( 'NONE', #1368, #1256, #2358, .T. ) ;
#4522 = ORIENTED_EDGE ( 'NONE', *, *, #2170, .T. ) ;
#4523 = ORIENTED_EDGE ( 'NONE', *, *, #3794, .T. ) ;
#4524 = DIRECTION ( 'NONE',  ( 0.3826834323651143177, -0.9238795325112765244, 0.000000000000000000 ) ) ;
#4525 = DIRECTION ( 'NONE',  ( 1.000000000000000000, 0.000000000000000000, 0.000000000000000000 ) ) ;
#4527 = DIRECTION ( 'NONE',  ( 0.000000000000000000, 0.000000000000000000, 1.000000000000000000 ) ) ;
#4526 =( LENGTH_UNIT ( ) NAMED_UNIT ( * ) SI_UNIT ( .MILLI., .METRE. ) );
#4528 =( GEOMETRIC_REPRESENTATION_CONTEXT ( 3 ) GLOBAL_UNCERTAINTY_ASSIGNED_CONTEXT ( ( #3025 ) ) GLOBAL_UNIT_ASSIGNED_CONTEXT ( ( #3748, #1552, #2606 ) ) REPRESENTATION_CONTEXT ( 'NONE', 'WORKASPACE' ) );
#4529 = DIRECTION ( 'NONE',  ( 0.000000000000000000, 0.000000000000000000, 1.000000000000000000 ) ) ;
#4530 = ADVANCED_FACE ( 'NONE', ( #2693 ), #4134, .F. ) ;
#4531 = CARTESIAN_POINT ( 'NONE',  ( -21.50156939063999673, -19.50000000000000000, 0.5773000000000000353 ) ) ;
#4532 =( GEOMETRIC_REPRESENTATION_CONTEXT ( 3 ) GLOBAL_UNCERTAINTY_ASSIGNED_CONTEXT ( ( #4477 ) ) GLOBAL_UNIT_ASSIGNED_CONTEXT ( ( #2078, #1731, #231 ) ) REPRESENTATION_CONTEXT ( 'NONE', 'WORKASPACE' ) );
#4533 =( NAMED_UNIT ( * ) PLANE_ANGLE_UNIT ( ) SI_UNIT ( $, .RADIAN. ) );
#4534 = PRODUCT_DEFINITION_FORMATION_WITH_SPECIFIED_SOURCE ( 'ANY', '', #1512, .NOT_KNOWN. ) ;
#4535 = VERTEX_POINT ( 'NONE', #2018 ) ;
#4536 = DIRECTION ( 'NONE',  ( 0.000000000000000000, 0.000000000000000000, 1.000000000000000000 ) ) ;
#4537 = DIRECTION ( 'NONE',  ( 1.000000000000000000, 0.000000000000000000, 0.000000000000000000 ) ) ;
#4538 = ORIENTED_EDGE ( 'NONE', *, *, #4101, .F. ) ;
#4539 = DIRECTION ( 'NONE',  ( 0.000000000000000000, 0.000000000000000000, 1.000000000000000000 ) ) ;
#4540 = VERTEX_POINT ( 'NONE', #3429 ) ;
#4541 = ADVANCED_FACE ( 'NONE', ( #1666 ), #3075, .F. ) ;
#4542 = CARTESIAN_POINT ( 'NONE',  ( 0.1871948187000000152, 0.4035465258109999787, 0.5773000000000000353 ) ) ;
#4544 = CARTESIAN_POINT ( 'NONE',  ( -20.00156939063999673, 19.50000000000000000, 0.5773000000000000353 ) ) ;
#4543 = CARTESIAN_POINT ( 'NONE',  ( 0.000000000000000000, 0.000000000000000000, 0.000000000000000000 ) ) ;
#4545 = PRODUCT_RELATED_PRODUCT_CATEGORY ( 'part', '', ( #2534 ) ) ;
#4546 = FACE_OUTER_BOUND ( 'NONE', #742, .T. ) ;
#4548 = DIRECTION ( 'NONE',  ( 0.000000000000000000, 0.000000000000000000, 1.000000000000000000 ) ) ;
#4547 = FILL_AREA_STYLE ('',( #3800 ) ) ;
#4549 =( NAMED_UNIT ( * ) PLANE_ANGLE_UNIT ( ) SI_UNIT ( $, .RADIAN. ) );
#4550 = DIRECTION ( 'NONE',  ( 1.000000000000000000, 0.000000000000000000, 0.000000000000000000 ) ) ;
#4551 = CARTESIAN_POINT ( 'NONE',  ( 20.00156939064300232, -19.50000000000000000, 0.6773000000000000131 ) ) ;
#4552 = CARTESIAN_POINT ( 'NONE',  ( 9.339845528055001012, 22.50000000000000000, 0.5100000000000000089 ) ) ;
#4553 = ADVANCED_FACE ( 'NONE', ( #4250 ), #353, .T. ) ;
#4554 = ORIENTED_EDGE ( 'NONE', *, *, #3754, .F. ) ;
#4555 = DIRECTION ( 'NONE',  ( 0.000000000000000000, 0.000000000000000000, 1.000000000000000000 ) ) ;
#4556 = VERTEX_POINT ( 'NONE', #4180 ) ;
#4557 = APPLICATION_PROTOCOL_DEFINITION ( 'draft international standard', 'automotive_design', 1998, #1161 ) ;
#4558 = ORIENTED_EDGE ( 'NONE', *, *, #233, .F. ) ;
#4559 = APPLICATION_CONTEXT ( 'automotive_design' ) ;
#4560 = LINE ( 'NONE', #4279, #1821 ) ;
#4562 = CARTESIAN_POINT ( 'NONE',  ( 20.00156939064299877, -3.285749932081897220E-15, 5.307299999999999685 ) ) ;
#4561 = LINE ( 'NONE', #708, #337 ) ;
#4563 = VERTEX_POINT ( 'NONE', #2099 ) ;
#4564 = EDGE_LOOP ( 'NONE', ( #1109, #848, #3207, #661 ) ) ;
#4565 = PLANE ( 'NONE',  #3613 ) ;
#4566 =( LENGTH_UNIT ( ) NAMED_UNIT ( * ) SI_UNIT ( .MILLI., .METRE. ) );
#4567 = EDGE_CURVE ( 'NONE', #667, #2204, #3632, .T. ) ;
#4568 = CARTESIAN_POINT ( 'NONE',  ( 0.002411567222444000163, 0.01831767164798999911, 0.1779999999999999916 ) ) ;
#4569 = CIRCLE ( 'NONE', #4423, 1.500000000000001332 ) ;
#4570 = CARTESIAN_POINT ( 'NONE',  ( 21.50156939064299877, -19.50000000000000000, 0.6773000000000000131 ) ) ;
#4571 = DIRECTION ( 'NONE',  ( 1.000000000000000000, 0.000000000000000000, 0.000000000000000000 ) ) ;
#4572 = AXIS2_PLACEMENT_3D ( 'NONE', #3299, #4056, #1164 ) ;
#4573 = CIRCLE ( 'NONE', #1600, 1.500000000000001332 ) ;
#4574 = CARTESIAN_POINT ( 'NONE',  ( -25.00000000000000000, 3.000000000000000000, 0.5773000000000000353 ) ) ;
#4575 = ADVANCED_FACE ( 'NONE', ( #3448, #1786 ), #629, .F. ) ;
#4576 = AXIS2_PLACEMENT_3D ( 'NONE', #1547, #2602, #4034 ) ;
#4577 = ORIENTED_EDGE ( 'NONE', *, *, #3652, .T. ) ;
#4578 = COLOUR_RGB ( '',0.7921568627450980005, 0.8196078431372548767, 0.9333333333333333481 ) ;
#4579 = DIRECTION ( 'NONE',  ( 0.000000000000000000, 0.000000000000000000, -1.000000000000000000 ) ) ;
#4580 = ORIENTED_EDGE ( 'NONE', *, *, #1319, .T. ) ;
#4581 = VECTOR ( 'NONE', #2614, 1000.000000000000000 ) ;
#4582 = COLOUR_RGB ( '',0.7921568627450980005, 0.8196078431372548767, 0.9333333333333333481 ) ;
#4583 = ADVANCED_BREP_SHAPE_REPRESENTATION ( '', ( #1412, #3551 ), #654 ) ;
#4584 = CIRCLE ( 'NONE', #2710, 3.000000000000000888 ) ;
#4585 = AXIS2_PLACEMENT_3D ( 'NONE', #4198, #1733, #3162 ) ;
#4586 = EDGE_CURVE ( 'NONE', #2103, #2814, #4506, .T. ) ;
#4587 = CARTESIAN_POINT ( 'NONE',  ( 25.00000000000000000, -22.50000000000000000, 0.5773000000000000353 ) ) ;
#4589 = SURFACE_STYLE_FILL_AREA ( #3482 ) ;
#4588 = DIRECTION ( 'NONE',  ( 0.000000000000000000, -1.000000000000000000, 0.000000000000000000 ) ) ;
#4590 = VERTEX_POINT ( 'NONE', #676 ) ;
#4591 = AXIS2_PLACEMENT_3D ( 'NONE', #4425, #577, #2025 ) ;
#4592 = CIRCLE ( 'NONE', #339, 1.500000000000001332 ) ;
#4593 = CARTESIAN_POINT ( 'NONE',  ( -13.50000000000000000, -13.50000000000000000, 5.307299999999999685 ) ) ;
#4594 = VERTEX_POINT ( 'NONE', #4574 ) ;
#4595 = PRESENTATION_STYLE_ASSIGNMENT (( #2116 ) ) ;
#4596 = PRODUCT_DEFINITION_SHAPE ( 'NONE', 'NONE',  #668 ) ;
#4597 = CARTESIAN_POINT ( 'NONE',  ( 15.00000000000000000, 3.000000000000000000, 0.000000000000000000 ) ) ;
#4598 = NEXT_ASSEMBLY_USAGE_OCCURRENCE ( 'NAUO1', ' ', ' ', #1240, #2536, $ ) ;
#4599 = NEXT_ASSEMBLY_USAGE_OCCURRENCE ( 'NAUO2', ' ', ' ', #2536, #2797, $ ) ;
#4600 = NEXT_ASSEMBLY_USAGE_OCCURRENCE ( 'NAUO3', ' ', ' ', #2536, #2316, $ ) ;
#4601 = NEXT_ASSEMBLY_USAGE_OCCURRENCE ( 'NAUO4', ' ', ' ', #2536, #2674, $ ) ;
#4602 = NEXT_ASSEMBLY_USAGE_OCCURRENCE ( 'NAUO5', ' ', ' ', #2536, #668, $ ) ;
#4603 = NEXT_ASSEMBLY_USAGE_OCCURRENCE ( 'NAUO6', ' ', ' ', #2536, #4340, $ ) ;
#4604 = NEXT_ASSEMBLY_USAGE_OCCURRENCE ( 'NAUO7', ' ', ' ', #2536, #2212, $ ) ;
#4605 = NEXT_ASSEMBLY_USAGE_OCCURRENCE ( 'NAUO8', ' ', ' ', #2536, #550, $ ) ;
#4606 = NEXT_ASSEMBLY_USAGE_OCCURRENCE ( 'NAUO9', ' ', ' ', #2536, #2877, $ ) ;
#4607 = NEXT_ASSEMBLY_USAGE_OCCURRENCE ( 'NAUO10', ' ', ' ', #2536, #1644, $ ) ;
#4608 = NEXT_ASSEMBLY_USAGE_OCCURRENCE ( 'NAUO11', ' ', ' ', #2536, #3778, $ ) ;
#4609 = NEXT_ASSEMBLY_USAGE_OCCURRENCE ( 'NAUO12', ' ', ' ', #2536, #1586, $ ) ;
#4610 = NEXT_ASSEMBLY_USAGE_OCCURRENCE ( 'NAUO13', ' ', ' ', #2536, #1291, $ ) ;
#4611 = NEXT_ASSEMBLY_USAGE_OCCURRENCE ( 'NAUO14', ' ', ' ', #2536, #2744, $ ) ;
#4612 = NEXT_ASSEMBLY_USAGE_OCCURRENCE ( 'NAUO15', ' ', ' ', #2536, #3364, $ ) ;
#4613 = NEXT_ASSEMBLY_USAGE_OCCURRENCE ( 'NAUO16', ' ', ' ', #2536, #408, $ ) ;
#4614 = NEXT_ASSEMBLY_USAGE_OCCURRENCE ( 'NAUO17', ' ', ' ', #2536, #3569, $ ) ;
#4615 = NEXT_ASSEMBLY_USAGE_OCCURRENCE ( 'NAUO18', ' ', ' ', #2536, #2265, $ ) ;
#4616 = NEXT_ASSEMBLY_USAGE_OCCURRENCE ( 'NAUO19', ' ', ' ', #2536, #4063, $ ) ;
#4617 = NEXT_ASSEMBLY_USAGE_OCCURRENCE ( 'NAUO20', ' ', ' ', #2536, #2601, $ ) ;
ENDSEC;
END-ISO-10303-21;
