ISO-10303-21;
HEADER;
FILE_DESCRIPTION (( 'STEP AP214' ),
    '1' );
FILE_NAME ('zhi_peng_R500.STEP',
    '2026-08-21T08:02:25',
    ( '' ),
    ( '' ),
    'SwSTEP 2.0',
    'SolidWorks 2024',
    '' );
FILE_SCHEMA (( 'AUTOMOTIVE_DESIGN' ));
ENDSEC;

DATA;
#1 = ORIENTED_EDGE ( 'NONE', *, *, #291, .F. ) ;
#2 = CIRCLE ( 'NONE', #2373, 3.000000000000000888 ) ;
#3 = CYLINDRICAL_SURFACE ( 'NONE', #525, 3.000000000000000888 ) ;
#4 = VERTEX_POINT ( 'NONE', #1286 ) ;
#5 = CARTESIAN_POINT ( 'NONE',  ( 0.2558841336116515208, 0.3638887313562139680, 0.3992999999999999883 ) ) ;
#6 = DIRECTION ( 'NONE',  ( 0.000000000000000000, 1.000000000000000000, 0.000000000000000000 ) ) ;
#7 = ADVANCED_FACE ( 'NONE', ( #248 ), #2150, .F. ) ;
#8 = ADVANCED_FACE ( 'NONE', ( #883 ), #460, .F. ) ;
#9 = DIRECTION ( 'NONE',  ( -1.000000000000000000, 0.000000000000000000, 0.000000000000000000 ) ) ;
#10 = LINE ( 'NONE', #1746, #2169 ) ;
#11 = AXIS2_PLACEMENT_3D ( 'NONE', #888, #1922, #1289 ) ;
#12 = DIRECTION ( 'NONE',  ( -1.000000000000000000, 0.000000000000000000, 0.000000000000000000 ) ) ;
#13 = CARTESIAN_POINT ( 'NONE',  ( -12.63760714847273903, 16.50000000000000000, 0.000000000000000000 ) ) ;
#14 = ORIENTED_EDGE ( 'NONE', *, *, #1622, .F. ) ;
#15 = ORIENTED_EDGE ( 'NONE', *, *, #1148, .F. ) ;
#16 = AXIS2_PLACEMENT_3D ( 'NONE', #1535, #1758, #1085 ) ;
#17 = CARTESIAN_POINT ( 'NONE',  ( -13.50000000000000000, 16.50000000000000000, 5.207300000000000040 ) ) ;
#18 = ORIENTED_EDGE ( 'NONE', *, *, #448, .F. ) ;
#19 = LINE ( 'NONE', #2122, #1254 ) ;
#20 = CARTESIAN_POINT ( 'NONE',  ( -9.339803143895171189, 0.000000000000000000, 0.1779999999999999916 ) ) ;
#21 = UNCERTAINTY_MEASURE_WITH_UNIT (LENGTH_MEASURE( 1.000000000000000082E-05 ), #1389, 'distance_accuracy_value', 'NONE');
#22 = EDGE_CURVE ( 'NONE', #1654, #729, #1593, .T. ) ;
#23 = EDGE_CURVE ( 'NONE', #792, #1887, #1410, .T. ) ;
#24 = VECTOR ( 'NONE', #2256, 1000.000000000000000 ) ;
#25 = CARTESIAN_POINT ( 'NONE',  ( 0.2241499999999999881, 0.3882391885165629719, 0.5773000000000000353 ) ) ;
#26 = CARTESIAN_POINT ( 'NONE',  ( 25.00000000000000000, 16.50000000000000000, 0.3992999999999999883 ) ) ;
#27 = DIRECTION ( 'NONE',  ( 0.000000000000000000, 0.000000000000000000, 1.000000000000000000 ) ) ;
#28 = DIRECTION ( 'NONE',  ( -1.000000000000000000, 0.000000000000000000, 0.000000000000000000 ) ) ;
#29 = ORIENTED_EDGE ( 'NONE', *, *, #1987, .T. ) ;
#30 = DIRECTION ( 'NONE',  ( -0.6087614290087192126, -0.7933533402912362753, 0.000000000000000000 ) ) ;
#31 = VERTEX_POINT ( 'NONE', #2475 ) ;
#32 = FACE_OUTER_BOUND ( 'NONE', #1187, .T. ) ;
#33 = DIRECTION ( 'NONE',  ( 0.000000000000000000, -1.000000000000000000, 0.000000000000000000 ) ) ;
#34 = AXIS2_PLACEMENT_3D ( 'NONE', #2455, #902, #1756 ) ;
#35 = CARTESIAN_POINT ( 'NONE',  ( 25.00000000000000000, 3.000000000000000000, 0.000000000000000000 ) ) ;
#36 = CARTESIAN_POINT ( 'NONE',  ( -15.00000000000000000, 3.000000000000000000, 0.5773000000000000353 ) ) ;
#37 = EDGE_CURVE ( 'NONE', #542, #1752, #554, .T. ) ;
#38 = PLANE ( 'NONE',  #563 ) ;
#39 = CARTESIAN_POINT ( 'NONE',  ( 23.50000000000000000, -23.50000000000000000, 5.207300000000000040 ) ) ;
#40 = EDGE_CURVE ( 'NONE', #1672, #2220, #1019, .T. ) ;
#41 = EDGE_CURVE ( 'NONE', #2208, #1962, #2026, .T. ) ;
#42 = ORIENTED_EDGE ( 'NONE', *, *, #2108, .T. ) ;
#43 = EDGE_LOOP ( 'NONE', ( #2529, #1728, #836, #1679 ) ) ;
#44 = VERTEX_POINT ( 'NONE', #1604 ) ;
#45 = ORIENTED_EDGE ( 'NONE', *, *, #637, .F. ) ;
#46 = ORIENTED_EDGE ( 'NONE', *, *, #1678, .T. ) ;
#47 = LINE ( 'NONE', #280, #1119 ) ;
#48 = CARTESIAN_POINT ( 'NONE',  ( 9.339845528054709689, -16.50000000000000000, 0.3992999999999999883 ) ) ;
#49 = FACE_OUTER_BOUND ( 'NONE', #2698, .T. ) ;
#50 = CARTESIAN_POINT ( 'NONE',  ( 16.50000000000000000, -13.50000000000000000, 8.407299999999999329 ) ) ;
#51 = CIRCLE ( 'NONE', #1657, 1.500000000000001332 ) ;
#52 = CARTESIAN_POINT ( 'NONE',  ( 0.4079999999999999738, 0.000000000000000000, 0.1779999999999999916 ) ) ;
#53 = CARTESIAN_POINT ( 'NONE',  ( -21.50156939064320127, 19.50000000000000000, 0.5773000000000000353 ) ) ;
#54 = ADVANCED_FACE ( 'NONE', ( #726 ), #1790, .T. ) ;
#55 = VERTEX_POINT ( 'NONE', #940 ) ;
#56 = EDGE_CURVE ( 'NONE', #444, #1841, #109, .T. ) ;
#57 = ORIENTED_EDGE ( 'NONE', *, *, #1064, .T. ) ;
#58 = VECTOR ( 'NONE', #2754, 1000.000000000000000 ) ;
#59 = ORIENTED_EDGE ( 'NONE', *, *, #2499, .F. ) ;
#60 = ORIENTED_EDGE ( 'NONE', *, *, #723, .F. ) ;
#61 = ORIENTED_EDGE ( 'NONE', *, *, #2593, .F. ) ;
#62 = CARTESIAN_POINT ( 'NONE',  ( -12.63760714847280120, -16.50000000000000000, 0.1779999999999999916 ) ) ;
#63 = DIRECTION ( 'NONE',  ( 0.000000000000000000, -1.000000000000000000, 0.000000000000000000 ) ) ;
#64 = DIRECTION ( 'NONE',  ( 1.000000000000000000, 0.000000000000000000, 0.000000000000000000 ) ) ;
#65 = CARTESIAN_POINT ( 'NONE',  ( -13.50000000000000000, -16.50000000000000000, 5.207300000000000040 ) ) ;
#66 = AXIS2_PLACEMENT_3D ( 'NONE', #2671, #1602, #1392 ) ;
#67 = DIRECTION ( 'NONE',  ( 0.000000000000000000, 1.000000000000000000, 0.000000000000000000 ) ) ;
#68 = DIRECTION ( 'NONE',  ( 0.000000000000000000, 1.000000000000000000, 0.000000000000000000 ) ) ;
#69 = VECTOR ( 'NONE', #1268, 1000.000000000000000 ) ;
#70 = VECTOR ( 'NONE', #1544, 1000.000000000000000 ) ;
#71 = CARTESIAN_POINT ( 'NONE',  ( -0.2557341336116679686, 0.3636289237350865400, 0.1779999999999999916 ) ) ;
#72 = ORIENTED_EDGE ( 'NONE', *, *, #1606, .T. ) ;
#73 = EDGE_CURVE ( 'NONE', #2028, #1718, #2040, .T. ) ;
#74 = ORIENTED_EDGE ( 'NONE', *, *, #2747, .T. ) ;
#75 = VERTEX_POINT ( 'NONE', #2661 ) ;
#76 = ORIENTED_EDGE ( 'NONE', *, *, #768, .F. ) ;
#77 = DIRECTION ( 'NONE',  ( -0.3826834323650811220, 0.9238795325112902912, 0.000000000000000000 ) ) ;
#78 = PLANE ( 'NONE',  #376 ) ;
#79 = PLANE ( 'NONE',  #1298 ) ;
#80 = CIRCLE ( 'NONE', #208, 3.000000000000000888 ) ;
#81 = FACE_OUTER_BOUND ( 'NONE', #193, .T. ) ;
#82 = AXIS2_PLACEMENT_3D ( 'NONE', #627, #1479, #2051 ) ;
#83 = PLANE ( 'NONE',  #2662 ) ;
#84 = CARTESIAN_POINT ( 'NONE',  ( -0.4482999999999999763, 0.000000000000000000, 0.5773000000000000353 ) ) ;
#85 = DIRECTION ( 'NONE',  ( 1.000000000000000000, 0.000000000000000000, 0.000000000000000000 ) ) ;
#86 = EDGE_LOOP ( 'NONE', ( #1162, #2014, #263, #981, #573, #1223 ) ) ;
#87 = EDGE_LOOP ( 'NONE', ( #632, #46 ) ) ;
#88 = ORIENTED_EDGE ( 'NONE', *, *, #623, .T. ) ;
#89 = CARTESIAN_POINT ( 'NONE',  ( -20.00156939064320127, -19.50000000000000000, 5.207300000000000040 ) ) ;
#90 = CARTESIAN_POINT ( 'NONE',  ( 25.00000000000000000, 0.000000000000000000, 0.1779999999999999916 ) ) ;
#91 = ADVANCED_FACE ( 'NONE', ( #1353 ), #978, .F. ) ;
#92 = EDGE_CURVE ( 'NONE', #2177, #674, #952, .T. ) ;
#93 = VECTOR ( 'NONE', #690, 1000.000000000000000 ) ;
#94 = LINE ( 'NONE', #1825, #908 ) ;
#95 = DIRECTION ( 'NONE',  ( 0.000000000000000000, 0.000000000000000000, 1.000000000000000000 ) ) ;
#96 = CARTESIAN_POINT ( 'NONE',  ( -13.50000000000000000, -13.50000000000000000, 8.407299999999999329 ) ) ;
#97 = CIRCLE ( 'NONE', #540, 2.999999999999999112 ) ;
#98 = CARTESIAN_POINT ( 'NONE',  ( 0.4480000000000169957, 0.000000000000000000, 0.1779999999999999916 ) ) ;
#99 = ORIENTED_EDGE ( 'NONE', *, *, #322, .F. ) ;
#100 = ORIENTED_EDGE ( 'NONE', *, *, #803, .F. ) ;
#101 = LINE ( 'NONE', #1330, #1520 ) ;
#102 = DIRECTION ( 'NONE',  ( 0.000000000000000000, 0.000000000000000000, -1.000000000000000000 ) ) ;
#103 = CARTESIAN_POINT ( 'NONE',  ( -0.002416678348503289823, -0.01835649450477765121, 0.5773000000000000353 ) ) ;
#104 = DIRECTION ( 'NONE',  ( 0.000000000000000000, 0.000000000000000000, 1.000000000000000000 ) ) ;
#105 = EDGE_CURVE ( 'NONE', #55, #2115, #2243, .T. ) ;
#106 = EDGE_CURVE ( 'NONE', #832, #568, #1394, .T. ) ;
#107 = DIRECTION ( 'NONE',  ( -1.000000000000000000, 0.000000000000000000, 0.000000000000000000 ) ) ;
#108 = DIRECTION ( 'NONE',  ( 0.000000000000000000, 0.000000000000000000, -1.000000000000000000 ) ) ;
#109 = LINE ( 'NONE', #2437, #2137 ) ;
#110 = ORIENTED_EDGE ( 'NONE', *, *, #1181, .T. ) ;
#111 = VECTOR ( 'NONE', #771, 1000.000000000000000 ) ;
#112 = ORIENTED_EDGE ( 'NONE', *, *, #1699, .T. ) ;
#113 = DIRECTION ( 'NONE',  ( 0.000000000000000000, 1.000000000000000000, 0.000000000000000000 ) ) ;
#114 = FACE_OUTER_BOUND ( 'NONE', #278, .T. ) ;
#115 = CARTESIAN_POINT ( 'NONE',  ( 21.50156939064314798, -3.469446951953614978E-15, 5.207300000000000040 ) ) ;
#116 = DIRECTION ( 'NONE',  ( 0.000000000000000000, 0.000000000000000000, -1.000000000000000000 ) ) ;
#117 = VECTOR ( 'NONE', #991, 1000.000000000000000 ) ;
#118 = VERTEX_POINT ( 'NONE', #71 ) ;
#119 = DIRECTION ( 'NONE',  ( 0.000000000000000000, 1.000000000000000000, 0.000000000000000000 ) ) ;
#120 = CARTESIAN_POINT ( 'NONE',  ( -25.00000000000000000, -22.50000000000000000, 0.1779999999999999916 ) ) ;
#121 = EDGE_CURVE ( 'NONE', #1056, #401, #925, .T. ) ;
#122 = AXIS2_PLACEMENT_3D ( 'NONE', #1686, #1896, #2512 ) ;
#123 = CARTESIAN_POINT ( 'NONE',  ( 0.2241499999999964909, -0.3882391885165659695, 0.5773000000000000353 ) ) ;
#124 = EDGE_CURVE ( 'NONE', #1147, #794, #969, .T. ) ;
#125 = ADVANCED_FACE ( 'NONE', ( #1146 ), #1160, .T. ) ;
#126 = ORIENTED_EDGE ( 'NONE', *, *, #1287, .F. ) ;
#127 = ORIENTED_EDGE ( 'NONE', *, *, #914, .F. ) ;
#128 = LINE ( 'NONE', #982, #973 ) ;
#129 = CARTESIAN_POINT ( 'NONE',  ( -15.00000000000000000, 1.956112807565715039, 0.5773000000000000353 ) ) ;
#130 = DIRECTION ( 'NONE',  ( 0.000000000000000000, 0.000000000000000000, -1.000000000000000000 ) ) ;
#131 = EDGE_LOOP ( 'NONE', ( #1246, #628, #2395, #42 ) ) ;
#132 = CARTESIAN_POINT ( 'NONE',  ( -23.00156939064320127, -19.50000000000000000, 0.5773000000000000353 ) ) ;
#133 = FACE_OUTER_BOUND ( 'NONE', #1437, .T. ) ;
#134 = VERTEX_POINT ( 'NONE', #2647 ) ;
#135 = FACE_OUTER_BOUND ( 'NONE', #591, .T. ) ;
#136 = ORIENTED_EDGE ( 'NONE', *, *, #1131, .F. ) ;
#137 = EDGE_CURVE ( 'NONE', #1302, #2526, #1366, .T. ) ;
#138 = EDGE_CURVE ( 'NONE', #2648, #2692, #610, .T. ) ;
#139 = ORIENTED_EDGE ( 'NONE', *, *, #2023, .F. ) ;
#140 = CARTESIAN_POINT ( 'NONE',  ( -0.2557341336116735198, -0.3636289237350834869, 0.000000000000000000 ) ) ;
#141 = DIRECTION ( 'NONE',  ( 1.000000000000000000, 0.000000000000000000, 0.000000000000000000 ) ) ;
#142 = CARTESIAN_POINT ( 'NONE',  ( 23.00156939064314798, -19.50000000000000000, 5.207300000000000040 ) ) ;
#143 = VERTEX_POINT ( 'NONE', #2327 ) ;
#144 = LINE ( 'NONE', #1643, #1721 ) ;
#145 = CARTESIAN_POINT ( 'NONE',  ( -0.2557341336116679686, 0.3636289237350865400, 0.1779999999999999916 ) ) ;
#146 = EDGE_LOOP ( 'NONE', ( #2485, #1476, #2163, #727 ) ) ;
#147 = CARTESIAN_POINT ( 'NONE',  ( -25.00000000000000000, -3.000000000000000000, 0.3992999999999999883 ) ) ;
#148 = ORIENTED_EDGE ( 'NONE', *, *, #1406, .T. ) ;
#149 = EDGE_LOOP ( 'NONE', ( #398, #1002, #1428, #897 ) ) ;
#150 = CARTESIAN_POINT ( 'NONE',  ( 0.000000000000000000, 3.000000000000000000, 0.3992999999999999883 ) ) ;
#151 = EDGE_CURVE ( 'NONE', #197, #2741, #1453, .T. ) ;
#152 = AXIS2_PLACEMENT_3D ( 'NONE', #2542, #621, #520 ) ;
#153 = CARTESIAN_POINT ( 'NONE',  ( -26.50000000000000000, 23.50000000000000000, 5.207300000000000040 ) ) ;
#154 = LINE ( 'NONE', #394, #1004 ) ;
#155 = ORIENTED_EDGE ( 'NONE', *, *, #878, .T. ) ;
#156 = DIRECTION ( 'NONE',  ( 1.000000000000000000, 0.000000000000000000, 0.000000000000000000 ) ) ;
#157 = CARTESIAN_POINT ( 'NONE',  ( -20.00156939064320127, -3.285749932081509494E-15, 5.207300000000000040 ) ) ;
#158 = VECTOR ( 'NONE', #738, 1000.000000000000000 ) ;
#159 = ORIENTED_EDGE ( 'NONE', *, *, #1714, .T. ) ;
#160 = PLANE ( 'NONE',  #1732 ) ;
#161 = DIRECTION ( 'NONE',  ( 0.000000000000000000, 0.000000000000000000, 1.000000000000000000 ) ) ;
#162 = AXIS2_PLACEMENT_3D ( 'NONE', #1214, #2560, #2188 ) ;
#163 = EDGE_LOOP ( 'NONE', ( #15, #2159 ) ) ;
#164 = ORIENTED_EDGE ( 'NONE', *, *, #2695, .T. ) ;
#165 = CARTESIAN_POINT ( 'NONE',  ( 25.00000000000000000, 22.50000000000000000, 0.5773000000000000353 ) ) ;
#166 = ORIENTED_EDGE ( 'NONE', *, *, #482, .F. ) ;
#167 = CARTESIAN_POINT ( 'NONE',  ( 16.50000000000000000, -13.50000000000000000, 8.407299999999999329 ) ) ;
#168 = LINE ( 'NONE', #1025, #414 ) ;
#169 = ADVANCED_FACE ( 'NONE', ( #1690 ), #160, .T. ) ;
#170 = EDGE_CURVE ( 'NONE', #568, #2208, #2281, .T. ) ;
#171 = ORIENTED_EDGE ( 'NONE', *, *, #41, .F. ) ;
#172 = LINE ( 'NONE', #2473, #823 ) ;
#173 = LINE ( 'NONE', #2757, #972 ) ;
#174 = ORIENTED_EDGE ( 'NONE', *, *, #2436, .T. ) ;
#175 = CARTESIAN_POINT ( 'NONE',  ( 9.339845528054580015, 16.50000000000000000, 0.3992999999999999883 ) ) ;
#176 = DIRECTION ( 'NONE',  ( 0.000000000000000000, -1.000000000000000000, 0.000000000000000000 ) ) ;
#177 = VECTOR ( 'NONE', #2652, 1000.000000000000000 ) ;
#178 = EDGE_LOOP ( 'NONE', ( #670, #1137, #1232, #2356 ) ) ;
#179 = EDGE_LOOP ( 'NONE', ( #249, #584, #2427, #1271, #2637 ) ) ;
#180 = CARTESIAN_POINT ( 'NONE',  ( -13.50000000000000000, 13.50000000000000000, 8.407299999999999329 ) ) ;
#181 = VECTOR ( 'NONE', #536, 1000.000000000000000 ) ;
#182 = LINE ( 'NONE', #1249, #903 ) ;
#183 = DIRECTION ( 'NONE',  ( 0.000000000000000000, 0.000000000000000000, -1.000000000000000000 ) ) ;
#184 = ORIENTED_EDGE ( 'NONE', *, *, #1782, .T. ) ;
#185 = DIRECTION ( 'NONE',  ( 0.000000000000000000, 0.000000000000000000, 1.000000000000000000 ) ) ;
#186 = DIRECTION ( 'NONE',  ( -1.000000000000000000, 0.000000000000000000, 0.000000000000000000 ) ) ;
#187 = ADVANCED_FACE ( 'NONE', ( #629 ), #580, .T. ) ;
#188 = EDGE_CURVE ( 'NONE', #1635, #44, #475, .T. ) ;
#189 = VERTEX_POINT ( 'NONE', #175 ) ;
#190 = FACE_OUTER_BOUND ( 'NONE', #2085, .T. ) ;
#191 = FACE_OUTER_BOUND ( 'NONE', #2147, .T. ) ;
#192 = EDGE_LOOP ( 'NONE', ( #1642, #1, #2233, #766 ) ) ;
#193 = EDGE_LOOP ( 'NONE', ( #2761, #127, #2549, #1005 ) ) ;
#194 = CYLINDRICAL_SURFACE ( 'NONE', #1913, 0.04000000000001696643 ) ;
#195 = CARTESIAN_POINT ( 'NONE',  ( -25.00000000000000000, 0.000000000000000000, 0.1779999999999999916 ) ) ;
#196 = LINE ( 'NONE', #1317, #2308 ) ;
#197 = VERTEX_POINT ( 'NONE', #1646 ) ;
#198 = LINE ( 'NONE', #2544, #692 ) ;
#199 = PLANE ( 'NONE',  #365 ) ;
#200 = ORIENTED_EDGE ( 'NONE', *, *, #1969, .F. ) ;
#201 = DIRECTION ( 'NONE',  ( 0.000000000000000000, 0.000000000000000000, 1.000000000000000000 ) ) ;
#202 = DIRECTION ( 'NONE',  ( 0.000000000000000000, -1.000000000000000000, 0.000000000000000000 ) ) ;
#203 = ORIENTED_EDGE ( 'NONE', *, *, #1546, .T. ) ;
#204 = AXIS2_PLACEMENT_3D ( 'NONE', #2502, #2098, #1842 ) ;
#205 = ADVANCED_FACE ( 'NONE', ( #1244 ), #2546, .F. ) ;
#206 = ORIENTED_EDGE ( 'NONE', *, *, #1030, .T. ) ;
#207 = EDGE_CURVE ( 'NONE', #648, #2205, #1033, .T. ) ;
#208 = AXIS2_PLACEMENT_3D ( 'NONE', #2066, #2733, #1200 ) ;
#209 = FACE_BOUND ( 'NONE', #163, .T. ) ;
#210 = AXIS2_PLACEMENT_3D ( 'NONE', #988, #1211, #609 ) ;
#211 = ORIENTED_EDGE ( 'NONE', *, *, #1901, .F. ) ;
#212 = LINE ( 'NONE', #2766, #2426 ) ;
#213 = DIRECTION ( 'NONE',  ( -1.000000000000000000, 0.000000000000000000, 0.000000000000000000 ) ) ;
#214 = DIRECTION ( 'NONE',  ( 0.000000000000000000, 0.000000000000000000, -1.000000000000000000 ) ) ;
#215 = DIRECTION ( 'NONE',  ( -0.6087614290087192126, -0.7933533402912362753, 0.000000000000000000 ) ) ;
#216 = VERTEX_POINT ( 'NONE', #1633 ) ;
#217 = CARTESIAN_POINT ( 'NONE',  ( -21.50156939064320127, 19.50000000000000000, 5.207300000000000040 ) ) ;
#218 = LINE ( 'NONE', #2620, #2244 ) ;
#219 = ORIENTED_EDGE ( 'NONE', *, *, #1182, .T. ) ;
#220 = VERTEX_POINT ( 'NONE', #2703 ) ;
#221 = VECTOR ( 'NONE', #1558, 1000.000000000000000 ) ;
#222 = FACE_OUTER_BOUND ( 'NONE', #2207, .T. ) ;
#223 = EDGE_CURVE ( 'NONE', #2548, #2503, #1190, .T. ) ;
#224 = EDGE_CURVE ( 'NONE', #1235, #1567, #343, .T. ) ;
#225 = VECTOR ( 'NONE', #1074, 1000.000000000000000 ) ;
#226 = ORIENTED_EDGE ( 'NONE', *, *, #977, .T. ) ;
#227 = DIRECTION ( 'NONE',  ( 0.000000000000000000, 0.000000000000000000, -1.000000000000000000 ) ) ;
#228 = CARTESIAN_POINT ( 'NONE',  ( 25.00000000000000000, 0.000000000000000000, 0.3992999999999999883 ) ) ;
#229 = DIRECTION ( 'NONE',  ( -1.000000000000000000, 0.000000000000000000, 0.000000000000000000 ) ) ;
#230 = CARTESIAN_POINT ( 'NONE',  ( -21.50156939064320127, -19.50000000000000000, 5.207300000000000040 ) ) ;
#231 = DIRECTION ( 'NONE',  ( 1.000000000000000000, 0.000000000000000000, 0.000000000000000000 ) ) ;
#232 = DIRECTION ( 'NONE',  ( 0.000000000000000000, 0.000000000000000000, -1.000000000000000000 ) ) ;
#233 = EDGE_LOOP ( 'NONE', ( #839, #900, #200, #1663 ) ) ;
#234 = VECTOR ( 'NONE', #666, 1000.000000000000000 ) ;
#235 = ORIENTED_EDGE ( 'NONE', *, *, #706, .F. ) ;
#236 = ORIENTED_EDGE ( 'NONE', *, *, #2659, .F. ) ;
#237 = DIRECTION ( 'NONE',  ( 0.000000000000000000, 0.000000000000000000, 1.000000000000000000 ) ) ;
#238 = EDGE_CURVE ( 'NONE', #2721, #2191, #80, .T. ) ;
#239 = FACE_OUTER_BOUND ( 'NONE', #2292, .T. ) ;
#240 = AXIS2_PLACEMENT_3D ( 'NONE', #1575, #1549, #107 ) ;
#241 = EDGE_CURVE ( 'NONE', #1079, #2285, #2270, .T. ) ;
#242 = DIRECTION ( 'NONE',  ( 0.000000000000000000, 0.000000000000000000, 1.000000000000000000 ) ) ;
#243 = EDGE_CURVE ( 'NONE', #1689, #2411, #807, .T. ) ;
#244 = DIRECTION ( 'NONE',  ( 0.6087614290087249858, 0.7933533402912319454, 0.000000000000000000 ) ) ;
#245 = CIRCLE ( 'NONE', #2128, 1.500000000000001332 ) ;
#246 = CARTESIAN_POINT ( 'NONE',  ( -9.339803143895020199, 0.000000000000000000, 0.1779999999999999916 ) ) ;
#247 = DIRECTION ( 'NONE',  ( 0.9914448613738112703, -0.1305261922200450508, 0.000000000000000000 ) ) ;
#248 = FACE_OUTER_BOUND ( 'NONE', #43, .T. ) ;
#249 = ORIENTED_EDGE ( 'NONE', *, *, #2369, .T. ) ;
#250 = VERTEX_POINT ( 'NONE', #2530 ) ;
#251 = VERTEX_POINT ( 'NONE', #1659 ) ;
#252 = EDGE_LOOP ( 'NONE', ( #236, #765, #2595, #2295 ) ) ;
#253 = CARTESIAN_POINT ( 'NONE',  ( -25.00000000000000000, -22.50000000000000000, 0.000000000000000000 ) ) ;
#254 = DIRECTION ( 'NONE',  ( 0.000000000000000000, 0.000000000000000000, 1.000000000000000000 ) ) ;
#255 = VECTOR ( 'NONE', #976, 1000.000000000000000 ) ;
#256 = CARTESIAN_POINT ( 'NONE',  ( 21.50156939064314798, 19.50000000000000000, 0.5773000000000000353 ) ) ;
#257 = FACE_OUTER_BOUND ( 'NONE', #131, .T. ) ;
#258 = ADVANCED_FACE ( 'NONE', ( #135 ), #612, .T. ) ;
#259 = EDGE_CURVE ( 'NONE', #1022, #462, #596, .T. ) ;
#260 = CARTESIAN_POINT ( 'NONE',  ( -0.2240000000000049729, 0.3879793808954454803, 0.000000000000000000 ) ) ;
#261 = CARTESIAN_POINT ( 'NONE',  ( 21.50156939064314798, -19.50000000000000000, 5.207300000000000040 ) ) ;
#262 = ORIENTED_EDGE ( 'NONE', *, *, #1216, .T. ) ;
#263 = ORIENTED_EDGE ( 'NONE', *, *, #530, .F. ) ;
#264 = ORIENTED_EDGE ( 'NONE', *, *, #2367, .T. ) ;
#265 = ORIENTED_EDGE ( 'NONE', *, *, #1316, .T. ) ;
#266 = DIRECTION ( 'NONE',  ( 1.000000000000000000, 0.000000000000000000, 0.000000000000000000 ) ) ;
#267 = CARTESIAN_POINT ( 'NONE',  ( -15.00000000000000000, 1.956112807565715039, 0.3992999999999999883 ) ) ;
#268 = VECTOR ( 'NONE', #755, 1000.000000000000000 ) ;
#269 = FACE_OUTER_BOUND ( 'NONE', #2379, .T. ) ;
#270 = CARTESIAN_POINT ( 'NONE',  ( -20.00156939064320127, 19.50000000000000000, 5.207300000000000040 ) ) ;
#271 = CIRCLE ( 'NONE', #1212, 3.000000000000000888 ) ;
#272 = CARTESIAN_POINT ( 'NONE',  ( 9.339845528054709689, 0.000000000000000000, 0.3992999999999999883 ) ) ;
#273 = PLANE ( 'NONE',  #1701 ) ;
#274 = EDGE_CURVE ( 'NONE', #2503, #2548, #2230, .T. ) ;
#275 = ORIENTED_EDGE ( 'NONE', *, *, #1624, .T. ) ;
#276 = ORIENTED_EDGE ( 'NONE', *, *, #1953, .F. ) ;
#277 = AXIS2_PLACEMENT_3D ( 'NONE', #2306, #985, #1222 ) ;
#278 = EDGE_LOOP ( 'NONE', ( #644, #331, #2702, #1872, #2755 ) ) ;
#279 = ORIENTED_EDGE ( 'NONE', *, *, #1387, .T. ) ;
#280 = CARTESIAN_POINT ( 'NONE',  ( -0.01468885139131544115, -0.01127115209496842158, 0.3992999999999999883 ) ) ;
#281 = DIRECTION ( 'NONE',  ( 0.000000000000000000, 0.000000000000000000, -1.000000000000000000 ) ) ;
#282 = LINE ( 'NONE', #2668, #2507 ) ;
#283 = FACE_OUTER_BOUND ( 'NONE', #1204, .T. ) ;
#284 = FACE_OUTER_BOUND ( 'NONE', #2758, .T. ) ;
#285 = DIRECTION ( 'NONE',  ( -1.000000000000000000, -3.154042683594195121E-16, 0.000000000000000000 ) ) ;
#286 = CIRCLE ( 'NONE', #1540, 0.03999999999999999389 ) ;
#287 = VECTOR ( 'NONE', #1403, 999.9999999999998863 ) ;
#288 = DIRECTION ( 'NONE',  ( 0.000000000000000000, 0.000000000000000000, -1.000000000000000000 ) ) ;
#289 = EDGE_LOOP ( 'NONE', ( #598, #1607, #451, #529 ) ) ;
#290 = ADVANCED_FACE ( 'NONE', ( #190 ), #2759, .T. ) ;
#291 = EDGE_CURVE ( 'NONE', #1742, #2749, #2365, .T. ) ;
#292 = ORIENTED_EDGE ( 'NONE', *, *, #1299, .F. ) ;
#293 = ORIENTED_EDGE ( 'NONE', *, *, #2467, .T. ) ;
#294 = CARTESIAN_POINT ( 'NONE',  ( 0.01710552973981860000, 0.007085342409808990244, 0.3992999999999999883 ) ) ;
#295 = CARTESIAN_POINT ( 'NONE',  ( 15.00000000000000000, -1.956152303314904861, 0.000000000000000000 ) ) ;
#296 = CIRCLE ( 'NONE', #928, 0.04000000000001693867 ) ;
#297 = FACE_OUTER_BOUND ( 'NONE', #233, .T. ) ;
#298 = VECTOR ( 'NONE', #1996, 1000.000000000000000 ) ;
#299 = FACE_OUTER_BOUND ( 'NONE', #607, .T. ) ;
#300 = CARTESIAN_POINT ( 'NONE',  ( -16.50000000000000000, -13.50000000000000000, 8.407299999999999329 ) ) ;
#301 = CARTESIAN_POINT ( 'NONE',  ( 0.2241499999999964909, -0.3882391885165659695, 0.3992999999999999883 ) ) ;
#302 = VERTEX_POINT ( 'NONE', #2590 ) ;
#303 = VERTEX_POINT ( 'NONE', #1521 ) ;
#304 = EDGE_LOOP ( 'NONE', ( #1342, #2385, #1262, #579 ) ) ;
#305 = DIRECTION ( 'NONE',  ( 0.000000000000000000, 0.000000000000000000, -1.000000000000000000 ) ) ;
#306 = CARTESIAN_POINT ( 'NONE',  ( -15.00000000000000000, -1.956112807565720368, 0.3992999999999999883 ) ) ;
#307 = EDGE_CURVE ( 'NONE', #2179, #316, #1551, .T. ) ;
#308 = EDGE_CURVE ( 'NONE', #794, #2179, #2341, .T. ) ;
#309 = VECTOR ( 'NONE', #2180, 1000.000000000000000 ) ;
#310 = PLANE ( 'NONE',  #2298 ) ;
#311 = DIRECTION ( 'NONE',  ( 2.602085213965209656E-16, -1.000000000000000000, 0.000000000000000000 ) ) ;
#312 = CARTESIAN_POINT ( 'NONE',  ( -0.01706935259683780085, 0.007070357346538459591, 0.1779999999999999916 ) ) ;
#313 = AXIS2_PLACEMENT_3D ( 'NONE', #1890, #649, #1712 ) ;
#314 = DIRECTION ( 'NONE',  ( 1.000000000000000000, 0.000000000000000000, 0.000000000000000000 ) ) ;
#315 = ORIENTED_EDGE ( 'NONE', *, *, #1782, .F. ) ;
#316 = VERTEX_POINT ( 'NONE', #2160 ) ;
#317 = LINE ( 'NONE', #967, #1340 ) ;
#318 = PLANE ( 'NONE',  #2078 ) ;
#319 = EDGE_CURVE ( 'NONE', #2135, #927, #1637, .T. ) ;
#320 = LINE ( 'NONE', #2616, #1391 ) ;
#321 = FACE_OUTER_BOUND ( 'NONE', #2622, .T. ) ;
#322 = EDGE_CURVE ( 'NONE', #943, #999, #2390, .T. ) ;
#323 = EDGE_CURVE ( 'NONE', #2094, #896, #1073, .T. ) ;
#324 = ORIENTED_EDGE ( 'NONE', *, *, #1096, .F. ) ;
#325 = FACE_OUTER_BOUND ( 'NONE', #1766, .T. ) ;
#326 = FACE_OUTER_BOUND ( 'NONE', #911, .T. ) ;
#327 = AXIS2_PLACEMENT_3D ( 'NONE', #256, #442, #1745 ) ;
#328 = DIRECTION ( 'NONE',  ( 0.000000000000000000, 0.000000000000000000, 1.000000000000000000 ) ) ;
#329 = VECTOR ( 'NONE', #9, 1000.000000000000000 ) ;
#330 = ORIENTED_EDGE ( 'NONE', *, *, #622, .T. ) ;
#331 = ORIENTED_EDGE ( 'NONE', *, *, #2694, .F. ) ;
#332 = DIRECTION ( 'NONE',  ( -0.6087614290087078883, 0.7933533402912449350, 0.000000000000000000 ) ) ;
#333 = LINE ( 'NONE', #2091, #2061 ) ;
#334 = CARTESIAN_POINT ( 'NONE',  ( 0.4079999999999999738, 0.000000000000000000, 0.000000000000000000 ) ) ;
#335 = AXIS2_PLACEMENT_3D ( 'NONE', #1061, #1321, #1719 ) ;
#336 = ORIENTED_EDGE ( 'NONE', *, *, #2038, .F. ) ;
#337 = DIRECTION ( 'NONE',  ( 0.000000000000000000, 0.000000000000000000, 1.000000000000000000 ) ) ;
#338 = DIRECTION ( 'NONE',  ( 1.000000000000000000, 0.000000000000000000, 0.000000000000000000 ) ) ;
#339 = EDGE_CURVE ( 'NONE', #368, #818, #296, .T. ) ;
#340 = EDGE_CURVE ( 'NONE', #2393, #55, #906, .T. ) ;
#341 = VECTOR ( 'NONE', #108, 1000.000000000000000 ) ;
#342 = VECTOR ( 'NONE', #558, 1000.000000000000000 ) ;
#343 = LINE ( 'NONE', #1003, #2724 ) ;
#344 = ORIENTED_EDGE ( 'NONE', *, *, #2335, .T. ) ;
#345 = ORIENTED_EDGE ( 'NONE', *, *, #687, .F. ) ;
#346 = CARTESIAN_POINT ( 'NONE',  ( 0.002411567222444214835, -0.01831767164799474878, 0.1779999999999999916 ) ) ;
#347 = CARTESIAN_POINT ( 'NONE',  ( -12.63760714847273903, 16.50000000000000000, 0.1779999999999999916 ) ) ;
#348 = LINE ( 'NONE', #2495, #1618 ) ;
#349 = ORIENTED_EDGE ( 'NONE', *, *, #1898, .T. ) ;
#350 = AXIS2_PLACEMENT_3D ( 'NONE', #1976, #717, #2429 ) ;
#351 = FACE_OUTER_BOUND ( 'NONE', #1496, .T. ) ;
#352 = DIRECTION ( 'NONE',  ( 0.000000000000000000, 0.000000000000000000, -1.000000000000000000 ) ) ;
#353 = PRODUCT_DEFINITION ( 'UNKNOWN', '', #2056, #2600 ) ;
#354 = VERTEX_POINT ( 'NONE', #642 ) ;
#355 = DIRECTION ( 'NONE',  ( 0.000000000000000000, 0.000000000000000000, 1.000000000000000000 ) ) ;
#356 = EDGE_CURVE ( 'NONE', #1411, #303, #2631, .T. ) ;
#357 = ORIENTED_EDGE ( 'NONE', *, *, #170, .F. ) ;
#358 = VERTEX_POINT ( 'NONE', #1942 ) ;
#359 =( GEOMETRIC_REPRESENTATION_CONTEXT ( 3 ) GLOBAL_UNCERTAINTY_ASSIGNED_CONTEXT ( ( #21 ) ) GLOBAL_UNIT_ASSIGNED_CONTEXT ( ( #1389, #1808, #2643 ) ) REPRESENTATION_CONTEXT ( 'NONE', 'WORKASPACE' ) );
#360 = DIRECTION ( 'NONE',  ( 0.000000000000000000, -1.000000000000000000, 0.000000000000000000 ) ) ;
#361 = LINE ( 'NONE', #605, #1526 ) ;
#362 = CARTESIAN_POINT ( 'NONE',  ( 0.1871948186995449903, -0.4035465258111689546, 0.5773000000000000353 ) ) ;
#363 = ADVANCED_BREP_SHAPE_REPRESENTATION ( 'zhi_peng_R500', ( #847, #1789 ), #1638 ) ;
#364 = EDGE_LOOP ( 'NONE', ( #2413, #929, #1240, #1693 ) ) ;
#365 = AXIS2_PLACEMENT_3D ( 'NONE', #1058, #2770, #863 ) ;
#366 = CARTESIAN_POINT ( 'NONE',  ( 23.50000000000000000, -23.50000000000000000, 8.407299999999999329 ) ) ;
#367 = LINE ( 'NONE', #834, #1464 ) ;
#368 = VERTEX_POINT ( 'NONE', #416 ) ;
#369 = CARTESIAN_POINT ( 'NONE',  ( 0.000000000000000000, 0.000000000000000000, 0.000000000000000000 ) ) ;
#370 = LINE ( 'NONE', #1915, #450 ) ;
#371 = ORIENTED_EDGE ( 'NONE', *, *, #121, .F. ) ;
#372 = ORIENTED_EDGE ( 'NONE', *, *, #1698, .F. ) ;
#373 = DIRECTION ( 'NONE',  ( 1.000000000000000000, 0.000000000000000000, 0.000000000000000000 ) ) ;
#374 = EDGE_CURVE ( 'NONE', #2440, #604, #1308, .T. ) ;
#375 = ADVANCED_FACE ( 'NONE', ( #1114 ), #1493, .T. ) ;
#376 = AXIS2_PLACEMENT_3D ( 'NONE', #1781, #1358, #1571 ) ;
#377 = ORIENTED_EDGE ( 'NONE', *, *, #1986, .F. ) ;
#378 = LINE ( 'NONE', #1010, #1973 ) ;
#379 = DIRECTION ( 'NONE',  ( 1.000000000000000000, 0.000000000000000000, 0.000000000000000000 ) ) ;
#380 = EDGE_LOOP ( 'NONE', ( #226, #1106 ) ) ;
#381 = DIRECTION ( 'NONE',  ( 1.000000000000000000, -1.661854963598335051E-15, 0.000000000000000000 ) ) ;
#382 = DIRECTION ( 'NONE',  ( 0.000000000000000000, 0.000000000000000000, -1.000000000000000000 ) ) ;
#383 = CARTESIAN_POINT ( 'NONE',  ( 21.50156939064314798, -3.469446951953614978E-15, 0.5773000000000000353 ) ) ;
#384 = CARTESIAN_POINT ( 'NONE',  ( 25.00000000000000000, -22.50000000000000000, 0.5773000000000000353 ) ) ;
#385 = ORIENTED_EDGE ( 'NONE', *, *, #2090, .F. ) ;
#386 = AXIS2_PLACEMENT_3D ( 'NONE', #711, #749, #552 ) ;
#387 = AXIS2_PLACEMENT_3D ( 'NONE', #2225, #1598, #2239 ) ;
#388 = ORIENTED_EDGE ( 'NONE', *, *, #530, .T. ) ;
#389 = CARTESIAN_POINT ( 'NONE',  ( 0.2558841336116460252, -0.3638887313562174652, 0.3992999999999999883 ) ) ;
#390 = ORIENTED_EDGE ( 'NONE', *, *, #241, .F. ) ;
#391 = ADVANCED_FACE ( 'NONE', ( #2145 ), #1967, .F. ) ;
#392 = DIRECTION ( 'NONE',  ( 0.000000000000000000, 0.000000000000000000, 1.000000000000000000 ) ) ;
#393 = EDGE_CURVE ( 'NONE', #476, #2548, #429, .T. ) ;
#394 = CARTESIAN_POINT ( 'NONE',  ( -13.50000000000000000, -16.50000000000000000, 8.407299999999999329 ) ) ;
#395 = ORIENTED_EDGE ( 'NONE', *, *, #274, .F. ) ;
#396 = CARTESIAN_POINT ( 'NONE',  ( -9.339803143895171189, 16.50000000000000000, 0.5773000000000000353 ) ) ;
#397 = LINE ( 'NONE', #411, #2765 ) ;
#398 = ORIENTED_EDGE ( 'NONE', *, *, #207, .T. ) ;
#399 = CARTESIAN_POINT ( 'NONE',  ( -0.002416678348503289823, -0.01835649450477765121, 0.3992999999999999883 ) ) ;
#400 = CARTESIAN_POINT ( 'NONE',  ( -9.339803143895171189, 22.50000000000000000, 0.000000000000000000 ) ) ;
#401 = VERTEX_POINT ( 'NONE', #2377 ) ;
#402 = ORIENTED_EDGE ( 'NONE', *, *, #2627, .T. ) ;
#403 = CARTESIAN_POINT ( 'NONE',  ( 25.00000000000000000, 22.50000000000000000, 0.000000000000000000 ) ) ;
#404 = VECTOR ( 'NONE', #2726, 1000.000000000000000 ) ;
#405 = ORIENTED_EDGE ( 'NONE', *, *, #73, .T. ) ;
#406 = CARTESIAN_POINT ( 'NONE',  ( -4.984788404150319280E-15, 22.50000000000000000, 0.5773000000000000353 ) ) ;
#407 = LINE ( 'NONE', #1069, #2033 ) ;
#408 = ADVANCED_FACE ( 'NONE', ( #1281 ), #38, .F. ) ;
#409 = ORIENTED_EDGE ( 'NONE', *, *, #686, .T. ) ;
#410 = LINE ( 'NONE', #1731, #1894 ) ;
#411 = CARTESIAN_POINT ( 'NONE',  ( 0.1871948186995449903, -0.4035465258111689546, 0.3992999999999999883 ) ) ;
#412 = ADVANCED_FACE ( 'NONE', ( #681 ), #1928, .T. ) ;
#413 = EDGE_CURVE ( 'NONE', #2205, #354, #865, .T. ) ;
#414 = VECTOR ( 'NONE', #831, 1000.000000000000000 ) ;
#415 = ORIENTED_EDGE ( 'NONE', *, *, #548, .F. ) ;
#416 = CARTESIAN_POINT ( 'NONE',  ( -0.2557341336116679686, 0.3636289237350865400, 0.000000000000000000 ) ) ;
#417 = PLANE ( 'NONE',  #719 ) ;
#418 = ORIENTED_EDGE ( 'NONE', *, *, #1026, .F. ) ;
#419 = ORIENTED_EDGE ( 'NONE', *, *, #1217, .T. ) ;
#420 = LINE ( 'NONE', #403, #1465 ) ;
#421 = VECTOR ( 'NONE', #734, 1000.000000000000000 ) ;
#422 = LINE ( 'NONE', #453, #1881 ) ;
#423 = VECTOR ( 'NONE', #1561, 999.9999999999998863 ) ;
#424 = FACE_OUTER_BOUND ( 'NONE', #886, .T. ) ;
#425 = AXIS2_PLACEMENT_3D ( 'NONE', #2599, #465, #213 ) ;
#426 = CARTESIAN_POINT ( 'NONE',  ( 0.2241499999999999881, 0.3882391885165629719, 0.3992999999999999883 ) ) ;
#427 = PLANE ( 'NONE',  #1444 ) ;
#428 = ORIENTED_EDGE ( 'NONE', *, *, #2451, .F. ) ;
#429 = LINE ( 'NONE', #2619, #1371 ) ;
#430 = CARTESIAN_POINT ( 'NONE',  ( -23.50000000000000000, -23.50000000000000000, 5.207300000000000040 ) ) ;
#431 = ADVANCED_FACE ( 'NONE', ( #526 ), #1128, .F. ) ;
#432 = EDGE_CURVE ( 'NONE', #476, #941, #2618, .T. ) ;
#433 = EDGE_LOOP ( 'NONE', ( #2313, #206, #1432, #1750 ) ) ;
#434 = ORIENTED_EDGE ( 'NONE', *, *, #1048, .T. ) ;
#435 = DIRECTION ( 'NONE',  ( 1.000000000000000000, 0.000000000000000000, 0.000000000000000000 ) ) ;
#436 = VECTOR ( 'NONE', #332, 1000.000000000000114 ) ;
#437 = CIRCLE ( 'NONE', #386, 0.03999999999999999389 ) ;
#438 = ORIENTED_EDGE ( 'NONE', *, *, #737, .F. ) ;
#439 = VERTEX_POINT ( 'NONE', #1772 ) ;
#440 = FACE_OUTER_BOUND ( 'NONE', #2152, .T. ) ;
#441 = CARTESIAN_POINT ( 'NONE',  ( 9.339845528054709689, -22.50000000000000000, 0.3992999999999999883 ) ) ;
#442 = DIRECTION ( 'NONE',  ( 0.000000000000000000, 0.000000000000000000, 1.000000000000000000 ) ) ;
#443 = DIRECTION ( 'NONE',  ( 1.000000000000000000, 0.000000000000000000, 0.000000000000000000 ) ) ;
#444 = VERTEX_POINT ( 'NONE', #748 ) ;
#445 = CARTESIAN_POINT ( 'NONE',  ( 23.50000000000000000, -23.50000000000000000, 8.407299999999999329 ) ) ;
#446 = DIRECTION ( 'NONE',  ( -1.000000000000000000, 0.000000000000000000, 0.000000000000000000 ) ) ;
#447 = EDGE_CURVE ( 'NONE', #1999, #2370, #2241, .T. ) ;
#448 = EDGE_CURVE ( 'NONE', #1056, #2750, #2686, .T. ) ;
#449 = ORIENTED_EDGE ( 'NONE', *, *, #2182, .T. ) ;
#450 = VECTOR ( 'NONE', #630, 1000.000000000000000 ) ;
#451 = ORIENTED_EDGE ( 'NONE', *, *, #1937, .F. ) ;
#452 = ORIENTED_EDGE ( 'NONE', *, *, #740, .F. ) ;
#453 = CARTESIAN_POINT ( 'NONE',  ( -1.734723475976804925E-15, 16.50000000000000000, 0.000000000000000000 ) ) ;
#454 = DIRECTION ( 'NONE',  ( 0.9914448613738112703, 0.1305261922200450508, 0.000000000000000000 ) ) ;
#455 = CIRCLE ( 'NONE', #1931, 1.500000000000001332 ) ;
#456 = LINE ( 'NONE', #2587, #2477 ) ;
#457 = LINE ( 'NONE', #2363, #1086 ) ;
#458 = DIRECTION ( 'NONE',  ( 1.000000000000000000, 0.000000000000000000, 0.000000000000000000 ) ) ;
#459 = DIRECTION ( 'NONE',  ( 0.000000000000000000, 1.000000000000000000, 0.000000000000000000 ) ) ;
#460 = CYLINDRICAL_SURFACE ( 'NONE', #2041, 3.000000000000000888 ) ;
#461 = VERTEX_POINT ( 'NONE', #1590 ) ;
#462 = VERTEX_POINT ( 'NONE', #923 ) ;
#463 = ORIENTED_EDGE ( 'NONE', *, *, #2642, .T. ) ;
#464 = PLANE ( 'NONE',  #1383 ) ;
#465 = DIRECTION ( 'NONE',  ( 0.000000000000000000, 0.000000000000000000, -1.000000000000000000 ) ) ;
#466 = ADVANCED_FACE ( 'NONE', ( #325 ), #1184, .F. ) ;
#467 = ADVANCED_FACE ( 'NONE', ( #284 ), #1786, .T. ) ;
#468 = AXIS2_PLACEMENT_3D ( 'NONE', #1241, #2324, #577 ) ;
#469 = LINE ( 'NONE', #876, #1985 ) ;
#470 = DIRECTION ( 'NONE',  ( 0.3826834323650761815, 0.9238795325112924006, 0.000000000000000000 ) ) ;
#471 = DIRECTION ( 'NONE',  ( 1.000000000000000000, 0.000000000000000000, 0.000000000000000000 ) ) ;
#472 = LINE ( 'NONE', #1089, #225 ) ;
#473 = ORIENTED_EDGE ( 'NONE', *, *, #1695, .F. ) ;
#474 = ORIENTED_EDGE ( 'NONE', *, *, #151, .F. ) ;
#475 = CIRCLE ( 'NONE', #835, 0.03999999999999999389 ) ;
#476 = VERTEX_POINT ( 'NONE', #2657 ) ;
#477 = VERTEX_POINT ( 'NONE', #509 ) ;
#478 = CYLINDRICAL_SURFACE ( 'NONE', #350, 2.999999999999999112 ) ;
#479 = CARTESIAN_POINT ( 'NONE',  ( -25.00000000000000000, 16.50000000000000000, 0.5773000000000000353 ) ) ;
#480 = AXIS2_PLACEMENT_3D ( 'NONE', #1409, #1350, #68 ) ;
#481 = VECTOR ( 'NONE', #30, 1000.000000000000114 ) ;
#482 = EDGE_CURVE ( 'NONE', #2302, #2393, #484, .T. ) ;
#483 = LINE ( 'NONE', #1143, #2611 ) ;
#484 = LINE ( 'NONE', #272, #1944 ) ;
#485 = CARTESIAN_POINT ( 'NONE',  ( -0.2240000000000049729, 0.3879793808954454803, 0.1779999999999999916 ) ) ;
#486 = ORIENTED_EDGE ( 'NONE', *, *, #356, .T. ) ;
#487 = ORIENTED_EDGE ( 'NONE', *, *, #2609, .F. ) ;
#488 = ORIENTED_EDGE ( 'NONE', *, *, #238, .T. ) ;
#489 = EDGE_LOOP ( 'NONE', ( #2714, #557 ) ) ;
#490 = VERTEX_POINT ( 'NONE', #2036 ) ;
#491 = DIRECTION ( 'NONE',  ( 0.000000000000000000, 0.000000000000000000, -1.000000000000000000 ) ) ;
#492 = DIRECTION ( 'NONE',  ( 0.000000000000000000, 0.000000000000000000, 1.000000000000000000 ) ) ;
#493 = AXIS2_PLACEMENT_3D ( 'NONE', #881, #1929, #1550 ) ;
#494 = CARTESIAN_POINT ( 'NONE',  ( -21.50156939064320127, -3.469446951953614978E-15, 0.5773000000000000353 ) ) ;
#495 = LINE ( 'NONE', #2445, #683 ) ;
#496 = CARTESIAN_POINT ( 'NONE',  ( -21.50156939064320127, -3.469446951953614978E-15, 5.207300000000000040 ) ) ;
#497 = CARTESIAN_POINT ( 'NONE',  ( -23.50000000000000000, -26.50000000000000000, 5.207300000000000040 ) ) ;
#498 = ADVANCED_FACE ( 'NONE', ( #1563 ), #83, .F. ) ;
#499 = EDGE_CURVE ( 'NONE', #1984, #1275, #2422, .T. ) ;
#500 = DIRECTION ( 'NONE',  ( 1.000000000000000000, 0.000000000000000000, 0.000000000000000000 ) ) ;
#501 = ORIENTED_EDGE ( 'NONE', *, *, #2114, .F. ) ;
#502 = AXIS2_PLACEMENT_3D ( 'NONE', #958, #537, #1810 ) ;
#503 = ORIENTED_EDGE ( 'NONE', *, *, #2452, .T. ) ;
#504 = ORIENTED_EDGE ( 'NONE', *, *, #1865, .F. ) ;
#505 = DIRECTION ( 'NONE',  ( 0.000000000000000000, 0.000000000000000000, 1.000000000000000000 ) ) ;
#506 = DIRECTION ( 'NONE',  ( 0.000000000000000000, 1.000000000000000000, 0.000000000000000000 ) ) ;
#507 = PLANE ( 'NONE',  #1170 ) ;
#508 = LINE ( 'NONE', #1612, #1939 ) ;
#509 = CARTESIAN_POINT ( 'NONE',  ( 23.00156939064314798, 19.50000000000000000, 0.5773000000000000353 ) ) ;
#510 = LINE ( 'NONE', #924, #2234 ) ;
#511 = AXIS2_PLACEMENT_3D ( 'NONE', #426, #2601, #665 ) ;
#512 = VECTOR ( 'NONE', #33, 1000.000000000000000 ) ;
#513 = EDGE_CURVE ( 'NONE', #1826, #2732, #1049, .T. ) ;
#514 = DIRECTION ( 'NONE',  ( 0.000000000000000000, 0.000000000000000000, 1.000000000000000000 ) ) ;
#515 = ADVANCED_FACE ( 'NONE', ( #2024 ), #724, .T. ) ;
#516 = ORIENTED_EDGE ( 'NONE', *, *, #2610, .T. ) ;
#517 = EDGE_LOOP ( 'NONE', ( #1008, #76, #806, #2501, #1972 ) ) ;
#518 = ORIENTED_EDGE ( 'NONE', *, *, #40, .F. ) ;
#519 = CARTESIAN_POINT ( 'NONE',  ( 0.1871948186995504859, 0.4035465258111669562, 0.5773000000000000353 ) ) ;
#520 = DIRECTION ( 'NONE',  ( 1.000000000000000000, 0.000000000000000000, 0.000000000000000000 ) ) ;
#521 = VECTOR ( 'NONE', #2676, 1000.000000000000000 ) ;
#522 = DIRECTION ( 'NONE',  ( -1.000000000000000000, 0.000000000000000000, 0.000000000000000000 ) ) ;
#523 = AXIS2_PLACEMENT_3D ( 'NONE', #399, #1897, #2514 ) ;
#524 = CARTESIAN_POINT ( 'NONE',  ( 25.00000000000000000, -3.000000000000000000, 0.5773000000000000353 ) ) ;
#525 = AXIS2_PLACEMENT_3D ( 'NONE', #180, #1726, #1052 ) ;
#526 = FACE_OUTER_BOUND ( 'NONE', #1397, .T. ) ;
#527 = LINE ( 'NONE', #1380, #298 ) ;
#528 = DIRECTION ( 'NONE',  ( 0.000000000000000000, -1.000000000000000000, 0.000000000000000000 ) ) ;
#529 = ORIENTED_EDGE ( 'NONE', *, *, #1677, .T. ) ;
#530 = EDGE_CURVE ( 'NONE', #832, #2505, #2458, .T. ) ;
#531 = VERTEX_POINT ( 'NONE', #1364 ) ;
#532 = FACE_BOUND ( 'NONE', #2580, .T. ) ;
#533 = CARTESIAN_POINT ( 'NONE',  ( 25.00000000000000000, 22.50000000000000000, 0.000000000000000000 ) ) ;
#534 = EDGE_CURVE ( 'NONE', #250, #996, #538, .T. ) ;
#535 = ADVANCED_FACE ( 'NONE', ( #299 ), #1336, .F. ) ;
#536 = DIRECTION ( 'NONE',  ( 0.000000000000000000, 0.000000000000000000, -1.000000000000000000 ) ) ;
#537 = DIRECTION ( 'NONE',  ( -0.000000000000000000, 1.000000000000000000, 0.000000000000000000 ) ) ;
#538 = LINE ( 'NONE', #2407, #775 ) ;
#539 = CARTESIAN_POINT ( 'NONE',  ( 25.00000000000000000, 3.000000000000000000, 0.5773000000000000353 ) ) ;
#540 = AXIS2_PLACEMENT_3D ( 'NONE', #2197, #2444, #904 ) ;
#541 = DIRECTION ( 'NONE',  ( 1.000000000000000000, 2.215461512955714824E-16, 0.000000000000000000 ) ) ;
#542 = VERTEX_POINT ( 'NONE', #1811 ) ;
#543 = ORIENTED_EDGE ( 'NONE', *, *, #946, .T. ) ;
#544 = FACE_OUTER_BOUND ( 'NONE', #854, .T. ) ;
#545 = CIRCLE ( 'NONE', #2472, 1.500000000000001332 ) ;
#546 = EDGE_CURVE ( 'NONE', #1215, #220, #2742, .T. ) ;
#547 = CARTESIAN_POINT ( 'NONE',  ( 23.00156939064314798, -19.50000000000000000, 5.207300000000000040 ) ) ;
#548 = EDGE_CURVE ( 'NONE', #490, #818, #1419, .T. ) ;
#549 = CARTESIAN_POINT ( 'NONE',  ( -13.50000000000000000, -16.50000000000000000, 8.407299999999999329 ) ) ;
#550 = ORIENTED_EDGE ( 'NONE', *, *, #1406, .F. ) ;
#551 = DIRECTION ( 'NONE',  ( 0.000000000000000000, 1.000000000000000000, 0.000000000000000000 ) ) ;
#552 = DIRECTION ( 'NONE',  ( 1.000000000000000000, 0.000000000000000000, 0.000000000000000000 ) ) ;
#553 = VECTOR ( 'NONE', #2170, 999.9999999999998863 ) ;
#554 = LINE ( 'NONE', #1829, #1503 ) ;
#555 = CIRCLE ( 'NONE', #1404, 1.500000000000001332 ) ;
#556 = ORIENTED_EDGE ( 'NONE', *, *, #894, .F. ) ;
#557 = ORIENTED_EDGE ( 'NONE', *, *, #2399, .T. ) ;
#558 = DIRECTION ( 'NONE',  ( 0.000000000000000000, -1.000000000000000000, 0.000000000000000000 ) ) ;
#559 = DIRECTION ( 'NONE',  ( 0.000000000000000000, 0.000000000000000000, 1.000000000000000000 ) ) ;
#560 = CARTESIAN_POINT ( 'NONE',  ( -0.2557341336116735198, -0.3636289237350834869, 0.1779999999999999916 ) ) ;
#561 = AXIS2_PLACEMENT_3D ( 'NONE', #98, #2424, #500 ) ;
#562 = ADVANCED_FACE ( 'NONE', ( #1015 ), #2309, .F. ) ;
#563 = AXIS2_PLACEMENT_3D ( 'NONE', #2130, #201, #1747 ) ;
#564 = VERTEX_POINT ( 'NONE', #2527 ) ;
#565 = CARTESIAN_POINT ( 'NONE',  ( 0.000000000000000000, 0.000000000000000000, 0.5773000000000000353 ) ) ;
#566 = DIRECTION ( 'NONE',  ( 0.000000000000000000, 0.000000000000000000, -1.000000000000000000 ) ) ;
#567 = CIRCLE ( 'NONE', #660, 3.000000000000000888 ) ;
#568 = VERTEX_POINT ( 'NONE', #1879 ) ;
#569 = CARTESIAN_POINT ( 'NONE',  ( 16.50000000000000000, -13.50000000000000000, 8.407299999999999329 ) ) ;
#570 = ORIENTED_EDGE ( 'NONE', *, *, #2747, .F. ) ;
#571 = ORIENTED_EDGE ( 'NONE', *, *, #2659, .T. ) ;
#572 = CARTESIAN_POINT ( 'NONE',  ( 0.000000000000000000, 16.50000000000000000, 0.3992999999999999883 ) ) ;
#573 = ORIENTED_EDGE ( 'NONE', *, *, #1198, .F. ) ;
#574 = CARTESIAN_POINT ( 'NONE',  ( -9.339803143895020199, -16.50000000000000000, 0.5773000000000000353 ) ) ;
#575 = LINE ( 'NONE', #2525, #1130 ) ;
#576 = ORIENTED_EDGE ( 'NONE', *, *, #722, .T. ) ;
#577 = DIRECTION ( 'NONE',  ( 1.000000000000000000, 0.000000000000000000, 0.000000000000000000 ) ) ;
#578 = DIRECTION ( 'NONE',  ( -0.7933533402912449350, -0.6087614290087078883, 0.000000000000000000 ) ) ;
#579 = ORIENTED_EDGE ( 'NONE', *, *, #2694, .T. ) ;
#580 = PLANE ( 'NONE',  #1683 ) ;
#581 = PLANE ( 'NONE',  #1072 ) ;
#582 = ADVANCED_FACE ( 'NONE', ( #2700, #2293 ), #608, .T. ) ;
#583 = ADVANCED_FACE ( 'NONE', ( #2486 ), #2278, .T. ) ;
#584 = ORIENTED_EDGE ( 'NONE', *, *, #1351, .T. ) ;
#585 = ORIENTED_EDGE ( 'NONE', *, *, #2072, .F. ) ;
#586 = AXIS2_PLACEMENT_3D ( 'NONE', #2523, #559, #813 ) ;
#587 = DIRECTION ( 'NONE',  ( 0.000000000000000000, 0.000000000000000000, -1.000000000000000000 ) ) ;
#588 = CARTESIAN_POINT ( 'NONE',  ( -9.339803143895171189, 16.50000000000000000, 0.1779999999999999916 ) ) ;
#589 = DIRECTION ( 'NONE',  ( 0.000000000000000000, 1.000000000000000000, 0.000000000000000000 ) ) ;
#590 = PRODUCT_CONTEXT ( 'NONE', #1934, 'mechanical' ) ;
#591 = EDGE_LOOP ( 'NONE', ( #1538, #1727, #2084, #174 ) ) ;
#592 = VECTOR ( 'NONE', #1071, 1000.000000000000000 ) ;
#593 = DIRECTION ( 'NONE',  ( 0.000000000000000000, 0.000000000000000000, 1.000000000000000000 ) ) ;
#594 = FACE_OUTER_BOUND ( 'NONE', #1909, .T. ) ;
#595 = EDGE_LOOP ( 'NONE', ( #2069, #1150, #625, #1314, #1087, #219 ) ) ;
#596 = LINE ( 'NONE', #2311, #2140 ) ;
#597 = FACE_BOUND ( 'NONE', #1424, .T. ) ;
#598 = ORIENTED_EDGE ( 'NONE', *, *, #224, .T. ) ;
#599 = EDGE_CURVE ( 'NONE', #2115, #2505, #816, .T. ) ;
#600 = EDGE_CURVE ( 'NONE', #2741, #1999, #1140, .T. ) ;
#601 = EDGE_LOOP ( 'NONE', ( #1739, #2052, #751, #2412 ) ) ;
#602 = FACE_OUTER_BOUND ( 'NONE', #1619, .T. ) ;
#603 = CIRCLE ( 'NONE', #1725, 1.500000000000001332 ) ;
#604 = VERTEX_POINT ( 'NONE', #396 ) ;
#605 = CARTESIAN_POINT ( 'NONE',  ( -15.00000000000000000, 0.000000000000000000, 0.5773000000000000353 ) ) ;
#606 = DIRECTION ( 'NONE',  ( 0.000000000000000000, 0.000000000000000000, -1.000000000000000000 ) ) ;
#607 = EDGE_LOOP ( 'NONE', ( #2650, #1542, #2287, #473, #1243, #585 ) ) ;
#608 = PLANE ( 'NONE',  #2569 ) ;
#609 = DIRECTION ( 'NONE',  ( -0.3826834323651163161, 0.9238795325112757473, 0.000000000000000000 ) ) ;
#610 = CIRCLE ( 'NONE', #2185, 0.04000000000000002165 ) ;
#611 = ORIENTED_EDGE ( 'NONE', *, *, #339, .T. ) ;
#612 = PLANE ( 'NONE',  #523 ) ;
#613 = LINE ( 'NONE', #2465, #2552 ) ;
#614 = VERTEX_POINT ( 'NONE', #773 ) ;
#615 = VECTOR ( 'NONE', #1172, 1000.000000000000000 ) ;
#616 = ORIENTED_EDGE ( 'NONE', *, *, #1113, .T. ) ;
#617 = DIRECTION ( 'NONE',  ( 0.000000000000000000, 0.000000000000000000, 1.000000000000000000 ) ) ;
#618 = EDGE_CURVE ( 'NONE', #2302, #2773, #1433, .T. ) ;
#619 = VERTEX_POINT ( 'NONE', #2063 ) ;
#620 = DIRECTION ( 'NONE',  ( 0.000000000000000000, 0.000000000000000000, -1.000000000000000000 ) ) ;
#621 = DIRECTION ( 'NONE',  ( -0.000000000000000000, 1.000000000000000000, 0.000000000000000000 ) ) ;
#622 = EDGE_CURVE ( 'NONE', #1826, #1844, #144, .T. ) ;
#623 = EDGE_CURVE ( 'NONE', #2057, #2411, #870, .T. ) ;
#624 = SHAPE_DEFINITION_REPRESENTATION ( #2682, #363 ) ;
#625 = ORIENTED_EDGE ( 'NONE', *, *, #1903, .T. ) ;
#626 = DIRECTION ( 'NONE',  ( 0.000000000000000000, 0.000000000000000000, 1.000000000000000000 ) ) ;
#627 = CARTESIAN_POINT ( 'NONE',  ( 0.000000000000000000, 16.50000000000000000, 0.3992999999999999883 ) ) ;
#628 = ORIENTED_EDGE ( 'NONE', *, *, #946, .F. ) ;
#629 = FACE_OUTER_BOUND ( 'NONE', #1645, .T. ) ;
#630 = DIRECTION ( 'NONE',  ( -1.000000000000000000, -2.602085213965209656E-16, 0.000000000000000000 ) ) ;
#631 = ORIENTED_EDGE ( 'NONE', *, *, #2283, .F. ) ;
#632 = ORIENTED_EDGE ( 'NONE', *, *, #2451, .T. ) ;
#633 = DIRECTION ( 'NONE',  ( 0.000000000000000000, 0.000000000000000000, -1.000000000000000000 ) ) ;
#634 = DIRECTION ( 'NONE',  ( 0.000000000000000000, 0.000000000000000000, -1.000000000000000000 ) ) ;
#635 = DIRECTION ( 'NONE',  ( -1.000000000000000000, 0.000000000000000000, 0.000000000000000000 ) ) ;
#636 = DIRECTION ( 'NONE',  ( 1.000000000000000000, 0.000000000000000000, 0.000000000000000000 ) ) ;
#637 = EDGE_CURVE ( 'NONE', #1556, #2721, #2730, .T. ) ;
#638 = EDGE_CURVE ( 'NONE', #1962, #1382, #1895, .T. ) ;
#639 = CARTESIAN_POINT ( 'NONE',  ( 23.50000000000000000, -26.50000000000000000, 5.207300000000000040 ) ) ;
#640 = PLANE ( 'NONE',  #641 ) ;
#641 = AXIS2_PLACEMENT_3D ( 'NONE', #653, #1504, #443 ) ;
#642 = CARTESIAN_POINT ( 'NONE',  ( -25.00000000000000000, 3.000000000000000000, 0.5773000000000000353 ) ) ;
#643 = DIRECTION ( 'NONE',  ( 0.000000000000000000, 0.000000000000000000, 1.000000000000000000 ) ) ;
#644 = ORIENTED_EDGE ( 'NONE', *, *, #1182, .F. ) ;
#645 = ORIENTED_EDGE ( 'NONE', *, *, #259, .F. ) ;
#646 = PLANE ( 'NONE',  #2409 ) ;
#647 = VECTOR ( 'NONE', #1669, 1000.000000000000000 ) ;
#648 = VERTEX_POINT ( 'NONE', #761 ) ;
#649 = DIRECTION ( 'NONE',  ( 0.000000000000000000, 0.000000000000000000, 1.000000000000000000 ) ) ;
#650 = CARTESIAN_POINT ( 'NONE',  ( 0.002411567222444214835, -0.01831767164799474878, 0.1779999999999999916 ) ) ;
#651 = VECTOR ( 'NONE', #1110, 1000.000000000000000 ) ;
#652 = CARTESIAN_POINT ( 'NONE',  ( 23.00156939064314798, -19.50000000000000000, 0.5773000000000000353 ) ) ;
#653 = CARTESIAN_POINT ( 'NONE',  ( 0.000000000000000000, 0.000000000000000000, 0.1779999999999999916 ) ) ;
#654 = ADVANCED_FACE ( 'NONE', ( #351 ), #2511, .F. ) ;
#655 = EDGE_LOOP ( 'NONE', ( #1866, #1135, #2259, #887 ) ) ;
#656 = DIRECTION ( 'NONE',  ( 0.000000000000000000, 0.000000000000000000, 1.000000000000000000 ) ) ;
#657 = CARTESIAN_POINT ( 'NONE',  ( -9.339803143895171189, 22.50000000000000000, 0.1779999999999999916 ) ) ;
#658 = DIRECTION ( 'NONE',  ( 0.000000000000000000, 1.000000000000000000, 0.000000000000000000 ) ) ;
#659 =( NAMED_UNIT ( * ) PLANE_ANGLE_UNIT ( ) SI_UNIT ( $, .RADIAN. ) );
#660 = AXIS2_PLACEMENT_3D ( 'NONE', #96, #1787, #2448 ) ;
#661 = ORIENTED_EDGE ( 'NONE', *, *, #706, .T. ) ;
#662 = ORIENTED_EDGE ( 'NONE', *, *, #785, .T. ) ;
#663 = DIRECTION ( 'NONE',  ( -0.7933533402912406052, -0.6087614290087136615, 0.000000000000000000 ) ) ;
#664 = DIRECTION ( 'NONE',  ( -2.215461512955714824E-16, 1.000000000000000000, 0.000000000000000000 ) ) ;
#665 = DIRECTION ( 'NONE',  ( 1.000000000000000000, 0.000000000000000000, 0.000000000000000000 ) ) ;
#666 = DIRECTION ( 'NONE',  ( 0.000000000000000000, 1.000000000000000000, 0.000000000000000000 ) ) ;
#667 = DIRECTION ( 'NONE',  ( 1.000000000000000000, 0.000000000000000000, 0.000000000000000000 ) ) ;
#668 = FACE_OUTER_BOUND ( 'NONE', #149, .T. ) ;
#669 = EDGE_CURVE ( 'NONE', #2678, #2517, #172, .T. ) ;
#670 = ORIENTED_EDGE ( 'NONE', *, *, #1202, .T. ) ;
#671 = ADVANCED_FACE ( 'NONE', ( #2715 ), #1408, .F. ) ;
#672 = CIRCLE ( 'NONE', #2418, 2.999999999999999112 ) ;
#673 = LINE ( 'NONE', #1263, #2540 ) ;
#674 = VERTEX_POINT ( 'NONE', #2050 ) ;
#675 = ORIENTED_EDGE ( 'NONE', *, *, #2236, .F. ) ;
#676 = VERTEX_POINT ( 'NONE', #132 ) ;
#677 = CARTESIAN_POINT ( 'NONE',  ( 23.00156939064314798, 19.50000000000000000, 5.207300000000000040 ) ) ;
#678 = DIRECTION ( 'NONE',  ( -1.000000000000000000, 0.000000000000000000, 0.000000000000000000 ) ) ;
#679 = CARTESIAN_POINT ( 'NONE',  ( 21.50156939064314798, -19.50000000000000000, 0.5773000000000000353 ) ) ;
#680 = DIRECTION ( 'NONE',  ( 0.000000000000000000, -1.000000000000000000, 0.000000000000000000 ) ) ;
#681 = FACE_OUTER_BOUND ( 'NONE', #2144, .T. ) ;
#682 = CARTESIAN_POINT ( 'NONE',  ( -0.01706935259612835099, -0.007070357346245339895, 0.1779999999999999916 ) ) ;
#683 = VECTOR ( 'NONE', #2227, 1000.000000000000000 ) ;
#684 = ORIENTED_EDGE ( 'NONE', *, *, #1510, .F. ) ;
#685 = ORIENTED_EDGE ( 'NONE', *, *, #1096, .T. ) ;
#686 = EDGE_CURVE ( 'NONE', #674, #477, #1179, .T. ) ;
#687 = EDGE_CURVE ( 'NONE', #1079, #75, #410, .T. ) ;
#688 = ORIENTED_EDGE ( 'NONE', *, *, #223, .T. ) ;
#689 = ORIENTED_EDGE ( 'NONE', *, *, #2690, .T. ) ;
#690 = DIRECTION ( 'NONE',  ( 0.000000000000000000, 0.000000000000000000, -1.000000000000000000 ) ) ;
#691 = CARTESIAN_POINT ( 'NONE',  ( 0.2558841336116460252, -0.3638887313562174652, 0.3992999999999999883 ) ) ;
#692 = VECTOR ( 'NONE', #1478, 1000.000000000000000 ) ;
#693 = VECTOR ( 'NONE', #1111, 1000.000000000000000 ) ;
#694 = LINE ( 'NONE', #2456, #181 ) ;
#695 = DIRECTION ( 'NONE',  ( -1.000000000000000000, 0.000000000000000000, 0.000000000000000000 ) ) ;
#696 = CARTESIAN_POINT ( 'NONE',  ( -16.50000000000000000, -13.50000000000000000, 8.407299999999999329 ) ) ;
#697 = FACE_OUTER_BOUND ( 'NONE', #930, .T. ) ;
#698 = VERTEX_POINT ( 'NONE', #639 ) ;
#699 = ORIENTED_EDGE ( 'NONE', *, *, #92, .T. ) ;
#700 = VECTOR ( 'NONE', #1272, 1000.000000000000000 ) ;
#701 = ORIENTED_EDGE ( 'NONE', *, *, #2592, .T. ) ;
#702 = ORIENTED_EDGE ( 'NONE', *, *, #637, .T. ) ;
#703 = VERTEX_POINT ( 'NONE', #2769 ) ;
#704 = DIRECTION ( 'NONE',  ( 0.000000000000000000, -1.000000000000000000, 0.000000000000000000 ) ) ;
#705 = DIRECTION ( 'NONE',  ( 0.000000000000000000, 0.000000000000000000, -1.000000000000000000 ) ) ;
#706 = EDGE_CURVE ( 'NONE', #44, #302, #849, .T. ) ;
#707 = SURFACE_STYLE_USAGE ( .BOTH. , #1770 ) ;
#708 = EDGE_CURVE ( 'NONE', #439, #1921, #198, .T. ) ;
#709 = DIRECTION ( 'NONE',  ( -1.000000000000000000, 0.000000000000000000, 0.000000000000000000 ) ) ;
#710 = CARTESIAN_POINT ( 'NONE',  ( 15.00000000000000000, 1.956152303314910190, 0.5773000000000000353 ) ) ;
#711 = CARTESIAN_POINT ( 'NONE',  ( -0.4482999999999999763, 0.000000000000000000, 0.3992999999999999883 ) ) ;
#712 = DIRECTION ( 'NONE',  ( 0.000000000000000000, 0.000000000000000000, -1.000000000000000000 ) ) ;
#713 = VERTEX_POINT ( 'NONE', #652 ) ;
#714 = VECTOR ( 'NONE', #1151, 1000.000000000000114 ) ;
#715 = ORIENTED_EDGE ( 'NONE', *, *, #238, .F. ) ;
#716 = ORIENTED_EDGE ( 'NONE', *, *, #1883, .T. ) ;
#717 = DIRECTION ( 'NONE',  ( 0.000000000000000000, 0.000000000000000000, -1.000000000000000000 ) ) ;
#718 = DIRECTION ( 'NONE',  ( 1.000000000000000000, 0.000000000000000000, 0.000000000000000000 ) ) ;
#719 = AXIS2_PLACEMENT_3D ( 'NONE', #430, #1968, #907 ) ;
#720 = CARTESIAN_POINT ( 'NONE',  ( -25.00000000000000000, 0.000000000000000000, 0.1779999999999999916 ) ) ;
#721 = CARTESIAN_POINT ( 'NONE',  ( -23.50000000000000000, 26.50000000000000000, 8.407299999999999329 ) ) ;
#722 = EDGE_CURVE ( 'NONE', #462, #713, #2260, .T. ) ;
#723 = EDGE_CURVE ( 'NONE', #1841, #1441, #456, .T. ) ;
#724 = CYLINDRICAL_SURFACE ( 'NONE', #240, 2.999999999999999112 ) ;
#725 = DIRECTION ( 'NONE',  ( 1.000000000000000000, 0.000000000000000000, 0.000000000000000000 ) ) ;
#726 = FACE_OUTER_BOUND ( 'NONE', #2566, .T. ) ;
#727 = ORIENTED_EDGE ( 'NONE', *, *, #291, .T. ) ;
#728 = ORIENTED_EDGE ( 'NONE', *, *, #56, .F. ) ;
#729 = VERTEX_POINT ( 'NONE', #35 ) ;
#730 = LINE ( 'NONE', #2099, #268 ) ;
#731 = PLANE ( 'NONE',  #1588 ) ;
#732 = DIRECTION ( 'NONE',  ( 0.000000000000000000, 0.000000000000000000, -1.000000000000000000 ) ) ;
#733 = CARTESIAN_POINT ( 'NONE',  ( -9.339803143895020199, -16.50000000000000000, 0.1779999999999999916 ) ) ;
#734 = DIRECTION ( 'NONE',  ( 0.000000000000000000, 0.000000000000000000, 1.000000000000000000 ) ) ;
#735 = CARTESIAN_POINT ( 'NONE',  ( 0.1871948186995504859, 0.4035465258111669562, 0.3992999999999999883 ) ) ;
#736 = EDGE_CURVE ( 'NONE', #1962, #832, #1306, .T. ) ;
#737 = EDGE_CURVE ( 'NONE', #1065, #477, #1070, .T. ) ;
#738 = DIRECTION ( 'NONE',  ( 0.000000000000000000, 0.000000000000000000, -1.000000000000000000 ) ) ;
#739 = EDGE_CURVE ( 'NONE', #1328, #2097, #555, .T. ) ;
#740 = EDGE_CURVE ( 'NONE', #713, #462, #1723, .T. ) ;
#741 = ORIENTED_EDGE ( 'NONE', *, *, #1082, .F. ) ;
#742 = ORIENTED_EDGE ( 'NONE', *, *, #241, .T. ) ;
#743 = LINE ( 'NONE', #1163, #1293 ) ;
#744 = CYLINDRICAL_SURFACE ( 'NONE', #34, 1.500000000000001332 ) ;
#745 = CARTESIAN_POINT ( 'NONE',  ( 12.63755779107354016, -16.50000000000000000, 0.5773000000000000353 ) ) ;
#746 = CIRCLE ( 'NONE', #1154, 2.999999999999999112 ) ;
#747 = VECTOR ( 'NONE', #2466, 1000.000000000000000 ) ;
#748 = CARTESIAN_POINT ( 'NONE',  ( -25.00000000000000000, 22.50000000000000000, 0.5773000000000000353 ) ) ;
#749 = DIRECTION ( 'NONE',  ( 0.000000000000000000, 0.000000000000000000, 1.000000000000000000 ) ) ;
#750 = DIRECTION ( 'NONE',  ( -1.000000000000000000, 0.000000000000000000, 0.000000000000000000 ) ) ;
#751 = ORIENTED_EDGE ( 'NONE', *, *, #2335, .F. ) ;
#752 = ADVANCED_FACE ( 'NONE', ( #2350 ), #1488, .T. ) ;
#753 = EDGE_CURVE ( 'NONE', #1235, #2624, #286, .T. ) ;
#754 = ORIENTED_EDGE ( 'NONE', *, *, #1882, .F. ) ;
#755 = DIRECTION ( 'NONE',  ( -1.000000000000000000, 0.000000000000000000, 0.000000000000000000 ) ) ;
#756 = CARTESIAN_POINT ( 'NONE',  ( 0.01465778537412337941, 0.01124731430156777900, 0.1779999999999999916 ) ) ;
#757 = DIRECTION ( 'NONE',  ( 0.000000000000000000, 0.000000000000000000, -1.000000000000000000 ) ) ;
#758 = AXIS2_PLACEMENT_3D ( 'NONE', #2398, #2224, #266 ) ;
#759 = LINE ( 'NONE', #2240, #2212 ) ;
#760 = EDGE_LOOP ( 'NONE', ( #1209, #1917, #164, #782, #1355, #1313 ) ) ;
#761 = CARTESIAN_POINT ( 'NONE',  ( -25.00000000000000000, -3.000000000000000000, 0.000000000000000000 ) ) ;
#762 = CARTESIAN_POINT ( 'NONE',  ( 5.204170427930419706E-15, -16.50000000000000000, 0.000000000000000000 ) ) ;
#763 = STYLED_ITEM ( 'NONE', ( #1547 ), #847 ) ;
#764 = CARTESIAN_POINT ( 'NONE',  ( -0.4482999999999999763, 0.000000000000000000, 0.3992999999999999883 ) ) ;
#765 = ORIENTED_EDGE ( 'NONE', *, *, #2108, .F. ) ;
#766 = ORIENTED_EDGE ( 'NONE', *, *, #2265, .T. ) ;
#767 = FACE_OUTER_BOUND ( 'NONE', #517, .T. ) ;
#768 = EDGE_CURVE ( 'NONE', #896, #220, #2141, .T. ) ;
#769 = AXIS2_PLACEMENT_3D ( 'NONE', #1771, #104, #2684 ) ;
#770 = FACE_OUTER_BOUND ( 'NONE', #2384, .T. ) ;
#771 = DIRECTION ( 'NONE',  ( 0.000000000000000000, 0.000000000000000000, -1.000000000000000000 ) ) ;
#772 = ORIENTED_EDGE ( 'NONE', *, *, #1285, .F. ) ;
#773 = CARTESIAN_POINT ( 'NONE',  ( -26.50000000000000000, -23.50000000000000000, 8.407299999999999329 ) ) ;
#774 = CARTESIAN_POINT ( 'NONE',  ( -25.00000000000000000, 3.000000000000000000, 0.000000000000000000 ) ) ;
#775 = VECTOR ( 'NONE', #960, 1000.000000000000000 ) ;
#776 = EDGE_LOOP ( 'NONE', ( #1855, #59, #2383, #701 ) ) ;
#777 = DIRECTION ( 'NONE',  ( 0.000000000000000000, 0.000000000000000000, 1.000000000000000000 ) ) ;
#778 = VECTOR ( 'NONE', #861, 999.9999999999998863 ) ;
#779 = ORIENTED_EDGE ( 'NONE', *, *, #1030, .F. ) ;
#780 = ORIENTED_EDGE ( 'NONE', *, *, #105, .F. ) ;
#781 = CARTESIAN_POINT ( 'NONE',  ( 0.000000000000000000, -22.50000000000000000, 0.1779999999999999916 ) ) ;
#782 = ORIENTED_EDGE ( 'NONE', *, *, #723, .T. ) ;
#783 = FACE_OUTER_BOUND ( 'NONE', #2438, .T. ) ;
#784 = CYLINDRICAL_SURFACE ( 'NONE', #875, 3.000000000000000888 ) ;
#785 = EDGE_CURVE ( 'NONE', #999, #1741, #1360, .T. ) ;
#786 = EDGE_CURVE ( 'NONE', #2496, #822, #469, .T. ) ;
#787 = VECTOR ( 'NONE', #667, 1000.000000000000000 ) ;
#788 = VERTEX_POINT ( 'NONE', #1084 ) ;
#789 = DIRECTION ( 'NONE',  ( -1.000000000000000000, 0.000000000000000000, 0.000000000000000000 ) ) ;
#790 = FACE_BOUND ( 'NONE', #800, .T. ) ;
#791 = VECTOR ( 'NONE', #2171, 1000.000000000000000 ) ;
#792 = VERTEX_POINT ( 'NONE', #2184 ) ;
#793 = DIRECTION ( 'NONE',  ( 1.000000000000000000, 0.000000000000000000, 0.000000000000000000 ) ) ;
#794 = VERTEX_POINT ( 'NONE', #1518 ) ;
#795 = ORIENTED_EDGE ( 'NONE', *, *, #1661, .T. ) ;
#796 = CARTESIAN_POINT ( 'NONE',  ( -9.339803143895171189, 16.50000000000000000, 0.5773000000000000353 ) ) ;
#797 = ORIENTED_EDGE ( 'NONE', *, *, #1113, .F. ) ;
#798 = DIRECTION ( 'NONE',  ( -1.000000000000000000, 0.000000000000000000, 0.000000000000000000 ) ) ;
#799 = DIRECTION ( 'NONE',  ( 0.000000000000000000, 0.000000000000000000, 1.000000000000000000 ) ) ;
#800 = EDGE_LOOP ( 'NONE', ( #2193, #2463 ) ) ;
#801 = DIRECTION ( 'NONE',  ( -1.000000000000000000, 0.000000000000000000, 0.000000000000000000 ) ) ;
#802 = CARTESIAN_POINT ( 'NONE',  ( -25.00000000000000000, 22.50000000000000000, 0.000000000000000000 ) ) ;
#803 = EDGE_CURVE ( 'NONE', #439, #1804, #1925, .T. ) ;
#804 = ADVANCED_FACE ( 'NONE', ( #862, #1716 ), #2570, .F. ) ;
#805 = VECTOR ( 'NONE', #2355, 1000.000000000000000 ) ;
#806 = ORIENTED_EDGE ( 'NONE', *, *, #2204, .F. ) ;
#807 = LINE ( 'NONE', #2745, #884 ) ;
#808 = DIRECTION ( 'NONE',  ( 0.000000000000000000, 0.000000000000000000, 1.000000000000000000 ) ) ;
#809 = VERTEX_POINT ( 'NONE', #1940 ) ;
#810 = CIRCLE ( 'NONE', #586, 2.999999999999999112 ) ;
#811 = ORIENTED_EDGE ( 'NONE', *, *, #2421, .T. ) ;
#812 = DIRECTION ( 'NONE',  ( -1.000000000000000000, -2.602085213965209656E-16, 0.000000000000000000 ) ) ;
#813 = DIRECTION ( 'NONE',  ( -1.000000000000000000, 0.000000000000000000, 0.000000000000000000 ) ) ;
#814 = LINE ( 'NONE', #2075, #287 ) ;
#815 = ORIENTED_EDGE ( 'NONE', *, *, #1351, .F. ) ;
#816 = LINE ( 'NONE', #1028, #1586 ) ;
#817 = DIRECTION ( 'NONE',  ( 1.000000000000000000, 0.000000000000000000, 0.000000000000000000 ) ) ;
#818 = VERTEX_POINT ( 'NONE', #1600 ) ;
#819 = CARTESIAN_POINT ( 'NONE',  ( -0.2240000000000104963, -0.3879793808954425383, 0.1779999999999999916 ) ) ;
#820 = EDGE_CURVE ( 'NONE', #2411, #966, #2402, .T. ) ;
#821 = CARTESIAN_POINT ( 'NONE',  ( -21.50156939064320127, 19.50000000000000000, 5.207300000000000040 ) ) ;
#822 = VERTEX_POINT ( 'NONE', #1126 ) ;
#823 = VECTOR ( 'NONE', #551, 1000.000000000000000 ) ;
#824 = EDGE_CURVE ( 'NONE', #1804, #354, #2211, .T. ) ;
#825 = ORIENTED_EDGE ( 'NONE', *, *, #2054, .F. ) ;
#826 = EDGE_CURVE ( 'NONE', #1456, #2496, #694, .T. ) ;
#827 = CARTESIAN_POINT ( 'NONE',  ( 0.1871948186995449903, -0.4035465258111689546, 0.3992999999999999883 ) ) ;
#828 = AXIS2_PLACEMENT_3D ( 'NONE', #2361, #2555, #1730 ) ;
#829 = ORIENTED_EDGE ( 'NONE', *, *, #2712, .T. ) ;
#830 = DIRECTION ( 'NONE',  ( 1.000000000000000000, 0.000000000000000000, 0.000000000000000000 ) ) ;
#831 = DIRECTION ( 'NONE',  ( 0.000000000000000000, 1.000000000000000000, 0.000000000000000000 ) ) ;
#832 = VERTEX_POINT ( 'NONE', #2226 ) ;
#833 = DIRECTION ( 'NONE',  ( 0.000000000000000000, 0.000000000000000000, 1.000000000000000000 ) ) ;
#834 = CARTESIAN_POINT ( 'NONE',  ( -0.2557341336116735198, -0.3636289237350834869, 0.1779999999999999916 ) ) ;
#835 = AXIS2_PLACEMENT_3D ( 'NONE', #837, #777, #793 ) ;
#836 = ORIENTED_EDGE ( 'NONE', *, *, #1387, .F. ) ;
#837 = CARTESIAN_POINT ( 'NONE',  ( 0.2241499999999999881, 0.3882391885165629719, 0.3992999999999999883 ) ) ;
#838 = FACE_BOUND ( 'NONE', #489, .T. ) ;
#839 = ORIENTED_EDGE ( 'NONE', *, *, #323, .F. ) ;
#840 = VECTOR ( 'NONE', #939, 1000.000000000000000 ) ;
#841 = ORIENTED_EDGE ( 'NONE', *, *, #2023, .T. ) ;
#842 = DIRECTION ( 'NONE',  ( 1.000000000000000000, 0.000000000000000000, 0.000000000000000000 ) ) ;
#843 = EDGE_CURVE ( 'NONE', #809, #2057, #921, .T. ) ;
#844 = EDGE_CURVE ( 'NONE', #1753, #1752, #1783, .T. ) ;
#845 = CARTESIAN_POINT ( 'NONE',  ( -23.50000000000000000, -26.50000000000000000, 8.407299999999999329 ) ) ;
#846 = CARTESIAN_POINT ( 'NONE',  ( -15.00000000000000000, 1.956112807565715039, 0.3992999999999999883 ) ) ;
#847 = MANIFOLD_SOLID_BREP ( 'NONE', #1323 ) ;
#848 = ORIENTED_EDGE ( 'NONE', *, *, #1405, .T. ) ;
#849 = LINE ( 'NONE', #2337, #553 ) ;
#850 = CARTESIAN_POINT ( 'NONE',  ( -0.01468885139131520003, 0.01127115209496856035, 0.5773000000000000353 ) ) ;
#851 = CARTESIAN_POINT ( 'NONE',  ( -12.63760714847273903, 16.50000000000000000, 0.5773000000000000353 ) ) ;
#852 = DIRECTION ( 'NONE',  ( 1.000000000000000000, 0.000000000000000000, 0.000000000000000000 ) ) ;
#853 = VECTOR ( 'NONE', #247, 1000.000000000000114 ) ;
#854 = EDGE_LOOP ( 'NONE', ( #1312, #2343, #2543, #2001 ) ) ;
#855 = ORIENTED_EDGE ( 'NONE', *, *, #1168, .F. ) ;
#856 = LINE ( 'NONE', #1918, #2586 ) ;
#857 = AXIS2_PLACEMENT_3D ( 'NONE', #2289, #1623, #1611 ) ;
#858 = ORIENTED_EDGE ( 'NONE', *, *, #1577, .F. ) ;
#859 = DIRECTION ( 'NONE',  ( 1.000000000000000000, 0.000000000000000000, 0.000000000000000000 ) ) ;
#860 = EDGE_CURVE ( 'NONE', #461, #1844, #455, .T. ) ;
#861 = DIRECTION ( 'NONE',  ( 0.6087614290087136615, -0.7933533402912404942, 0.000000000000000000 ) ) ;
#862 = FACE_BOUND ( 'NONE', #992, .T. ) ;
#863 = DIRECTION ( 'NONE',  ( 1.000000000000000000, 0.000000000000000000, 0.000000000000000000 ) ) ;
#864 = VECTOR ( 'NONE', #2644, 1000.000000000000000 ) ;
#865 = LINE ( 'NONE', #1506, #1671 ) ;
#866 = CARTESIAN_POINT ( 'NONE',  ( 0.000000000000000000, 0.000000000000000000, 0.000000000000000000 ) ) ;
#867 = ORIENTED_EDGE ( 'NONE', *, *, #669, .F. ) ;
#868 = DIRECTION ( 'NONE',  ( 1.000000000000000000, 0.000000000000000000, 0.000000000000000000 ) ) ;
#869 = DIRECTION ( 'NONE',  ( -1.000000000000000000, -2.215461512955700033E-16, 0.000000000000000000 ) ) ;
#870 = CIRCLE ( 'NONE', #959, 0.03999999999999999389 ) ;
#871 = ORIENTED_EDGE ( 'NONE', *, *, #622, .F. ) ;
#872 = ORIENTED_EDGE ( 'NONE', *, *, #686, .F. ) ;
#873 = FACE_OUTER_BOUND ( 'NONE', #1830, .T. ) ;
#874 = LINE ( 'NONE', #1517, #651 ) ;
#875 = AXIS2_PLACEMENT_3D ( 'NONE', #2181, #2387, #1475 ) ;
#876 = CARTESIAN_POINT ( 'NONE',  ( 15.00000000000000000, -2.492782445397499717E-14, 0.000000000000000000 ) ) ;
#877 = LINE ( 'NONE', #850, #1843 ) ;
#878 = EDGE_CURVE ( 'NONE', #2736, #1149, #320, .T. ) ;
#879 = ADVANCED_FACE ( 'NONE', ( #1965, #49 ), #1797, .T. ) ;
#880 = DIRECTION ( 'NONE',  ( 0.000000000000000000, 0.000000000000000000, -1.000000000000000000 ) ) ;
#881 = CARTESIAN_POINT ( 'NONE',  ( 21.50156939064314798, -3.469446951953614978E-15, 5.207300000000000040 ) ) ;
#882 = VECTOR ( 'NONE', #964, 1000.000000000000000 ) ;
#883 = FACE_OUTER_BOUND ( 'NONE', #252, .T. ) ;
#884 = VECTOR ( 'NONE', #1856, 1000.000000000000000 ) ;
#885 = AXIS2_PLACEMENT_3D ( 'NONE', #1426, #1398, #1822 ) ;
#886 = EDGE_LOOP ( 'NONE', ( #1581, #434, #1704, #2612, #2597 ) ) ;
#887 = ORIENTED_EDGE ( 'NONE', *, *, #1064, .F. ) ;
#888 = CARTESIAN_POINT ( 'NONE',  ( 0.000000000000000000, 0.000000000000000000, 0.3992999999999999883 ) ) ;
#889 = CARTESIAN_POINT ( 'NONE',  ( 21.50156939064314798, 19.50000000000000000, 5.207300000000000040 ) ) ;
#890 = DIRECTION ( 'NONE',  ( 0.000000000000000000, 0.000000000000000000, 1.000000000000000000 ) ) ;
#891 = CARTESIAN_POINT ( 'NONE',  ( 23.50000000000000000, 26.50000000000000000, 8.407299999999999329 ) ) ;
#892 = DIRECTION ( 'NONE',  ( 0.000000000000000000, -1.000000000000000000, 0.000000000000000000 ) ) ;
#893 = DIRECTION ( 'NONE',  ( 0.000000000000000000, 0.000000000000000000, -1.000000000000000000 ) ) ;
#894 = EDGE_CURVE ( 'NONE', #1275, #531, #282, .T. ) ;
#895 = EDGE_CURVE ( 'NONE', #1753, #1984, #97, .T. ) ;
#896 = VERTEX_POINT ( 'NONE', #1141 ) ;
#897 = ORIENTED_EDGE ( 'NONE', *, *, #1166, .T. ) ;
#898 = ORIENTED_EDGE ( 'NONE', *, *, #2252, .F. ) ;
#899 = ORIENTED_EDGE ( 'NONE', *, *, #432, .F. ) ;
#900 = ORIENTED_EDGE ( 'NONE', *, *, #962, .F. ) ;
#901 = LINE ( 'NONE', #2614, #221 ) ;
#902 = DIRECTION ( 'NONE',  ( 0.000000000000000000, 0.000000000000000000, -1.000000000000000000 ) ) ;
#903 = VECTOR ( 'NONE', #2567, 1000.000000000000000 ) ;
#904 = DIRECTION ( 'NONE',  ( 1.000000000000000000, 0.000000000000000000, 0.000000000000000000 ) ) ;
#905 = FACE_OUTER_BOUND ( 'NONE', #2065, .T. ) ;
#906 = LINE ( 'NONE', #1914, #1059 ) ;
#907 = DIRECTION ( 'NONE',  ( 0.000000000000000000, -1.000000000000000000, 0.000000000000000000 ) ) ;
#908 = VECTOR ( 'NONE', #971, 1000.000000000000114 ) ;
#909 = ADVANCED_FACE ( 'NONE', ( #269 ), #79, .T. ) ;
#910 = ADVANCED_FACE ( 'NONE', ( #1167 ), #507, .T. ) ;
#911 = EDGE_LOOP ( 'NONE', ( #324, #1884, #419, #543 ) ) ;
#912 = ORIENTED_EDGE ( 'NONE', *, *, #1299, .T. ) ;
#913 = ADVANCED_FACE ( 'NONE', ( #783 ), #1639, .T. ) ;
#914 = EDGE_CURVE ( 'NONE', #1805, #531, #1415, .T. ) ;
#915 = ORIENTED_EDGE ( 'NONE', *, *, #1405, .F. ) ;
#916 = EDGE_LOOP ( 'NONE', ( #2562, #1990, #1531, #742, #74 ) ) ;
#917 = EDGE_LOOP ( 'NONE', ( #1530, #449, #1311, #1041 ) ) ;
#918 = PLANE ( 'NONE',  #1788 ) ;
#919 = DIRECTION ( 'NONE',  ( 0.000000000000000000, 0.000000000000000000, 1.000000000000000000 ) ) ;
#920 = AXIS2_PLACEMENT_3D ( 'NONE', #679, #626, #2374 ) ;
#921 = LINE ( 'NONE', #2654, #2291 ) ;
#922 = LINE ( 'NONE', #1157, #2120 ) ;
#923 = CARTESIAN_POINT ( 'NONE',  ( 20.00156939064315154, -19.50000000000000000, 0.5773000000000000353 ) ) ;
#924 = CARTESIAN_POINT ( 'NONE',  ( 13.50000000000000000, -16.50000000000000000, 8.407299999999999329 ) ) ;
#925 = LINE ( 'NONE', #2636, #2670 ) ;
#926 = VECTOR ( 'NONE', #528, 1000.000000000000000 ) ;
#927 = VERTEX_POINT ( 'NONE', #2481 ) ;
#928 = AXIS2_PLACEMENT_3D ( 'NONE', #260, #1088, #471 ) ;
#929 = ORIENTED_EDGE ( 'NONE', *, *, #1400, .T. ) ;
#930 = EDGE_LOOP ( 'NONE', ( #611, #415, #2062, #716 ) ) ;
#931 = LINE ( 'NONE', #2017, #2103 ) ;
#932 = CARTESIAN_POINT ( 'NONE',  ( 9.339845528054580015, 22.50000000000000000, 0.5100000000000000089 ) ) ;
#933 = EDGE_CURVE ( 'NONE', #1971, #2191, #2275, .T. ) ;
#934 = EDGE_CURVE ( 'NONE', #2370, #2721, #333, .T. ) ;
#935 = VECTOR ( 'NONE', #352, 1000.000000000000000 ) ;
#936 = CARTESIAN_POINT ( 'NONE',  ( 0.000000000000000000, 0.000000000000000000, 0.5773000000000000353 ) ) ;
#937 = CARTESIAN_POINT ( 'NONE',  ( -21.50156939064320127, 19.50000000000000000, 5.207300000000000040 ) ) ;
#938 = DIRECTION ( 'NONE',  ( 0.000000000000000000, 0.000000000000000000, -1.000000000000000000 ) ) ;
#939 = DIRECTION ( 'NONE',  ( -1.000000000000000000, 0.000000000000000000, 0.000000000000000000 ) ) ;
#940 = CARTESIAN_POINT ( 'NONE',  ( 12.63755779107354016, -16.50000000000000000, 0.3992999999999999883 ) ) ;
#941 = VERTEX_POINT ( 'NONE', #2032 ) ;
#942 = VERTEX_POINT ( 'NONE', #2696 ) ;
#943 = VERTEX_POINT ( 'NONE', #153 ) ;
#944 = CARTESIAN_POINT ( 'NONE',  ( -20.00156939064320127, 19.50000000000000000, 0.5773000000000000353 ) ) ;
#945 = FACE_OUTER_BOUND ( 'NONE', #146, .T. ) ;
#946 = EDGE_CURVE ( 'NONE', #197, #792, #1221, .T. ) ;
#947 = FILL_AREA_STYLE_COLOUR ( '', #2649 ) ;
#948 = CARTESIAN_POINT ( 'NONE',  ( 25.00000000000000000, 0.000000000000000000, 0.000000000000000000 ) ) ;
#949 = VECTOR ( 'NONE', #634, 1000.000000000000000 ) ;
#950 = DIRECTION ( 'NONE',  ( 0.000000000000000000, 0.000000000000000000, 1.000000000000000000 ) ) ;
#951 = LINE ( 'NONE', #2268, #840 ) ;
#952 = LINE ( 'NONE', #1814, #158 ) ;
#953 = EDGE_LOOP ( 'NONE', ( #518, #1053, #2330, #1199 ) ) ;
#954 = AXIS2_PLACEMENT_3D ( 'NONE', #2656, #2419, #709 ) ;
#955 = EDGE_LOOP ( 'NONE', ( #871, #797, #912, #1709 ) ) ;
#956 = DIRECTION ( 'NONE',  ( -1.000000000000000000, 0.000000000000000000, 0.000000000000000000 ) ) ;
#957 = CARTESIAN_POINT ( 'NONE',  ( -25.00000000000000000, -16.50000000000000000, 0.1779999999999999916 ) ) ;
#958 = CARTESIAN_POINT ( 'NONE',  ( 0.000000000000000000, 22.50000000000000000, 0.1779999999999999916 ) ) ;
#959 = AXIS2_PLACEMENT_3D ( 'NONE', #2110, #185, #156 ) ;
#960 = DIRECTION ( 'NONE',  ( 0.000000000000000000, -1.000000000000000000, 0.000000000000000000 ) ) ;
#961 = LINE ( 'NONE', #312, #1326 ) ;
#962 = EDGE_CURVE ( 'NONE', #216, #2094, #1236, .T. ) ;
#963 = VECTOR ( 'NONE', #1460, 1000.000000000000000 ) ;
#964 = DIRECTION ( 'NONE',  ( 1.000000000000000000, 0.000000000000000000, 0.000000000000000000 ) ) ;
#965 = ORIENTED_EDGE ( 'NONE', *, *, #138, .F. ) ;
#966 = VERTEX_POINT ( 'NONE', #129 ) ;
#967 = CARTESIAN_POINT ( 'NONE',  ( 0.01710552973981860000, 0.007085342409808990244, 0.5773000000000000353 ) ) ;
#968 = PLANE ( 'NONE',  #885 ) ;
#969 = CIRCLE ( 'NONE', #561, 0.04000000000001696643 ) ;
#970 = DIRECTION ( 'NONE',  ( 0.000000000000000000, 0.000000000000000000, -1.000000000000000000 ) ) ;
#971 = DIRECTION ( 'NONE',  ( 0.9914448613738112703, -0.1305261922200450508, 0.000000000000000000 ) ) ;
#972 = VECTOR ( 'NONE', #2325, 1000.000000000000000 ) ;
#973 = VECTOR ( 'NONE', #360, 1000.000000000000000 ) ;
#974 = EDGE_LOOP ( 'NONE', ( #388, #1833, #1947, #2532 ) ) ;
#975 = CARTESIAN_POINT ( 'NONE',  ( 23.50000000000000000, 26.50000000000000000, 8.407299999999999329 ) ) ;
#976 = DIRECTION ( 'NONE',  ( 0.000000000000000000, 0.000000000000000000, 1.000000000000000000 ) ) ;
#977 = EDGE_CURVE ( 'NONE', #941, #476, #51, .T. ) ;
#978 = PLANE ( 'NONE',  #2446 ) ;
#979 = EDGE_CURVE ( 'NONE', #2299, #2576, #2508, .T. ) ;
#980 = ORIENTED_EDGE ( 'NONE', *, *, #1799, .T. ) ;
#981 = ORIENTED_EDGE ( 'NONE', *, *, #106, .T. ) ;
#982 = CARTESIAN_POINT ( 'NONE',  ( 9.339845528054580015, 22.50000000000000000, 0.000000000000000000 ) ) ;
#983 = DIRECTION ( 'NONE',  ( 0.000000000000000000, 0.000000000000000000, 1.000000000000000000 ) ) ;
#984 = AXIS2_PLACEMENT_3D ( 'NONE', #2248, #1886, #2297 ) ;
#985 = DIRECTION ( 'NONE',  ( 1.051347561198063849E-16, -1.000000000000000000, 0.000000000000000000 ) ) ;
#986 = EDGE_LOOP ( 'NONE', ( #1958, #61, #1051, #2223 ) ) ;
#987 = CARTESIAN_POINT ( 'NONE',  ( 13.50000000000000000, 13.50000000000000000, 8.407299999999999329 ) ) ;
#988 = CARTESIAN_POINT ( 'NONE',  ( -0.01706935259612835099, -0.007070357346245339895, 0.1779999999999999916 ) ) ;
#989 = VECTOR ( 'NONE', #2431, 1000.000000000000000 ) ;
#990 = ORIENTED_EDGE ( 'NONE', *, *, #2133, .T. ) ;
#991 = DIRECTION ( 'NONE',  ( 0.000000000000000000, -1.000000000000000000, 0.000000000000000000 ) ) ;
#992 = EDGE_LOOP ( 'NONE', ( #2027, #1605 ) ) ;
#993 = VERTEX_POINT ( 'NONE', #547 ) ;
#994 = CARTESIAN_POINT ( 'NONE',  ( 0.2558841336116515208, 0.3638887313562139680, 0.5773000000000000353 ) ) ;
#995 = EDGE_CURVE ( 'NONE', #302, #703, #378, .T. ) ;
#996 = VERTEX_POINT ( 'NONE', #1459 ) ;
#997 = DIRECTION ( 'NONE',  ( 1.000000000000000000, 0.000000000000000000, 0.000000000000000000 ) ) ;
#998 = DIRECTION ( 'NONE',  ( 1.000000000000000000, 0.000000000000000000, 0.000000000000000000 ) ) ;
#999 = VERTEX_POINT ( 'NONE', #1429 ) ;
#1000 = CARTESIAN_POINT ( 'NONE',  ( 15.00000000000000000, -2.492782445397499717E-14, 0.1779999999999999916 ) ) ;
#1001 = CARTESIAN_POINT ( 'NONE',  ( 16.50000000000000000, 13.50000000000000000, 5.207300000000000040 ) ) ;
#1002 = ORIENTED_EDGE ( 'NONE', *, *, #413, .T. ) ;
#1003 = CARTESIAN_POINT ( 'NONE',  ( 0.01710552974008409943, -0.007085342409918859823, 0.5773000000000000353 ) ) ;
#1004 = VECTOR ( 'NONE', #1012, 1000.000000000000000 ) ;
#1005 = ORIENTED_EDGE ( 'NONE', *, *, #499, .T. ) ;
#1006 = ORIENTED_EDGE ( 'NONE', *, *, #1528, .F. ) ;
#1007 = LINE ( 'NONE', #2737, #1194 ) ;
#1008 = ORIENTED_EDGE ( 'NONE', *, *, #546, .T. ) ;
#1009 = EDGE_CURVE ( 'NONE', #818, #1441, #1191, .T. ) ;
#1010 = CARTESIAN_POINT ( 'NONE',  ( 12.63755779107336075, 16.50000000000000000, 0.3992999999999999883 ) ) ;
#1011 = ADVANCED_FACE ( 'NONE', ( #770 ), #1876, .T. ) ;
#1012 = DIRECTION ( 'NONE',  ( 0.000000000000000000, 0.000000000000000000, -1.000000000000000000 ) ) ;
#1013 = AXIS2_PLACEMENT_3D ( 'NONE', #123, #514, #1186 ) ;
#1014 = VERTEX_POINT ( 'NONE', #588 ) ;
#1015 = FACE_OUTER_BOUND ( 'NONE', #986, .T. ) ;
#1016 = CARTESIAN_POINT ( 'NONE',  ( 13.50000000000000000, -13.50000000000000000, 8.407299999999999329 ) ) ;
#1017 = ORIENTED_EDGE ( 'NONE', *, *, #843, .T. ) ;
#1018 = DIRECTION ( 'NONE',  ( 0.000000000000000000, 0.000000000000000000, -1.000000000000000000 ) ) ;
#1019 = CIRCLE ( 'NONE', #1013, 0.04000000000000002165 ) ;
#1020 = CARTESIAN_POINT ( 'NONE',  ( 21.50156939064314798, -3.469446951953614978E-15, 5.207300000000000040 ) ) ;
#1021 = ORIENTED_EDGE ( 'NONE', *, *, #2054, .T. ) ;
#1022 = VERTEX_POINT ( 'NONE', #1206 ) ;
#1023 = DIRECTION ( 'NONE',  ( 0.7933533402912362753, -0.6087614290087192126, 0.000000000000000000 ) ) ;
#1024 = DIRECTION ( 'NONE',  ( 0.000000000000000000, 0.000000000000000000, -1.000000000000000000 ) ) ;
#1025 = CARTESIAN_POINT ( 'NONE',  ( 26.50000000000000000, -23.50000000000000000, 8.407299999999999329 ) ) ;
#1026 = EDGE_CURVE ( 'NONE', #2492, #1569, #1666, .T. ) ;
#1027 = ORIENTED_EDGE ( 'NONE', *, *, #1749, .F. ) ;
#1028 = CARTESIAN_POINT ( 'NONE',  ( 0.000000000000000000, -16.50000000000000000, 0.5773000000000000353 ) ) ;
#1029 = CARTESIAN_POINT ( 'NONE',  ( -0.4482999999999999763, 0.000000000000000000, 0.3992999999999999883 ) ) ;
#1030 = EDGE_CURVE ( 'NONE', #354, #1921, #2047, .T. ) ;
#1031 = EDGE_CURVE ( 'NONE', #1805, #1174, #810, .T. ) ;
#1032 = ORIENTED_EDGE ( 'NONE', *, *, #1751, .T. ) ;
#1033 = LINE ( 'NONE', #147, #2404 ) ;
#1034 = DIRECTION ( 'NONE',  ( 0.000000000000000000, 0.000000000000000000, -1.000000000000000000 ) ) ;
#1035 = ORIENTED_EDGE ( 'NONE', *, *, #1903, .F. ) ;
#1036 = AXIS2_PLACEMENT_3D ( 'NONE', #1948, #237, #859 ) ;
#1037 = ORIENTED_EDGE ( 'NONE', *, *, #1318, .T. ) ;
#1038 = DIRECTION ( 'NONE',  ( 0.000000000000000000, 0.000000000000000000, -1.000000000000000000 ) ) ;
#1039 = FACE_OUTER_BOUND ( 'NONE', #2589, .T. ) ;
#1040 = VECTOR ( 'NONE', #116, 1000.000000000000000 ) ;
#1041 = ORIENTED_EDGE ( 'NONE', *, *, #2148, .T. ) ;
#1042 = CARTESIAN_POINT ( 'NONE',  ( -0.1870448186995375128, 0.4032867181900554598, 0.1779999999999999916 ) ) ;
#1043 = CARTESIAN_POINT ( 'NONE',  ( 15.00000000000000000, -3.000000000000000000, 0.1779999999999999916 ) ) ;
#1044 = ORIENTED_EDGE ( 'NONE', *, *, #934, .F. ) ;
#1045 = DIRECTION ( 'NONE',  ( 1.000000000000000000, 0.000000000000000000, 0.000000000000000000 ) ) ;
#1046 = PLANE ( 'NONE',  #1338 ) ;
#1047 = EDGE_CURVE ( 'NONE', #1921, #966, #361, .T. ) ;
#1048 = EDGE_CURVE ( 'NONE', #1382, #2773, #2739, .T. ) ;
#1049 = CIRCLE ( 'NONE', #2753, 1.500000000000001332 ) ;
#1050 = EDGE_LOOP ( 'NONE', ( #1975, #1851, #1482, #2357 ) ) ;
#1051 = ORIENTED_EDGE ( 'NONE', *, *, #1799, .F. ) ;
#1052 = DIRECTION ( 'NONE',  ( -1.000000000000000000, 0.000000000000000000, 0.000000000000000000 ) ) ;
#1053 = ORIENTED_EDGE ( 'NONE', *, *, #2467, .F. ) ;
#1054 = LINE ( 'NONE', #1906, #1483 ) ;
#1055 = DIRECTION ( 'NONE',  ( 0.000000000000000000, 0.000000000000000000, -1.000000000000000000 ) ) ;
#1056 = VERTEX_POINT ( 'NONE', #2711 ) ;
#1057 = CARTESIAN_POINT ( 'NONE',  ( -21.50156939064320127, 19.50000000000000000, 0.5773000000000000353 ) ) ;
#1058 = CARTESIAN_POINT ( 'NONE',  ( 0.000000000000000000, 0.000000000000000000, 0.000000000000000000 ) ) ;
#1059 = VECTOR ( 'NONE', #458, 1000.000000000000000 ) ;
#1060 = ORIENTED_EDGE ( 'NONE', *, *, #2072, .T. ) ;
#1061 = CARTESIAN_POINT ( 'NONE',  ( 0.4480000000000169957, 0.000000000000000000, 0.000000000000000000 ) ) ;
#1062 = CARTESIAN_POINT ( 'NONE',  ( 23.50000000000000000, -26.50000000000000000, 8.407299999999999329 ) ) ;
#1063 = EDGE_LOOP ( 'NONE', ( #1792, #1448, #2124, #1779 ) ) ;
#1064 = EDGE_CURVE ( 'NONE', #564, #316, #1054, .T. ) ;
#1065 = VERTEX_POINT ( 'NONE', #677 ) ;
#1066 = CARTESIAN_POINT ( 'NONE',  ( 26.50000000000000000, -23.50000000000000000, 8.407299999999999329 ) ) ;
#1067 = ORIENTED_EDGE ( 'NONE', *, *, #1577, .T. ) ;
#1068 = DIRECTION ( 'NONE',  ( -1.000000000000000000, 0.000000000000000000, 0.000000000000000000 ) ) ;
#1069 = CARTESIAN_POINT ( 'NONE',  ( -16.50000000000000000, -13.50000000000000000, 8.407299999999999329 ) ) ;
#1070 = LINE ( 'NONE', #2557, #693 ) ;
#1071 = DIRECTION ( 'NONE',  ( 0.000000000000000000, 0.000000000000000000, 1.000000000000000000 ) ) ;
#1072 = AXIS2_PLACEMENT_3D ( 'NONE', #1176, #1245, #202 ) ;
#1073 = LINE ( 'NONE', #246, #1997 ) ;
#1074 = DIRECTION ( 'NONE',  ( 0.000000000000000000, 1.000000000000000000, 0.000000000000000000 ) ) ;
#1075 = ORIENTED_EDGE ( 'NONE', *, *, #2183, .T. ) ;
#1076 = EDGE_LOOP ( 'NONE', ( #2192, #504, #1480, #576 ) ) ;
#1077 = CARTESIAN_POINT ( 'NONE',  ( -16.50000000000000000, -13.50000000000000000, 5.207300000000000040 ) ) ;
#1078 = AXIS2_PLACEMENT_3D ( 'NONE', #936, #1377, #1587 ) ;
#1079 = VERTEX_POINT ( 'NONE', #2347 ) ;
#1080 = DIRECTION ( 'NONE',  ( -0.3826834323650824543, -0.9238795325112898471, 0.000000000000000000 ) ) ;
#1081 = LINE ( 'NONE', #2348, #778 ) ;
#1082 = EDGE_CURVE ( 'NONE', #75, #220, #212, .T. ) ;
#1083 = ADVANCED_FACE ( 'NONE', ( #32 ), #2371, .T. ) ;
#1084 = CARTESIAN_POINT ( 'NONE',  ( -15.00000000000000000, -3.000000000000000000, 0.000000000000000000 ) ) ;
#1085 = DIRECTION ( 'NONE',  ( 0.000000000000000000, -1.000000000000000000, 0.000000000000000000 ) ) ;
#1086 = VECTOR ( 'NONE', #2389, 1000.000000000000000 ) ;
#1087 = ORIENTED_EDGE ( 'NONE', *, *, #979, .T. ) ;
#1088 = DIRECTION ( 'NONE',  ( 0.000000000000000000, 0.000000000000000000, 1.000000000000000000 ) ) ;
#1089 = CARTESIAN_POINT ( 'NONE',  ( 9.339845528054580015, 0.000000000000000000, 0.3992999999999999883 ) ) ;
#1090 = ORIENTED_EDGE ( 'NONE', *, *, #1439, .T. ) ;
#1091 = AXIS2_PLACEMENT_3D ( 'NONE', #1379, #311, #1144 ) ;
#1092 = EDGE_LOOP ( 'NONE', ( #1658, #2513, #689, #2471 ) ) ;
#1093 = CARTESIAN_POINT ( 'NONE',  ( 0.4427789523112130032, 0.03965779445496930150, 0.1779999999999999916 ) ) ;
#1094 = LINE ( 'NONE', #1533, #1362 ) ;
#1095 = AXIS2_PLACEMENT_3D ( 'NONE', #889, #1290, #635 ) ;
#1096 = EDGE_CURVE ( 'NONE', #1718, #792, #271, .T. ) ;
#1097 = EDGE_CURVE ( 'NONE', #31, #1741, #2541, .T. ) ;
#1098 = DIRECTION ( 'NONE',  ( 1.000000000000000000, 0.000000000000000000, 0.000000000000000000 ) ) ;
#1099 = DIRECTION ( 'NONE',  ( 1.000000000000000000, 0.000000000000000000, 0.000000000000000000 ) ) ;
#1100 = DIRECTION ( 'NONE',  ( 3.154042683594195121E-16, -1.000000000000000000, 0.000000000000000000 ) ) ;
#1101 = CARTESIAN_POINT ( 'NONE',  ( 0.4480000000000169957, 0.000000000000000000, 0.1779999999999999916 ) ) ;
#1102 = DIRECTION ( 'NONE',  ( 0.000000000000000000, 0.000000000000000000, -1.000000000000000000 ) ) ;
#1103 = EDGE_LOOP ( 'NONE', ( #1161, #1927, #2510, #2704, #1989, #1442 ) ) ;
#1104 = AXIS2_PLACEMENT_3D ( 'NONE', #2528, #1242, #2279 ) ;
#1105 = VECTOR ( 'NONE', #2551, 1000.000000000000000 ) ;
#1106 = ORIENTED_EDGE ( 'NONE', *, *, #432, .T. ) ;
#1107 = ORIENTED_EDGE ( 'NONE', *, *, #1952, .T. ) ;
#1108 = EDGE_LOOP ( 'NONE', ( #899, #1930, #688, #754 ) ) ;
#1109 = LINE ( 'NONE', #1755, #177 ) ;
#1110 = DIRECTION ( 'NONE',  ( 0.000000000000000000, 0.000000000000000000, -1.000000000000000000 ) ) ;
#1111 = DIRECTION ( 'NONE',  ( 0.000000000000000000, 0.000000000000000000, -1.000000000000000000 ) ) ;
#1112 = LINE ( 'NONE', #1911, #791 ) ;
#1113 = EDGE_CURVE ( 'NONE', #2732, #1826, #2376, .T. ) ;
#1114 = FACE_OUTER_BOUND ( 'NONE', #2579, .T. ) ;
#1115 = FACE_OUTER_BOUND ( 'NONE', #760, .T. ) ;
#1116 = ADVANCED_FACE ( 'NONE', ( #440 ), #1304, .F. ) ;
#1117 = ADVANCED_FACE ( 'NONE', ( #2165 ), #1500, .F. ) ;
#1118 = ORIENTED_EDGE ( 'NONE', *, *, #1699, .F. ) ;
#1119 = VECTOR ( 'NONE', #1584, 999.9999999999998863 ) ;
#1120 = ORIENTED_EDGE ( 'NONE', *, *, #1662, .F. ) ;
#1121 = ORIENTED_EDGE ( 'NONE', *, *, #73, .F. ) ;
#1122 = EDGE_LOOP ( 'NONE', ( #1067, #2519, #825, #57 ) ) ;
#1123 = CARTESIAN_POINT ( 'NONE',  ( 13.50000000000000000, -13.50000000000000000, 8.407299999999999329 ) ) ;
#1124 = LINE ( 'NONE', #691, #1497 ) ;
#1125 = VECTOR ( 'NONE', #757, 1000.000000000000000 ) ;
#1126 = CARTESIAN_POINT ( 'NONE',  ( 15.00000000000000000, -3.000000000000000000, 0.000000000000000000 ) ) ;
#1127 = CARTESIAN_POINT ( 'NONE',  ( -0.4082999999999999963, 0.000000000000000000, 0.5773000000000000353 ) ) ;
#1128 = PLANE ( 'NONE',  #66 ) ;
#1129 = PLANE ( 'NONE',  #1430 ) ;
#1130 = VECTOR ( 'NONE', #1626, 1000.000000000000000 ) ;
#1131 = EDGE_CURVE ( 'NONE', #44, #2624, #1681, .T. ) ;
#1132 = DIRECTION ( 'NONE',  ( 0.000000000000000000, 0.000000000000000000, 1.000000000000000000 ) ) ;
#1133 = EDGE_CURVE ( 'NONE', #1569, #251, #422, .T. ) ;
#1134 = EDGE_LOOP ( 'NONE', ( #2277, #1354, #2685, #2304 ) ) ;
#1135 = ORIENTED_EDGE ( 'NONE', *, *, #308, .T. ) ;
#1136 = ORIENTED_EDGE ( 'NONE', *, *, #1624, .F. ) ;
#1137 = ORIENTED_EDGE ( 'NONE', *, *, #2382, .F. ) ;
#1138 = FACE_OUTER_BOUND ( 'NONE', #2607, .T. ) ;
#1139 = CARTESIAN_POINT ( 'NONE',  ( -9.339803143895171189, 22.50000000000000000, 0.5773000000000000353 ) ) ;
#1140 = CIRCLE ( 'NONE', #1359, 3.000000000000000888 ) ;
#1141 = CARTESIAN_POINT ( 'NONE',  ( -9.339803143895020199, -22.50000000000000000, 0.1779999999999999916 ) ) ;
#1142 = VECTOR ( 'NONE', #454, 1000.000000000000114 ) ;
#1143 = CARTESIAN_POINT ( 'NONE',  ( 0.000000000000000000, 16.50000000000000000, 0.5773000000000000353 ) ) ;
#1144 = DIRECTION ( 'NONE',  ( 0.000000000000000000, 0.000000000000000000, -1.000000000000000000 ) ) ;
#1145 = CARTESIAN_POINT ( 'NONE',  ( 0.1871948186995504859, 0.4035465258111669562, 0.3992999999999999883 ) ) ;
#1146 = FACE_OUTER_BOUND ( 'NONE', #953, .T. ) ;
#1147 = VERTEX_POINT ( 'NONE', #1093 ) ;
#1148 = EDGE_CURVE ( 'NONE', #676, #1761, #2247, .T. ) ;
#1149 = VERTEX_POINT ( 'NONE', #2598 ) ;
#1150 = ORIENTED_EDGE ( 'NONE', *, *, #753, .T. ) ;
#1151 = DIRECTION ( 'NONE',  ( 0.9914448613738112703, 0.1305261922200450508, 0.000000000000000000 ) ) ;
#1152 = DIRECTION ( 'NONE',  ( 0.000000000000000000, 0.000000000000000000, 1.000000000000000000 ) ) ;
#1153 = CIRCLE ( 'NONE', #1599, 1.500000000000001332 ) ;
#1154 = AXIS2_PLACEMENT_3D ( 'NONE', #39, #2605, #2474 ) ;
#1155 = AXIS2_PLACEMENT_3D ( 'NONE', #1885, #2296, #1045 ) ;
#1156 = DIRECTION ( 'NONE',  ( -1.000000000000000000, 0.000000000000000000, 0.000000000000000000 ) ) ;
#1157 = CARTESIAN_POINT ( 'NONE',  ( 0.000000000000000000, -3.000000000000000000, 0.000000000000000000 ) ) ;
#1158 = CARTESIAN_POINT ( 'NONE',  ( 0.000000000000000000, 0.000000000000000000, 0.000000000000000000 ) ) ;
#1159 = DIRECTION ( 'NONE',  ( 3.323709927196664974E-15, 1.000000000000000000, 0.000000000000000000 ) ) ;
#1160 = CYLINDRICAL_SURFACE ( 'NONE', #2086, 0.04000000000000002165 ) ;
#1161 = ORIENTED_EDGE ( 'NONE', *, *, #1695, .T. ) ;
#1162 = ORIENTED_EDGE ( 'NONE', *, *, #105, .T. ) ;
#1163 = CARTESIAN_POINT ( 'NONE',  ( 9.339845528054580015, 22.50000000000000000, 0.3992999999999999883 ) ) ;
#1164 = CARTESIAN_POINT ( 'NONE',  ( 25.00000000000000000, -16.50000000000000000, 0.5773000000000000353 ) ) ;
#1165 = VECTOR ( 'NONE', #1760, 1000.000000000000000 ) ;
#1166 = EDGE_CURVE ( 'NONE', #1804, #648, #182, .T. ) ;
#1167 = FACE_OUTER_BOUND ( 'NONE', #179, .T. ) ;
#1168 = EDGE_CURVE ( 'NONE', #1218, #134, #2104, .T. ) ;
#1169 = CARTESIAN_POINT ( 'NONE',  ( -9.339803143895020199, -22.50000000000000000, 0.5773000000000000353 ) ) ;
#1170 = AXIS2_PLACEMENT_3D ( 'NONE', #1361, #2020, #141 ) ;
#1171 = CARTESIAN_POINT ( 'NONE',  ( 0.01710552974008409943, -0.007085342409918859823, 0.3992999999999999883 ) ) ;
#1172 = DIRECTION ( 'NONE',  ( 0.000000000000000000, 0.000000000000000000, -1.000000000000000000 ) ) ;
#1173 = DIRECTION ( 'NONE',  ( 0.000000000000000000, 1.000000000000000000, 0.000000000000000000 ) ) ;
#1174 = VERTEX_POINT ( 'NONE', #1936 ) ;
#1175 = ORIENTED_EDGE ( 'NONE', *, *, #1217, .F. ) ;
#1176 = CARTESIAN_POINT ( 'NONE',  ( -23.50000000000000000, -23.50000000000000000, 8.407299999999999329 ) ) ;
#1177 = CARTESIAN_POINT ( 'NONE',  ( 20.00156939064315154, -3.469446951953614978E-15, 0.5773000000000000353 ) ) ;
#1178 = CARTESIAN_POINT ( 'NONE',  ( -21.50156939064320127, -19.50000000000000000, 5.207300000000000040 ) ) ;
#1179 = CIRCLE ( 'NONE', #327, 1.500000000000001332 ) ;
#1180 = CARTESIAN_POINT ( 'NONE',  ( 0.000000000000000000, 0.000000000000000000, 0.5773000000000000353 ) ) ;
#1181 = EDGE_CURVE ( 'NONE', #794, #564, #1261, .T. ) ;
#1182 = EDGE_CURVE ( 'NONE', #2576, #1567, #1473, .T. ) ;
#1183 = ORIENTED_EDGE ( 'NONE', *, *, #1009, .T. ) ;
#1184 = PLANE ( 'NONE',  #1091 ) ;
#1185 = CYLINDRICAL_SURFACE ( 'NONE', #2187, 3.000000000000000888 ) ;
#1186 = DIRECTION ( 'NONE',  ( 1.000000000000000000, 0.000000000000000000, 0.000000000000000000 ) ) ;
#1187 = EDGE_LOOP ( 'NONE', ( #1676, #1905, #841, #1935 ) ) ;
#1188 = ORIENTED_EDGE ( 'NONE', *, *, #1578, .T. ) ;
#1189 = CARTESIAN_POINT ( 'NONE',  ( 0.01465778537412321808, -0.01124731430156799931, 0.1779999999999999916 ) ) ;
#1190 = CIRCLE ( 'NONE', #1155, 1.500000000000001332 ) ;
#1191 = LINE ( 'NONE', #2683, #1572 ) ;
#1192 = DIRECTION ( 'NONE',  ( 0.000000000000000000, 0.000000000000000000, -1.000000000000000000 ) ) ;
#1193 = VECTOR ( 'NONE', #566, 1000.000000000000000 ) ;
#1194 = VECTOR ( 'NONE', #2303, 1000.000000000000000 ) ;
#1195 = ORIENTED_EDGE ( 'NONE', *, *, #413, .F. ) ;
#1196 = DIRECTION ( 'NONE',  ( -0.1305261922200520452, 0.9914448613738103822, 0.000000000000000000 ) ) ;
#1197 = CARTESIAN_POINT ( 'NONE',  ( 13.50000000000000000, -16.50000000000000000, 5.207300000000000040 ) ) ;
#1198 = EDGE_CURVE ( 'NONE', #2393, #568, #19, .T. ) ;
#1199 = ORIENTED_EDGE ( 'NONE', *, *, #1800, .T. ) ;
#1200 = DIRECTION ( 'NONE',  ( -1.000000000000000000, 0.000000000000000000, 0.000000000000000000 ) ) ;
#1201 = ADVANCED_FACE ( 'NONE', ( #873 ), #1729, .F. ) ;
#1202 = EDGE_CURVE ( 'NONE', #531, #943, #672, .T. ) ;
#1203 = EDGE_LOOP ( 'NONE', ( #2709, #1120, #1614, #2621 ) ) ;
#1204 = EDGE_LOOP ( 'NONE', ( #1412, #2639, #2476, #1845 ) ) ;
#1205 = DIRECTION ( 'NONE',  ( -0.1305261922200450508, 0.9914448613738112703, 0.000000000000000000 ) ) ;
#1206 = CARTESIAN_POINT ( 'NONE',  ( 20.00156939064315154, -19.50000000000000000, 5.207300000000000040 ) ) ;
#1207 = AXIS2_PLACEMENT_3D ( 'NONE', #485, #232, #28 ) ;
#1208 = DIRECTION ( 'NONE',  ( -1.000000000000000000, 0.000000000000000000, 0.000000000000000000 ) ) ;
#1209 = ORIENTED_EDGE ( 'NONE', *, *, #2574, .T. ) ;
#1210 = DIRECTION ( 'NONE',  ( 0.000000000000000000, 0.000000000000000000, -1.000000000000000000 ) ) ;
#1211 = DIRECTION ( 'NONE',  ( -0.9238795325112757473, -0.3826834323651163161, 0.000000000000000000 ) ) ;
#1212 = AXIS2_PLACEMENT_3D ( 'NONE', #2138, #1532, #2553 ) ;
#1213 = ORIENTED_EDGE ( 'NONE', *, *, #1439, .F. ) ;
#1214 = CARTESIAN_POINT ( 'NONE',  ( -0.2240000000000104963, -0.3879793808954425383, 0.1779999999999999916 ) ) ;
#1215 = VERTEX_POINT ( 'NONE', #253 ) ;
#1216 = EDGE_CURVE ( 'NONE', #1495, #250, #101, .T. ) ;
#1217 = EDGE_CURVE ( 'NONE', #1149, #197, #2, .T. ) ;
#1218 = VERTEX_POINT ( 'NONE', #62 ) ;
#1219 = PLANE ( 'NONE',  #2720 ) ;
#1220 = AXIS2_PLACEMENT_3D ( 'NONE', #721, #2509, #183 ) ;
#1221 = LINE ( 'NONE', #167, #1796 ) ;
#1222 = DIRECTION ( 'NONE',  ( 0.000000000000000000, 0.000000000000000000, -1.000000000000000000 ) ) ;
#1223 = ORIENTED_EDGE ( 'NONE', *, *, #340, .T. ) ;
#1224 = CARTESIAN_POINT ( 'NONE',  ( 9.339845528054709689, -22.50000000000000000, 0.3992999999999999883 ) ) ;
#1225 = LINE ( 'NONE', #1043, #1193 ) ;
#1226 = AXIS2_PLACEMENT_3D ( 'NONE', #1158, #95, #2447 ) ;
#1227 = ORIENTED_EDGE ( 'NONE', *, *, #2167, .F. ) ;
#1228 = DIRECTION ( 'NONE',  ( 0.3826834323650761815, 0.9238795325112924006, 0.000000000000000000 ) ) ;
#1229 = FACE_OUTER_BOUND ( 'NONE', #1134, .T. ) ;
#1230 = VECTOR ( 'NONE', #705, 1000.000000000000000 ) ;
#1231 = ORIENTED_EDGE ( 'NONE', *, *, #2691, .F. ) ;
#1232 = ORIENTED_EDGE ( 'NONE', *, *, #1031, .F. ) ;
#1233 = DIRECTION ( 'NONE',  ( 0.000000000000000000, 0.000000000000000000, 1.000000000000000000 ) ) ;
#1234 = ADVANCED_FACE ( 'NONE', ( #1138 ), #464, .T. ) ;
#1235 = VERTEX_POINT ( 'NONE', #519 ) ;
#1236 = LINE ( 'NONE', #574, #2738 ) ;
#1237 = LINE ( 'NONE', #2093, #58 ) ;
#1238 = EDGE_CURVE ( 'NONE', #1752, #1275, #2460, .T. ) ;
#1239 = VECTOR ( 'NONE', #328, 1000.000000000000000 ) ;
#1240 = ORIENTED_EDGE ( 'NONE', *, *, #2107, .T. ) ;
#1241 = CARTESIAN_POINT ( 'NONE',  ( 0.000000000000000000, -3.000000000000000000, 0.1779999999999999916 ) ) ;
#1242 = DIRECTION ( 'NONE',  ( 0.000000000000000000, 0.000000000000000000, 1.000000000000000000 ) ) ;
#1243 = ORIENTED_EDGE ( 'NONE', *, *, #1898, .F. ) ;
#1244 = FACE_OUTER_BOUND ( 'NONE', #1960, .T. ) ;
#1245 = DIRECTION ( 'NONE',  ( 0.000000000000000000, 0.000000000000000000, -1.000000000000000000 ) ) ;
#1246 = ORIENTED_EDGE ( 'NONE', *, *, #23, .F. ) ;
#1247 = ORIENTED_EDGE ( 'NONE', *, *, #534, .F. ) ;
#1248 = DIRECTION ( 'NONE',  ( 1.000000000000000000, 0.000000000000000000, 0.000000000000000000 ) ) ;
#1249 = CARTESIAN_POINT ( 'NONE',  ( -25.00000000000000000, -3.000000000000000000, 0.000000000000000000 ) ) ;
#1250 = LINE ( 'NONE', #1891, #111 ) ;
#1251 = ADVANCED_FACE ( 'NONE', ( #2415 ), #478, .T. ) ;
#1252 = ADVANCED_FACE ( 'NONE', ( #2209 ), #918, .T. ) ;
#1253 = ORIENTED_EDGE ( 'NONE', *, *, #548, .T. ) ;
#1254 = VECTOR ( 'NONE', #227, 1000.000000000000000 ) ;
#1255 = DIRECTION ( 'NONE',  ( 1.000000000000000000, 0.000000000000000000, 0.000000000000000000 ) ) ;
#1256 = CARTESIAN_POINT ( 'NONE',  ( 0.01465778537412337941, 0.01124731430156777900, 0.1779999999999999916 ) ) ;
#1257 = EDGE_LOOP ( 'NONE', ( #438, #428, #699, #409 ) ) ;
#1258 = DIRECTION ( 'NONE',  ( 0.000000000000000000, 1.000000000000000000, 0.000000000000000000 ) ) ;
#1259 = CARTESIAN_POINT ( 'NONE',  ( 15.00000000000000000, 1.956152303314910190, 0.000000000000000000 ) ) ;
#1260 = VERTEX_POINT ( 'NONE', #1991 ) ;
#1261 = CIRCLE ( 'NONE', #1529, 0.04000000000001696643 ) ;
#1262 = ORIENTED_EDGE ( 'NONE', *, *, #669, .T. ) ;
#1263 = CARTESIAN_POINT ( 'NONE',  ( 25.00000000000000000, 22.50000000000000000, 0.3992999999999999883 ) ) ;
#1264 = DIRECTION ( 'NONE',  ( -1.000000000000000000, -2.215461512955700033E-16, 0.000000000000000000 ) ) ;
#1265 = DIRECTION ( 'NONE',  ( -1.000000000000000000, 0.000000000000000000, 0.000000000000000000 ) ) ;
#1266 = VECTOR ( 'NONE', #589, 1000.000000000000000 ) ;
#1267 = ORIENTED_EDGE ( 'NONE', *, *, #2005, .T. ) ;
#1268 = DIRECTION ( 'NONE',  ( 0.000000000000000000, 1.000000000000000000, 0.000000000000000000 ) ) ;
#1269 = FACE_OUTER_BOUND ( 'NONE', #2359, .T. ) ;
#1270 = EDGE_CURVE ( 'NONE', #358, #1567, #743, .T. ) ;
#1271 = ORIENTED_EDGE ( 'NONE', *, *, #1472, .T. ) ;
#1272 = DIRECTION ( 'NONE',  ( 0.000000000000000000, -1.000000000000000000, 0.000000000000000000 ) ) ;
#1273 = DIRECTION ( 'NONE',  ( 1.000000000000000000, 0.000000000000000000, 0.000000000000000000 ) ) ;
#1274 = ORIENTED_EDGE ( 'NONE', *, *, #1285, .T. ) ;
#1275 = VERTEX_POINT ( 'NONE', #1357 ) ;
#1276 = CARTESIAN_POINT ( 'NONE',  ( 15.00000000000000000, -3.000000000000000000, 0.5773000000000000353 ) ) ;
#1277 = CARTESIAN_POINT ( 'NONE',  ( 0.4480000000000169957, 0.000000000000000000, 0.1779999999999999916 ) ) ;
#1278 = CYLINDRICAL_SURFACE ( 'NONE', #2394, 1.500000000000001332 ) ;
#1279 = CARTESIAN_POINT ( 'NONE',  ( 25.00000000000000000, -16.50000000000000000, 0.000000000000000000 ) ) ;
#1280 = FACE_OUTER_BOUND ( 'NONE', #1122, .T. ) ;
#1281 = FACE_OUTER_BOUND ( 'NONE', #1555, .T. ) ;
#1282 = DIRECTION ( 'NONE',  ( 1.000000000000000000, 0.000000000000000000, 0.000000000000000000 ) ) ;
#1283 = ORIENTED_EDGE ( 'NONE', *, *, #826, .T. ) ;
#1284 = VECTOR ( 'NONE', #215, 1000.000000000000114 ) ;
#1285 = EDGE_CURVE ( 'NONE', #927, #2097, #931, .T. ) ;
#1286 = CARTESIAN_POINT ( 'NONE',  ( -20.00156939064320127, -19.50000000000000000, 5.207300000000000040 ) ) ;
#1287 = EDGE_CURVE ( 'NONE', #2648, #55, #47, .T. ) ;
#1288 = ORIENTED_EDGE ( 'NONE', *, *, #1734, .F. ) ;
#1289 = DIRECTION ( 'NONE',  ( 1.000000000000000000, 0.000000000000000000, 0.000000000000000000 ) ) ;
#1290 = DIRECTION ( 'NONE',  ( 0.000000000000000000, 0.000000000000000000, -1.000000000000000000 ) ) ;
#1291 = DIRECTION ( 'NONE',  ( 0.000000000000000000, -1.000000000000000000, 0.000000000000000000 ) ) ;
#1292 = PLANE ( 'NONE',  #16 ) ;
#1293 = VECTOR ( 'NONE', #505, 1000.000000000000000 ) ;
#1294 = ORIENTED_EDGE ( 'NONE', *, *, #1610, .F. ) ;
#1295 = DIRECTION ( 'NONE',  ( 0.000000000000000000, 0.000000000000000000, -1.000000000000000000 ) ) ;
#1296 = DIRECTION ( 'NONE',  ( -1.000000000000000000, 0.000000000000000000, 0.000000000000000000 ) ) ;
#1297 = EDGE_LOOP ( 'NONE', ( #1452, #474, #1175, #1499, #1294, #2100, #1763, #1634 ) ) ;
#1298 = AXIS2_PLACEMENT_3D ( 'NONE', #720, #522, #1573 ) ;
#1299 = EDGE_CURVE ( 'NONE', #2732, #461, #1794, .T. ) ;
#1300 = ADVANCED_FACE ( 'NONE', ( #1570 ), #1768, .F. ) ;
#1301 = VECTOR ( 'NONE', #1264, 1000.000000000000000 ) ;
#1302 = VERTEX_POINT ( 'NONE', #2442 ) ;
#1303 = ORIENTED_EDGE ( 'NONE', *, *, #319, .F. ) ;
#1304 = PLANE ( 'NONE',  #11 ) ;
#1305 = DIRECTION ( 'NONE',  ( 0.000000000000000000, -1.000000000000000000, 0.000000000000000000 ) ) ;
#1306 = LINE ( 'NONE', #1279, #69 ) ;
#1307 = CARTESIAN_POINT ( 'NONE',  ( -15.00000000000000000, -3.000000000000000000, 0.3992999999999999883 ) ) ;
#1308 = LINE ( 'NONE', #851, #787 ) ;
#1309 = DIRECTION ( 'NONE',  ( -0.3826834323651163161, 0.9238795325112756363, 0.000000000000000000 ) ) ;
#1310 = CARTESIAN_POINT ( 'NONE',  ( 13.50000000000000000, 13.50000000000000000, 8.407299999999999329 ) ) ;
#1311 = ORIENTED_EDGE ( 'NONE', *, *, #1969, .T. ) ;
#1312 = ORIENTED_EDGE ( 'NONE', *, *, #1316, .F. ) ;
#1313 = ORIENTED_EDGE ( 'NONE', *, *, #339, .F. ) ;
#1314 = ORIENTED_EDGE ( 'NONE', *, *, #2114, .T. ) ;
#1315 = CARTESIAN_POINT ( 'NONE',  ( -0.01706935259683780085, 0.007070357346538459591, 0.1779999999999999916 ) ) ;
#1316 = EDGE_CURVE ( 'NONE', #942, #1445, #1374, .T. ) ;
#1317 = CARTESIAN_POINT ( 'NONE',  ( 25.00000000000000000, 0.000000000000000000, 0.5773000000000000353 ) ) ;
#1318 = EDGE_CURVE ( 'NONE', #4, #1761, #2003, .T. ) ;
#1319 = CARTESIAN_POINT ( 'NONE',  ( -9.339803143895020199, -22.50000000000000000, 0.1779999999999999916 ) ) ;
#1320 = DIRECTION ( 'NONE',  ( 0.000000000000000000, 0.000000000000000000, 1.000000000000000000 ) ) ;
#1321 = DIRECTION ( 'NONE',  ( 0.000000000000000000, 0.000000000000000000, 1.000000000000000000 ) ) ;
#1322 = CARTESIAN_POINT ( 'NONE',  ( -0.4430789523111980377, -0.03965779445495244693, 0.5773000000000000353 ) ) ;
#1323 = CLOSED_SHELL ( 'NONE', ( #2536, #1919, #1458, #879, #125, #1234, #2401, #2352, #1300, #1201, #1920, #1816, #187, #1813, #54, #258, #2537, #1491, #2420, #1399, #671, #1116, #2301, #431, #2515, #582, #752, #1011, #1832, #1641, #2660, #498, #408, #1083, #2762, #2071, #535, #2554, #1117, #391, #2573, #290, #1252, #2022, #1388, #2132, #2019, #654, #466, #2500, #562, #1970, #2748, #2628, #169, #2006, #1764, #2216, #2300, #2520, #2728, #467, #8, #7, #515, #2149, #2092, #205, #583, #2518, #1251, #1474, #1370, #1421, #804, #91, #1592, #909, #2113, #1847, #1490, #1831, #2235, #910, #2321, #1594, #1560, #913, #2381, #375, #412, #1545 ) ) ;
#1324 = ORIENTED_EDGE ( 'NONE', *, *, #121, .T. ) ;
#1325 = ORIENTED_EDGE ( 'NONE', *, *, #2168, .T. ) ;
#1326 = VECTOR ( 'NONE', #2257, 999.9999999999998863 ) ;
#1327 = AXIS2_PLACEMENT_3D ( 'NONE', #2594, #617, #842 ) ;
#1328 = VERTEX_POINT ( 'NONE', #944 ) ;
#1329 = ORIENTED_EDGE ( 'NONE', *, *, #374, .F. ) ;
#1330 = CARTESIAN_POINT ( 'NONE',  ( -0.002416678348503309773, 0.01835649450477775182, 0.5773000000000000353 ) ) ;
#1331 = CARTESIAN_POINT ( 'NONE',  ( 21.50156939064314798, 19.50000000000000000, 5.207300000000000040 ) ) ;
#1332 = DIRECTION ( 'NONE',  ( 1.000000000000000000, 0.000000000000000000, 0.000000000000000000 ) ) ;
#1333 = DIRECTION ( 'NONE',  ( 0.000000000000000000, 1.000000000000000000, 0.000000000000000000 ) ) ;
#1334 = EDGE_CURVE ( 'NONE', #1470, #1215, #1109, .T. ) ;
#1335 = EDGE_CURVE ( 'NONE', #189, #1632, #901, .T. ) ;
#1336 = PLANE ( 'NONE',  #1226 ) ;
#1337 = FACE_OUTER_BOUND ( 'NONE', #1647, .T. ) ;
#1338 = AXIS2_PLACEMENT_3D ( 'NONE', #2454, #2734, #2029 ) ;
#1339 = ORIENTED_EDGE ( 'NONE', *, *, #124, .T. ) ;
#1340 = VECTOR ( 'NONE', #2746, 1000.000000000000114 ) ;
#1341 = ORIENTED_EDGE ( 'NONE', *, *, #722, .F. ) ;
#1342 = ORIENTED_EDGE ( 'NONE', *, *, #979, .F. ) ;
#1343 = ORIENTED_EDGE ( 'NONE', *, *, #785, .F. ) ;
#1344 = EDGE_LOOP ( 'NONE', ( #503, #385, #1136, #2002 ) ) ;
#1345 = DIRECTION ( 'NONE',  ( 0.000000000000000000, 0.000000000000000000, 1.000000000000000000 ) ) ;
#1346 = DIRECTION ( 'NONE',  ( 1.000000000000000000, 0.000000000000000000, 0.000000000000000000 ) ) ;
#1347 = DIRECTION ( 'NONE',  ( 0.000000000000000000, 0.000000000000000000, 1.000000000000000000 ) ) ;
#1348 = DIRECTION ( 'NONE',  ( 0.000000000000000000, 0.000000000000000000, 1.000000000000000000 ) ) ;
#1349 = DIRECTION ( 'NONE',  ( 1.000000000000000000, 0.000000000000000000, 0.000000000000000000 ) ) ;
#1350 = DIRECTION ( 'NONE',  ( 1.000000000000000000, 0.000000000000000000, 0.000000000000000000 ) ) ;
#1351 = EDGE_CURVE ( 'NONE', #1014, #2492, #730, .T. ) ;
#1352 = VECTOR ( 'NONE', #1333, 1000.000000000000000 ) ;
#1353 = FACE_OUTER_BOUND ( 'NONE', #776, .T. ) ;
#1354 = ORIENTED_EDGE ( 'NONE', *, *, #977, .F. ) ;
#1355 = ORIENTED_EDGE ( 'NONE', *, *, #1009, .F. ) ;
#1356 = EDGE_LOOP ( 'NONE', ( #262, #684, #1213, #1188 ) ) ;
#1357 = CARTESIAN_POINT ( 'NONE',  ( 23.50000000000000000, 26.50000000000000000, 5.207300000000000040 ) ) ;
#1358 = DIRECTION ( 'NONE',  ( -0.000000000000000000, 1.000000000000000000, 0.000000000000000000 ) ) ;
#1359 = AXIS2_PLACEMENT_3D ( 'NONE', #987, #2079, #1462 ) ;
#1360 = CIRCLE ( 'NONE', #2480, 2.999999999999999112 ) ;
#1361 = CARTESIAN_POINT ( 'NONE',  ( 0.000000000000000000, 0.000000000000000000, 0.1779999999999999916 ) ) ;
#1362 = VECTOR ( 'NONE', #2767, 1000.000000000000000 ) ;
#1363 = CYLINDRICAL_SURFACE ( 'NONE', #954, 2.999999999999999112 ) ;
#1364 = CARTESIAN_POINT ( 'NONE',  ( -23.50000000000000000, 26.50000000000000000, 5.207300000000000040 ) ) ;
#1365 = LINE ( 'NONE', #2687, #1912 ) ;
#1366 = LINE ( 'NONE', #2232, #926 ) ;
#1367 = AXIS2_PLACEMENT_3D ( 'NONE', #1932, #868, #658 ) ;
#1368 = ORIENTED_EDGE ( 'NONE', *, *, #2710, .F. ) ;
#1369 = EDGE_CURVE ( 'NONE', #1761, #676, #2284, .T. ) ;
#1370 = ADVANCED_FACE ( 'NONE', ( #1674, #2312 ), #581, .F. ) ;
#1371 = VECTOR ( 'NONE', #1736, 1000.000000000000000 ) ;
#1372 = EDGE_LOOP ( 'NONE', ( #211, #2340, #1274, #203 ) ) ;
#1373 = ORIENTED_EDGE ( 'NONE', *, *, #1751, .F. ) ;
#1374 = LINE ( 'NONE', #2625, #714 ) ;
#1375 = LINE ( 'NONE', #957, #2221 ) ;
#1376 = VECTOR ( 'NONE', #2316, 1000.000000000000114 ) ;
#1377 = DIRECTION ( 'NONE',  ( 0.000000000000000000, 0.000000000000000000, 1.000000000000000000 ) ) ;
#1378 = LINE ( 'NONE', #948, #1352 ) ;
#1379 = CARTESIAN_POINT ( 'NONE',  ( -7.806255641895620092E-16, 3.000000000000000000, 0.1779999999999999916 ) ) ;
#1380 = CARTESIAN_POINT ( 'NONE',  ( 13.50000000000000000, 16.50000000000000000, 8.407299999999999329 ) ) ;
#1381 = CARTESIAN_POINT ( 'NONE',  ( -13.50000000000000000, -16.50000000000000000, 5.207300000000000040 ) ) ;
#1382 = VERTEX_POINT ( 'NONE', #384 ) ;
#1383 = AXIS2_PLACEMENT_3D ( 'NONE', #294, #2195, #77 ) ;
#1384 = ORIENTED_EDGE ( 'NONE', *, *, #1784, .F. ) ;
#1385 = DIRECTION ( 'NONE',  ( -1.000000000000000000, 0.000000000000000000, 0.000000000000000000 ) ) ;
#1386 = FACE_OUTER_BOUND ( 'NONE', #1063, .T. ) ;
#1387 = EDGE_CURVE ( 'NONE', #1174, #614, #1454, .T. ) ;
#1388 = ADVANCED_FACE ( 'NONE', ( #1229 ), #2547, .T. ) ;
#1389 =( LENGTH_UNIT ( ) NAMED_UNIT ( * ) SI_UNIT ( .MILLI., .METRE. ) );
#1390 = DIRECTION ( 'NONE',  ( 1.000000000000000000, 0.000000000000000000, 0.000000000000000000 ) ) ;
#1391 = VECTOR ( 'NONE', #64, 1000.000000000000000 ) ;
#1392 = DIRECTION ( 'NONE',  ( 1.000000000000000000, 0.000000000000000000, 0.000000000000000000 ) ) ;
#1393 = CARTESIAN_POINT ( 'NONE',  ( -20.00156939064320127, -19.50000000000000000, 0.5773000000000000353 ) ) ;
#1394 = LINE ( 'NONE', #2258, #1817 ) ;
#1395 = CIRCLE ( 'NONE', #769, 0.04000000000001696643 ) ;
#1396 = ORIENTED_EDGE ( 'NONE', *, *, #623, .F. ) ;
#1397 = EDGE_LOOP ( 'NONE', ( #867, #898, #2453, #1231 ) ) ;
#1398 = DIRECTION ( 'NONE',  ( -2.215461512955700033E-16, 1.000000000000000000, 0.000000000000000000 ) ) ;
#1399 = ADVANCED_FACE ( 'NONE', ( #2328 ), #1871, .F. ) ;
#1400 = EDGE_CURVE ( 'NONE', #604, #2488, #613, .T. ) ;
#1401 = DIRECTION ( 'NONE',  ( 0.000000000000000000, -1.000000000000000000, 0.000000000000000000 ) ) ;
#1402 = VECTOR ( 'NONE', #1827, 1000.000000000000000 ) ;
#1403 = DIRECTION ( 'NONE',  ( -0.9914448613738104932, 0.1305261922200518787, 0.000000000000000000 ) ) ;
#1404 = AXIS2_PLACEMENT_3D ( 'NONE', #1057, #890, #229 ) ;
#1405 = EDGE_CURVE ( 'NONE', #1654, #1056, #370, .T. ) ;
#1406 = EDGE_CURVE ( 'NONE', #2220, #2773, #317, .T. ) ;
#1407 = ORIENTED_EDGE ( 'NONE', *, *, #786, .T. ) ;
#1408 = PLANE ( 'NONE',  #2392 ) ;
#1409 = CARTESIAN_POINT ( 'NONE',  ( 25.00000000000000000, 0.000000000000000000, 0.3992999999999999883 ) ) ;
#1410 = LINE ( 'NONE', #1775, #521 ) ;
#1411 = VERTEX_POINT ( 'NONE', #1062 ) ;
#1412 = ORIENTED_EDGE ( 'NONE', *, *, #1238, .T. ) ;
#1413 = LINE ( 'NONE', #2045, #1509 ) ;
#1414 = AXIS2_PLACEMENT_3D ( 'NONE', #445, #2604, #1759 ) ;
#1415 = LINE ( 'NONE', #1835, #1708 ) ;
#1416 = CARTESIAN_POINT ( 'NONE',  ( 20.00156939064315154, 19.50000000000000000, 5.207300000000000040 ) ) ;
#1417 = AXIS2_PLACEMENT_3D ( 'NONE', #1256, #578, #2731 ) ;
#1418 = ORIENTED_EDGE ( 'NONE', *, *, #618, .T. ) ;
#1419 = LINE ( 'NONE', #1042, #647 ) ;
#1420 = CARTESIAN_POINT ( 'NONE',  ( -20.00156939064320127, -3.285749932081509494E-15, 0.5773000000000000353 ) ) ;
#1421 = ADVANCED_FACE ( 'NONE', ( #1481 ), #1440, .T. ) ;
#1422 = ORIENTED_EDGE ( 'NONE', *, *, #740, .T. ) ;
#1423 = DIRECTION ( 'NONE',  ( 0.000000000000000000, 0.000000000000000000, -1.000000000000000000 ) ) ;
#1424 = EDGE_LOOP ( 'NONE', ( #1267, #1539 ) ) ;
#1425 = ORIENTED_EDGE ( 'NONE', *, *, #2252, .T. ) ;
#1426 = CARTESIAN_POINT ( 'NONE',  ( -4.984788404150319280E-15, 22.50000000000000000, 0.3992999999999999883 ) ) ;
#1427 = CIRCLE ( 'NONE', #2286, 0.04000000000001693867 ) ;
#1428 = ORIENTED_EDGE ( 'NONE', *, *, #824, .F. ) ;
#1429 = CARTESIAN_POINT ( 'NONE',  ( -26.50000000000000000, -23.50000000000000000, 5.207300000000000040 ) ) ;
#1430 = AXIS2_PLACEMENT_3D ( 'NONE', #2578, #1282, #459 ) ;
#1431 = PLANE ( 'NONE',  #2345 ) ;
#1432 = ORIENTED_EDGE ( 'NONE', *, *, #708, .F. ) ;
#1433 = LINE ( 'NONE', #1224, #2174 ) ;
#1434 = DIRECTION ( 'NONE',  ( 0.000000000000000000, 0.000000000000000000, -1.000000000000000000 ) ) ;
#1435 = MECHANICAL_DESIGN_GEOMETRIC_PRESENTATION_REPRESENTATION (  '', ( #763 ), #359 ) ;
#1436 = PRODUCT_RELATED_PRODUCT_CATEGORY ( 'part', '', ( #1980 ) ) ;
#1437 = EDGE_LOOP ( 'NONE', ( #1183, #1373, #2725, #1253 ) ) ;
#1438 = DIRECTION ( 'NONE',  ( 0.000000000000000000, 0.000000000000000000, 1.000000000000000000 ) ) ;
#1439 = EDGE_CURVE ( 'NONE', #2663, #2522, #1468, .T. ) ;
#1440 = CYLINDRICAL_SURFACE ( 'NONE', #2155, 1.500000000000001332 ) ;
#1441 = VERTEX_POINT ( 'NONE', #400 ) ;
#1442 = ORIENTED_EDGE ( 'NONE', *, *, #1168, .T. ) ;
#1443 = LINE ( 'NONE', #796, #1823 ) ;
#1444 = AXIS2_PLACEMENT_3D ( 'NONE', #1489, #1966, #1099 ) ;
#1445 = VERTEX_POINT ( 'NONE', #1259 ) ;
#1446 = DIRECTION ( 'NONE',  ( 1.000000000000000000, 0.000000000000000000, 0.000000000000000000 ) ) ;
#1447 = LINE ( 'NONE', #2727, #1978 ) ;
#1448 = ORIENTED_EDGE ( 'NONE', *, *, #1528, .T. ) ;
#1449 = CARTESIAN_POINT ( 'NONE',  ( 0.000000000000000000, -22.50000000000000000, 0.000000000000000000 ) ) ;
#1450 = PLANE ( 'NONE',  #1417 ) ;
#1451 = AXIS2_PLACEMENT_3D ( 'NONE', #2201, #950, #2214 ) ;
#1452 = ORIENTED_EDGE ( 'NONE', *, *, #600, .F. ) ;
#1453 = LINE ( 'NONE', #569, #1512 ) ;
#1454 = LINE ( 'NONE', #2531, #1650 ) ;
#1455 = EDGE_LOOP ( 'NONE', ( #741, #345, #2068, #2450 ) ) ;
#1456 = VERTEX_POINT ( 'NONE', #2117 ) ;
#1457 = DIRECTION ( 'NONE',  ( 0.000000000000000000, 0.000000000000000000, 1.000000000000000000 ) ) ;
#1458 = ADVANCED_FACE ( 'NONE', ( #191 ), #1046, .F. ) ;
#1459 = CARTESIAN_POINT ( 'NONE',  ( -15.00000000000000000, -3.000000000000000000, 0.5773000000000000353 ) ) ;
#1460 = DIRECTION ( 'NONE',  ( 1.000000000000000000, 0.000000000000000000, 0.000000000000000000 ) ) ;
#1461 = ORIENTED_EDGE ( 'NONE', *, *, #188, .T. ) ;
#1462 = DIRECTION ( 'NONE',  ( 1.000000000000000000, 0.000000000000000000, 0.000000000000000000 ) ) ;
#1463 = DIRECTION ( 'NONE',  ( 0.000000000000000000, 0.000000000000000000, 1.000000000000000000 ) ) ;
#1464 = VECTOR ( 'NONE', #382, 1000.000000000000000 ) ;
#1465 = VECTOR ( 'NONE', #869, 1000.000000000000000 ) ;
#1466 = ORIENTED_EDGE ( 'NONE', *, *, #2265, .F. ) ;
#1467 = DIRECTION ( 'NONE',  ( 0.000000000000000000, 0.000000000000000000, 1.000000000000000000 ) ) ;
#1468 = LINE ( 'NONE', #2083, #1875 ) ;
#1469 = ORIENTED_EDGE ( 'NONE', *, *, #37, .F. ) ;
#1470 = VERTEX_POINT ( 'NONE', #1820 ) ;
#1471 = CARTESIAN_POINT ( 'NONE',  ( -13.50000000000000000, -16.50000000000000000, 8.407299999999999329 ) ) ;
#1472 = EDGE_CURVE ( 'NONE', #118, #490, #1427, .T. ) ;
#1473 = LINE ( 'NONE', #406, #1301 ) ;
#1474 = ADVANCED_FACE ( 'NONE', ( #1660, #532, #2516, #597, #1899, #2760, #838, #1691 ), #417, .T. ) ;
#1475 = DIRECTION ( 'NONE',  ( -1.000000000000000000, 0.000000000000000000, 0.000000000000000000 ) ) ;
#1476 = ORIENTED_EDGE ( 'NONE', *, *, #933, .F. ) ;
#1477 = AXIS2_PLACEMENT_3D ( 'NONE', #2583, #663, #1516 ) ;
#1478 = DIRECTION ( 'NONE',  ( 0.000000000000000000, 0.000000000000000000, 1.000000000000000000 ) ) ;
#1479 = DIRECTION ( 'NONE',  ( 0.000000000000000000, -1.000000000000000000, 0.000000000000000000 ) ) ;
#1480 = ORIENTED_EDGE ( 'NONE', *, *, #259, .T. ) ;
#1481 = FACE_OUTER_BOUND ( 'NONE', #1372, .T. ) ;
#1482 = ORIENTED_EDGE ( 'NONE', *, *, #2484, .T. ) ;
#1483 = VECTOR ( 'NONE', #2752, 1000.000000000000000 ) ;
#1484 = DIRECTION ( 'NONE',  ( 0.000000000000000000, 1.000000000000000000, 0.000000000000000000 ) ) ;
#1485 = CARTESIAN_POINT ( 'NONE',  ( -12.63760714847255962, -16.50000000000000000, 0.1779999999999999916 ) ) ;
#1486 = FACE_OUTER_BOUND ( 'NONE', #1819, .T. ) ;
#1487 = VECTOR ( 'NONE', #130, 1000.000000000000000 ) ;
#1488 = CYLINDRICAL_SURFACE ( 'NONE', #511, 0.03999999999999999389 ) ;
#1489 = CARTESIAN_POINT ( 'NONE',  ( 0.000000000000000000, 0.000000000000000000, 0.3992999999999999883 ) ) ;
#1490 = ADVANCED_FACE ( 'NONE', ( #697 ), #2161, .T. ) ;
#1491 = ADVANCED_FACE ( 'NONE', ( #668 ), #1129, .F. ) ;
#1492 = EDGE_LOOP ( 'NONE', ( #395, #2491 ) ) ;
#1493 = CYLINDRICAL_SURFACE ( 'NONE', #1505, 0.03999999999999999389 ) ;
#1494 = DIRECTION ( 'NONE',  ( 0.000000000000000000, 0.000000000000000000, 1.000000000000000000 ) ) ;
#1495 = VERTEX_POINT ( 'NONE', #1322 ) ;
#1496 = EDGE_LOOP ( 'NONE', ( #1325, #2178, #1027, #1283, #1407, #1384, #18, #1324 ) ) ;
#1497 = VECTOR ( 'NONE', #1977, 1000.000000000000000 ) ;
#1498 = CARTESIAN_POINT ( 'NONE',  ( 9.339845528054709689, -22.50000000000000000, 0.5773000000000000353 ) ) ;
#1499 = ORIENTED_EDGE ( 'NONE', *, *, #878, .F. ) ;
#1500 = PLANE ( 'NONE',  #1837 ) ;
#1501 = CYLINDRICAL_SURFACE ( 'NONE', #1095, 1.500000000000001332 ) ;
#1502 = CARTESIAN_POINT ( 'NONE',  ( 0.000000000000000000, 0.000000000000000000, 0.5773000000000000353 ) ) ;
#1503 = VECTOR ( 'NONE', #1173, 1000.000000000000000 ) ;
#1504 = DIRECTION ( 'NONE',  ( 0.000000000000000000, 0.000000000000000000, 1.000000000000000000 ) ) ;
#1505 = AXIS2_PLACEMENT_3D ( 'NONE', #2577, #656, #2354 ) ;
#1506 = CARTESIAN_POINT ( 'NONE',  ( -25.00000000000000000, 0.000000000000000000, 0.5773000000000000353 ) ) ;
#1507 = CARTESIAN_POINT ( 'NONE',  ( -26.50000000000000000, -23.50000000000000000, 8.407299999999999329 ) ) ;
#1508 = EDGE_CURVE ( 'NONE', #614, #999, #2146, .T. ) ;
#1509 = VECTOR ( 'NONE', #812, 1000.000000000000000 ) ;
#1510 = EDGE_CURVE ( 'NONE', #2522, #250, #2591, .T. ) ;
#1511 = AXIS2_PLACEMENT_3D ( 'NONE', #2215, #2037, #338 ) ;
#1512 = VECTOR ( 'NONE', #1258, 1000.000000000000000 ) ;
#1513 = ORIENTED_EDGE ( 'NONE', *, *, #1202, .F. ) ;
#1514 = VERTEX_POINT ( 'NONE', #657 ) ;
#1515 = ORIENTED_EDGE ( 'NONE', *, *, #1677, .F. ) ;
#1516 = DIRECTION ( 'NONE',  ( -0.6087614290087136615, 0.7933533402912406052, 0.000000000000000000 ) ) ;
#1517 = CARTESIAN_POINT ( 'NONE',  ( -26.50000000000000000, 23.50000000000000000, 8.407299999999999329 ) ) ;
#1518 = CARTESIAN_POINT ( 'NONE',  ( 0.4079999999999999738, 0.000000000000000000, 0.1779999999999999916 ) ) ;
#1519 = PLANE ( 'NONE',  #2067 ) ;
#1520 = VECTOR ( 'NONE', #1963, 1000.000000000000000 ) ;
#1521 = CARTESIAN_POINT ( 'NONE',  ( 26.50000000000000000, -23.50000000000000000, 8.407299999999999329 ) ) ;
#1522 = LINE ( 'NONE', #682, #1652 ) ;
#1523 = EDGE_CURVE ( 'NONE', #996, #2205, #218, .T. ) ;
#1524 = ORIENTED_EDGE ( 'NONE', *, *, #2695, .F. ) ;
#1525 =( NAMED_UNIT ( * ) SI_UNIT ( $, .STERADIAN. ) SOLID_ANGLE_UNIT ( ) );
#1526 = VECTOR ( 'NONE', #1401, 1000.000000000000000 ) ;
#1527 = EDGE_CURVE ( 'NONE', #490, #1514, #1522, .T. ) ;
#1528 = EDGE_CURVE ( 'NONE', #189, #358, #472, .T. ) ;
#1529 = AXIS2_PLACEMENT_3D ( 'NONE', #1277, #2360, #2153 ) ;
#1530 = ORIENTED_EDGE ( 'NONE', *, *, #137, .T. ) ;
#1531 = ORIENTED_EDGE ( 'NONE', *, *, #1715, .F. ) ;
#1532 = DIRECTION ( 'NONE',  ( 0.000000000000000000, 0.000000000000000000, 1.000000000000000000 ) ) ;
#1533 = CARTESIAN_POINT ( 'NONE',  ( 9.339845528054709689, -22.50000000000000000, 0.5100000000000000089 ) ) ;
#1534 = DIRECTION ( 'NONE',  ( 0.000000000000000000, 0.000000000000000000, 1.000000000000000000 ) ) ;
#1535 = CARTESIAN_POINT ( 'NONE',  ( 0.000000000000000000, 0.000000000000000000, 0.000000000000000000 ) ) ;
#1536 = DIRECTION ( 'NONE',  ( 0.000000000000000000, 0.000000000000000000, -1.000000000000000000 ) ) ;
#1537 = DIRECTION ( 'NONE',  ( 0.000000000000000000, 0.000000000000000000, -1.000000000000000000 ) ) ;
#1538 = ORIENTED_EDGE ( 'NONE', *, *, #820, .F. ) ;
#1539 = ORIENTED_EDGE ( 'NONE', *, *, #1734, .T. ) ;
#1540 = AXIS2_PLACEMENT_3D ( 'NONE', #25, #1534, #2388 ) ;
#1541 = ORIENTED_EDGE ( 'NONE', *, *, #2712, .F. ) ;
#1542 = ORIENTED_EDGE ( 'NONE', *, *, #546, .F. ) ;
#1543 = DIRECTION ( 'NONE',  ( -1.000000000000000000, 0.000000000000000000, 0.000000000000000000 ) ) ;
#1544 = DIRECTION ( 'NONE',  ( 1.000000000000000000, 0.000000000000000000, 0.000000000000000000 ) ) ;
#1545 = ADVANCED_FACE ( 'NONE', ( #1337 ), #2378, .T. ) ;
#1546 = EDGE_CURVE ( 'NONE', #2097, #1328, #2013, .T. ) ;
#1547 = PRESENTATION_STYLE_ASSIGNMENT (( #707 ) ) ;
#1548 = DIRECTION ( 'NONE',  ( 0.000000000000000000, 0.000000000000000000, 1.000000000000000000 ) ) ;
#1549 = DIRECTION ( 'NONE',  ( 0.000000000000000000, 0.000000000000000000, -1.000000000000000000 ) ) ;
#1550 = DIRECTION ( 'NONE',  ( -1.000000000000000000, 0.000000000000000000, 0.000000000000000000 ) ) ;
#1551 = CIRCLE ( 'NONE', #335, 0.04000000000001696643 ) ;
#1552 = ORIENTED_EDGE ( 'NONE', *, *, #1901, .T. ) ;
#1553 = ORIENTED_EDGE ( 'NONE', *, *, #56, .T. ) ;
#1554 = CIRCLE ( 'NONE', #1327, 0.04000000000001696643 ) ;
#1555 = EDGE_LOOP ( 'NONE', ( #1006, #2428, #235, #1902, #2246 ) ) ;
#1556 = VERTEX_POINT ( 'NONE', #2189 ) ;
#1557 = EDGE_LOOP ( 'NONE', ( #662, #2665, #631, #2266 ) ) ;
#1558 = DIRECTION ( 'NONE',  ( 0.000000000000000000, 0.000000000000000000, -1.000000000000000000 ) ) ;
#1559 = FACE_OUTER_BOUND ( 'NONE', #601, .T. ) ;
#1560 = ADVANCED_FACE ( 'NONE', ( #2173 ), #1943, .T. ) ;
#1561 = DIRECTION ( 'NONE',  ( -0.9914448613738104932, 0.1305261922200518787, 0.000000000000000000 ) ) ;
#1562 = PLANE ( 'NONE',  #502 ) ;
#1563 = FACE_OUTER_BOUND ( 'NONE', #289, .T. ) ;
#1564 = CARTESIAN_POINT ( 'NONE',  ( 15.00000000000000000, -4.985564890794989336E-14, 0.1779999999999999916 ) ) ;
#1565 = DIRECTION ( 'NONE',  ( 1.000000000000000000, 0.000000000000000000, 0.000000000000000000 ) ) ;
#1566 = VECTOR ( 'NONE', #643, 1000.000000000000000 ) ;
#1567 = VERTEX_POINT ( 'NONE', #1982 ) ;
#1568 = ORIENTED_EDGE ( 'NONE', *, *, #708, .T. ) ;
#1569 = VERTEX_POINT ( 'NONE', #13 ) ;
#1570 = FACE_OUTER_BOUND ( 'NONE', #86, .T. ) ;
#1571 = DIRECTION ( 'NONE',  ( 1.000000000000000000, 0.000000000000000000, 0.000000000000000000 ) ) ;
#1572 = VECTOR ( 'NONE', #1861, 1000.000000000000114 ) ;
#1573 = DIRECTION ( 'NONE',  ( 0.000000000000000000, 0.000000000000000000, 1.000000000000000000 ) ) ;
#1574 = FACE_OUTER_BOUND ( 'NONE', #2043, .T. ) ;
#1575 = CARTESIAN_POINT ( 'NONE',  ( -23.50000000000000000, 23.50000000000000000, 8.407299999999999329 ) ) ;
#1576 = LINE ( 'NONE', #1145, #255 ) ;
#1577 = EDGE_CURVE ( 'NONE', #316, #2496, #2366, .T. ) ;
#1578 = EDGE_CURVE ( 'NONE', #2663, #1495, #2408, .T. ) ;
#1579 = VECTOR ( 'NONE', #470, 1000.000000000000000 ) ;
#1580 = CARTESIAN_POINT ( 'NONE',  ( 25.00000000000000000, 3.000000000000000000, 0.1779999999999999916 ) ) ;
#1581 = ORIENTED_EDGE ( 'NONE', *, *, #638, .T. ) ;
#1582 = ORIENTED_EDGE ( 'NONE', *, *, #1287, .T. ) ;
#1583 = ORIENTED_EDGE ( 'NONE', *, *, #1815, .F. ) ;
#1584 = DIRECTION ( 'NONE',  ( 0.6087614290087136615, -0.7933533402912404942, 0.000000000000000000 ) ) ;
#1585 = LINE ( 'NONE', #2004, #2664 ) ;
#1586 = VECTOR ( 'NONE', #1867, 1000.000000000000000 ) ;
#1587 = DIRECTION ( 'NONE',  ( 1.000000000000000000, 0.000000000000000000, 0.000000000000000000 ) ) ;
#1588 = AXIS2_PLACEMENT_3D ( 'NONE', #932, #1992, #506 ) ;
#1589 = CARTESIAN_POINT ( 'NONE',  ( -23.00156939064320127, 19.50000000000000000, 0.5773000000000000353 ) ) ;
#1590 = CARTESIAN_POINT ( 'NONE',  ( -23.00156939064320127, -3.469446951953614978E-15, 0.5773000000000000353 ) ) ;
#1591 = LINE ( 'NONE', #120, #341 ) ;
#1592 = ADVANCED_FACE ( 'NONE', ( #1115 ), #273, .F. ) ;
#1593 = LINE ( 'NONE', #1580, #2534 ) ;
#1594 = ADVANCED_FACE ( 'NONE', ( #1706 ), #2561, .T. ) ;
#1595 = ORIENTED_EDGE ( 'NONE', *, *, #843, .F. ) ;
#1596 = ORIENTED_EDGE ( 'NONE', *, *, #2610, .F. ) ;
#1597 = DIRECTION ( 'NONE',  ( -0.9914448613738103822, -0.1305261922200520452, 0.000000000000000000 ) ) ;
#1598 = DIRECTION ( 'NONE',  ( 1.000000000000000000, 0.000000000000000000, 0.000000000000000000 ) ) ;
#1599 = AXIS2_PLACEMENT_3D ( 'NONE', #2274, #1609, #1665 ) ;
#1600 = CARTESIAN_POINT ( 'NONE',  ( -0.1870448186995375128, 0.4032867181900554598, 0.000000000000000000 ) ) ;
#1601 = PLANE ( 'NONE',  #1757 ) ;
#1602 = DIRECTION ( 'NONE',  ( 0.000000000000000000, 0.000000000000000000, 1.000000000000000000 ) ) ;
#1603 = DIRECTION ( 'NONE',  ( 0.000000000000000000, 0.000000000000000000, -1.000000000000000000 ) ) ;
#1604 = CARTESIAN_POINT ( 'NONE',  ( 0.2558841336116515208, 0.3638887313562139680, 0.3992999999999999883 ) ) ;
#1605 = ORIENTED_EDGE ( 'NONE', *, *, #739, .F. ) ;
#1606 = EDGE_CURVE ( 'NONE', #698, #542, #746, .T. ) ;
#1607 = ORIENTED_EDGE ( 'NONE', *, *, #1270, .F. ) ;
#1608 = DIRECTION ( 'NONE',  ( -1.000000000000000000, 0.000000000000000000, 0.000000000000000000 ) ) ;
#1609 = DIRECTION ( 'NONE',  ( 0.000000000000000000, 0.000000000000000000, 1.000000000000000000 ) ) ;
#1610 = EDGE_CURVE ( 'NONE', #1742, #2736, #567, .T. ) ;
#1611 = DIRECTION ( 'NONE',  ( 0.000000000000000000, 0.000000000000000000, -1.000000000000000000 ) ) ;
#1612 = CARTESIAN_POINT ( 'NONE',  ( -23.00156939064320127, -19.50000000000000000, 5.207300000000000040 ) ) ;
#1613 = VECTOR ( 'NONE', #2305, 1000.000000000000000 ) ;
#1614 = ORIENTED_EDGE ( 'NONE', *, *, #137, .F. ) ;
#1615 = CARTESIAN_POINT ( 'NONE',  ( -13.50000000000000000, 16.50000000000000000, 5.207300000000000040 ) ) ;
#1616 = DIRECTION ( 'NONE',  ( 0.000000000000000000, 0.000000000000000000, 1.000000000000000000 ) ) ;
#1617 = CARTESIAN_POINT ( 'NONE',  ( -9.339803143895171189, 22.50000000000000000, 0.5773000000000000353 ) ) ;
#1618 = VECTOR ( 'NONE', #998, 1000.000000000000000 ) ;
#1619 = EDGE_LOOP ( 'NONE', ( #349, #855, #570, #1893 ) ) ;
#1620 = ORIENTED_EDGE ( 'NONE', *, *, #482, .T. ) ;
#1621 = DIRECTION ( 'NONE',  ( 0.000000000000000000, 0.000000000000000000, -1.000000000000000000 ) ) ;
#1622 = EDGE_CURVE ( 'NONE', #1999, #1556, #527, .T. ) ;
#1623 = DIRECTION ( 'NONE',  ( 0.7933533402912318344, -0.6087614290087248747, 0.000000000000000000 ) ) ;
#1624 = EDGE_CURVE ( 'NONE', #31, #1411, #1365, .T. ) ;
#1625 = AXIS2_PLACEMENT_3D ( 'NONE', #1995, #2009, #2228 ) ;
#1626 = DIRECTION ( 'NONE',  ( 1.000000000000000000, 2.806452596695264948E-16, 0.000000000000000000 ) ) ;
#1627 = AXIS2_PLACEMENT_3D ( 'NONE', #1502, #2362, #1291 ) ;
#1628 = ORIENTED_EDGE ( 'NONE', *, *, #1953, .T. ) ;
#1629 = AXIS2_PLACEMENT_3D ( 'NONE', #1836, #2264, #1208 ) ;
#1630 = CARTESIAN_POINT ( 'NONE',  ( 25.00000000000000000, -22.50000000000000000, 0.3992999999999999883 ) ) ;
#1631 = DIRECTION ( 'NONE',  ( 1.000000000000000000, 0.000000000000000000, 0.000000000000000000 ) ) ;
#1632 = VERTEX_POINT ( 'NONE', #2423 ) ;
#1633 = CARTESIAN_POINT ( 'NONE',  ( -9.339803143895020199, -16.50000000000000000, 0.5773000000000000353 ) ) ;
#1634 = ORIENTED_EDGE ( 'NONE', *, *, #447, .F. ) ;
#1635 = VERTEX_POINT ( 'NONE', #735 ) ;
#1636 = DIRECTION ( 'NONE',  ( -0.000000000000000000, 1.000000000000000000, 0.000000000000000000 ) ) ;
#1637 = CIRCLE ( 'NONE', #2490, 1.500000000000001332 ) ;
#1639 = CYLINDRICAL_SURFACE ( 'NONE', #2112, 1.500000000000001332 ) ;
#1638 =( GEOMETRIC_REPRESENTATION_CONTEXT ( 3 ) GLOBAL_UNCERTAINTY_ASSIGNED_CONTEXT ( ( #1892 ) ) GLOBAL_UNIT_ASSIGNED_CONTEXT ( ( #1933, #659, #1525 ) ) REPRESENTATION_CONTEXT ( 'NONE', 'WORKASPACE' ) );
#1640 = CARTESIAN_POINT ( 'NONE',  ( -15.00000000000000000, 3.000000000000000000, 0.000000000000000000 ) ) ;
#1641 = ADVANCED_FACE ( 'NONE', ( #2672 ), #2459, .T. ) ;
#1642 = ORIENTED_EDGE ( 'NONE', *, *, #1864, .F. ) ;
#1643 = CARTESIAN_POINT ( 'NONE',  ( -20.00156939064320127, -3.285749932081509494E-15, 5.207300000000000040 ) ) ;
#1644 = CARTESIAN_POINT ( 'NONE',  ( 20.00156939064315154, -3.469446951953614978E-15, 5.207300000000000040 ) ) ;
#1645 = EDGE_LOOP ( 'NONE', ( #1227, #2608, #2744, #100 ) ) ;
#1646 = CARTESIAN_POINT ( 'NONE',  ( 16.50000000000000000, -13.50000000000000000, 8.407299999999999329 ) ) ;
#1647 = EDGE_LOOP ( 'NONE', ( #2729, #1075, #1422, #645 ) ) ;
#1648 = ORIENTED_EDGE ( 'NONE', *, *, #2317, .F. ) ;
#1649 = DIRECTION ( 'NONE',  ( 0.000000000000000000, -1.000000000000000000, 0.000000000000000000 ) ) ;
#1650 = VECTOR ( 'NONE', #176, 1000.000000000000000 ) ;
#1651 = DIRECTION ( 'NONE',  ( 0.000000000000000000, 0.000000000000000000, -1.000000000000000000 ) ) ;
#1652 = VECTOR ( 'NONE', #1309, 1000.000000000000114 ) ;
#1653 = CARTESIAN_POINT ( 'NONE',  ( 25.00000000000000000, 16.50000000000000000, 0.5773000000000000353 ) ) ;
#1654 = VERTEX_POINT ( 'NONE', #539 ) ;
#1655 = DIRECTION ( 'NONE',  ( 1.000000000000000000, 0.000000000000000000, 0.000000000000000000 ) ) ;
#1656 = PLANE ( 'NONE',  #210 ) ;
#1657 = AXIS2_PLACEMENT_3D ( 'NONE', #115, #2073, #997 ) ;
#1658 = ORIENTED_EDGE ( 'NONE', *, *, #308, .F. ) ;
#1659 = CARTESIAN_POINT ( 'NONE',  ( -25.00000000000000000, 16.50000000000000000, 0.000000000000000000 ) ) ;
#1660 = FACE_BOUND ( 'NONE', #2533, .T. ) ;
#1661 = EDGE_CURVE ( 'NONE', #1149, #1718, #510, .T. ) ;
#1662 = EDGE_CURVE ( 'NONE', #2526, #1215, #1591, .T. ) ;
#1663 = ORIENTED_EDGE ( 'NONE', *, *, #2204, .T. ) ;
#1664 = ORIENTED_EDGE ( 'NONE', *, *, #2199, .F. ) ;
#1665 = DIRECTION ( 'NONE',  ( 1.000000000000000000, 0.000000000000000000, 0.000000000000000000 ) ) ;
#1666 = LINE ( 'NONE', #347, #1125 ) ;
#1667 = FACE_OUTER_BOUND ( 'NONE', #1767, .T. ) ;
#1668 = ORIENTED_EDGE ( 'NONE', *, *, #739, .T. ) ;
#1669 = DIRECTION ( 'NONE',  ( 0.000000000000000000, 0.000000000000000000, -1.000000000000000000 ) ) ;
#1670 = PLANE ( 'NONE',  #82 ) ;
#1671 = VECTOR ( 'NONE', #67, 1000.000000000000000 ) ;
#1672 = VERTEX_POINT ( 'NONE', #1773 ) ;
#1673 = DIRECTION ( 'NONE',  ( 1.000000000000000000, 0.000000000000000000, 0.000000000000000000 ) ) ;
#1674 = FACE_BOUND ( 'NONE', #1297, .T. ) ;
#1675 = VECTOR ( 'NONE', #6, 1000.000000000000000 ) ;
#1676 = ORIENTED_EDGE ( 'NONE', *, *, #1318, .F. ) ;
#1677 = EDGE_CURVE ( 'NONE', #1635, #1235, #1576, .T. ) ;
#1678 = EDGE_CURVE ( 'NONE', #1065, #2177, #1863, .T. ) ;
#1679 = ORIENTED_EDGE ( 'NONE', *, *, #2382, .T. ) ;
#1680 = CARTESIAN_POINT ( 'NONE',  ( -23.00156939064320127, -3.469446951953614978E-15, 5.207300000000000040 ) ) ;
#1681 = LINE ( 'NONE', #5, #2603 ) ;
#1682 = PLANE ( 'NONE',  #152 ) ;
#1683 = AXIS2_PLACEMENT_3D ( 'NONE', #369, #1018, #2053 ) ;
#1684 = EDGE_LOOP ( 'NONE', ( #1021, #2329, #2717, #1339, #110 ) ) ;
#1685 = CARTESIAN_POINT ( 'NONE',  ( -25.00000000000000000, 3.000000000000000000, 0.000000000000000000 ) ) ;
#1686 = CARTESIAN_POINT ( 'NONE',  ( -21.50156939064320127, -3.469446951953614978E-15, 5.207300000000000040 ) ) ;
#1687 = CIRCLE ( 'NONE', #1104, 3.000000000000000888 ) ;
#1688 = VECTOR ( 'NONE', #2565, 1000.000000000000000 ) ;
#1689 = VERTEX_POINT ( 'NONE', #1828 ) ;
#1690 = FACE_OUTER_BOUND ( 'NONE', #1684, .T. ) ;
#1691 = FACE_OUTER_BOUND ( 'NONE', #1722, .T. ) ;
#1692 = ORIENTED_EDGE ( 'NONE', *, *, #933, .T. ) ;
#1693 = ORIENTED_EDGE ( 'NONE', *, *, #1986, .T. ) ;
#1694 = DIRECTION ( 'NONE',  ( 0.000000000000000000, 0.000000000000000000, 1.000000000000000000 ) ) ;
#1695 = EDGE_CURVE ( 'NONE', #134, #1470, #2010, .T. ) ;
#1696 = CARTESIAN_POINT ( 'NONE',  ( -21.50156939064320127, -19.50000000000000000, 5.207300000000000040 ) ) ;
#1697 = CARTESIAN_POINT ( 'NONE',  ( 25.00000000000000000, -3.000000000000000000, 0.5773000000000000353 ) ) ;
#1698 = EDGE_CURVE ( 'NONE', #1495, #2057, #2633, .T. ) ;
#1699 = EDGE_CURVE ( 'NONE', #2663, #809, #437, .T. ) ;
#1700 = EDGE_LOOP ( 'NONE', ( #616, #2368 ) ) ;
#1701 = AXIS2_PLACEMENT_3D ( 'NONE', #866, #1737, #852 ) ;
#1702 = DIRECTION ( 'NONE',  ( 0.000000000000000000, 0.000000000000000000, -1.000000000000000000 ) ) ;
#1703 = PLANE ( 'NONE',  #2564 ) ;
#1704 = ORIENTED_EDGE ( 'NONE', *, *, #618, .F. ) ;
#1705 = DIRECTION ( 'NONE',  ( 0.000000000000000000, 0.000000000000000000, -1.000000000000000000 ) ) ;
#1706 = FACE_OUTER_BOUND ( 'NONE', #655, .T. ) ;
#1707 = ORIENTED_EDGE ( 'NONE', *, *, #2367, .F. ) ;
#1708 = VECTOR ( 'NONE', #2494, 1000.000000000000000 ) ;
#1709 = ORIENTED_EDGE ( 'NONE', *, *, #860, .T. ) ;
#1710 = CARTESIAN_POINT ( 'NONE',  ( 0.01465778537412321808, -0.01124731430156799931, 0.1779999999999999916 ) ) ;
#1711 = ORIENTED_EDGE ( 'NONE', *, *, #1198, .T. ) ;
#1712 = DIRECTION ( 'NONE',  ( 1.000000000000000000, 0.000000000000000000, 0.000000000000000000 ) ) ;
#1713 = CARTESIAN_POINT ( 'NONE',  ( 21.50156939064314798, 19.50000000000000000, 5.207300000000000040 ) ) ;
#1714 = EDGE_CURVE ( 'NONE', #1984, #1805, #951, .T. ) ;
#1715 = EDGE_CURVE ( 'NONE', #1079, #896, #961, .T. ) ;
#1716 = FACE_OUTER_BOUND ( 'NONE', #364, .T. ) ;
#1717 = DIRECTION ( 'NONE',  ( 0.000000000000000000, 0.000000000000000000, -1.000000000000000000 ) ) ;
#1718 = VERTEX_POINT ( 'NONE', #1197 ) ;
#1719 = DIRECTION ( 'NONE',  ( 1.000000000000000000, 0.000000000000000000, 0.000000000000000000 ) ) ;
#1720 = DIRECTION ( 'NONE',  ( -1.000000000000000000, 0.000000000000000000, 0.000000000000000000 ) ) ;
#1721 = VECTOR ( 'NONE', #1839, 1000.000000000000000 ) ;
#1722 = EDGE_LOOP ( 'NONE', ( #1343, #99, #1513, #556, #2129, #1469, #2613, #2763 ) ) ;
#1723 = CIRCLE ( 'NONE', #2707, 1.500000000000001332 ) ;
#1724 = EDGE_LOOP ( 'NONE', ( #2441, #1515, #1461, #2119 ) ) ;
#1725 = AXIS2_PLACEMENT_3D ( 'NONE', #1795, #919, #718 ) ;
#1726 = DIRECTION ( 'NONE',  ( 0.000000000000000000, 0.000000000000000000, -1.000000000000000000 ) ) ;
#1727 = ORIENTED_EDGE ( 'NONE', *, *, #243, .F. ) ;
#1728 = ORIENTED_EDGE ( 'NONE', *, *, #1508, .F. ) ;
#1729 = PLANE ( 'NONE',  #1477 ) ;
#1730 = DIRECTION ( 'NONE',  ( 1.000000000000000000, 0.000000000000000000, 0.000000000000000000 ) ) ;
#1731 = CARTESIAN_POINT ( 'NONE',  ( -0.1870448186995435080, -0.4032867181900529618, 0.1779999999999999916 ) ) ;
#1732 = AXIS2_PLACEMENT_3D ( 'NONE', #2718, #1467, #1673 ) ;
#1733 = LINE ( 'NONE', #26, #2255 ) ;
#1734 = EDGE_CURVE ( 'NONE', #4, #2478, #2364, .T. ) ;
#1735 = AXIS2_PLACEMENT_3D ( 'NONE', #819, #1870, #2489 ) ;
#1736 = DIRECTION ( 'NONE',  ( 0.000000000000000000, 0.000000000000000000, -1.000000000000000000 ) ) ;
#1737 = DIRECTION ( 'NONE',  ( 0.000000000000000000, 0.000000000000000000, 1.000000000000000000 ) ) ;
#1738 = AXIS2_PLACEMENT_3D ( 'NONE', #346, #1205, #1457 ) ;
#1739 = ORIENTED_EDGE ( 'NONE', *, *, #2038, .T. ) ;
#1740 = DIRECTION ( 'NONE',  ( 0.000000000000000000, 0.000000000000000000, 1.000000000000000000 ) ) ;
#1741 = VERTEX_POINT ( 'NONE', #497 ) ;
#1742 = VERTEX_POINT ( 'NONE', #300 ) ;
#1743 = DIRECTION ( 'NONE',  ( 0.000000000000000000, 1.000000000000000000, 0.000000000000000000 ) ) ;
#1744 = CYLINDRICAL_SURFACE ( 'NONE', #425, 1.500000000000001332 ) ;
#1745 = DIRECTION ( 'NONE',  ( 1.000000000000000000, 0.000000000000000000, 0.000000000000000000 ) ) ;
#1746 = CARTESIAN_POINT ( 'NONE',  ( -25.00000000000000000, 16.50000000000000000, 0.5773000000000000353 ) ) ;
#1747 = DIRECTION ( 'NONE',  ( 1.000000000000000000, 0.000000000000000000, 0.000000000000000000 ) ) ;
#1748 = CARTESIAN_POINT ( 'NONE',  ( 0.002411567222444200090, 0.01831767164799464817, 0.000000000000000000 ) ) ;
#1749 = EDGE_CURVE ( 'NONE', #1456, #1260, #2435, .T. ) ;
#1750 = ORIENTED_EDGE ( 'NONE', *, *, #803, .T. ) ;
#1751 = EDGE_CURVE ( 'NONE', #1514, #1441, #1802, .T. ) ;
#1752 = VERTEX_POINT ( 'NONE', #2025 ) ;
#1753 = VERTEX_POINT ( 'NONE', #1812 ) ;
#1754 = ORIENTED_EDGE ( 'NONE', *, *, #2609, .T. ) ;
#1755 = CARTESIAN_POINT ( 'NONE',  ( -25.00000000000000000, 0.000000000000000000, 0.000000000000000000 ) ) ;
#1756 = DIRECTION ( 'NONE',  ( -1.000000000000000000, 0.000000000000000000, 0.000000000000000000 ) ) ;
#1757 = AXIS2_PLACEMENT_3D ( 'NONE', #1180, #2433, #1390 ) ;
#1758 = DIRECTION ( 'NONE',  ( 0.000000000000000000, 0.000000000000000000, -1.000000000000000000 ) ) ;
#1759 = DIRECTION ( 'NONE',  ( 1.000000000000000000, 0.000000000000000000, 0.000000000000000000 ) ) ;
#1760 = DIRECTION ( 'NONE',  ( 0.000000000000000000, 0.000000000000000000, -1.000000000000000000 ) ) ;
#1761 = VERTEX_POINT ( 'NONE', #1393 ) ;
#1762 = VECTOR ( 'NONE', #2095, 1000.000000000000000 ) ;
#1763 = ORIENTED_EDGE ( 'NONE', *, *, #2250, .F. ) ;
#1764 = ADVANCED_FACE ( 'NONE', ( #326 ), #1185, .F. ) ;
#1765 = ORIENTED_EDGE ( 'NONE', *, *, #844, .F. ) ;
#1766 = EDGE_LOOP ( 'NONE', ( #516, #371, #915, #2089 ) ) ;
#1767 = EDGE_LOOP ( 'NONE', ( #2254, #418, #815, #2689, #1329, #811 ) ) ;
#1768 = PLANE ( 'NONE',  #2550 ) ;
#1769 = CARTESIAN_POINT ( 'NONE',  ( -9.339803143895171189, 22.50000000000000000, 0.5773000000000000353 ) ) ;
#1770 = SURFACE_SIDE_STYLE ('',( #1993 ) ) ;
#1771 = CARTESIAN_POINT ( 'NONE',  ( -0.2240000000000104963, -0.3879793808954425383, 0.000000000000000000 ) ) ;
#1772 = CARTESIAN_POINT ( 'NONE',  ( -15.00000000000000000, 3.000000000000000000, 0.000000000000000000 ) ) ;
#1773 = CARTESIAN_POINT ( 'NONE',  ( 0.2558841336116460252, -0.3638887313562174652, 0.5773000000000000353 ) ) ;
#1774 = AXIS2_PLACEMENT_3D ( 'NONE', #1955, #1100, #880 ) ;
#1775 = CARTESIAN_POINT ( 'NONE',  ( 16.50000000000000000, -13.50000000000000000, 5.207300000000000040 ) ) ;
#1776 = ORIENTED_EDGE ( 'NONE', *, *, #2606, .F. ) ;
#1777 = CIRCLE ( 'NONE', #2143, 1.500000000000001332 ) ;
#1778 = EDGE_LOOP ( 'NONE', ( #2101, #1878, #276, #2719, #1568, #2638, #2134, #1754 ) ) ;
#1779 = ORIENTED_EDGE ( 'NONE', *, *, #2677, .T. ) ;
#1780 = CARTESIAN_POINT ( 'NONE',  ( 0.000000000000000000, -16.50000000000000000, 0.3992999999999999883 ) ) ;
#1781 = CARTESIAN_POINT ( 'NONE',  ( -23.50000000000000000, -26.50000000000000000, 8.407299999999999329 ) ) ;
#1782 = EDGE_CURVE ( 'NONE', #809, #1689, #2538, .T. ) ;
#1783 = LINE ( 'NONE', #2417, #2559 ) ;
#1784 = EDGE_CURVE ( 'NONE', #2750, #822, #1225, .T. ) ;
#1785 = PLANE ( 'NONE',  #1220 ) ;
#1786 = PLANE ( 'NONE',  #1625 ) ;
#1787 = DIRECTION ( 'NONE',  ( 0.000000000000000000, 0.000000000000000000, 1.000000000000000000 ) ) ;
#1788 = AXIS2_PLACEMENT_3D ( 'NONE', #1315, #1806, #305 ) ;
#1789 = AXIS2_PLACEMENT_3D ( 'NONE', #1889, #1740, #636 ) ;
#1790 = CYLINDRICAL_SURFACE ( 'NONE', #2315, 0.03999999999999999389 ) ;
#1791 = ORIENTED_EDGE ( 'NONE', *, *, #1369, .T. ) ;
#1792 = ORIENTED_EDGE ( 'NONE', *, *, #1335, .F. ) ;
#1793 = EDGE_LOOP ( 'NONE', ( #501, #2176, #463, #2049, #1425, #1107 ) ) ;
#1794 = LINE ( 'NONE', #2238, #93 ) ;
#1795 = CARTESIAN_POINT ( 'NONE',  ( 21.50156939064314798, 19.50000000000000000, 0.5773000000000000353 ) ) ;
#1796 = VECTOR ( 'NONE', #1651, 1000.000000000000000 ) ;
#1797 = PLANE ( 'NONE',  #1078 ) ;
#1798 = DIRECTION ( 'NONE',  ( 0.000000000000000000, 0.000000000000000000, 1.000000000000000000 ) ) ;
#1799 = EDGE_CURVE ( 'NONE', #2750, #2081, #173, .T. ) ;
#1800 = EDGE_CURVE ( 'NONE', #2692, #2220, #397, .T. ) ;
#1801 = DIRECTION ( 'NONE',  ( 8.868038920267790300E-16, -1.000000000000000000, 0.000000000000000000 ) ) ;
#1802 = LINE ( 'NONE', #2242, #615 ) ;
#1803 = DIRECTION ( 'NONE',  ( 0.000000000000000000, 0.000000000000000000, -1.000000000000000000 ) ) ;
#1804 = VERTEX_POINT ( 'NONE', #774 ) ;
#1805 = VERTEX_POINT ( 'NONE', #2080 ) ;
#1806 = DIRECTION ( 'NONE',  ( 0.9238795325112898471, -0.3826834323650825098, 0.000000000000000000 ) ) ;
#1807 = DIRECTION ( 'NONE',  ( 0.000000000000000000, 0.000000000000000000, 1.000000000000000000 ) ) ;
#1808 =( NAMED_UNIT ( * ) PLANE_ANGLE_UNIT ( ) SI_UNIT ( $, .RADIAN. ) );
#1809 = CIRCLE ( 'NONE', #1629, 3.000000000000000888 ) ;
#1810 = DIRECTION ( 'NONE',  ( 1.000000000000000000, 0.000000000000000000, 0.000000000000000000 ) ) ;
#1811 = CARTESIAN_POINT ( 'NONE',  ( 26.50000000000000000, -23.50000000000000000, 5.207300000000000040 ) ) ;
#1812 = CARTESIAN_POINT ( 'NONE',  ( 26.50000000000000000, 23.50000000000000000, 8.407299999999999329 ) ) ;
#1813 = ADVANCED_FACE ( 'NONE', ( #790, #594 ), #2743, .T. ) ;
#1814 = CARTESIAN_POINT ( 'NONE',  ( 20.00156939064315154, 19.50000000000000000, 5.207300000000000040 ) ) ;
#1815 = EDGE_CURVE ( 'NONE', #2285, #2623, #367, .T. ) ;
#1816 = ADVANCED_FACE ( 'NONE', ( #2338 ), #2096, .T. ) ;
#1817 = VECTOR ( 'NONE', #2217, 1000.000000000000000 ) ;
#1818 = ORIENTED_EDGE ( 'NONE', *, *, #2421, .F. ) ;
#1819 = EDGE_LOOP ( 'NONE', ( #1303, #1552, #1668, #772 ) ) ;
#1820 = CARTESIAN_POINT ( 'NONE',  ( -25.00000000000000000, -16.50000000000000000, 0.000000000000000000 ) ) ;
#1821 = AXIS2_PLACEMENT_3D ( 'NONE', #84, #1616, #2646 ) ;
#1822 = DIRECTION ( 'NONE',  ( 1.000000000000000000, 2.215461512955700033E-16, 0.000000000000000000 ) ) ;
#1823 = VECTOR ( 'NONE', #2262, 1000.000000000000000 ) ;
#1824 = DIRECTION ( 'NONE',  ( 0.000000000000000000, 1.000000000000000000, 0.000000000000000000 ) ) ;
#1825 = CARTESIAN_POINT ( 'NONE',  ( 0.002411567222444200090, 0.01831767164799464817, 0.1779999999999999916 ) ) ;
#1826 = VERTEX_POINT ( 'NONE', #157 ) ;
#1827 = DIRECTION ( 'NONE',  ( 0.000000000000000000, 0.000000000000000000, -1.000000000000000000 ) ) ;
#1828 = CARTESIAN_POINT ( 'NONE',  ( -0.4430789523111980377, 0.03965779445495244693, 0.3992999999999999883 ) ) ;
#1829 = CARTESIAN_POINT ( 'NONE',  ( 26.50000000000000000, -23.50000000000000000, 5.207300000000000040 ) ) ;
#1830 = EDGE_LOOP ( 'NONE', ( #264, #780, #126, #293 ) ) ;
#1831 = ADVANCED_FACE ( 'NONE', ( #1868 ), #1450, .T. ) ;
#1832 = ADVANCED_FACE ( 'NONE', ( #2545 ), #1670, .T. ) ;
#1833 = ORIENTED_EDGE ( 'NONE', *, *, #2322, .T. ) ;
#1834 = CARTESIAN_POINT ( 'NONE',  ( 25.00000000000000000, 16.50000000000000000, 0.000000000000000000 ) ) ;
#1835 = CARTESIAN_POINT ( 'NONE',  ( -23.50000000000000000, 26.50000000000000000, 8.407299999999999329 ) ) ;
#1836 = CARTESIAN_POINT ( 'NONE',  ( -13.50000000000000000, 13.50000000000000000, 8.407299999999999329 ) ) ;
#1837 = AXIS2_PLACEMENT_3D ( 'NONE', #195, #830, #1743 ) ;
#1838 = ORIENTED_EDGE ( 'NONE', *, *, #1864, .T. ) ;
#1839 = DIRECTION ( 'NONE',  ( 0.000000000000000000, 0.000000000000000000, -1.000000000000000000 ) ) ;
#1840 = CARTESIAN_POINT ( 'NONE',  ( 21.50156939064314798, -19.50000000000000000, 5.207300000000000040 ) ) ;
#1841 = VERTEX_POINT ( 'NONE', #802 ) ;
#1842 = DIRECTION ( 'NONE',  ( 0.000000000000000000, 0.000000000000000000, 1.000000000000000000 ) ) ;
#1843 = VECTOR ( 'NONE', #244, 999.9999999999998863 ) ;
#1844 = VERTEX_POINT ( 'NONE', #1420 ) ;
#1845 = ORIENTED_EDGE ( 'NONE', *, *, #844, .T. ) ;
#1846 = LINE ( 'NONE', #1859, #342 ) ;
#1847 = ADVANCED_FACE ( 'NONE', ( #133 ), #1656, .F. ) ;
#1848 = ORIENTED_EDGE ( 'NONE', *, *, #243, .T. ) ;
#1849 = CARTESIAN_POINT ( 'NONE',  ( 25.00000000000000000, 0.000000000000000000, 0.5773000000000000353 ) ) ;
#1850 = DIRECTION ( 'NONE',  ( -0.000000000000000000, 1.000000000000000000, 0.000000000000000000 ) ) ;
#1851 = ORIENTED_EDGE ( 'NONE', *, *, #737, .T. ) ;
#1852 = VECTOR ( 'NONE', #63, 1000.000000000000000 ) ;
#1853 = DIRECTION ( 'NONE',  ( -1.661854963598335051E-15, -1.000000000000000000, 0.000000000000000000 ) ) ;
#1854 = LINE ( 'NONE', #2294, #1284 ) ;
#1855 = ORIENTED_EDGE ( 'NONE', *, *, #2369, .F. ) ;
#1856 = DIRECTION ( 'NONE',  ( 0.000000000000000000, 0.000000000000000000, 1.000000000000000000 ) ) ;
#1857 = ORIENTED_EDGE ( 'NONE', *, *, #2606, .T. ) ;
#1858 = ORIENTED_EDGE ( 'NONE', *, *, #170, .T. ) ;
#1859 = CARTESIAN_POINT ( 'NONE',  ( -15.00000000000000000, 0.000000000000000000, 0.3992999999999999883 ) ) ;
#1860 = ORIENTED_EDGE ( 'NONE', *, *, #1216, .F. ) ;
#1861 = DIRECTION ( 'NONE',  ( -0.3826834323651163161, 0.9238795325112756363, 0.000000000000000000 ) ) ;
#1862 = CARTESIAN_POINT ( 'NONE',  ( -23.50000000000000000, -23.50000000000000000, 8.407299999999999329 ) ) ;
#1863 = CIRCLE ( 'NONE', #1511, 1.500000000000001332 ) ;
#1864 = EDGE_CURVE ( 'NONE', #2749, #2028, #1687, .T. ) ;
#1865 = EDGE_CURVE ( 'NONE', #1022, #993, #1777, .T. ) ;
#1866 = ORIENTED_EDGE ( 'NONE', *, *, #1181, .F. ) ;
#1867 = DIRECTION ( 'NONE',  ( 1.000000000000000000, 0.000000000000000000, 0.000000000000000000 ) ) ;
#1868 = FACE_OUTER_BOUND ( 'NONE', #2768, .T. ) ;
#1869 = EDGE_LOOP ( 'NONE', ( #2414, #171, #357, #2118 ) ) ;
#1870 = DIRECTION ( 'NONE',  ( 0.000000000000000000, 0.000000000000000000, 1.000000000000000000 ) ) ;
#1871 = PLANE ( 'NONE',  #984 ) ;
#1872 = ORIENTED_EDGE ( 'NONE', *, *, #2282, .F. ) ;
#1873 = ORIENTED_EDGE ( 'NONE', *, *, #2574, .F. ) ;
#1874 = DIRECTION ( 'NONE',  ( -0.6087614290087078883, 0.7933533402912449350, 0.000000000000000000 ) ) ;
#1875 = VECTOR ( 'NONE', #1597, 1000.000000000000000 ) ;
#1876 = PLANE ( 'NONE',  #857 ) ;
#1877 = CARTESIAN_POINT ( 'NONE',  ( -25.00000000000000000, -3.000000000000000000, 0.5773000000000000353 ) ) ;
#1878 = ORIENTED_EDGE ( 'NONE', *, *, #534, .T. ) ;
#1879 = CARTESIAN_POINT ( 'NONE',  ( 9.339845528054709689, -16.50000000000000000, 0.000000000000000000 ) ) ;
#1880 = DIRECTION ( 'NONE',  ( 0.000000000000000000, 0.000000000000000000, 1.000000000000000000 ) ) ;
#1881 = VECTOR ( 'NONE', #2332, 1000.000000000000000 ) ;
#1882 = EDGE_CURVE ( 'NONE', #941, #2503, #2716, .T. ) ;
#1883 = EDGE_CURVE ( 'NONE', #118, #368, #2064, .T. ) ;
#1884 = ORIENTED_EDGE ( 'NONE', *, *, #1661, .F. ) ;
#1885 = CARTESIAN_POINT ( 'NONE',  ( 21.50156939064314798, -3.469446951953614978E-15, 0.5773000000000000353 ) ) ;
#1886 = DIRECTION ( 'NONE',  ( -1.000000000000000000, 0.000000000000000000, 0.000000000000000000 ) ) ;
#1887 = VERTEX_POINT ( 'NONE', #1001 ) ;
#1888 = ORIENTED_EDGE ( 'NONE', *, *, #2250, .T. ) ;
#1889 = CARTESIAN_POINT ( 'NONE',  ( 0.000000000000000000, 0.000000000000000000, 0.000000000000000000 ) ) ;
#1890 = CARTESIAN_POINT ( 'NONE',  ( -21.50156939064320127, -3.469446951953614978E-15, 5.207300000000000040 ) ) ;
#1891 = CARTESIAN_POINT ( 'NONE',  ( 9.339845528054580015, 22.50000000000000000, 0.5100000000000000089 ) ) ;
#1892 = UNCERTAINTY_MEASURE_WITH_UNIT (LENGTH_MEASURE( 1.000000000000000082E-05 ), #1933, 'distance_accuracy_value', 'NONE');
#1893 = ORIENTED_EDGE ( 'NONE', *, *, #1815, .T. ) ;
#1894 = VECTOR ( 'NONE', #1702, 1000.000000000000000 ) ;
#1895 = LINE ( 'NONE', #1630, #1762 ) ;
#1896 = DIRECTION ( 'NONE',  ( 0.000000000000000000, 0.000000000000000000, -1.000000000000000000 ) ) ;
#1897 = DIRECTION ( 'NONE',  ( 0.1305261922200518787, 0.9914448613738104932, 0.000000000000000000 ) ) ;
#1898 = EDGE_CURVE ( 'NONE', #2623, #134, #1854, .T. ) ;
#1899 = FACE_BOUND ( 'NONE', #87, .T. ) ;
#1900 = ORIENTED_EDGE ( 'NONE', *, *, #820, .T. ) ;
#1901 = EDGE_CURVE ( 'NONE', #2135, #1328, #1112, .T. ) ;
#1902 = ORIENTED_EDGE ( 'NONE', *, *, #188, .F. ) ;
#1903 = EDGE_CURVE ( 'NONE', #2624, #703, #877, .T. ) ;
#1904 = DIRECTION ( 'NONE',  ( -1.000000000000000000, 0.000000000000000000, 0.000000000000000000 ) ) ;
#1905 = ORIENTED_EDGE ( 'NONE', *, *, #2005, .F. ) ;
#1906 = CARTESIAN_POINT ( 'NONE',  ( 0.4427789523112130032, -0.03965779445496930150, 0.1779999999999999916 ) ) ;
#1907 = LINE ( 'NONE', #1697, #1675 ) ;
#1908 = VECTOR ( 'NONE', #1295, 1000.000000000000000 ) ;
#1909 = EDGE_LOOP ( 'NONE', ( #1860, #2035, #88, #1900, #2563, #779, #1195, #2077, #1247 ) ) ;
#1910 = CARTESIAN_POINT ( 'NONE',  ( 21.50156939064314798, -19.50000000000000000, 0.5773000000000000353 ) ) ;
#1911 = CARTESIAN_POINT ( 'NONE',  ( -20.00156939064320127, 19.50000000000000000, 5.207300000000000040 ) ) ;
#1912 = VECTOR ( 'NONE', #2658, 1000.000000000000000 ) ;
#1913 = AXIS2_PLACEMENT_3D ( 'NONE', #2751, #633, #1904 ) ;
#1914 = CARTESIAN_POINT ( 'NONE',  ( 0.000000000000000000, -16.50000000000000000, 0.3992999999999999883 ) ) ;
#1915 = CARTESIAN_POINT ( 'NONE',  ( 25.00000000000000000, 3.000000000000000000, 0.5773000000000000353 ) ) ;
#1916 = ORIENTED_EDGE ( 'NONE', *, *, #1048, .F. ) ;
#1917 = ORIENTED_EDGE ( 'NONE', *, *, #1133, .T. ) ;
#1918 = CARTESIAN_POINT ( 'NONE',  ( -25.00000000000000000, 0.000000000000000000, 0.000000000000000000 ) ) ;
#1919 = ADVANCED_FACE ( 'NONE', ( #1951 ), #1292, .T. ) ;
#1920 = ADVANCED_FACE ( 'NONE', ( #1269 ), #427, .F. ) ;
#1921 = VERTEX_POINT ( 'NONE', #36 ) ;
#1922 = DIRECTION ( 'NONE',  ( 0.000000000000000000, 0.000000000000000000, 1.000000000000000000 ) ) ;
#1923 = PLANE ( 'NONE',  #1988 ) ;
#1924 = AXIS2_PLACEMENT_3D ( 'NONE', #261, #1537, #1296 ) ;
#1925 = LINE ( 'NONE', #1685, #329 ) ;
#1926 = CARTESIAN_POINT ( 'NONE',  ( 0.002411567222444200090, 0.01831767164799464817, 0.1779999999999999916 ) ) ;
#1927 = ORIENTED_EDGE ( 'NONE', *, *, #2483, .F. ) ;
#1928 = CYLINDRICAL_SURFACE ( 'NONE', #2219, 1.500000000000001332 ) ;
#1929 = DIRECTION ( 'NONE',  ( 0.000000000000000000, 0.000000000000000000, -1.000000000000000000 ) ) ;
#1930 = ORIENTED_EDGE ( 'NONE', *, *, #393, .T. ) ;
#1931 = AXIS2_PLACEMENT_3D ( 'NONE', #494, #1347, #1332 ) ;
#1932 = CARTESIAN_POINT ( 'NONE',  ( -26.50000000000000000, -23.50000000000000000, 8.407299999999999329 ) ) ;
#1933 =( LENGTH_UNIT ( ) NAMED_UNIT ( * ) SI_UNIT ( .MILLI., .METRE. ) );
#1934 = APPLICATION_CONTEXT ( 'automotive_design' ) ;
#1935 = ORIENTED_EDGE ( 'NONE', *, *, #1148, .T. ) ;
#1936 = CARTESIAN_POINT ( 'NONE',  ( -26.50000000000000000, 23.50000000000000000, 8.407299999999999329 ) ) ;
#1937 = EDGE_CURVE ( 'NONE', #1635, #358, #2157, .T. ) ;
#1938 = FACE_OUTER_BOUND ( 'NONE', #1050, .T. ) ;
#1939 = VECTOR ( 'NONE', #2457, 1000.000000000000000 ) ;
#1940 = CARTESIAN_POINT ( 'NONE',  ( -0.4082999999999999963, 0.000000000000000000, 0.3992999999999999883 ) ) ;
#1941 = CARTESIAN_POINT ( 'NONE',  ( 9.339845528054580015, 22.50000000000000000, 0.000000000000000000 ) ) ;
#1942 = CARTESIAN_POINT ( 'NONE',  ( 9.339845528054580015, 22.50000000000000000, 0.3992999999999999883 ) ) ;
#1943 = CYLINDRICAL_SURFACE ( 'NONE', #493, 1.500000000000001332 ) ;
#1944 = VECTOR ( 'NONE', #119, 1000.000000000000000 ) ;
#1945 = VERTEX_POINT ( 'NONE', #1941 ) ;
#1946 = VECTOR ( 'NONE', #1152, 1000.000000000000000 ) ;
#1947 = ORIENTED_EDGE ( 'NONE', *, *, #638, .F. ) ;
#1948 = CARTESIAN_POINT ( 'NONE',  ( -21.50156939064320127, -19.50000000000000000, 0.5773000000000000353 ) ) ;
#1949 = DIRECTION ( 'NONE',  ( 1.000000000000000000, 2.215461512955714824E-16, 0.000000000000000000 ) ) ;
#1950 = DIRECTION ( 'NONE',  ( -1.000000000000000000, 0.000000000000000000, 0.000000000000000000 ) ) ;
#1951 = FACE_OUTER_BOUND ( 'NONE', #1869, .T. ) ;
#1952 = EDGE_CURVE ( 'NONE', #2678, #2299, #1733, .T. ) ;
#1953 = EDGE_CURVE ( 'NONE', #788, #996, #2127, .T. ) ;
#1954 = AXIS2_PLACEMENT_3D ( 'NONE', #2498, #2487, #817 ) ;
#1955 = CARTESIAN_POINT ( 'NONE',  ( 5.204170427930419706E-15, -16.50000000000000000, 0.1779999999999999916 ) ) ;
#1956 = CARTESIAN_POINT ( 'NONE',  ( -15.00000000000000000, -1.956112807565720368, 0.3992999999999999883 ) ) ;
#1957 = AXIS2_PLACEMENT_3D ( 'NONE', #781, #1636, #373 ) ;
#1958 = ORIENTED_EDGE ( 'NONE', *, *, #2039, .T. ) ;
#1959 = ORIENTED_EDGE ( 'NONE', *, *, #2674, .T. ) ;
#1960 = EDGE_LOOP ( 'NONE', ( #2151, #1765, #1664, #829 ) ) ;
#1961 = ORIENTED_EDGE ( 'NONE', *, *, #2322, .F. ) ;
#1962 = VERTEX_POINT ( 'NONE', #2602 ) ;
#1963 = DIRECTION ( 'NONE',  ( -0.9914448613738103822, -0.1305261922200520452, 0.000000000000000000 ) ) ;
#1964 = CARTESIAN_POINT ( 'NONE',  ( -13.50000000000000000, 16.50000000000000000, 8.407299999999999329 ) ) ;
#1965 = FACE_BOUND ( 'NONE', #2425, .T. ) ;
#1966 = DIRECTION ( 'NONE',  ( 0.000000000000000000, 0.000000000000000000, 1.000000000000000000 ) ) ;
#1967 = PLANE ( 'NONE',  #1774 ) ;
#1968 = DIRECTION ( 'NONE',  ( 0.000000000000000000, 0.000000000000000000, -1.000000000000000000 ) ) ;
#1969 = EDGE_CURVE ( 'NONE', #143, #216, #2588, .T. ) ;
#1970 = ADVANCED_FACE ( 'NONE', ( #1280 ), #1519, .F. ) ;
#1971 = VERTEX_POINT ( 'NONE', #2351 ) ;
#1972 = ORIENTED_EDGE ( 'NONE', *, *, #1662, .T. ) ;
#1973 = VECTOR ( 'NONE', #983, 1000.000000000000000 ) ;
#1974 = ORIENTED_EDGE ( 'NONE', *, *, #2039, .F. ) ;
#1975 = ORIENTED_EDGE ( 'NONE', *, *, #1678, .F. ) ;
#1976 = CARTESIAN_POINT ( 'NONE',  ( -23.50000000000000000, -23.50000000000000000, 8.407299999999999329 ) ) ;
#1977 = DIRECTION ( 'NONE',  ( 0.000000000000000000, 0.000000000000000000, 1.000000000000000000 ) ) ;
#1978 = VECTOR ( 'NONE', #1192, 1000.000000000000000 ) ;
#1979 = DIRECTION ( 'NONE',  ( 1.000000000000000000, 0.000000000000000000, 0.000000000000000000 ) ) ;
#1980 = PRODUCT ( 'zhi_peng_R500', 'zhi_peng_R500', '', ( #590 ) ) ;
#1981 = DIRECTION ( 'NONE',  ( 0.9238795325112924006, -0.3826834323650761815, 0.000000000000000000 ) ) ;
#1982 = CARTESIAN_POINT ( 'NONE',  ( 9.339845528054580015, 22.50000000000000000, 0.5773000000000000353 ) ) ;
#1983 = CARTESIAN_POINT ( 'NONE',  ( 12.63755779107354016, -16.50000000000000000, 0.3992999999999999883 ) ) ;
#1984 = VERTEX_POINT ( 'NONE', #891 ) ;
#1985 = VECTOR ( 'NONE', #2156, 1000.000000000000000 ) ;
#1986 = EDGE_CURVE ( 'NONE', #444, #2440, #10, .T. ) ;
#1987 = EDGE_CURVE ( 'NONE', #648, #788, #457, .T. ) ;
#1988 = AXIS2_PLACEMENT_3D ( 'NONE', #228, #1265, #254 ) ;
#1989 = ORIENTED_EDGE ( 'NONE', *, *, #2218, .F. ) ;
#1990 = ORIENTED_EDGE ( 'NONE', *, *, #323, .T. ) ;
#1991 = CARTESIAN_POINT ( 'NONE',  ( 15.00000000000000000, 1.956152303314910190, 0.1779999999999999916 ) ) ;
#1992 = DIRECTION ( 'NONE',  ( 1.000000000000000000, 0.000000000000000000, 0.000000000000000000 ) ) ;
#1993 = SURFACE_STYLE_FILL_AREA ( #2251 ) ;
#1994 = CARTESIAN_POINT ( 'NONE',  ( -9.339803143895020199, -16.50000000000000000, 0.5773000000000000353 ) ) ;
#1995 = CARTESIAN_POINT ( 'NONE',  ( -13.50000000000000000, 16.50000000000000000, 8.407299999999999329 ) ) ;
#1996 = DIRECTION ( 'NONE',  ( 0.000000000000000000, 0.000000000000000000, -1.000000000000000000 ) ) ;
#1997 = VECTOR ( 'NONE', #892, 1000.000000000000000 ) ;
#1998 = DIRECTION ( 'NONE',  ( 0.000000000000000000, 0.000000000000000000, 1.000000000000000000 ) ) ;
#1999 = VERTEX_POINT ( 'NONE', #2186 ) ;
#2000 = VECTOR ( 'NONE', #1434, 1000.000000000000000 ) ;
#2001 = ORIENTED_EDGE ( 'NONE', *, *, #2203, .T. ) ;
#2002 = ORIENTED_EDGE ( 'NONE', *, *, #1097, .T. ) ;
#2003 = LINE ( 'NONE', #89, #309 ) ;
#2004 = CARTESIAN_POINT ( 'NONE',  ( -25.00000000000000000, 16.50000000000000000, 0.1779999999999999916 ) ) ;
#2005 = EDGE_CURVE ( 'NONE', #2478, #4, #2699, .T. ) ;
#2006 = ADVANCED_FACE ( 'NONE', ( #257 ), #1703, .T. ) ;
#2007 = DIRECTION ( 'NONE',  ( 0.000000000000000000, 0.000000000000000000, 1.000000000000000000 ) ) ;
#2008 = DIRECTION ( 'NONE',  ( -1.000000000000000000, 0.000000000000000000, 0.000000000000000000 ) ) ;
#2009 = DIRECTION ( 'NONE',  ( 0.000000000000000000, -1.000000000000000000, 0.000000000000000000 ) ) ;
#2010 = LINE ( 'NONE', #762, #2044 ) ;
#2011 = AXIS2_PLACEMENT_3D ( 'NONE', #1020, #1034, #1385 ) ;
#2012 = DIRECTION ( 'NONE',  ( 0.000000000000000000, 0.000000000000000000, 1.000000000000000000 ) ) ;
#2013 = CIRCLE ( 'NONE', #2504, 1.500000000000001332 ) ;
#2014 = ORIENTED_EDGE ( 'NONE', *, *, #599, .T. ) ;
#2015 = ORIENTED_EDGE ( 'NONE', *, *, #1026, .T. ) ;
#2016 = VECTOR ( 'NONE', #1446, 1000.000000000000000 ) ;
#2017 = CARTESIAN_POINT ( 'NONE',  ( -23.00156939064320127, 19.50000000000000000, 5.207300000000000040 ) ) ;
#2018 = CARTESIAN_POINT ( 'NONE',  ( -25.00000000000000000, -22.50000000000000000, 0.5773000000000000353 ) ) ;
#2019 = ADVANCED_FACE ( 'NONE', ( #905 ), #199, .F. ) ;
#2020 = DIRECTION ( 'NONE',  ( 0.000000000000000000, 0.000000000000000000, 1.000000000000000000 ) ) ;
#2021 = CARTESIAN_POINT ( 'NONE',  ( 16.50000000000000000, 13.50000000000000000, 8.407299999999999329 ) ) ;
#2022 = ADVANCED_FACE ( 'NONE', ( #2571 ), #640, .T. ) ;
#2023 = EDGE_CURVE ( 'NONE', #2478, #676, #508, .T. ) ;
#2024 = FACE_OUTER_BOUND ( 'NONE', #178, .T. ) ;
#2025 = CARTESIAN_POINT ( 'NONE',  ( 26.50000000000000000, 23.50000000000000000, 5.207300000000000040 ) ) ;
#2026 = LINE ( 'NONE', #2688, #2629 ) ;
#2027 = ORIENTED_EDGE ( 'NONE', *, *, #1546, .F. ) ;
#2028 = VERTEX_POINT ( 'NONE', #65 ) ;
#2029 = DIRECTION ( 'NONE',  ( 0.000000000000000000, 1.000000000000000000, 0.000000000000000000 ) ) ;
#2030 = FACE_OUTER_BOUND ( 'NONE', #1344, .T. ) ;
#2031 = VECTOR ( 'NONE', #1801, 1000.000000000000000 ) ;
#2032 = CARTESIAN_POINT ( 'NONE',  ( 20.00156939064315154, -3.469446951953614978E-15, 5.207300000000000040 ) ) ;
#2033 = VECTOR ( 'NONE', #1305, 1000.000000000000000 ) ;
#2034 = DIRECTION ( 'NONE',  ( 1.000000000000000000, 0.000000000000000000, 0.000000000000000000 ) ) ;
#2035 = ORIENTED_EDGE ( 'NONE', *, *, #1698, .T. ) ;
#2036 = CARTESIAN_POINT ( 'NONE',  ( -0.1870448186995375128, 0.4032867181900554598, 0.1779999999999999916 ) ) ;
#2037 = DIRECTION ( 'NONE',  ( 0.000000000000000000, 0.000000000000000000, 1.000000000000000000 ) ) ;
#2038 = EDGE_CURVE ( 'NONE', #619, #729, #1378, .T. ) ;
#2039 = EDGE_CURVE ( 'NONE', #822, #619, #922, .T. ) ;
#2040 = LINE ( 'NONE', #1381, #882 ) ;
#2041 = AXIS2_PLACEMENT_3D ( 'NONE', #1310, #1102, #750 ) ;
#2042 = ORIENTED_EDGE ( 'NONE', *, *, #2499, .T. ) ;
#2043 = EDGE_LOOP ( 'NONE', ( #2164, #980, #344, #848 ) ) ;
#2044 = VECTOR ( 'NONE', #285, 1000.000000000000000 ) ;
#2045 = CARTESIAN_POINT ( 'NONE',  ( -7.806255641895620092E-16, 3.000000000000000000, 0.000000000000000000 ) ) ;
#2046 = AXIS2_PLACEMENT_3D ( 'NONE', #150, #1649, #587 ) ;
#2047 = LINE ( 'NONE', #2469, #2016 ) ;
#2048 = CARTESIAN_POINT ( 'NONE',  ( 9.339845528054709689, -22.50000000000000000, 0.000000000000000000 ) ) ;
#2049 = ORIENTED_EDGE ( 'NONE', *, *, #1335, .T. ) ;
#2050 = CARTESIAN_POINT ( 'NONE',  ( 20.00156939064315154, 19.50000000000000000, 0.5773000000000000353 ) ) ;
#2051 = DIRECTION ( 'NONE',  ( 0.000000000000000000, 0.000000000000000000, -1.000000000000000000 ) ) ;
#2052 = ORIENTED_EDGE ( 'NONE', *, *, #22, .F. ) ;
#2053 = DIRECTION ( 'NONE',  ( 0.000000000000000000, -1.000000000000000000, 0.000000000000000000 ) ) ;
#2054 = EDGE_CURVE ( 'NONE', #564, #1456, #94, .T. ) ;
#2055 = EDGE_LOOP ( 'NONE', ( #2272, #275, #486, #2175, #2581, #159, #2344, #279 ) ) ;
#2056 = PRODUCT_DEFINITION_FORMATION_WITH_SPECIFIED_SOURCE ( 'ANY', '', #1980, .NOT_KNOWN. ) ;
#2057 = VERTEX_POINT ( 'NONE', #1127 ) ;
#2058 = LINE ( 'NONE', #2479, #2675 ) ;
#2059 = CARTESIAN_POINT ( 'NONE',  ( 4.984788404150369767E-15, -22.50000000000000000, 0.5773000000000000353 ) ) ;
#2060 = FACE_OUTER_BOUND ( 'NONE', #192, .T. ) ;
#2061 = VECTOR ( 'NONE', #970, 1000.000000000000000 ) ;
#2062 = ORIENTED_EDGE ( 'NONE', *, *, #1472, .F. ) ;
#2063 = CARTESIAN_POINT ( 'NONE',  ( 25.00000000000000000, -3.000000000000000000, 0.000000000000000000 ) ) ;
#2064 = LINE ( 'NONE', #145, #2000 ) ;
#2065 = EDGE_LOOP ( 'NONE', ( #2705, #858, #2261, #1368, #265, #2237, #1596, #336, #1974 ) ) ;
#2066 = CARTESIAN_POINT ( 'NONE',  ( -13.50000000000000000, 13.50000000000000000, 5.207300000000000040 ) ) ;
#2067 = AXIS2_PLACEMENT_3D ( 'NONE', #1926, #2375, #1717 ) ;
#2068 = ORIENTED_EDGE ( 'NONE', *, *, #1715, .T. ) ;
#2069 = ORIENTED_EDGE ( 'NONE', *, *, #224, .F. ) ;
#2070 = CARTESIAN_POINT ( 'NONE',  ( 13.50000000000000000, 13.50000000000000000, 5.207300000000000040 ) ) ;
#2071 = ADVANCED_FACE ( 'NONE', ( #297 ), #310, .F. ) ;
#2072 = EDGE_CURVE ( 'NONE', #75, #2623, #1395, .T. ) ;
#2073 = DIRECTION ( 'NONE',  ( 0.000000000000000000, 0.000000000000000000, 1.000000000000000000 ) ) ;
#2074 = VECTOR ( 'NONE', #1655, 1000.000000000000000 ) ;
#2075 = CARTESIAN_POINT ( 'NONE',  ( -0.002416678348503289823, -0.01835649450477765121, 0.3992999999999999883 ) ) ;
#2076 = APPLICATION_CONTEXT ( 'automotive_design' ) ;
#2077 = ORIENTED_EDGE ( 'NONE', *, *, #1523, .F. ) ;
#2078 = AXIS2_PLACEMENT_3D ( 'NONE', #90, #2416, #1807 ) ;
#2079 = DIRECTION ( 'NONE',  ( 0.000000000000000000, 0.000000000000000000, 1.000000000000000000 ) ) ;
#2080 = CARTESIAN_POINT ( 'NONE',  ( -23.50000000000000000, 26.50000000000000000, 8.407299999999999329 ) ) ;
#2081 = VERTEX_POINT ( 'NONE', #524 ) ;
#2082 = CARTESIAN_POINT ( 'NONE',  ( 9.339845528054709689, -22.50000000000000000, 0.000000000000000000 ) ) ;
#2083 = CARTESIAN_POINT ( 'NONE',  ( -0.002416678348503309773, 0.01835649450477775182, 0.3992999999999999883 ) ) ;
#2084 = ORIENTED_EDGE ( 'NONE', *, *, #2236, .T. ) ;
#2085 = EDGE_LOOP ( 'NONE', ( #1060, #1583, #390, #2462 ) ) ;
#2086 = AXIS2_PLACEMENT_3D ( 'NONE', #2449, #1998, #85 ) ;
#2087 = CARTESIAN_POINT ( 'NONE',  ( 23.00156939064314798, -3.285749932081509494E-15, 0.5773000000000000353 ) ) ;
#2088 = AXIS2_PLACEMENT_3D ( 'NONE', #383, #355, #2116 ) ;
#2089 = ORIENTED_EDGE ( 'NONE', *, *, #22, .T. ) ;
#2090 = EDGE_CURVE ( 'NONE', #1411, #698, #759, .T. ) ;
#2091 = CARTESIAN_POINT ( 'NONE',  ( -13.50000000000000000, 16.50000000000000000, 8.407299999999999329 ) ) ;
#2092 = ADVANCED_FACE ( 'NONE', ( #283 ), #1363, .T. ) ;
#2093 = CARTESIAN_POINT ( 'NONE',  ( 15.00000000000000000, -2.492782445397499717E-14, 0.000000000000000000 ) ) ;
#2094 = VERTEX_POINT ( 'NONE', #733 ) ;
#2095 = DIRECTION ( 'NONE',  ( 0.000000000000000000, 0.000000000000000000, 1.000000000000000000 ) ) ;
#2096 = CYLINDRICAL_SURFACE ( 'NONE', #122, 1.500000000000001332 ) ;
#2097 = VERTEX_POINT ( 'NONE', #1589 ) ;
#2098 = DIRECTION ( 'NONE',  ( -1.000000000000000000, 0.000000000000000000, 0.000000000000000000 ) ) ;
#2099 = CARTESIAN_POINT ( 'NONE',  ( 0.000000000000000000, 16.50000000000000000, 0.1779999999999999916 ) ) ;
#2100 = ORIENTED_EDGE ( 'NONE', *, *, #2334, .F. ) ;
#2101 = ORIENTED_EDGE ( 'NONE', *, *, #1510, .T. ) ;
#2102 = LINE ( 'NONE', #1710, #481 ) ;
#2103 = VECTOR ( 'NONE', #491, 1000.000000000000000 ) ;
#2104 = LINE ( 'NONE', #1485, #2464 ) ;
#2105 = LINE ( 'NONE', #142, #1487 ) ;
#2106 = APPLICATION_PROTOCOL_DEFINITION ( 'draft international standard', 'automotive_design', 1998, #2076 ) ;
#2107 = EDGE_CURVE ( 'NONE', #2488, #444, #495, .T. ) ;
#2108 = EDGE_CURVE ( 'NONE', #2741, #1887, #2253, .T. ) ;
#2109 = ORIENTED_EDGE ( 'NONE', *, *, #599, .F. ) ;
#2110 = CARTESIAN_POINT ( 'NONE',  ( -0.4482999999999999763, 0.000000000000000000, 0.5773000000000000353 ) ) ;
#2111 = DIRECTION ( 'NONE',  ( 0.000000000000000000, 0.000000000000000000, -1.000000000000000000 ) ) ;
#2112 = AXIS2_PLACEMENT_3D ( 'NONE', #1178, #2319, #798 ) ;
#2113 = ADVANCED_FACE ( 'NONE', ( #321 ), #1562, .T. ) ;
#2114 = EDGE_CURVE ( 'NONE', #703, #2299, #483, .T. ) ;
#2115 = VERTEX_POINT ( 'NONE', #745 ) ;
#2116 = DIRECTION ( 'NONE',  ( 1.000000000000000000, 0.000000000000000000, 0.000000000000000000 ) ) ;
#2117 = CARTESIAN_POINT ( 'NONE',  ( 15.00000000000000000, -1.956152303314904861, 0.1779999999999999916 ) ) ;
#2118 = ORIENTED_EDGE ( 'NONE', *, *, #106, .F. ) ;
#2119 = ORIENTED_EDGE ( 'NONE', *, *, #1131, .T. ) ;
#2120 = VECTOR ( 'NONE', #1979, 1000.000000000000000 ) ;
#2121 = LINE ( 'NONE', #1066, #1688 ) ;
#2122 = CARTESIAN_POINT ( 'NONE',  ( 9.339845528054709689, -16.50000000000000000, 0.5100000000000000089 ) ) ;
#2123 = LINE ( 'NONE', #20, #512 ) ;
#2124 = ORIENTED_EDGE ( 'NONE', *, *, #2282, .T. ) ;
#2125 = VECTOR ( 'NONE', #801, 1000.000000000000000 ) ;
#2126 = DIRECTION ( 'NONE',  ( 1.000000000000000000, 0.000000000000000000, 0.000000000000000000 ) ) ;
#2127 = LINE ( 'NONE', #1307, #592 ) ;
#2128 = AXIS2_PLACEMENT_3D ( 'NONE', #1331, #492, #1346 ) ;
#2129 = ORIENTED_EDGE ( 'NONE', *, *, #1238, .F. ) ;
#2130 = CARTESIAN_POINT ( 'NONE',  ( 0.000000000000000000, 0.000000000000000000, 0.3992999999999999883 ) ) ;
#2131 = CARTESIAN_POINT ( 'NONE',  ( -21.50156939064320127, -19.50000000000000000, 0.5773000000000000353 ) ) ;
#2132 = ADVANCED_FACE ( 'NONE', ( #2198, #1574 ), #1601, .T. ) ;
#2133 = EDGE_CURVE ( 'NONE', #927, #2135, #545, .T. ) ;
#2134 = ORIENTED_EDGE ( 'NONE', *, *, #2436, .F. ) ;
#2135 = VERTEX_POINT ( 'NONE', #270 ) ;
#2136 = DIRECTION ( 'NONE',  ( 0.000000000000000000, 0.000000000000000000, 1.000000000000000000 ) ) ;
#2137 = VECTOR ( 'NONE', #1803, 1000.000000000000000 ) ;
#2138 = CARTESIAN_POINT ( 'NONE',  ( 13.50000000000000000, -13.50000000000000000, 5.207300000000000040 ) ) ;
#2139 = FACE_OUTER_BOUND ( 'NONE', #1257, .T. ) ;
#2140 = VECTOR ( 'NONE', #1423, 1000.000000000000000 ) ;
#2141 = LINE ( 'NONE', #1319, #2572 ) ;
#2142 = DIRECTION ( 'NONE',  ( 1.000000000000000000, 0.000000000000000000, 0.000000000000000000 ) ) ;
#2143 = AXIS2_PLACEMENT_3D ( 'NONE', #1840, #2701, #1631 ) ;
#2144 = EDGE_LOOP ( 'NONE', ( #2323, #330, #402, #292 ) ) ;
#2145 = FACE_OUTER_BOUND ( 'NONE', #1103, .T. ) ;
#2146 = LINE ( 'NONE', #1507, #1165 ) ;
#2147 = EDGE_LOOP ( 'NONE', ( #1648, #1620, #1711, #1858 ) ) ;
#2148 = EDGE_CURVE ( 'NONE', #216, #1302, #2213, .T. ) ;
#2149 = ADVANCED_FACE ( 'NONE', ( #81 ), #1785, .F. ) ;
#2150 = PLANE ( 'NONE',  #1367 ) ;
#2151 = ORIENTED_EDGE ( 'NONE', *, *, #37, .T. ) ;
#2152 = EDGE_LOOP ( 'NONE', ( #487, #675, #315, #1118, #1090 ) ) ;
#2153 = DIRECTION ( 'NONE',  ( 1.000000000000000000, 0.000000000000000000, 0.000000000000000000 ) ) ;
#2154 = DIRECTION ( 'NONE',  ( 0.000000000000000000, -1.000000000000000000, 0.000000000000000000 ) ) ;
#2155 = AXIS2_PLACEMENT_3D ( 'NONE', #821, #2772, #1608 ) ;
#2156 = DIRECTION ( 'NONE',  ( -1.661854963598335051E-15, -1.000000000000000000, 0.000000000000000000 ) ) ;
#2157 = LINE ( 'NONE', #2405, #1579 ) ;
#2158 = AXIS2_PLACEMENT_3D ( 'NONE', #1696, #1038, #1068 ) ;
#2159 = ORIENTED_EDGE ( 'NONE', *, *, #1369, .F. ) ;
#2160 = CARTESIAN_POINT ( 'NONE',  ( 0.4427789523112130032, -0.03965779445496930150, 0.000000000000000000 ) ) ;
#2161 = CYLINDRICAL_SURFACE ( 'NONE', #1207, 0.04000000000001693867 ) ;
#2162 = VECTOR ( 'NONE', #1824, 1000.000000000000000 ) ;
#2163 = ORIENTED_EDGE ( 'NONE', *, *, #2334, .T. ) ;
#2164 = ORIENTED_EDGE ( 'NONE', *, *, #448, .T. ) ;
#2165 = FACE_OUTER_BOUND ( 'NONE', #1203, .T. ) ;
#2166 = CARTESIAN_POINT ( 'NONE',  ( -0.4430789523111980377, 0.03965779445495244693, 0.5773000000000000353 ) ) ;
#2167 = EDGE_CURVE ( 'NONE', #788, #439, #2276, .T. ) ;
#2168 = EDGE_CURVE ( 'NONE', #401, #1445, #1237, .T. ) ;
#2169 = VECTOR ( 'NONE', #680, 1000.000000000000000 ) ;
#2170 = DIRECTION ( 'NONE',  ( 0.6087614290087249858, 0.7933533402912319454, 0.000000000000000000 ) ) ;
#2171 = DIRECTION ( 'NONE',  ( 0.000000000000000000, 0.000000000000000000, -1.000000000000000000 ) ) ;
#2172 = CARTESIAN_POINT ( 'NONE',  ( -26.50000000000000000, -23.50000000000000000, 5.207300000000000040 ) ) ;
#2173 = FACE_OUTER_BOUND ( 'NONE', #1108, .T. ) ;
#2174 = VECTOR ( 'NONE', #593, 1000.000000000000000 ) ;
#2175 = ORIENTED_EDGE ( 'NONE', *, *, #2199, .T. ) ;
#2176 = ORIENTED_EDGE ( 'NONE', *, *, #995, .F. ) ;
#2177 = VERTEX_POINT ( 'NONE', #1416 ) ;
#2178 = ORIENTED_EDGE ( 'NONE', *, *, #2203, .F. ) ;
#2179 = VERTEX_POINT ( 'NONE', #334 ) ;
#2180 = DIRECTION ( 'NONE',  ( 0.000000000000000000, 0.000000000000000000, -1.000000000000000000 ) ) ;
#2181 = CARTESIAN_POINT ( 'NONE',  ( -13.50000000000000000, -13.50000000000000000, 8.407299999999999329 ) ) ;
#2182 = EDGE_CURVE ( 'NONE', #2526, #143, #348, .T. ) ;
#2183 = EDGE_CURVE ( 'NONE', #993, #713, #2105, .T. ) ;
#2184 = CARTESIAN_POINT ( 'NONE',  ( 16.50000000000000000, -13.50000000000000000, 5.207300000000000040 ) ) ;
#2185 = AXIS2_PLACEMENT_3D ( 'NONE', #301, #2012, #314 ) ;
#2186 = CARTESIAN_POINT ( 'NONE',  ( 13.50000000000000000, 16.50000000000000000, 8.407299999999999329 ) ) ;
#2187 = AXIS2_PLACEMENT_3D ( 'NONE', #1016, #2111, #186 ) ;
#2188 = DIRECTION ( 'NONE',  ( -1.000000000000000000, 0.000000000000000000, 0.000000000000000000 ) ) ;
#2189 = CARTESIAN_POINT ( 'NONE',  ( 13.50000000000000000, 16.50000000000000000, 5.207300000000000040 ) ) ;
#2190 = AXIS2_PLACEMENT_3D ( 'NONE', #2070, #1233, #1248 ) ;
#2191 = VERTEX_POINT ( 'NONE', #2470 ) ;
#2192 = ORIENTED_EDGE ( 'NONE', *, *, #2183, .F. ) ;
#2193 = ORIENTED_EDGE ( 'NONE', *, *, #860, .F. ) ;
#2194 = ORIENTED_EDGE ( 'NONE', *, *, #447, .T. ) ;
#2195 = DIRECTION ( 'NONE',  ( -0.9238795325112904022, -0.3826834323650811776, 0.000000000000000000 ) ) ;
#2196 = LINE ( 'NONE', #2653, #70 ) ;
#2197 = CARTESIAN_POINT ( 'NONE',  ( 23.50000000000000000, 23.50000000000000000, 8.407299999999999329 ) ) ;
#2198 = FACE_BOUND ( 'NONE', #1492, .T. ) ;
#2199 = EDGE_CURVE ( 'NONE', #303, #1753, #168, .T. ) ;
#2200 = AXIS2_PLACEMENT_3D ( 'NONE', #2131, #161, #1273 ) ;
#2201 = CARTESIAN_POINT ( 'NONE',  ( 21.50156939064314798, -3.469446951953614978E-15, 5.207300000000000040 ) ) ;
#2202 = CARTESIAN_POINT ( 'NONE',  ( -0.4430789523111980377, -0.03965779445495244693, 0.3992999999999999883 ) ) ;
#2203 = EDGE_CURVE ( 'NONE', #1260, #1445, #1447, .T. ) ;
#2204 = EDGE_CURVE ( 'NONE', #143, #896, #2320, .T. ) ;
#2205 = VERTEX_POINT ( 'NONE', #1877 ) ;
#2206 = ORIENTED_EDGE ( 'NONE', *, *, #1883, .F. ) ;
#2207 = EDGE_LOOP ( 'NONE', ( #715, #1044, #1888, #1692 ) ) ;
#2208 = VERTEX_POINT ( 'NONE', #2048 ) ;
#2209 = FACE_OUTER_BOUND ( 'NONE', #1455, .T. ) ;
#2210 = LINE ( 'NONE', #2249, #1852 ) ;
#2211 = LINE ( 'NONE', #2630, #989 ) ;
#2212 = VECTOR ( 'NONE', #2632, 1000.000000000000000 ) ;
#2213 = LINE ( 'NONE', #1994, #864 ) ;
#2214 = DIRECTION ( 'NONE',  ( 1.000000000000000000, 0.000000000000000000, 0.000000000000000000 ) ) ;
#2215 = CARTESIAN_POINT ( 'NONE',  ( 21.50156939064314798, 19.50000000000000000, 5.207300000000000040 ) ) ;
#2216 = ADVANCED_FACE ( 'NONE', ( #1039 ), #1431, .T. ) ;
#2217 = DIRECTION ( 'NONE',  ( -1.000000000000000000, 0.000000000000000000, 0.000000000000000000 ) ) ;
#2218 = EDGE_CURVE ( 'NONE', #1218, #2094, #575, .T. ) ;
#2219 = AXIS2_PLACEMENT_3D ( 'NONE', #2771, #1705, #12 ) ;
#2220 = VERTEX_POINT ( 'NONE', #362 ) ;
#2221 = VECTOR ( 'NONE', #281, 1000.000000000000000 ) ;
#2222 = ORIENTED_EDGE ( 'NONE', *, *, #207, .F. ) ;
#2223 = ORIENTED_EDGE ( 'NONE', *, *, #1784, .T. ) ;
#2224 = DIRECTION ( 'NONE',  ( 0.000000000000000000, 0.000000000000000000, 1.000000000000000000 ) ) ;
#2225 = CARTESIAN_POINT ( 'NONE',  ( -16.50000000000000000, -13.50000000000000000, 8.407299999999999329 ) ) ;
#2226 = CARTESIAN_POINT ( 'NONE',  ( 25.00000000000000000, -16.50000000000000000, 0.000000000000000000 ) ) ;
#2227 = DIRECTION ( 'NONE',  ( -1.000000000000000000, 0.000000000000000000, 0.000000000000000000 ) ) ;
#2228 = DIRECTION ( 'NONE',  ( 0.000000000000000000, 0.000000000000000000, -1.000000000000000000 ) ) ;
#2229 = DIRECTION ( 'NONE',  ( 0.000000000000000000, 0.000000000000000000, 1.000000000000000000 ) ) ;
#2230 = CIRCLE ( 'NONE', #2088, 1.500000000000001332 ) ;
#2231 = CIRCLE ( 'NONE', #2190, 3.000000000000000888 ) ;
#2232 = CARTESIAN_POINT ( 'NONE',  ( -25.00000000000000000, -16.50000000000000000, 0.5773000000000000353 ) ) ;
#2233 = ORIENTED_EDGE ( 'NONE', *, *, #1610, .T. ) ;
#2234 = VECTOR ( 'NONE', #1603, 1000.000000000000000 ) ;
#2235 = ADVANCED_FACE ( 'NONE', ( #1667 ), #2740, .T. ) ;
#2236 = EDGE_CURVE ( 'NONE', #1689, #2326, #814, .T. ) ;
#2237 = ORIENTED_EDGE ( 'NONE', *, *, #2168, .F. ) ;
#2238 = CARTESIAN_POINT ( 'NONE',  ( -23.00156939064320127, -3.469446951953614978E-15, 5.207300000000000040 ) ) ;
#2239 = DIRECTION ( 'NONE',  ( 0.000000000000000000, 1.000000000000000000, 0.000000000000000000 ) ) ;
#2240 = CARTESIAN_POINT ( 'NONE',  ( 23.50000000000000000, -26.50000000000000000, 8.407299999999999329 ) ) ;
#2241 = LINE ( 'NONE', #2634, #24 ) ;
#2242 = CARTESIAN_POINT ( 'NONE',  ( -9.339803143895171189, 22.50000000000000000, 0.1779999999999999916 ) ) ;
#2243 = LINE ( 'NONE', #1983, #1239 ) ;
#2244 = VECTOR ( 'NONE', #446, 1000.000000000000000 ) ;
#2245 = ORIENTED_EDGE ( 'NONE', *, *, #340, .F. ) ;
#2246 = ORIENTED_EDGE ( 'NONE', *, *, #1937, .T. ) ;
#2247 = CIRCLE ( 'NONE', #1036, 1.500000000000001332 ) ;
#2248 = CARTESIAN_POINT ( 'NONE',  ( -15.00000000000000000, 0.000000000000000000, 0.3992999999999999883 ) ) ;
#2249 = CARTESIAN_POINT ( 'NONE',  ( -16.50000000000000000, -13.50000000000000000, 5.207300000000000040 ) ) ;
#2250 = EDGE_CURVE ( 'NONE', #2370, #1971, #1809, .T. ) ;
#2251 = FILL_AREA_STYLE ('',( #947 ) ) ;
#2252 = EDGE_CURVE ( 'NONE', #1632, #2678, #2713, .T. ) ;
#2253 = LINE ( 'NONE', #2021, #1040 ) ;
#2254 = ORIENTED_EDGE ( 'NONE', *, *, #1133, .F. ) ;
#2255 = VECTOR ( 'NONE', #1320, 1000.000000000000000 ) ;
#2256 = DIRECTION ( 'NONE',  ( -1.000000000000000000, 0.000000000000000000, 0.000000000000000000 ) ) ;
#2257 = DIRECTION ( 'NONE',  ( -0.3826834323650824543, -0.9238795325112898471, 0.000000000000000000 ) ) ;
#2258 = CARTESIAN_POINT ( 'NONE',  ( 9.339845528054709689, -16.50000000000000000, 0.000000000000000000 ) ) ;
#2259 = ORIENTED_EDGE ( 'NONE', *, *, #307, .T. ) ;
#2260 = CIRCLE ( 'NONE', #920, 1.500000000000001332 ) ;
#2261 = ORIENTED_EDGE ( 'NONE', *, *, #307, .F. ) ;
#2262 = DIRECTION ( 'NONE',  ( 0.000000000000000000, 0.000000000000000000, -1.000000000000000000 ) ) ;
#2263 = CARTESIAN_POINT ( 'NONE',  ( -16.50000000000000000, 13.50000000000000000, 8.407299999999999329 ) ) ;
#2264 = DIRECTION ( 'NONE',  ( 0.000000000000000000, 0.000000000000000000, 1.000000000000000000 ) ) ;
#2265 = EDGE_CURVE ( 'NONE', #2736, #2028, #154, .T. ) ;
#2266 = ORIENTED_EDGE ( 'NONE', *, *, #1508, .T. ) ;
#2267 = DIRECTION ( 'NONE',  ( 0.000000000000000000, 0.000000000000000000, 1.000000000000000000 ) ) ;
#2268 = CARTESIAN_POINT ( 'NONE',  ( -23.50000000000000000, 26.50000000000000000, 8.407299999999999329 ) ) ;
#2269 = DIRECTION ( 'NONE',  ( -1.000000000000000000, 0.000000000000000000, 0.000000000000000000 ) ) ;
#2270 = CIRCLE ( 'NONE', #1735, 0.04000000000001696643 ) ;
#2271 = EDGE_LOOP ( 'NONE', ( #872, #2307 ) ) ;
#2272 = ORIENTED_EDGE ( 'NONE', *, *, #2283, .T. ) ;
#2273 = VECTOR ( 'NONE', #1159, 1000.000000000000000 ) ;
#2274 = CARTESIAN_POINT ( 'NONE',  ( -21.50156939064320127, -3.469446951953614978E-15, 0.5773000000000000353 ) ) ;
#2275 = LINE ( 'NONE', #2263, #404 ) ;
#2276 = LINE ( 'NONE', #1640, #1266 ) ;
#2277 = ORIENTED_EDGE ( 'NONE', *, *, #393, .F. ) ;
#2278 = CYLINDRICAL_SURFACE ( 'NONE', #2349, 2.999999999999999112 ) ;
#2279 = DIRECTION ( 'NONE',  ( -1.000000000000000000, 0.000000000000000000, 0.000000000000000000 ) ) ;
#2280 = ORIENTED_EDGE ( 'NONE', *, *, #1578, .F. ) ;
#2281 = LINE ( 'NONE', #2082, #117 ) ;
#2282 = EDGE_CURVE ( 'NONE', #358, #1945, #1250, .T. ) ;
#2283 = EDGE_CURVE ( 'NONE', #614, #31, #2708, .T. ) ;
#2284 = CIRCLE ( 'NONE', #2200, 1.500000000000001332 ) ;
#2285 = VERTEX_POINT ( 'NONE', #560 ) ;
#2286 = AXIS2_PLACEMENT_3D ( 'NONE', #2680, #808, #2342 ) ;
#2287 = ORIENTED_EDGE ( 'NONE', *, *, #1334, .F. ) ;
#2288 = LINE ( 'NONE', #756, #436 ) ;
#2289 = CARTESIAN_POINT ( 'NONE',  ( -0.01468885139131520003, 0.01127115209496856035, 0.3992999999999999883 ) ) ;
#2290 = CARTESIAN_POINT ( 'NONE',  ( -9.339803143895020199, -22.50000000000000000, 0.5773000000000000353 ) ) ;
#2291 = VECTOR ( 'NONE', #2007, 1000.000000000000000 ) ;
#2292 = EDGE_LOOP ( 'NONE', ( #1628, #2596, #2222, #29 ) ) ;
#2293 = FACE_OUTER_BOUND ( 'NONE', #595, .T. ) ;
#2294 = CARTESIAN_POINT ( 'NONE',  ( 0.01465778537412321808, -0.01124731430156799931, 0.000000000000000000 ) ) ;
#2295 = ORIENTED_EDGE ( 'NONE', *, *, #1622, .T. ) ;
#2296 = DIRECTION ( 'NONE',  ( 0.000000000000000000, 0.000000000000000000, 1.000000000000000000 ) ) ;
#2297 = DIRECTION ( 'NONE',  ( 0.000000000000000000, 0.000000000000000000, 1.000000000000000000 ) ) ;
#2298 = AXIS2_PLACEMENT_3D ( 'NONE', #1169, #2008, #1798 ) ;
#2299 = VERTEX_POINT ( 'NONE', #1653 ) ;
#2300 = ADVANCED_FACE ( 'NONE', ( #2060 ), #784, .F. ) ;
#2301 = ADVANCED_FACE ( 'NONE', ( #2139 ), #1501, .T. ) ;
#2302 = VERTEX_POINT ( 'NONE', #441 ) ;
#2303 = DIRECTION ( 'NONE',  ( 0.000000000000000000, 0.000000000000000000, -1.000000000000000000 ) ) ;
#2304 = ORIENTED_EDGE ( 'NONE', *, *, #274, .T. ) ;
#2305 = DIRECTION ( 'NONE',  ( -1.000000000000000000, -2.215461512955714824E-16, 0.000000000000000000 ) ) ;
#2306 = CARTESIAN_POINT ( 'NONE',  ( -1.734723475976804925E-15, 16.50000000000000000, 0.1779999999999999916 ) ) ;
#2307 = ORIENTED_EDGE ( 'NONE', *, *, #2484, .F. ) ;
#2308 = VECTOR ( 'NONE', #2154, 1000.000000000000000 ) ;
#2309 = PLANE ( 'NONE',  #468 ) ;
#2310 = DIRECTION ( 'NONE',  ( 1.000000000000000000, 0.000000000000000000, 0.000000000000000000 ) ) ;
#2311 = CARTESIAN_POINT ( 'NONE',  ( 20.00156939064315154, -19.50000000000000000, 5.207300000000000040 ) ) ;
#2312 = FACE_OUTER_BOUND ( 'NONE', #2055, .T. ) ;
#2313 = ORIENTED_EDGE ( 'NONE', *, *, #824, .T. ) ;
#2314 = ORIENTED_EDGE ( 'NONE', *, *, #40, .T. ) ;
#2315 = AXIS2_PLACEMENT_3D ( 'NONE', #764, #2461, #1565 ) ;
#2316 = DIRECTION ( 'NONE',  ( 0.3826834323650811220, -0.9238795325112902912, 0.000000000000000000 ) ) ;
#2317 = EDGE_CURVE ( 'NONE', #2302, #2208, #1094, .T. ) ;
#2318 = ORIENTED_EDGE ( 'NONE', *, *, #2090, .T. ) ;
#2319 = DIRECTION ( 'NONE',  ( 0.000000000000000000, 0.000000000000000000, -1.000000000000000000 ) ) ;
#2320 = LINE ( 'NONE', #2290, #2432 ) ;
#2321 = ADVANCED_FACE ( 'NONE', ( #1486 ), #1744, .T. ) ;
#2322 = EDGE_CURVE ( 'NONE', #2505, #1382, #196, .T. ) ;
#2323 = ORIENTED_EDGE ( 'NONE', *, *, #513, .F. ) ;
#2324 = DIRECTION ( 'NONE',  ( -0.000000000000000000, 1.000000000000000000, 0.000000000000000000 ) ) ;
#2325 = DIRECTION ( 'NONE',  ( 1.000000000000000000, 0.000000000000000000, 0.000000000000000000 ) ) ;
#2326 = VERTEX_POINT ( 'NONE', #846 ) ;
#2327 = CARTESIAN_POINT ( 'NONE',  ( -9.339803143895020199, -22.50000000000000000, 0.5773000000000000353 ) ) ;
#2328 = FACE_OUTER_BOUND ( 'NONE', #1778, .T. ) ;
#2329 = ORIENTED_EDGE ( 'NONE', *, *, #1749, .T. ) ;
#2330 = ORIENTED_EDGE ( 'NONE', *, *, #138, .T. ) ;
#2331 = CARTESIAN_POINT ( 'NONE',  ( 16.50000000000000000, 13.50000000000000000, 8.407299999999999329 ) ) ;
#2332 = DIRECTION ( 'NONE',  ( -1.000000000000000000, -1.051347561198063849E-16, 0.000000000000000000 ) ) ;
#2333 = FACE_OUTER_BOUND ( 'NONE', #974, .T. ) ;
#2334 = EDGE_CURVE ( 'NONE', #1971, #1742, #407, .T. ) ;
#2335 = EDGE_CURVE ( 'NONE', #2081, #1654, #1907, .T. ) ;
#2336 = EDGE_LOOP ( 'NONE', ( #72, #1541, #2735, #2318 ) ) ;
#2337 = CARTESIAN_POINT ( 'NONE',  ( -0.01468885139131520003, 0.01127115209496856035, 0.3992999999999999883 ) ) ;
#2338 = FACE_OUTER_BOUND ( 'NONE', #955, .T. ) ;
#2339 = PRESENTATION_LAYER_ASSIGNMENT (  '', '', ( #763 ) ) ;
#2340 = ORIENTED_EDGE ( 'NONE', *, *, #2133, .F. ) ;
#2341 = LINE ( 'NONE', #52, #1908 ) ;
#2342 = DIRECTION ( 'NONE',  ( 1.000000000000000000, 0.000000000000000000, 0.000000000000000000 ) ) ;
#2343 = ORIENTED_EDGE ( 'NONE', *, *, #2690, .F. ) ;
#2344 = ORIENTED_EDGE ( 'NONE', *, *, #1031, .T. ) ;
#2345 = AXIS2_PLACEMENT_3D ( 'NONE', #549, #1850, #379 ) ;
#2346 = FACE_OUTER_BOUND ( 'NONE', #1092, .T. ) ;
#2347 = CARTESIAN_POINT ( 'NONE',  ( -0.1870448186995435080, -0.4032867181900529618, 0.1779999999999999916 ) ) ;
#2348 = CARTESIAN_POINT ( 'NONE',  ( -0.01468885139131544115, -0.01127115209496842158, 0.5773000000000000353 ) ) ;
#2349 = AXIS2_PLACEMENT_3D ( 'NONE', #366, #1210, #789 ) ;
#2350 = FACE_OUTER_BOUND ( 'NONE', #1724, .T. ) ;
#2351 = CARTESIAN_POINT ( 'NONE',  ( -16.50000000000000000, 13.50000000000000000, 8.407299999999999329 ) ) ;
#2352 = ADVANCED_FACE ( 'NONE', ( #2333 ), #1923, .F. ) ;
#2353 = CIRCLE ( 'NONE', #828, 1.500000000000001332 ) ;
#2354 = DIRECTION ( 'NONE',  ( 1.000000000000000000, 0.000000000000000000, 0.000000000000000000 ) ) ;
#2355 = DIRECTION ( 'NONE',  ( 0.000000000000000000, 0.000000000000000000, 1.000000000000000000 ) ) ;
#2356 = ORIENTED_EDGE ( 'NONE', *, *, #914, .T. ) ;
#2357 = ORIENTED_EDGE ( 'NONE', *, *, #92, .F. ) ;
#2358 = FACE_OUTER_BOUND ( 'NONE', #917, .T. ) ;
#2359 = EDGE_LOOP ( 'NONE', ( #2245, #166, #1776, #965, #1582 ) ) ;
#2360 = DIRECTION ( 'NONE',  ( 0.000000000000000000, 0.000000000000000000, 1.000000000000000000 ) ) ;
#2361 = CARTESIAN_POINT ( 'NONE',  ( 21.50156939064314798, -19.50000000000000000, 5.207300000000000040 ) ) ;
#2362 = DIRECTION ( 'NONE',  ( 0.000000000000000000, 0.000000000000000000, -1.000000000000000000 ) ) ;
#2363 = CARTESIAN_POINT ( 'NONE',  ( -15.00000000000000000, -3.000000000000000000, 0.000000000000000000 ) ) ;
#2364 = CIRCLE ( 'NONE', #2406, 1.500000000000001332 ) ;
#2365 = LINE ( 'NONE', #696, #2585 ) ;
#2366 = LINE ( 'NONE', #1748, #853 ) ;
#2367 = EDGE_CURVE ( 'NONE', #1672, #2115, #1081, .T. ) ;
#2368 = ORIENTED_EDGE ( 'NONE', *, *, #513, .T. ) ;
#2369 = EDGE_CURVE ( 'NONE', #1514, #1014, #2123, .T. ) ;
#2370 = VERTEX_POINT ( 'NONE', #1964 ) ;
#2371 = CYLINDRICAL_SURFACE ( 'NONE', #2158, 1.500000000000001332 ) ;
#2372 = PLANE ( 'NONE',  #2439 ) ;
#2373 = AXIS2_PLACEMENT_3D ( 'NONE', #1123, #2386, #956 ) ;
#2374 = DIRECTION ( 'NONE',  ( 1.000000000000000000, 0.000000000000000000, 0.000000000000000000 ) ) ;
#2375 = DIRECTION ( 'NONE',  ( 0.1305261922200450508, 0.9914448613738112703, 0.000000000000000000 ) ) ;
#2376 = CIRCLE ( 'NONE', #313, 1.500000000000001332 ) ;
#2377 = CARTESIAN_POINT ( 'NONE',  ( 15.00000000000000000, 3.000000000000000000, 0.000000000000000000 ) ) ;
#2378 = CYLINDRICAL_SURFACE ( 'NONE', #1924, 1.500000000000001332 ) ;
#2379 = EDGE_LOOP ( 'NONE', ( #1524, #1818, #377, #1553 ) ) ;
#2380 = CARTESIAN_POINT ( 'NONE',  ( 0.4427789523112130032, 0.03965779445496930150, 0.1779999999999999916 ) ) ;
#2381 = ADVANCED_FACE ( 'NONE', ( #1938 ), #1278, .T. ) ;
#2382 = EDGE_CURVE ( 'NONE', #1174, #943, #874, .T. ) ;
#2383 = ORIENTED_EDGE ( 'NONE', *, *, #1400, .F. ) ;
#2384 = EDGE_LOOP ( 'NONE', ( #1035, #136, #661, #2651 ) ) ;
#2385 = ORIENTED_EDGE ( 'NONE', *, *, #1952, .F. ) ;
#2386 = DIRECTION ( 'NONE',  ( 0.000000000000000000, 0.000000000000000000, 1.000000000000000000 ) ) ;
#2387 = DIRECTION ( 'NONE',  ( 0.000000000000000000, 0.000000000000000000, -1.000000000000000000 ) ) ;
#2388 = DIRECTION ( 'NONE',  ( 1.000000000000000000, 0.000000000000000000, 0.000000000000000000 ) ) ;
#2389 = DIRECTION ( 'NONE',  ( 1.000000000000000000, 0.000000000000000000, 0.000000000000000000 ) ) ;
#2390 = LINE ( 'NONE', #2172, #700 ) ;
#2391 = DIRECTION ( 'NONE',  ( -1.000000000000000000, 0.000000000000000000, 0.000000000000000000 ) ) ;
#2392 = AXIS2_PLACEMENT_3D ( 'NONE', #2497, #1196, #337 ) ;
#2393 = VERTEX_POINT ( 'NONE', #48 ) ;
#2394 = AXIS2_PLACEMENT_3D ( 'NONE', #1713, #1055, #678 ) ;
#2395 = ORIENTED_EDGE ( 'NONE', *, *, #151, .T. ) ;
#2396 = ORIENTED_EDGE ( 'NONE', *, *, #2107, .F. ) ;
#2397 = ORIENTED_EDGE ( 'NONE', *, *, #1800, .F. ) ;
#2398 = CARTESIAN_POINT ( 'NONE',  ( 23.50000000000000000, 23.50000000000000000, 5.207300000000000040 ) ) ;
#2399 = EDGE_CURVE ( 'NONE', #993, #1022, #2353, .T. ) ;
#2400 = LINE ( 'NONE', #267, #1946 ) ;
#2401 = ADVANCED_FACE ( 'NONE', ( #424 ), #2372, .F. ) ;
#2402 = LINE ( 'NONE', #103, #423 ) ;
#2403 = EDGE_CURVE ( 'NONE', #1147, #1260, #2568, .T. ) ;
#2404 = VECTOR ( 'NONE', #1438, 1000.000000000000000 ) ;
#2405 = CARTESIAN_POINT ( 'NONE',  ( 0.01710552974008409943, -0.007085342409918859823, 0.3992999999999999883 ) ) ;
#2406 = AXIS2_PLACEMENT_3D ( 'NONE', #2635, #2229, #725 ) ;
#2407 = CARTESIAN_POINT ( 'NONE',  ( -15.00000000000000000, 0.000000000000000000, 0.5773000000000000353 ) ) ;
#2408 = LINE ( 'NONE', #2202, #805 ) ;
#2409 = AXIS2_PLACEMENT_3D ( 'NONE', #2764, #1694, #435 ) ;
#2410 = ORIENTED_EDGE ( 'NONE', *, *, #319, .T. ) ;
#2411 = VERTEX_POINT ( 'NONE', #2166 ) ;
#2412 = ORIENTED_EDGE ( 'NONE', *, *, #2593, .T. ) ;
#2413 = ORIENTED_EDGE ( 'NONE', *, *, #374, .T. ) ;
#2414 = ORIENTED_EDGE ( 'NONE', *, *, #736, .F. ) ;
#2415 = FACE_OUTER_BOUND ( 'NONE', #1557, .T. ) ;
#2416 = DIRECTION ( 'NONE',  ( -1.000000000000000000, 0.000000000000000000, 0.000000000000000000 ) ) ;
#2417 = CARTESIAN_POINT ( 'NONE',  ( 26.50000000000000000, 23.50000000000000000, 8.407299999999999329 ) ) ;
#2418 = AXIS2_PLACEMENT_3D ( 'NONE', #2666, #1345, #1543 ) ;
#2419 = DIRECTION ( 'NONE',  ( 0.000000000000000000, 0.000000000000000000, -1.000000000000000000 ) ) ;
#2420 = ADVANCED_FACE ( 'NONE', ( #239 ), #1682, .F. ) ;
#2421 = EDGE_CURVE ( 'NONE', #2440, #251, #1585, .T. ) ;
#2422 = LINE ( 'NONE', #975, #1402 ) ;
#2423 = CARTESIAN_POINT ( 'NONE',  ( 9.339845528054580015, 16.50000000000000000, 0.000000000000000000 ) ) ;
#2424 = DIRECTION ( 'NONE',  ( 0.000000000000000000, 0.000000000000000000, 1.000000000000000000 ) ) ;
#2425 = EDGE_LOOP ( 'NONE', ( #1341, #452 ) ) ;
#2426 = VECTOR ( 'NONE', #1080, 999.9999999999998863 ) ;
#2427 = ORIENTED_EDGE ( 'NONE', *, *, #2674, .F. ) ;
#2428 = ORIENTED_EDGE ( 'NONE', *, *, #2642, .F. ) ;
#2429 = DIRECTION ( 'NONE',  ( -1.000000000000000000, 0.000000000000000000, 0.000000000000000000 ) ) ;
#2430 = PLANE ( 'NONE',  #387 ) ;
#2431 = DIRECTION ( 'NONE',  ( 0.000000000000000000, 0.000000000000000000, 1.000000000000000000 ) ) ;
#2432 = VECTOR ( 'NONE', #606, 1000.000000000000000 ) ;
#2433 = DIRECTION ( 'NONE',  ( 0.000000000000000000, 0.000000000000000000, 1.000000000000000000 ) ) ;
#2434 = CARTESIAN_POINT ( 'NONE',  ( 25.00000000000000000, -16.50000000000000000, 0.3992999999999999883 ) ) ;
#2435 = LINE ( 'NONE', #1564, #2273 ) ;
#2436 = EDGE_CURVE ( 'NONE', #2326, #966, #2400, .T. ) ;
#2437 = CARTESIAN_POINT ( 'NONE',  ( -25.00000000000000000, 22.50000000000000000, 0.1779999999999999916 ) ) ;
#2438 = EDGE_LOOP ( 'NONE', ( #1288, #1037, #1791, #139 ) ) ;
#2439 = AXIS2_PLACEMENT_3D ( 'NONE', #2584, #664, #1949 ) ;
#2440 = VERTEX_POINT ( 'NONE', #479 ) ;
#2441 = ORIENTED_EDGE ( 'NONE', *, *, #753, .F. ) ;
#2442 = CARTESIAN_POINT ( 'NONE',  ( -25.00000000000000000, -16.50000000000000000, 0.5773000000000000353 ) ) ;
#2443 = CARTESIAN_POINT ( 'NONE',  ( -23.00156939064320127, -19.50000000000000000, 5.207300000000000040 ) ) ;
#2444 = DIRECTION ( 'NONE',  ( 0.000000000000000000, 0.000000000000000000, 1.000000000000000000 ) ) ;
#2445 = CARTESIAN_POINT ( 'NONE',  ( -25.00000000000000000, 22.50000000000000000, 0.5773000000000000353 ) ) ;
#2446 = AXIS2_PLACEMENT_3D ( 'NONE', #1617, #2269, #1132 ) ;
#2447 = DIRECTION ( 'NONE',  ( 1.000000000000000000, 0.000000000000000000, 0.000000000000000000 ) ) ;
#2448 = DIRECTION ( 'NONE',  ( -1.000000000000000000, 0.000000000000000000, 0.000000000000000000 ) ) ;
#2449 = CARTESIAN_POINT ( 'NONE',  ( 0.2241499999999964909, -0.3882391885165659695, 0.3992999999999999883 ) ) ;
#2450 = ORIENTED_EDGE ( 'NONE', *, *, #768, .T. ) ;
#2451 = EDGE_CURVE ( 'NONE', #2177, #1065, #245, .T. ) ;
#2452 = EDGE_CURVE ( 'NONE', #1741, #698, #2196, .T. ) ;
#2453 = ORIENTED_EDGE ( 'NONE', *, *, #2677, .F. ) ;
#2454 = CARTESIAN_POINT ( 'NONE',  ( 9.339845528054709689, -22.50000000000000000, 0.5100000000000000089 ) ) ;
#2455 = CARTESIAN_POINT ( 'NONE',  ( 21.50156939064314798, -19.50000000000000000, 5.207300000000000040 ) ) ;
#2456 = CARTESIAN_POINT ( 'NONE',  ( 15.00000000000000000, -1.956152303314904861, 0.1779999999999999916 ) ) ;
#2457 = DIRECTION ( 'NONE',  ( 0.000000000000000000, 0.000000000000000000, -1.000000000000000000 ) ) ;
#2458 = LINE ( 'NONE', #2434, #421 ) ;
#2459 = PLANE ( 'NONE',  #480 ) ;
#2460 = CIRCLE ( 'NONE', #758, 2.999999999999999112 ) ;
#2461 = DIRECTION ( 'NONE',  ( 0.000000000000000000, 0.000000000000000000, 1.000000000000000000 ) ) ;
#2462 = ORIENTED_EDGE ( 'NONE', *, *, #687, .T. ) ;
#2463 = ORIENTED_EDGE ( 'NONE', *, *, #2627, .F. ) ;
#2464 = VECTOR ( 'NONE', #620, 1000.000000000000000 ) ;
#2465 = CARTESIAN_POINT ( 'NONE',  ( -9.339803143895171189, 22.50000000000000000, 0.5773000000000000353 ) ) ;
#2466 = DIRECTION ( 'NONE',  ( -1.000000000000000000, 0.000000000000000000, 0.000000000000000000 ) ) ;
#2467 = EDGE_CURVE ( 'NONE', #2648, #1672, #1124, .T. ) ;
#2468 = EDGE_CURVE ( 'NONE', #2191, #2749, #2210, .T. ) ;
#2469 = CARTESIAN_POINT ( 'NONE',  ( 0.000000000000000000, 3.000000000000000000, 0.5773000000000000353 ) ) ;
#2470 = CARTESIAN_POINT ( 'NONE',  ( -16.50000000000000000, 13.50000000000000000, 5.207300000000000040 ) ) ;
#2471 = ORIENTED_EDGE ( 'NONE', *, *, #2710, .T. ) ;
#2472 = AXIS2_PLACEMENT_3D ( 'NONE', #937, #1348, #2034 ) ;
#2473 = CARTESIAN_POINT ( 'NONE',  ( 25.00000000000000000, 16.50000000000000000, 0.000000000000000000 ) ) ;
#2474 = DIRECTION ( 'NONE',  ( 1.000000000000000000, 0.000000000000000000, 0.000000000000000000 ) ) ;
#2475 = CARTESIAN_POINT ( 'NONE',  ( -23.50000000000000000, -26.50000000000000000, 8.407299999999999329 ) ) ;
#2476 = ORIENTED_EDGE ( 'NONE', *, *, #895, .F. ) ;
#2477 = VECTOR ( 'NONE', #2126, 1000.000000000000000 ) ;
#2478 = VERTEX_POINT ( 'NONE', #2443 ) ;
#2479 = CARTESIAN_POINT ( 'NONE',  ( 0.01465778537412337941, 0.01124731430156777900, 0.000000000000000000 ) ) ;
#2480 = AXIS2_PLACEMENT_3D ( 'NONE', #2756, #833, #1950 ) ;
#2481 = CARTESIAN_POINT ( 'NONE',  ( -23.00156939064320127, 19.50000000000000000, 5.207300000000000040 ) ) ;
#2482 = DIRECTION ( 'NONE',  ( -1.000000000000000000, 0.000000000000000000, 0.000000000000000000 ) ) ;
#2483 = EDGE_CURVE ( 'NONE', #1302, #1470, #1375, .T. ) ;
#2484 = EDGE_CURVE ( 'NONE', #477, #674, #603, .T. ) ;
#2485 = ORIENTED_EDGE ( 'NONE', *, *, #2468, .F. ) ;
#2486 = FACE_OUTER_BOUND ( 'NONE', #2336, .T. ) ;
#2487 = DIRECTION ( 'NONE',  ( 0.000000000000000000, 0.000000000000000000, 1.000000000000000000 ) ) ;
#2488 = VERTEX_POINT ( 'NONE', #1769 ) ;
#2489 = DIRECTION ( 'NONE',  ( 1.000000000000000000, 0.000000000000000000, 0.000000000000000000 ) ) ;
#2490 = AXIS2_PLACEMENT_3D ( 'NONE', #217, #27, #231 ) ;
#2491 = ORIENTED_EDGE ( 'NONE', *, *, #223, .F. ) ;
#2492 = VERTEX_POINT ( 'NONE', #2626 ) ;
#2493 = LINE ( 'NONE', #2506, #1376 ) ;
#2494 = DIRECTION ( 'NONE',  ( 0.000000000000000000, 0.000000000000000000, -1.000000000000000000 ) ) ;
#2495 = CARTESIAN_POINT ( 'NONE',  ( -25.00000000000000000, -22.50000000000000000, 0.5773000000000000353 ) ) ;
#2496 = VERTEX_POINT ( 'NONE', #295 ) ;
#2497 = CARTESIAN_POINT ( 'NONE',  ( -0.002416678348503309773, 0.01835649450477775182, 0.3992999999999999883 ) ) ;
#2498 = CARTESIAN_POINT ( 'NONE',  ( 0.000000000000000000, 0.000000000000000000, 0.5773000000000000353 ) ) ;
#2499 = EDGE_CURVE ( 'NONE', #2488, #1514, #2641, .T. ) ;
#2500 = ADVANCED_FACE ( 'NONE', ( #1559 ), #318, .F. ) ;
#2501 = ORIENTED_EDGE ( 'NONE', *, *, #2182, .F. ) ;
#2502 = CARTESIAN_POINT ( 'NONE',  ( 26.50000000000000000, -23.50000000000000000, 8.407299999999999329 ) ) ;
#2503 = VERTEX_POINT ( 'NONE', #1177 ) ;
#2504 = AXIS2_PLACEMENT_3D ( 'NONE', #53, #1494, #2391 ) ;
#2505 = VERTEX_POINT ( 'NONE', #1164 ) ;
#2506 = CARTESIAN_POINT ( 'NONE',  ( 0.01710552973981860000, 0.007085342409808990244, 0.3992999999999999883 ) ) ;
#2507 = VECTOR ( 'NONE', #1156, 1000.000000000000000 ) ;
#2508 = LINE ( 'NONE', #1849, #2162 ) ;
#2509 = DIRECTION ( 'NONE',  ( 0.000000000000000000, -1.000000000000000000, 0.000000000000000000 ) ) ;
#2510 = ORIENTED_EDGE ( 'NONE', *, *, #2148, .F. ) ;
#2511 = PLANE ( 'NONE',  #2524 ) ;
#2512 = DIRECTION ( 'NONE',  ( -1.000000000000000000, 0.000000000000000000, 0.000000000000000000 ) ) ;
#2513 = ORIENTED_EDGE ( 'NONE', *, *, #124, .F. ) ;
#2514 = DIRECTION ( 'NONE',  ( 0.000000000000000000, 0.000000000000000000, -1.000000000000000000 ) ) ;
#2515 = ADVANCED_FACE ( 'NONE', ( #1386 ), #731, .F. ) ;
#2516 = FACE_BOUND ( 'NONE', #380, .T. ) ;
#2517 = VERTEX_POINT ( 'NONE', #533 ) ;
#2518 = ADVANCED_FACE ( 'NONE', ( #2030 ), #78, .F. ) ;
#2519 = ORIENTED_EDGE ( 'NONE', *, *, #826, .F. ) ;
#2520 = ADVANCED_FACE ( 'NONE', ( #945 ), #2430, .T. ) ;
#2521 = PLANE ( 'NONE',  #1738 ) ;
#2522 = VERTEX_POINT ( 'NONE', #306 ) ;
#2523 = CARTESIAN_POINT ( 'NONE',  ( -23.50000000000000000, 23.50000000000000000, 8.407299999999999329 ) ) ;
#2524 = AXIS2_PLACEMENT_3D ( 'NONE', #1000, #381, #1853 ) ;
#2525 = CARTESIAN_POINT ( 'NONE',  ( 4.630646784547189309E-15, -16.50000000000000000, 0.1779999999999999916 ) ) ;
#2526 = VERTEX_POINT ( 'NONE', #2018 ) ;
#2527 = CARTESIAN_POINT ( 'NONE',  ( 0.4427789523112130032, -0.03965779445496930150, 0.1779999999999999916 ) ) ;
#2528 = CARTESIAN_POINT ( 'NONE',  ( -13.50000000000000000, -13.50000000000000000, 5.207300000000000040 ) ) ;
#2529 = ORIENTED_EDGE ( 'NONE', *, *, #322, .T. ) ;
#2530 = CARTESIAN_POINT ( 'NONE',  ( -15.00000000000000000, -1.956112807565720368, 0.5773000000000000353 ) ) ;
#2531 = CARTESIAN_POINT ( 'NONE',  ( -26.50000000000000000, -23.50000000000000000, 8.407299999999999329 ) ) ;
#2532 = ORIENTED_EDGE ( 'NONE', *, *, #736, .T. ) ;
#2533 = EDGE_LOOP ( 'NONE', ( #2679, #571, #702, #488, #2539, #1838, #405, #685 ) ) ;
#2534 = VECTOR ( 'NONE', #288, 1000.000000000000000 ) ;
#2535 = LINE ( 'NONE', #2380, #1105 ) ;
#2536 = ADVANCED_FACE ( 'NONE', ( #2667 ), #744, .T. ) ;
#2537 = ADVANCED_FACE ( 'NONE', ( #2615 ), #2693, .F. ) ;
#2538 = CIRCLE ( 'NONE', #2673, 0.03999999999999999389 ) ;
#2539 = ORIENTED_EDGE ( 'NONE', *, *, #2468, .T. ) ;
#2541 = LINE ( 'NONE', #845, #949 ) ;
#2540 = VECTOR ( 'NONE', #2136, 1000.000000000000000 ) ;
#2542 = CARTESIAN_POINT ( 'NONE',  ( 0.000000000000000000, -3.000000000000000000, 0.3992999999999999883 ) ) ;
#2543 = ORIENTED_EDGE ( 'NONE', *, *, #2403, .T. ) ;
#2544 = CARTESIAN_POINT ( 'NONE',  ( -15.00000000000000000, 3.000000000000000000, 0.3992999999999999883 ) ) ;
#2545 = FACE_OUTER_BOUND ( 'NONE', #1793, .T. ) ;
#2546 = PLANE ( 'NONE',  #204 ) ;
#2547 = CYLINDRICAL_SURFACE ( 'NONE', #2011, 1.500000000000001332 ) ;
#2548 = VERTEX_POINT ( 'NONE', #2087 ) ;
#2549 = ORIENTED_EDGE ( 'NONE', *, *, #1714, .F. ) ;
#2550 = AXIS2_PLACEMENT_3D ( 'NONE', #1780, #704, #2640 ) ;
#2551 = DIRECTION ( 'NONE',  ( 0.000000000000000000, 0.000000000000000000, -1.000000000000000000 ) ) ;
#2552 = VECTOR ( 'NONE', #113, 1000.000000000000000 ) ;
#2553 = DIRECTION ( 'NONE',  ( -1.000000000000000000, 0.000000000000000000, 0.000000000000000000 ) ) ;
#2554 = ADVANCED_FACE ( 'NONE', ( #767 ), #2723, .F. ) ;
#2555 = DIRECTION ( 'NONE',  ( 0.000000000000000000, 0.000000000000000000, 1.000000000000000000 ) ) ;
#2556 = APPLICATION_PROTOCOL_DEFINITION ( 'draft international standard', 'automotive_design', 1998, #1934 ) ;
#2557 = CARTESIAN_POINT ( 'NONE',  ( 23.00156939064314798, 19.50000000000000000, 5.207300000000000040 ) ) ;
#2558 = DIRECTION ( 'NONE',  ( 0.000000000000000000, 0.000000000000000000, 1.000000000000000000 ) ) ;
#2559 = VECTOR ( 'NONE', #732, 1000.000000000000000 ) ;
#2560 = DIRECTION ( 'NONE',  ( 0.000000000000000000, 0.000000000000000000, -1.000000000000000000 ) ) ;
#2561 = CYLINDRICAL_SURFACE ( 'NONE', #2722, 0.04000000000001696643 ) ;
#2562 = ORIENTED_EDGE ( 'NONE', *, *, #2218, .T. ) ;
#2563 = ORIENTED_EDGE ( 'NONE', *, *, #1047, .F. ) ;
#2564 = AXIS2_PLACEMENT_3D ( 'NONE', #50, #695, #1548 ) ;
#2565 = DIRECTION ( 'NONE',  ( 0.000000000000000000, 0.000000000000000000, -1.000000000000000000 ) ) ;
#2566 = EDGE_LOOP ( 'NONE', ( #1595, #184, #1848, #1396 ) ) ;
#2567 = DIRECTION ( 'NONE',  ( 0.000000000000000000, -1.000000000000000000, 0.000000000000000000 ) ) ;
#2568 = LINE ( 'NONE', #650, #1142 ) ;
#2569 = AXIS2_PLACEMENT_3D ( 'NONE', #565, #2267, #1255 ) ;
#2570 = PLANE ( 'NONE',  #1627 ) ;
#2571 = FACE_OUTER_BOUND ( 'NONE', #916, .T. ) ;
#2572 = VECTOR ( 'NONE', #214, 1000.000000000000000 ) ;
#2573 = ADVANCED_FACE ( 'NONE', ( #602 ), #1219, .F. ) ;
#2574 = EDGE_CURVE ( 'NONE', #368, #1569, #2058, .T. ) ;
#2575 = AXIS2_PLACEMENT_3D ( 'NONE', #1862, #799, #2482 ) ;
#2576 = VERTEX_POINT ( 'NONE', #165 ) ;
#2577 = CARTESIAN_POINT ( 'NONE',  ( -0.4482999999999999763, 0.000000000000000000, 0.3992999999999999883 ) ) ;
#2578 = CARTESIAN_POINT ( 'NONE',  ( -25.00000000000000000, 0.000000000000000000, 0.3992999999999999883 ) ) ;
#2579 = EDGE_LOOP ( 'NONE', ( #112, #1017, #372, #2280 ) ) ;
#2580 = EDGE_LOOP ( 'NONE', ( #990, #2410 ) ) ;
#2581 = ORIENTED_EDGE ( 'NONE', *, *, #895, .T. ) ;
#2582 = ORIENTED_EDGE ( 'NONE', *, *, #934, .T. ) ;
#2583 = CARTESIAN_POINT ( 'NONE',  ( -0.01468885139131544115, -0.01127115209496842158, 0.3992999999999999883 ) ) ;
#2584 = CARTESIAN_POINT ( 'NONE',  ( 4.984788404150369767E-15, -22.50000000000000000, 0.3992999999999999883 ) ) ;
#2585 = VECTOR ( 'NONE', #1536, 1000.000000000000000 ) ;
#2586 = VECTOR ( 'NONE', #1484, 1000.000000000000000 ) ;
#2587 = CARTESIAN_POINT ( 'NONE',  ( 0.000000000000000000, 22.50000000000000000, 0.000000000000000000 ) ) ;
#2588 = LINE ( 'NONE', #2617, #234 ) ;
#2589 = EDGE_LOOP ( 'NONE', ( #1121, #1466, #155, #795 ) ) ;
#2590 = CARTESIAN_POINT ( 'NONE',  ( 12.63755779107336075, 16.50000000000000000, 0.3992999999999999883 ) ) ;
#2591 = LINE ( 'NONE', #1956, #1566 ) ;
#2592 = EDGE_CURVE ( 'NONE', #604, #1014, #1443, .T. ) ;
#2593 = EDGE_CURVE ( 'NONE', #2081, #619, #1007, .T. ) ;
#2594 = CARTESIAN_POINT ( 'NONE',  ( 0.4480000000000169957, 0.000000000000000000, 0.000000000000000000 ) ) ;
#2595 = ORIENTED_EDGE ( 'NONE', *, *, #600, .T. ) ;
#2596 = ORIENTED_EDGE ( 'NONE', *, *, #1523, .T. ) ;
#2597 = ORIENTED_EDGE ( 'NONE', *, *, #41, .T. ) ;
#2598 = CARTESIAN_POINT ( 'NONE',  ( 13.50000000000000000, -16.50000000000000000, 8.407299999999999329 ) ) ;
#2599 = CARTESIAN_POINT ( 'NONE',  ( -21.50156939064320127, 19.50000000000000000, 5.207300000000000040 ) ) ;
#2600 = PRODUCT_DEFINITION_CONTEXT ( 'detailed design', #2076, 'design' ) ;
#2601 = DIRECTION ( 'NONE',  ( 0.000000000000000000, 0.000000000000000000, 1.000000000000000000 ) ) ;
#2602 = CARTESIAN_POINT ( 'NONE',  ( 25.00000000000000000, -22.50000000000000000, 0.000000000000000000 ) ) ;
#2603 = VECTOR ( 'NONE', #392, 1000.000000000000000 ) ;
#2604 = DIRECTION ( 'NONE',  ( 0.000000000000000000, 0.000000000000000000, 1.000000000000000000 ) ) ;
#2605 = DIRECTION ( 'NONE',  ( 0.000000000000000000, 0.000000000000000000, 1.000000000000000000 ) ) ;
#2606 = EDGE_CURVE ( 'NONE', #2692, #2302, #2493, .T. ) ;
#2607 = EDGE_LOOP ( 'NONE', ( #550, #2397, #1857, #1418 ) ) ;
#2608 = ORIENTED_EDGE ( 'NONE', *, *, #1987, .F. ) ;
#2609 = EDGE_CURVE ( 'NONE', #2326, #2522, #1846, .T. ) ;
#2610 = EDGE_CURVE ( 'NONE', #729, #401, #1413, .T. ) ;
#2611 = VECTOR ( 'NONE', #2669, 1000.000000000000000 ) ;
#2612 = ORIENTED_EDGE ( 'NONE', *, *, #2317, .T. ) ;
#2613 = ORIENTED_EDGE ( 'NONE', *, *, #1606, .F. ) ;
#2614 = CARTESIAN_POINT ( 'NONE',  ( 9.339845528054580015, 16.50000000000000000, 0.5100000000000000089 ) ) ;
#2615 = FACE_OUTER_BOUND ( 'NONE', #433, .T. ) ;
#2616 = CARTESIAN_POINT ( 'NONE',  ( -13.50000000000000000, -16.50000000000000000, 8.407299999999999329 ) ) ;
#2617 = CARTESIAN_POINT ( 'NONE',  ( -9.339803143895020199, -22.50000000000000000, 0.5773000000000000353 ) ) ;
#2618 = CIRCLE ( 'NONE', #1451, 1.500000000000001332 ) ;
#2619 = CARTESIAN_POINT ( 'NONE',  ( 23.00156939064314798, -3.285749932081509494E-15, 5.207300000000000040 ) ) ;
#2620 = CARTESIAN_POINT ( 'NONE',  ( 0.000000000000000000, -3.000000000000000000, 0.5773000000000000353 ) ) ;
#2621 = ORIENTED_EDGE ( 'NONE', *, *, #2483, .T. ) ;
#2622 = EDGE_LOOP ( 'NONE', ( #60, #728, #2396, #2042, #1032 ) ) ;
#2623 = VERTEX_POINT ( 'NONE', #140 ) ;
#2624 = VERTEX_POINT ( 'NONE', #994 ) ;
#2625 = CARTESIAN_POINT ( 'NONE',  ( 0.002411567222444214835, -0.01831767164799474878, 0.000000000000000000 ) ) ;
#2626 = CARTESIAN_POINT ( 'NONE',  ( -12.63760714847273903, 16.50000000000000000, 0.1779999999999999916 ) ) ;
#2627 = EDGE_CURVE ( 'NONE', #1844, #461, #1153, .T. ) ;
#2628 = ADVANCED_FACE ( 'NONE', ( #544 ), #2521, .T. ) ;
#2629 = VECTOR ( 'NONE', #541, 1000.000000000000000 ) ;
#2630 = CARTESIAN_POINT ( 'NONE',  ( -25.00000000000000000, 3.000000000000000000, 0.3992999999999999883 ) ) ;
#2631 = CIRCLE ( 'NONE', #1414, 2.999999999999999112 ) ;
#2632 = DIRECTION ( 'NONE',  ( 0.000000000000000000, 0.000000000000000000, -1.000000000000000000 ) ) ;
#2633 = CIRCLE ( 'NONE', #1821, 0.03999999999999999389 ) ;
#2634 = CARTESIAN_POINT ( 'NONE',  ( -13.50000000000000000, 16.50000000000000000, 8.407299999999999329 ) ) ;
#2635 = CARTESIAN_POINT ( 'NONE',  ( -21.50156939064320127, -19.50000000000000000, 5.207300000000000040 ) ) ;
#2636 = CARTESIAN_POINT ( 'NONE',  ( 15.00000000000000000, 3.000000000000000000, 0.1779999999999999916 ) ) ;
#2637 = ORIENTED_EDGE ( 'NONE', *, *, #1527, .T. ) ;
#2638 = ORIENTED_EDGE ( 'NONE', *, *, #1047, .T. ) ;
#2639 = ORIENTED_EDGE ( 'NONE', *, *, #499, .F. ) ;
#2640 = DIRECTION ( 'NONE',  ( 0.000000000000000000, 0.000000000000000000, -1.000000000000000000 ) ) ;
#2641 = LINE ( 'NONE', #1139, #1230 ) ;
#2642 = EDGE_CURVE ( 'NONE', #302, #189, #2706, .T. ) ;
#2643 =( NAMED_UNIT ( * ) SI_UNIT ( $, .STERADIAN. ) SOLID_ANGLE_UNIT ( ) );
#2644 = DIRECTION ( 'NONE',  ( -1.000000000000000000, 0.000000000000000000, 0.000000000000000000 ) ) ;
#2645 = DIRECTION ( 'NONE',  ( 0.000000000000000000, 0.000000000000000000, 1.000000000000000000 ) ) ;
#2646 = DIRECTION ( 'NONE',  ( 1.000000000000000000, 0.000000000000000000, 0.000000000000000000 ) ) ;
#2647 = CARTESIAN_POINT ( 'NONE',  ( -12.63760714847255962, -16.50000000000000000, 0.000000000000000000 ) ) ;
#2648 = VERTEX_POINT ( 'NONE', #389 ) ;
#2649 = COLOUR_RGB ( '',0.7921568627450980005, 0.8196078431372548767, 0.9333333333333333481 ) ;
#2650 = ORIENTED_EDGE ( 'NONE', *, *, #1082, .T. ) ;
#2651 = ORIENTED_EDGE ( 'NONE', *, *, #995, .T. ) ;
#2652 = DIRECTION ( 'NONE',  ( 0.000000000000000000, -1.000000000000000000, 0.000000000000000000 ) ) ;
#2653 = CARTESIAN_POINT ( 'NONE',  ( -23.50000000000000000, -26.50000000000000000, 5.207300000000000040 ) ) ;
#2654 = CARTESIAN_POINT ( 'NONE',  ( -0.4082999999999999963, 0.000000000000000000, 0.3992999999999999883 ) ) ;
#2655 = AXIS2_PLACEMENT_3D ( 'NONE', #230, #2558, #2142 ) ;
#2656 = CARTESIAN_POINT ( 'NONE',  ( 23.50000000000000000, 23.50000000000000000, 8.407299999999999329 ) ) ;
#2657 = CARTESIAN_POINT ( 'NONE',  ( 23.00156939064314798, -3.285749932081509494E-15, 5.207300000000000040 ) ) ;
#2658 = DIRECTION ( 'NONE',  ( 1.000000000000000000, 0.000000000000000000, 0.000000000000000000 ) ) ;
#2659 = EDGE_CURVE ( 'NONE', #1887, #1556, #2231, .T. ) ;
#2660 = ADVANCED_FACE ( 'NONE', ( #114 ), #968, .T. ) ;
#2661 = CARTESIAN_POINT ( 'NONE',  ( -0.1870448186995435080, -0.4032867181900529618, 0.000000000000000000 ) ) ;
#2662 = AXIS2_PLACEMENT_3D ( 'NONE', #1171, #1981, #938 ) ;
#2663 = VERTEX_POINT ( 'NONE', #2681 ) ;
#2664 = VECTOR ( 'NONE', #102, 1000.000000000000000 ) ;
#2665 = ORIENTED_EDGE ( 'NONE', *, *, #1097, .F. ) ;
#2666 = CARTESIAN_POINT ( 'NONE',  ( -23.50000000000000000, 23.50000000000000000, 5.207300000000000040 ) ) ;
#2667 = FACE_OUTER_BOUND ( 'NONE', #1076, .T. ) ;
#2668 = CARTESIAN_POINT ( 'NONE',  ( -23.50000000000000000, 26.50000000000000000, 5.207300000000000040 ) ) ;
#2669 = DIRECTION ( 'NONE',  ( 1.000000000000000000, 0.000000000000000000, 0.000000000000000000 ) ) ;
#2670 = VECTOR ( 'NONE', #712, 1000.000000000000000 ) ;
#2671 = CARTESIAN_POINT ( 'NONE',  ( 0.000000000000000000, 0.000000000000000000, 0.000000000000000000 ) ) ;
#2672 = FACE_OUTER_BOUND ( 'NONE', #304, .T. ) ;
#2673 = AXIS2_PLACEMENT_3D ( 'NONE', #1029, #1463, #2310 ) ;
#2674 = EDGE_CURVE ( 'NONE', #118, #2492, #2288, .T. ) ;
#2675 = VECTOR ( 'NONE', #1874, 1000.000000000000114 ) ;
#2676 = DIRECTION ( 'NONE',  ( 0.000000000000000000, 1.000000000000000000, 0.000000000000000000 ) ) ;
#2677 = EDGE_CURVE ( 'NONE', #1945, #1632, #128, .T. ) ;
#2678 = VERTEX_POINT ( 'NONE', #1834 ) ;
#2679 = ORIENTED_EDGE ( 'NONE', *, *, #23, .T. ) ;
#2680 = CARTESIAN_POINT ( 'NONE',  ( -0.2240000000000049729, 0.3879793808954454803, 0.1779999999999999916 ) ) ;
#2681 = CARTESIAN_POINT ( 'NONE',  ( -0.4430789523111980377, -0.03965779445495244693, 0.3992999999999999883 ) ) ;
#2682 = PRODUCT_DEFINITION_SHAPE ( 'NONE', 'NONE',  #353 ) ;
#2683 = CARTESIAN_POINT ( 'NONE',  ( -0.01706935259612835099, -0.007070357346245339895, 0.000000000000000000 ) ) ;
#2684 = DIRECTION ( 'NONE',  ( 1.000000000000000000, 0.000000000000000000, 0.000000000000000000 ) ) ;
#2685 = ORIENTED_EDGE ( 'NONE', *, *, #1882, .T. ) ;
#2686 = LINE ( 'NONE', #710, #2031 ) ;
#2687 = CARTESIAN_POINT ( 'NONE',  ( -23.50000000000000000, -26.50000000000000000, 8.407299999999999329 ) ) ;
#2688 = CARTESIAN_POINT ( 'NONE',  ( 25.00000000000000000, -22.50000000000000000, 0.000000000000000000 ) ) ;
#2689 = ORIENTED_EDGE ( 'NONE', *, *, #2592, .F. ) ;
#2690 = EDGE_CURVE ( 'NONE', #1147, #942, #2535, .T. ) ;
#2691 = EDGE_CURVE ( 'NONE', #2517, #1945, #420, .T. ) ;
#2692 = VERTEX_POINT ( 'NONE', #827 ) ;
#2693 = PLANE ( 'NONE',  #2046 ) ;
#2694 = EDGE_CURVE ( 'NONE', #2517, #2576, #673, .T. ) ;
#2695 = EDGE_CURVE ( 'NONE', #251, #1841, #856, .T. ) ;
#2696 = CARTESIAN_POINT ( 'NONE',  ( 0.4427789523112130032, 0.03965779445496930150, 0.000000000000000000 ) ) ;
#2697 = CARTESIAN_POINT ( 'NONE',  ( 9.339845528054580015, 16.50000000000000000, 0.000000000000000000 ) ) ;
#2698 = EDGE_LOOP ( 'NONE', ( #1707, #2314, #148, #1916, #1961, #2109 ) ) ;
#2699 = CIRCLE ( 'NONE', #2655, 1.500000000000001332 ) ;
#2700 = FACE_BOUND ( 'NONE', #2271, .T. ) ;
#2701 = DIRECTION ( 'NONE',  ( 0.000000000000000000, 0.000000000000000000, 1.000000000000000000 ) ) ;
#2702 = ORIENTED_EDGE ( 'NONE', *, *, #2691, .T. ) ;
#2703 = CARTESIAN_POINT ( 'NONE',  ( -9.339803143895020199, -22.50000000000000000, 0.000000000000000000 ) ) ;
#2704 = ORIENTED_EDGE ( 'NONE', *, *, #962, .T. ) ;
#2705 = ORIENTED_EDGE ( 'NONE', *, *, #786, .F. ) ;
#2706 = LINE ( 'NONE', #572, #747 ) ;
#2707 = AXIS2_PLACEMENT_3D ( 'NONE', #1910, #242, #1098 ) ;
#2708 = CIRCLE ( 'NONE', #2575, 2.999999999999999112 ) ;
#2709 = ORIENTED_EDGE ( 'NONE', *, *, #1334, .T. ) ;
#2710 = EDGE_CURVE ( 'NONE', #942, #2179, #1554, .T. ) ;
#2711 = CARTESIAN_POINT ( 'NONE',  ( 15.00000000000000000, 3.000000000000000000, 0.5773000000000000353 ) ) ;
#2712 = EDGE_CURVE ( 'NONE', #303, #542, #2121, .T. ) ;
#2713 = LINE ( 'NONE', #2697, #963 ) ;
#2714 = ORIENTED_EDGE ( 'NONE', *, *, #1865, .T. ) ;
#2715 = FACE_OUTER_BOUND ( 'NONE', #1356, .T. ) ;
#2716 = LINE ( 'NONE', #1644, #935 ) ;
#2717 = ORIENTED_EDGE ( 'NONE', *, *, #2403, .F. ) ;
#2718 = CARTESIAN_POINT ( 'NONE',  ( 0.000000000000000000, 0.000000000000000000, 0.1779999999999999916 ) ) ;
#2719 = ORIENTED_EDGE ( 'NONE', *, *, #2167, .T. ) ;
#2720 = AXIS2_PLACEMENT_3D ( 'NONE', #1189, #1023, #1621 ) ;
#2721 = VERTEX_POINT ( 'NONE', #17 ) ;
#2722 = AXIS2_PLACEMENT_3D ( 'NONE', #1101, #893, #1720 ) ;
#2723 = PLANE ( 'NONE',  #1957 ) ;
#2724 = VECTOR ( 'NONE', #1228, 1000.000000000000000 ) ;
#2725 = ORIENTED_EDGE ( 'NONE', *, *, #1527, .F. ) ;
#2726 = DIRECTION ( 'NONE',  ( 0.000000000000000000, 0.000000000000000000, -1.000000000000000000 ) ) ;
#2727 = CARTESIAN_POINT ( 'NONE',  ( 15.00000000000000000, 1.956152303314910190, 0.1779999999999999916 ) ) ;
#2728 = ADVANCED_FACE ( 'NONE', ( #222 ), #3, .F. ) ;
#2729 = ORIENTED_EDGE ( 'NONE', *, *, #2399, .F. ) ;
#2730 = LINE ( 'NONE', #1615, #2125 ) ;
#2731 = DIRECTION ( 'NONE',  ( -0.6087614290087078883, 0.7933533402912449350, 0.000000000000000000 ) ) ;
#2732 = VERTEX_POINT ( 'NONE', #1680 ) ;
#2733 = DIRECTION ( 'NONE',  ( 0.000000000000000000, 0.000000000000000000, 1.000000000000000000 ) ) ;
#2734 = DIRECTION ( 'NONE',  ( 1.000000000000000000, 0.000000000000000000, 0.000000000000000000 ) ) ;
#2735 = ORIENTED_EDGE ( 'NONE', *, *, #356, .F. ) ;
#2736 = VERTEX_POINT ( 'NONE', #1471 ) ;
#2737 = CARTESIAN_POINT ( 'NONE',  ( 25.00000000000000000, -3.000000000000000000, 0.1779999999999999916 ) ) ;
#2738 = VECTOR ( 'NONE', #1024, 1000.000000000000000 ) ;
#2739 = LINE ( 'NONE', #2059, #1613 ) ;
#2740 = PLANE ( 'NONE',  #277 ) ;
#2741 = VERTEX_POINT ( 'NONE', #2331 ) ;
#2742 = LINE ( 'NONE', #1449, #2074 ) ;
#2743 = PLANE ( 'NONE',  #1954 ) ;
#2744 = ORIENTED_EDGE ( 'NONE', *, *, #1166, .F. ) ;
#2745 = CARTESIAN_POINT ( 'NONE',  ( -0.4430789523111980377, 0.03965779445495244693, 0.3992999999999999883 ) ) ;
#2746 = DIRECTION ( 'NONE',  ( 0.3826834323650811220, -0.9238795325112902912, 0.000000000000000000 ) ) ;
#2747 = EDGE_CURVE ( 'NONE', #2285, #1218, #2102, .T. ) ;
#2748 = ADVANCED_FACE ( 'NONE', ( #2346 ), #194, .T. ) ;
#2749 = VERTEX_POINT ( 'NONE', #1077 ) ;
#2750 = VERTEX_POINT ( 'NONE', #1276 ) ;
#2751 = CARTESIAN_POINT ( 'NONE',  ( 0.4480000000000169957, 0.000000000000000000, 0.1779999999999999916 ) ) ;
#2752 = DIRECTION ( 'NONE',  ( 0.000000000000000000, 0.000000000000000000, -1.000000000000000000 ) ) ;
#2753 = AXIS2_PLACEMENT_3D ( 'NONE', #496, #2645, #1349 ) ;
#2754 = DIRECTION ( 'NONE',  ( -1.661854963598335051E-15, -1.000000000000000000, 0.000000000000000000 ) ) ;
#2755 = ORIENTED_EDGE ( 'NONE', *, *, #1270, .T. ) ;
#2756 = CARTESIAN_POINT ( 'NONE',  ( -23.50000000000000000, -23.50000000000000000, 5.207300000000000040 ) ) ;
#2757 = CARTESIAN_POINT ( 'NONE',  ( 15.00000000000000000, -3.000000000000000000, 0.5773000000000000353 ) ) ;
#2758 = EDGE_LOOP ( 'NONE', ( #45, #14, #2194, #2582 ) ) ;
#2759 = CYLINDRICAL_SURFACE ( 'NONE', #162, 0.04000000000001696643 ) ;
#2760 = FACE_BOUND ( 'NONE', #1700, .T. ) ;
#2761 = ORIENTED_EDGE ( 'NONE', *, *, #894, .T. ) ;
#2762 = ADVANCED_FACE ( 'NONE', ( #209, #2358 ), #646, .T. ) ;
#2763 = ORIENTED_EDGE ( 'NONE', *, *, #2452, .F. ) ;
#2764 = CARTESIAN_POINT ( 'NONE',  ( 0.000000000000000000, 0.000000000000000000, 0.5773000000000000353 ) ) ;
#2765 = VECTOR ( 'NONE', #1880, 1000.000000000000000 ) ;
#2766 = CARTESIAN_POINT ( 'NONE',  ( -0.01706935259683780085, 0.007070357346538459591, 0.000000000000000000 ) ) ;
#2767 = DIRECTION ( 'NONE',  ( 0.000000000000000000, 0.000000000000000000, -1.000000000000000000 ) ) ;
#2768 = EDGE_LOOP ( 'NONE', ( #1873, #2206, #1959, #2015 ) ) ;
#2769 = CARTESIAN_POINT ( 'NONE',  ( 12.63755779107336075, 16.50000000000000000, 0.5773000000000000353 ) ) ;
#2770 = DIRECTION ( 'NONE',  ( 0.000000000000000000, 0.000000000000000000, 1.000000000000000000 ) ) ;
#2771 = CARTESIAN_POINT ( 'NONE',  ( -21.50156939064320127, -3.469446951953614978E-15, 5.207300000000000040 ) ) ;
#2772 = DIRECTION ( 'NONE',  ( 0.000000000000000000, 0.000000000000000000, -1.000000000000000000 ) ) ;
#2773 = VERTEX_POINT ( 'NONE', #1498 ) ;
ENDSEC;
END-ISO-10303-21;
