                                                                        S      1
1H,,1H;,,99HG:\my_workspace\code\FEM_sim\magnetic_sim\ANSYS\main\IGES_c,G      1
5HANSYS,22H  25.2      UP20250519,,,,,,,1.0,1,,,,13H000706.172518,      G      2
1.0000E-04,,,,9,,;                                                      G      3
     128       1       0       0       0       0       0       000010001D      1
     128       0       0      12       1       0       0 SURFACE       0D      2
     126      13       0       0       0       0       0       000010001D      3
     126       0       0       9       2       0       0B-SPLINE       0D      4
     126      22       0       0       0       0       0       000010001D      5
     126       0       0       9       2       0       0B-SPLINE       0D      6
     126      31       0       0       0       0       0       000010001D      7
     126       0       0       9       2       0       0B-SPLINE       0D      8
     126      40       0       0       0       0       0       000010001D      9
     126       0       0       9       2       0       0B-SPLINE       0D     10
     128      49       0       0       0       0       0       000010001D     11
     128       0       0      20       4       0       0 SURFACE       0D     12
     126      69       0       0       0       0       0       000010001D     13
     126       0       0       9       2       0       0B-SPLINE       0D     14
     126      78       0       0       0       0       0       000010001D     15
     126       0       0       9       2       0       0B-SPLINE       0D     16
     126      87       0       0       0       0       0       000010001D     17
     126       0       0       9       2       0       0B-SPLINE       0D     18
     128      96       0       0       0       0       0       000010001D     19
     128       0       0      20       4       0       0 SURFACE       0D     20
     126     116       0       0       0       0       0       000010001D     21
     126       0       0       9       2       0       0B-SPLINE       0D     22
     126     125       0       0       0       0       0       000010001D     23
     126       0       0       9       2       0       0B-SPLINE       0D     24
     128     134       0       0       0       0       0       000010001D     25
     128       0       0      20       4       0       0 SURFACE       0D     26
     126     154       0       0       0       0       0       000010001D     27
     126       0       0       9       2       0       0B-SPLINE       0D     28
     126     163       0       0       0       0       0       000010001D     29
     126       0       0       9       2       0       0B-SPLINE       0D     30
     128     172       0       0       0       0       0       000010001D     31
     128       0       0      20       4       0       0 SURFACE       0D     32
     126     192       0       0       0       0       0       000010001D     33
     126       0       0       9       2       0       0B-SPLINE       0D     34
     128     201       0       0       0       0       0       000010001D     35
     128       0       0      15       3       0       0 SURFACE       0D     36
     126     216       0       0       0       0       0       000010001D     37
     126       0       0       7       1       0       0B-SPLINE       0D     38
     126     223       0       0       0       0       0       000010001D     39
     126       0       0       9       2       0       0B-SPLINE       0D     40
     126     232       0       0       0       0       0       000010001D     41
     126       0       0       7       1       0       0B-SPLINE       0D     42
     128     239       0       0       0       0       0       000010001D     43
     128       0       0      15       3       0       0 SURFACE       0D     44
     126     254       0       0       0       0       0       000010001D     45
     126       0       0       9       2       0       0B-SPLINE       0D     46
     126     263       0       0       0       0       0       000010001D     47
     126       0       0       7       1       0       0B-SPLINE       0D     48
     128     270       0       0       0       0       0       000010001D     49
     128       0       0      15       3       0       0 SURFACE       0D     50
     126     285       0       0       0       0       0       000010001D     51
     126       0       0       9       2       0       0B-SPLINE       0D     52
     126     294       0       0       0       0       0       000010001D     53
     126       0       0       7       1       0       0B-SPLINE       0D     54
     128     301       0       0       0       0       0       000010001D     55
     128       0       0      15       3       0       0 SURFACE       0D     56
     126     316       0       0       0       0       0       000010001D     57
     126       0       0       9       2       0       0B-SPLINE       0D     58
     128     325       0       0       0       0       0       000010001D     59
     128       0       0      15       3       0       0 SURFACE       0D     60
     126     340       0       0       0       0       0       000010001D     61
     126       0       0       7       1       0       0B-SPLINE       0D     62
     126     347       0       0       0       0       0       000010001D     63
     126       0       0       9       2       0       0B-SPLINE       0D     64
     126     356       0       0       0       0       0       000010001D     65
     126       0       0       7       1       0       0B-SPLINE       0D     66
     128     363       0       0       0       0       0       000010001D     67
     128       0       0      15       3       0       0 SURFACE       0D     68
     126     378       0       0       0       0       0       000010001D     69
     126       0       0       9       2       0       0B-SPLINE       0D     70
     126     387       0       0       0       0       0       000010001D     71
     126       0       0       7       1       0       0B-SPLINE       0D     72
     128     394       0       0       0       0       0       000010001D     73
     128       0       0      15       3       0       0 SURFACE       0D     74
     126     409       0       0       0       0       0       000010001D     75
     126       0       0       9       2       0       0B-SPLINE       0D     76
     126     418       0       0       0       0       0       000010001D     77
     126       0       0       9       2       0       0B-SPLINE       0D     78
     126     427       0       0       0       0       0       000010001D     79
     126       0       0       7       1       0       0B-SPLINE       0D     80
     128     434       0       0       0       0       0       000010001D     81
     128       0       0      15       3       0       0 SURFACE       0D     82
     126     449       0       0       0       0       0       000010001D     83
     126       0       0       9       2       0       0B-SPLINE       0D     84
     126     458       0       0       0       0       0       000010001D     85
     126       0       0       9       2       0       0B-SPLINE       0D     86
     128     467       0       0       0       0       0       000010001D     87
     128       0       0      12       1       0       0 SURFACE       0D     88
     126     479       0       0       0       0       0       000010001D     89
     126       0       0       7       1       0       0B-SPLINE       0D     90
     126     486       0       0       0       0       0       000010001D     91
     126       0       0       7       1       0       0B-SPLINE       0D     92
     126     493       0       0       0       0       0       000010001D     93
     126       0       0       7       1       0       0B-SPLINE       0D     94
     126     500       0       0       0       0       0       000010001D     95
     126       0       0       7       1       0       0B-SPLINE       0D     96
     126     507       0       0       0       0       0       000010001D     97
     126       0       0       7       1       0       0B-SPLINE       0D     98
     128     514       0       0       0       0       0       000010001D     99
     128       0       0      12       1       0       0 SURFACE       0D    100
     126     526       0       0       0       0       0       000010001D    101
     126       0       0       7       1       0       0B-SPLINE       0D    102
     126     533       0       0       0       0       0       000010001D    103
     126       0       0       7       1       0       0B-SPLINE       0D    104
     126     540       0       0       0       0       0       000010001D    105
     126       0       0       7       1       0       0B-SPLINE       0D    106
     128     547       0       0       0       0       0       000010001D    107
     128       0       0      12       1       0       0 SURFACE       0D    108
     126     559       0       0       0       0       0       000010001D    109
     126       0       0       7       1       0       0B-SPLINE       0D    110
     126     566       0       0       0       0       0       000010001D    111
     126       0       0       7       1       0       0B-SPLINE       0D    112
     126     573       0       0       0       0       0       000010001D    113
     126       0       0       7       1       0       0B-SPLINE       0D    114
     128     580       0       0       0       0       0       000010001D    115
     128       0       0      12       1       0       0 SURFACE       0D    116
     126     592       0       0       0       0       0       000010001D    117
     126       0       0       7       1       0       0B-SPLINE       0D    118
     126     599       0       0       0       0       0       000010001D    119
     126       0       0       7       1       0       0B-SPLINE       0D    120
     128     606       0       0       0       0       0       000010001D    121
     128       0       0      12       1       0       0 SURFACE       0D    122
     126     618       0       0       0       0       0       000010001D    123
     126       0       0       7       1       0       0B-SPLINE       0D    124
     126     625       0       0       0       0       0       000010001D    125
     126       0       0       7       1       0       0B-SPLINE       0D    126
     128     632       0       0       0       0       0       000010001D    127
     128       0       0      12       1       0       0 SURFACE       0D    128
     126     644       0       0       0       0       0       000010001D    129
     126       0       0       7       1       0       0B-SPLINE       0D    130
     126     651       0       0       0       0       0       000010001D    131
     126       0       0       7       1       0       0B-SPLINE       0D    132
     126     658       0       0       0       0       0       000010001D    133
     126       0       0       7       1       0       0B-SPLINE       0D    134
     128     665       0       0       0       0       0       000010001D    135
     128       0       0      12       1       0       0 SURFACE       0D    136
     126     677       0       0       0       0       0       000010001D    137
     126       0       0       7       1       0       0B-SPLINE       0D    138
     126     684       0       0       0       0       0       000010001D    139
     126       0       0       7       1       0       0B-SPLINE       0D    140
     128     691       0       0       0       0       0       000010001D    141
     128       0       0      12       1       0       0 SURFACE       0D    142
     126     703       0       0       0       0       0       000010001D    143
     126       0       0       7       1       0       0B-SPLINE       0D    144
     126     710       0       0       0       0       0       000010001D    145
     126       0       0       7       1       0       0B-SPLINE       0D    146
     126     717       0       0       0       0       0       000010001D    147
     126       0       0       7       1       0       0B-SPLINE       0D    148
     128     724       0       0       0       0       0       000010001D    149
     128       0       0      12       1       0       0 SURFACE       0D    150
     126     736       0       0       0       0       0       000010001D    151
     126       0       0       7       1       0       0B-SPLINE       0D    152
     126     743       0       0       0       0       0       000010001D    153
     126       0       0       7       1       0       0B-SPLINE       0D    154
     128     750       0       0       0       0       0       000010001D    155
     128       0       0      12       1       0       0 SURFACE       0D    156
     126     762       0       0       0       0       0       000010001D    157
     126       0       0       7       1       0       0B-SPLINE       0D    158
     126     769       0       0       0       0       0       000010001D    159
     126       0       0       7       1       0       0B-SPLINE       0D    160
     126     776       0       0       0       0       0       000010001D    161
     126       0       0       7       1       0       0B-SPLINE       0D    162
     128     783       0       0       0       0       0       000010001D    163
     128       0       0      12       1       0       0 SURFACE       0D    164
     126     795       0       0       0       0       0       000010001D    165
     126       0       0       7       1       0       0B-SPLINE       0D    166
     126     802       0       0       0       0       0       000010001D    167
     126       0       0       7       1       0       0B-SPLINE       0D    168
     128     809       0       0       0       0       0       000010001D    169
     128       0       0      12       1       0       0 SURFACE       0D    170
     126     821       0       0       0       0       0       000010001D    171
     126       0       0       7       1       0       0B-SPLINE       0D    172
     126     828       0       0       0       0       0       000010001D    173
     126       0       0       7       1       0       0B-SPLINE       0D    174
     128     835       0       0       0       0       0       000010001D    175
     128       0       0      12       1       0       0 SURFACE       0D    176
     126     847       0       0       0       0       0       000010001D    177
     126       0       0       7       1       0       0B-SPLINE       0D    178
     126     854       0       0       0       0       0       000010001D    179
     126       0       0       7       1       0       0B-SPLINE       0D    180
     126     861       0       0       0       0       0       000010001D    181
     126       0       0       7       1       0       0B-SPLINE       0D    182
     128     868       0       0       0       0       0       000010001D    183
     128       0       0      12       1       0       0 SURFACE       0D    184
     126     880       0       0       0       0       0       000010001D    185
     126       0       0       7       1       0       0B-SPLINE       0D    186
     126     887       0       0       0       0       0       000010001D    187
     126       0       0       7       1       0       0B-SPLINE       0D    188
     128     894       0       0       0       0       0       000010001D    189
     128       0       0      12       1       0       0 SURFACE       0D    190
     126     906       0       0       0       0       0       000010001D    191
     126       0       0       7       1       0       0B-SPLINE       0D    192
     126     913       0       0       0       0       0       000010001D    193
     126       0       0       7       1       0       0B-SPLINE       0D    194
     126     920       0       0       0       0       0       000010001D    195
     126       0       0       7       1       0       0B-SPLINE       0D    196
     126     927       0       0       0       0       0       000010001D    197
     126       0       0       7       1       0       0B-SPLINE       0D    198
     126     934       0       0       0       0       0       000010001D    199
     126       0       0       7       1       0       0B-SPLINE       0D    200
     126     941       0       0       0       0       0       000010001D    201
     126       0       0       7       1       0       0B-SPLINE       0D    202
     128     948       0       0       0       0       0       000010001D    203
     128       0       0      12       1       0       0 SURFACE       0D    204
     126     960       0       0       0       0       0       000010001D    205
     126       0       0       9       2       0       0B-SPLINE       0D    206
     126     969       0       0       0       0       0       000010001D    207
     126       0       0       7       1       0       0B-SPLINE       0D    208
     128     976       0       0       0       0       0       000010001D    209
     128       0       0      12       1       0       0 SURFACE       0D    210
     126     988       0       0       0       0       0       000010001D    211
     126       0       0       7       1       0       0B-SPLINE       0D    212
     126     995       0       0       0       0       0       000010001D    213
     126       0       0       7       1       0       0B-SPLINE       0D    214
     128    1002       0       0       0       0       0       000010001D    215
     128       0       0      12       1       0       0 SURFACE       0D    216
     126    1014       0       0       0       0       0       000010001D    217
     126       0       0       7       1       0       0B-SPLINE       0D    218
     126    1021       0       0       0       0       0       000010001D    219
     126       0       0       7       1       0       0B-SPLINE       0D    220
     126    1028       0       0       0       0       0       000010001D    221
     126       0       0       7       1       0       0B-SPLINE       0D    222
     126    1035       0       0       0       0       0       000010001D    223
     126       0       0       7       1       0       0B-SPLINE       0D    224
     126    1042       0       0       0       0       0       000010001D    225
     126       0       0       7       1       0       0B-SPLINE       0D    226
     126    1049       0       0       0       0       0       000010001D    227
     126       0       0       7       1       0       0B-SPLINE       0D    228
     126    1056       0       0       0       0       0       000010001D    229
     126       0       0       7       1       0       0B-SPLINE       0D    230
     128    1063       0       0       0       0       0       000010001D    231
     128       0       0      12       1       0       0 SURFACE       0D    232
     126    1075       0       0       0       0       0       000010001D    233
     126       0       0       9       2       0       0B-SPLINE       0D    234
     128    1084       0       0       0       0       0       000010001D    235
     128       0       0      18       2       0       0 SURFACE       0D    236
     126    1102       0       0       0       0       0       000010001D    237
     126       0       0       9       2       0       0B-SPLINE       0D    238
     126    1111       0       0       0       0       0       000010001D    239
     126       0       0       7       1       0       0B-SPLINE       0D    240
     126    1118       0       0       0       0       0       000010001D    241
     126       0       0       9       2       0       0B-SPLINE       0D    242
     126    1127       0       0       0       0       0       000010001D    243
     126       0       0       9       2       0       0B-SPLINE       0D    244
     126    1136       0       0       0       0       0       000010001D    245
     126       0       0       7       1       0       0B-SPLINE       0D    246
     128    1143       0       0       0       0       0       000010001D    247
     128       0       0      18       2       0       0 SURFACE       0D    248
     126    1161       0       0       0       0       0       000010001D    249
     126       0       0       9       2       0       0B-SPLINE       0D    250
     126    1170       0       0       0       0       0       000010001D    251
     126       0       0       9       2       0       0B-SPLINE       0D    252
     126    1179       0       0       0       0       0       000010001D    253
     126       0       0       9       2       0       0B-SPLINE       0D    254
     128    1188       0       0       0       0       0       000010001D    255
     128       0       0      12       1       0       0 SURFACE       0D    256
     128    1200       0       0       0       0       0       000010001D    257
     128       0       0      12       1       0       0 SURFACE       0D    258
     126    1212       0       0       0       0       0       000010001D    259
     126       0       0       7       1       0       0B-SPLINE       0D    260
     128    1219       0       0       0       0       0       000010001D    261
     128       0       0      12       1       0       0 SURFACE       0D    262
     126    1231       0       0       0       0       0       000010001D    263
     126       0       0       7       1       0       0B-SPLINE       0D    264
     128    1238       0       0       0       0       0       000010001D    265
     128       0       0      12       1       0       0 SURFACE       0D    266
     126    1250       0       0       0       0       0       000010001D    267
     126       0       0       7       1       0       0B-SPLINE       0D    268
     128    1257       0       0       0       0       0       000010001D    269
     128       0       0      12       1       0       0 SURFACE       0D    270
     126    1269       0       0       0       0       0       000010001D    271
     126       0       0       7       1       0       0B-SPLINE       0D    272
     126    1276       0       0       0       0       0       000010001D    273
     126       0       0       7       1       0       0B-SPLINE       0D    274
     128    1283       0       0       0       0       0       000010001D    275
     128       0       0      12       1       0       0 SURFACE       0D    276
     126    1295       0       0       0       0       0       000010001D    277
     126       0       0       7       1       0       0B-SPLINE       0D    278
     126    1302       0       0       0       0       0       000010001D    279
     126       0       0       7       1       0       0B-SPLINE       0D    280
     128    1309       0       0       0       0       0       000010001D    281
     128       0       0      12       1       0       0 SURFACE       0D    282
     126    1321       0       0       0       0       0       000010001D    283
     126       0       0       7       1       0       0B-SPLINE       0D    284
     126    1328       0       0       0       0       0       000010001D    285
     126       0       0       7       1       0       0B-SPLINE       0D    286
     128    1335       0       0       0       0       0       000010001D    287
     128       0       0      12       1       0       0 SURFACE       0D    288
     128    1347       0       0       0       0       0       000010001D    289
     128       0       0      12       1       0       0 SURFACE       0D    290
     128    1359       0       0       0       0       0       000010001D    291
     128       0       0      12       1       0       0 SURFACE       0D    292
     126    1371       0       0       0       0       0       000010001D    293
     126       0       0       7       1       0       0B-SPLINE       0D    294
     126    1378       0       0       0       0       0       000010001D    295
     126       0       0       7       1       0       0B-SPLINE       0D    296
     128    1385       0       0       0       0       0       000010001D    297
     128       0       0      12       1       0       0 SURFACE       0D    298
     126    1397       0       0       0       0       0       000010001D    299
     126       0       0       7       1       0       0B-SPLINE       0D    300
     126    1404       0       0       0       0       0       000010001D    301
     126       0       0       7       1       0       0B-SPLINE       0D    302
     128    1411       0       0       0       0       0       000010001D    303
     128       0       0      12       1       0       0 SURFACE       0D    304
     126    1423       0       0       0       0       0       000010001D    305
     126       0       0       7       1       0       0B-SPLINE       0D    306
     126    1430       0       0       0       0       0       000010001D    307
     126       0       0       7       1       0       0B-SPLINE       0D    308
     128    1437       0       0       0       0       0       000010001D    309
     128       0       0      12       1       0       0 SURFACE       0D    310
     128    1449       0       0       0       0       0       000010001D    311
     128       0       0      12       1       0       0 SURFACE       0D    312
     126    1461       0       0       0       0       0       000010001D    313
     126       0       0       7       1       0       0B-SPLINE       0D    314
     128    1468       0       0       0       0       0       000010001D    315
     128       0       0      12       1       0       0 SURFACE       0D    316
     502    1480       0       0       0       0       0       000010001D    317
     502       0       0      63       1       0       0  VERTEX       0D    318
     504    1543       0       0       0       0       0       000010001D    319
     504       0       0     109       1       0       0    EDGE       0D    320
     508    1652       0       0       0       0       0       000010001D    321
     508       0       0       4       1       0       0    LOOP       0D    322
     510    1656       0       0       0       0       0       000010001D    323
     510       0       0       1       1       0       0    FACE       0D    324
     508    1657       0       0       0       0       0       000010001D    325
     508       0       0       4       1       0       0    LOOP       0D    326
     510    1661       0       0       0       0       0       000010001D    327
     510       0       0       1       1       0       0    FACE       0D    328
     508    1662       0       0       0       0       0       000010001D    329
     508       0       0       4       1       0       0    LOOP       0D    330
     510    1666       0       0       0       0       0       000010001D    331
     510       0       0       1       1       0       0    FACE       0D    332
     508    1667       0       0       0       0       0       000010001D    333
     508       0       0       4       1       0       0    LOOP       0D    334
     510    1671       0       0       0       0       0       000010001D    335
     510       0       0       1       1       0       0    FACE       0D    336
     508    1672       0       0       0       0       0       000010001D    337
     508       0       0       4       1       0       0    LOOP       0D    338
     510    1676       0       0       0       0       0       000010001D    339
     510       0       0       1       1       0       0    FACE       0D    340
     508    1677       0       0       0       0       0       000010001D    341
     508       0       0       4       1       0       0    LOOP       0D    342
     510    1681       0       0       0       0       0       000010001D    343
     510       0       0       1       1       0       0    FACE       0D    344
     508    1682       0       0       0       0       0       000010001D    345
     508       0       0       4       1       0       0    LOOP       0D    346
     510    1686       0       0       0       0       0       000010001D    347
     510       0       0       1       1       0       0    FACE       0D    348
     508    1687       0       0       0       0       0       000010001D    349
     508       0       0       4       1       0       0    LOOP       0D    350
     510    1691       0       0       0       0       0       000010001D    351
     510       0       0       1       1       0       0    FACE       0D    352
     508    1692       0       0       0       0       0       000010001D    353
     508       0       0       4       1       0       0    LOOP       0D    354
     510    1696       0       0       0       0       0       000010001D    355
     510       0       0       1       1       0       0    FACE       0D    356
     508    1697       0       0       0       0       0       000010001D    357
     508       0       0       4       1       0       0    LOOP       0D    358
     510    1701       0       0       0       0       0       000010001D    359
     510       0       0       1       1       0       0    FACE       0D    360
     508    1702       0       0       0       0       0       000010001D    361
     508       0       0       4       1       0       0    LOOP       0D    362
     510    1706       0       0       0       0       0       000010001D    363
     510       0       0       1       1       0       0    FACE       0D    364
     508    1707       0       0       0       0       0       000010001D    365
     508       0       0       5       1       0       0    LOOP       0D    366
     510    1712       0       0       0       0       0       000010001D    367
     510       0       0       1       1       0       0    FACE       0D    368
     508    1713       0       0       0       0       0       000010001D    369
     508       0       0       5       1       0       0    LOOP       0D    370
     510    1718       0       0       0       0       0       000010001D    371
     510       0       0       1       1       0       0    FACE       0D    372
     508    1719       0       0       0       0       0       000010001D    373
     508       0       0       9       1       0       0    LOOP       0D    374
     510    1728       0       0       0       0       0       000010001D    375
     510       0       0       1       1       0       0    FACE       0D    376
     508    1729       0       0       0       0       0       000010001D    377
     508       0       0       7       1       0       0    LOOP       0D    378
     510    1736       0       0       0       0       0       000010001D    379
     510       0       0       1       1       0       0    FACE       0D    380
     508    1737       0       0       0       0       0       000010001D    381
     508       0       0       4       1       0       0    LOOP       0D    382
     510    1741       0       0       0       0       0       000010001D    383
     510       0       0       1       1       0       0    FACE       0D    384
     508    1742       0       0       0       0       0       000010001D    385
     508       0       0       4       1       0       0    LOOP       0D    386
     510    1746       0       0       0       0       0       000010001D    387
     510       0       0       1       1       0       0    FACE       0D    388
     508    1747       0       0       0       0       0       000010001D    389
     508       0       0       4       1       0       0    LOOP       0D    390
     510    1751       0       0       0       0       0       000010001D    391
     510       0       0       1       1       0       0    FACE       0D    392
     508    1752       0       0       0       0       0       000010001D    393
     508       0       0       4       1       0       0    LOOP       0D    394
     510    1756       0       0       0       0       0       000010001D    395
     510       0       0       1       1       0       0    FACE       0D    396
     508    1757       0       0       0       0       0       000010001D    397
     508       0       0       4       1       0       0    LOOP       0D    398
     510    1761       0       0       0       0       0       000010001D    399
     510       0       0       1       1       0       0    FACE       0D    400
     508    1762       0       0       0       0       0       000010001D    401
     508       0       0       4       1       0       0    LOOP       0D    402
     510    1766       0       0       0       0       0       000010001D    403
     510       0       0       1       1       0       0    FACE       0D    404
     508    1767       0       0       0       0       0       000010001D    405
     508       0       0       4       1       0       0    LOOP       0D    406
     510    1771       0       0       0       0       0       000010001D    407
     510       0       0       1       1       0       0    FACE       0D    408
     508    1772       0       0       0       0       0       000010001D    409
     508       0       0       4       1       0       0    LOOP       0D    410
     510    1776       0       0       0       0       0       000010001D    411
     510       0       0       1       1       0       0    FACE       0D    412
     508    1777       0       0       0       0       0       000010001D    413
     508       0       0       4       1       0       0    LOOP       0D    414
     510    1781       0       0       0       0       0       000010001D    415
     510       0       0       1       1       0       0    FACE       0D    416
     508    1782       0       0       0       0       0       000010001D    417
     508       0       0       4       1       0       0    LOOP       0D    418
     510    1786       0       0       0       0       0       000010001D    419
     510       0       0       1       1       0       0    FACE       0D    420
     508    1787       0       0       0       0       0       000010001D    421
     508       0       0       4       1       0       0    LOOP       0D    422
     510    1791       0       0       0       0       0       000010001D    423
     510       0       0       1       1       0       0    FACE       0D    424
     508    1792       0       0       0       0       0       000010001D    425
     508       0       0       4       1       0       0    LOOP       0D    426
     510    1796       0       0       0       0       0       000010001D    427
     510       0       0       1       1       0       0    FACE       0D    428
     508    1797       0       0       0       0       0       000010001D    429
     508       0       0       8       1       0       0    LOOP       0D    430
     510    1805       0       0       0       0       0       000010001D    431
     510       0       0       1       1       0       0    FACE       0D    432
     508    1806       0       0       0       0       0       000010001D    433
     508       0       0       3       1       0       0    LOOP       0D    434
     510    1809       0       0       0       0       0       000010001D    435
     510       0       0       1       1       0       0    FACE       0D    436
     508    1810       0       0       0       0       0       000010001D    437
     508       0       0       5       1       0       0    LOOP       0D    438
     510    1815       0       0       0       0       0       000010001D    439
     510       0       0       1       1       0       0    FACE       0D    440
     508    1816       0       0       0       0       0       000010001D    441
     508       0       0       8       1       0       0    LOOP       0D    442
     510    1824       0       0       0       0       0       000010001D    443
     510       0       0       1       1       0       0    FACE       0D    444
     508    1825       0       0       0       0       0       000010001D    445
     508       0       0       3       1       0       0    LOOP       0D    446
     510    1828       0       0       0       0       0       000010001D    447
     510       0       0       1       1       0       0    FACE       0D    448
     508    1829       0       0       0       0       0       000010001D    449
     508       0       0       6       1       0       0    LOOP       0D    450
     510    1835       0       0       0       0       0       000010001D    451
     510       0       0       1       1       0       0    FACE       0D    452
     508    1836       0       0       0       0       0       000010001D    453
     508       0       0       6       1       0       0    LOOP       0D    454
     510    1842       0       0       0       0       0       000010001D    455
     510       0       0       1       1       0       0    FACE       0D    456
     508    1843       0       0       0       0       0       000010001D    457
     508       0       0       4       1       0       0    LOOP       0D    458
     510    1847       0       0       0       0       0       000010001D    459
     510       0       0       1       1       0       0    FACE       0D    460
     508    1848       0       0       0       0       0       000010001D    461
     508       0       0       5       1       0       0    LOOP       0D    462
     510    1853       0       0       0       0       0       000010001D    463
     510       0       0       1       1       0       0    FACE       0D    464
     508    1854       0       0       0       0       0       000010001D    465
     508       0       0       4       1       0       0    LOOP       0D    466
     510    1858       0       0       0       0       0       000010001D    467
     510       0       0       1       1       0       0    FACE       0D    468
     508    1859       0       0       0       0       0       000010001D    469
     508       0       0       4       1       0       0    LOOP       0D    470
     510    1863       0       0       0       0       0       000010001D    471
     510       0       0       1       1       0       0    FACE       0D    472
     508    1864       0       0       0       0       0       000010001D    473
     508       0       0       4       1       0       0    LOOP       0D    474
     510    1868       0       0       0       0       0       000010001D    475
     510       0       0       1       1       0       0    FACE       0D    476
     508    1869       0       0       0       0       0       000010001D    477
     508       0       0       4       1       0       0    LOOP       0D    478
     510    1873       0       0       0       0       0       000010001D    479
     510       0       0       1       1       0       0    FACE       0D    480
     508    1874       0       0       0       0       0       000010001D    481
     508       0       0       4       1       0       0    LOOP       0D    482
     510    1878       0       0       0       0       0       000010001D    483
     510       0       0       1       1       0       0    FACE       0D    484
     508    1879       0       0       0       0       0       000010001D    485
     508       0       0       4       1       0       0    LOOP       0D    486
     510    1883       0       0       0       0       0       000010001D    487
     510       0       0       1       1       0       0    FACE       0D    488
     508    1884       0       0       0       0       0       000010001D    489
     508       0       0       4       1       0       0    LOOP       0D    490
     510    1888       0       0       0       0       0       000010001D    491
     510       0       0       1       1       0       0    FACE       0D    492
     508    1889       0       0       0       0       0       000010001D    493
     508       0       0       4       1       0       0    LOOP       0D    494
     510    1893       0       0       0       0       0       000010001D    495
     510       0       0       1       1       0       0    FACE       0D    496
     508    1894       0       0       0       0       0       000010001D    497
     508       0       0       4       1       0       0    LOOP       0D    498
     510    1898       0       0       0       0       0       000010001D    499
     510       0       0       1       1       0       0    FACE       0D    500
     508    1899       0       0       0       0       0       000010001D    501
     508       0       0       4       1       0       0    LOOP       0D    502
     510    1903       0       0       0       0       0       000010001D    503
     510       0       0       1       1       0       0    FACE       0D    504
     508    1904       0       0       0       0       0       000010001D    505
     508       0       0       4       1       0       0    LOOP       0D    506
     510    1908       0       0       0       0       0       000010001D    507
     510       0       0       1       1       0       0    FACE       0D    508
     508    1909       0       0       0       0       0       000010001D    509
     508       0       0       4       1       0       0    LOOP       0D    510
     510    1913       0       0       0       0       0       000010001D    511
     510       0       0       1       1       0       0    FACE       0D    512
     508    1914       0       0       0       0       0       000010001D    513
     508       0       0       4       1       0       0    LOOP       0D    514
     510    1918       0       0       0       0       0       000010001D    515
     510       0       0       1       1       0       0    FACE       0D    516
     514    1919       0       0       0       0       0       000010001D    517
     514       0       0      11       1       0       0   SHELL       0D    518
     186    1930       0       0       0       0       0       000000001D    519
     186       0       0       1       0       0       0   B-REP       0D    520
128,1,1,1,1,0,0,                                                       1P      1
1,0,0,                                                                 1P      2
0.00000000000,0.00000000000,1.00000000000,                             1P      3
1.00000000000,0.00000000000,0.00000000000,                             1P      4
1.00000000000,1.00000000000,1.00000000000,                             1P      5
1.00000000000,1.00000000000,1.00000000000,                             1P      6
0.200787401575E-01,-0.266632974002E-02,-0.266632974006E-02,            1P      7
0.200787401575E-01,0.248091605180E-02,-0.266632974006E-02,             1P      8
0.200787401575E-01,-0.266632974002E-02,0.248091605176E-02,             1P      9
0.200787401575E-01,0.248091605180E-02,0.248091605176E-02,              1P     10
0.00000000000,1.00000000000,0.00000000000,                             1P     11
1.00000000000,0,0,0;                                                   1P     12
126,2,2,0,0,0,0,                                                       3P     13
0.00000000000,0.00000000000,0.00000000000,                             3P     14
1.00000000000,1.00000000000,1.00000000000,                             3P     15
1.00000000000,0.707106781187,1.00000000000,                            3P     16
0.200787401575E-01,0.00000000000,0.104163437443E-02,                   3P     17
0.200787401575E-01,-0.104163437443E-02,0.104163437443E-02,             3P     18
0.200787401575E-01,-0.104163437443E-02,0.00000000000,                  3P     19
0.00000000000,1.00000000000,0.00000000000,                             3P     20
0.00000000000,0.00000000000,0,0,0;                                     3P     21
126,2,2,0,0,0,0,                                                       5P     22
0.00000000000,0.00000000000,0.00000000000,                             5P     23
1.00000000000,1.00000000000,1.00000000000,                             5P     24
1.00000000000,0.707106781187,1.00000000000,                            5P     25
0.200787401575E-01,0.104163437443E-02,0.00000000000,                   5P     26
0.200787401575E-01,0.104163437443E-02,0.104163437443E-02,              5P     27
0.200787401575E-01,0.00000000000,0.104163437443E-02,                   5P     28
0.00000000000,1.00000000000,0.00000000000,                             5P     29
0.00000000000,0.00000000000,0,0,0;                                     5P     30
126,2,2,0,0,0,0,                                                       7P     31
0.00000000000,0.00000000000,0.00000000000,                             7P     32
1.00000000000,1.00000000000,1.00000000000,                             7P     33
1.00000000000,0.707106781187,1.00000000000,                            7P     34
0.200787401575E-01,0.00000000000,-0.104163437443E-02,                  7P     35
0.200787401575E-01,0.104163437443E-02,-0.104163437443E-02,             7P     36
0.200787401575E-01,0.104163437443E-02,0.00000000000,                   7P     37
0.00000000000,1.00000000000,0.00000000000,                             7P     38
0.00000000000,0.00000000000,0,0,0;                                     7P     39
126,2,2,0,0,0,0,                                                       9P     40
0.00000000000,0.00000000000,0.00000000000,                             9P     41
1.00000000000,1.00000000000,1.00000000000,                             9P     42
1.00000000000,0.707106781187,1.00000000000,                            9P     43
0.200787401575E-01,-0.104163437443E-02,0.00000000000,                  9P     44
0.200787401575E-01,-0.104163437443E-02,-0.104163437443E-02,            9P     45
0.200787401575E-01,0.00000000000,-0.104163437443E-02,                  9P     46
0.00000000000,1.00000000000,0.00000000000,                             9P     47
0.00000000000,0.00000000000,0,0,0;                                     9P     48
128,2,2,2,2,0,0,                                                      11P     49
0,0,0,                                                                11P     50
0.00000000000,0.00000000000,0.00000000000,                            11P     51
1.00000000000,1.00000000000,1.00000000000,                            11P     52
0.00000000000,0.00000000000,0.00000000000,                            11P     53
1.00000000000,1.00000000000,1.00000000000,                            11P     54
0.912219331310,0.645036475098,0.912219331310,                         11P     55
0.832862548810,0.588922756060,0.832862548810,                         11P     56
1.00000000000,0.707106781187,1.00000000000,                           11P     57
0.197807390629E-01,0.00000000000,0.540608845674E-03,                  11P     58
0.197807390629E-01,-0.540608845674E-03,0.540608845674E-03,            11P     59
0.197807390629E-01,-0.540608845674E-03,0.00000000000,                 11P     60
0.200841941801E-01,0.00000000000,0.137086073006E-02,                  11P     61
0.200841941801E-01,-0.137086073006E-02,0.137086073006E-02,            11P     62
0.200841941801E-01,-0.137086073006E-02,0.00000000000,                 11P     63
0.209509982124E-01,0.00000000000,0.154422153652E-02,                  11P     64
0.209509982124E-01,-0.154422153652E-02,0.154422153652E-02,            11P     65
0.209509982124E-01,-0.154422153652E-02,0.00000000000,                 11P     66
0.00000000000,1.00000000000,0.00000000000,                            11P     67
1.00000000000,0,0,0;                                                  11P     68
126,2,2,0,0,0,0,                                                      13P     69
0.00000000000,0.00000000000,0.00000000000,                            13P     70
1.00000000000,1.00000000000,1.00000000000,                            13P     71
0.886958955126,0.892382956282,1.00000000000,                          13P     72
0.200787401575E-01,-0.104163437443E-02,0.00000000000,                 13P     73
0.204301031122E-01,-0.144004251649E-02,0.00000000000,                 13P     74
0.209509982124E-01,-0.154422153652E-02,0.00000000000,                 13P     75
0.00000000000,1.00000000000,0.00000000000,                            13P     76
0.00000000000,0.00000000000,0,0,0;                                    13P     77
126,2,2,0,0,0,0,                                                      15P     78
0.00000000000,0.00000000000,0.00000000000,                            15P     79
1.00000000000,1.00000000000,1.00000000000,                            15P     80
1.00000000000,0.707106781186,1.00000000000,                           15P     81
0.209509982124E-01,0.00000000000,0.154422153652E-02,                  15P     82
0.209509982124E-01,-0.154422153652E-02,0.154422153652E-02,            15P     83
0.209509982124E-01,-0.154422153652E-02,0.00000000000,                 15P     84
0.00000000000,1.00000000000,0.00000000000,                            15P     85
0.00000000000,0.00000000000,0,0,0;                                    15P     86
126,2,2,0,0,0,0,                                                      17P     87
0.00000000000,0.00000000000,0.00000000000,                            17P     88
1.00000000000,1.00000000000,1.00000000000,                            17P     89
0.886958955126,0.892382956282,1.00000000000,                          17P     90
0.200787401575E-01,0.00000000000,0.104163437443E-02,                  17P     91
0.204301031122E-01,0.00000000000,0.144004251649E-02,                  17P     92
0.209509982124E-01,0.00000000000,0.154422153652E-02,                  17P     93
0.00000000000,1.00000000000,0.00000000000,                            17P     94
0.00000000000,0.00000000000,0,0,0;                                    17P     95
128,2,2,2,2,0,0,                                                      19P     96
0,0,0,                                                                19P     97
0.00000000000,0.00000000000,0.00000000000,                            19P     98
1.00000000000,1.00000000000,1.00000000000,                            19P     99
0.00000000000,0.00000000000,0.00000000000,                            19P    100
1.00000000000,1.00000000000,1.00000000000,                            19P    101
0.912219331310,0.645036475098,0.912219331310,                         19P    102
0.832862548810,0.588922756060,0.832862548810,                         19P    103
1.00000000000,0.707106781187,1.00000000000,                           19P    104
0.197807390629E-01,0.540608845674E-03,0.00000000000,                  19P    105
0.197807390629E-01,0.540608845674E-03,0.540608845674E-03,             19P    106
0.197807390629E-01,0.00000000000,0.540608845674E-03,                  19P    107
0.200841941801E-01,0.137086073006E-02,0.00000000000,                  19P    108
0.200841941801E-01,0.137086073006E-02,0.137086073006E-02,             19P    109
0.200841941801E-01,0.00000000000,0.137086073006E-02,                  19P    110
0.209509982124E-01,0.154422153652E-02,0.00000000000,                  19P    111
0.209509982124E-01,0.154422153652E-02,0.154422153652E-02,             19P    112
0.209509982124E-01,0.00000000000,0.154422153652E-02,                  19P    113
0.00000000000,1.00000000000,0.00000000000,                            19P    114
1.00000000000,0,0,0;                                                  19P    115
126,2,2,0,0,0,0,                                                      21P    116
0.00000000000,0.00000000000,0.00000000000,                            21P    117
1.00000000000,1.00000000000,1.00000000000,                            21P    118
1.00000000000,0.707106781186,1.00000000000,                           21P    119
0.209509982124E-01,0.154422153652E-02,0.00000000000,                  21P    120
0.209509982124E-01,0.154422153652E-02,0.154422153652E-02,             21P    121
0.209509982124E-01,0.00000000000,0.154422153652E-02,                  21P    122
0.00000000000,1.00000000000,0.00000000000,                            21P    123
0.00000000000,0.00000000000,0,0,0;                                    21P    124
126,2,2,0,0,0,0,                                                      23P    125
0.00000000000,0.00000000000,0.00000000000,                            23P    126
1.00000000000,1.00000000000,1.00000000000,                            23P    127
0.886958955126,0.892382956282,1.00000000000,                          23P    128
0.200787401575E-01,0.104163437443E-02,0.00000000000,                  23P    129
0.204301031122E-01,0.144004251649E-02,0.00000000000,                  23P    130
0.209509982124E-01,0.154422153652E-02,0.00000000000,                  23P    131
0.00000000000,1.00000000000,0.00000000000,                            23P    132
0.00000000000,0.00000000000,0,0,0;                                    23P    133
128,2,2,2,2,0,0,                                                      25P    134
0,0,0,                                                                25P    135
0.00000000000,0.00000000000,0.00000000000,                            25P    136
1.00000000000,1.00000000000,1.00000000000,                            25P    137
0.00000000000,0.00000000000,0.00000000000,                            25P    138
1.00000000000,1.00000000000,1.00000000000,                            25P    139
0.912219331310,0.645036475098,0.912219331310,                         25P    140
0.832862548810,0.588922756060,0.832862548810,                         25P    141
1.00000000000,0.707106781187,1.00000000000,                           25P    142
0.197807390629E-01,0.00000000000,-0.540608845674E-03,                 25P    143
0.197807390629E-01,0.540608845674E-03,-0.540608845674E-03,            25P    144
0.197807390629E-01,0.540608845674E-03,0.00000000000,                  25P    145
0.200841941801E-01,0.00000000000,-0.137086073006E-02,                 25P    146
0.200841941801E-01,0.137086073006E-02,-0.137086073006E-02,            25P    147
0.200841941801E-01,0.137086073006E-02,0.00000000000,                  25P    148
0.209509982124E-01,0.00000000000,-0.154422153652E-02,                 25P    149
0.209509982124E-01,0.154422153652E-02,-0.154422153652E-02,            25P    150
0.209509982124E-01,0.154422153652E-02,0.00000000000,                  25P    151
0.00000000000,1.00000000000,0.00000000000,                            25P    152
1.00000000000,0,0,0;                                                  25P    153
126,2,2,0,0,0,0,                                                      27P    154
0.00000000000,0.00000000000,0.00000000000,                            27P    155
1.00000000000,1.00000000000,1.00000000000,                            27P    156
1.00000000000,0.707106781186,1.00000000000,                           27P    157
0.209509982124E-01,0.00000000000,-0.154422153652E-02,                 27P    158
0.209509982124E-01,0.154422153652E-02,-0.154422153652E-02,            27P    159
0.209509982124E-01,0.154422153652E-02,0.00000000000,                  27P    160
0.00000000000,1.00000000000,0.00000000000,                            27P    161
0.00000000000,0.00000000000,0,0,0;                                    27P    162
126,2,2,0,0,0,0,                                                      29P    163
0.00000000000,0.00000000000,0.00000000000,                            29P    164
1.00000000000,1.00000000000,1.00000000000,                            29P    165
0.886958955126,0.892382956282,1.00000000000,                          29P    166
0.200787401575E-01,0.00000000000,-0.104163437443E-02,                 29P    167
0.204301031122E-01,0.00000000000,-0.144004251649E-02,                 29P    168
0.209509982124E-01,0.00000000000,-0.154422153652E-02,                 29P    169
0.00000000000,1.00000000000,0.00000000000,                            29P    170
0.00000000000,0.00000000000,0,0,0;                                    29P    171
128,2,2,2,2,0,0,                                                      31P    172
0,0,0,                                                                31P    173
0.00000000000,0.00000000000,0.00000000000,                            31P    174
1.00000000000,1.00000000000,1.00000000000,                            31P    175
0.00000000000,0.00000000000,0.00000000000,                            31P    176
1.00000000000,1.00000000000,1.00000000000,                            31P    177
0.912219331310,0.645036475098,0.912219331310,                         31P    178
0.832862548810,0.588922756060,0.832862548810,                         31P    179
1.00000000000,0.707106781187,1.00000000000,                           31P    180
0.197807390629E-01,-0.540608845674E-03,0.00000000000,                 31P    181
0.197807390629E-01,-0.540608845674E-03,-0.540608845674E-03,           31P    182
0.197807390629E-01,0.00000000000,-0.540608845674E-03,                 31P    183
0.200841941801E-01,-0.137086073006E-02,0.00000000000,                 31P    184
0.200841941801E-01,-0.137086073006E-02,-0.137086073006E-02,           31P    185
0.200841941801E-01,0.00000000000,-0.137086073006E-02,                 31P    186
0.209509982124E-01,-0.154422153652E-02,0.00000000000,                 31P    187
0.209509982124E-01,-0.154422153652E-02,-0.154422153652E-02,           31P    188
0.209509982124E-01,0.00000000000,-0.154422153652E-02,                 31P    189
0.00000000000,1.00000000000,0.00000000000,                            31P    190
1.00000000000,0,0,0;                                                  31P    191
126,2,2,0,0,0,0,                                                      33P    192
0.00000000000,0.00000000000,0.00000000000,                            33P    193
1.00000000000,1.00000000000,1.00000000000,                            33P    194
1.00000000000,0.707106781186,1.00000000000,                           33P    195
0.209509982124E-01,-0.154422153652E-02,0.00000000000,                 33P    196
0.209509982124E-01,-0.154422153652E-02,-0.154422153652E-02,           33P    197
0.209509982124E-01,0.00000000000,-0.154422153652E-02,                 33P    198
0.00000000000,1.00000000000,0.00000000000,                            33P    199
0.00000000000,0.00000000000,0,0,0;                                    33P    200
128,2,1,2,1,0,0,                                                      35P    201
0,0,0,                                                                35P    202
0.00000000000,0.00000000000,0.00000000000,                            35P    203
1.00000000000,1.00000000000,1.00000000000,                            35P    204
0.00000000000,0.00000000000,1.00000000000,                            35P    205
1.00000000000,1.00000000000,0.707106781187,                           35P    206
1.00000000000,1.00000000000,0.707106781187,                           35P    207
1.00000000000,0.209509982124E-01,-0.154422153652E-02,                 35P    208
0.00000000000,0.209509982124E-01,-0.154422153652E-02,                 35P    209
-0.154422153652E-02,0.209509982124E-01,0.00000000000,                 35P    210
-0.154422153652E-02,0.603414014849,-0.119960348564,                   35P    211
0.00000000000,0.603414014849,-0.119960348564,                         35P    212
-0.119960348564,0.603414014849,0.00000000000,                         35P    213
-0.119960348564,0.00000000000,1.00000000000,                          35P    214
0.00000000000,1.00000000000,0,0,0;                                    35P    215
126,1,1,0,0,1,0,                                                      37P    216
0.00000000000,0.00000000000,1.00000000000,                            37P    217
1.00000000000,1.00000000000,1.00000000000,                            37P    218
0.209509982124E-01,0.00000000000,-0.154422153652E-02,                 37P    219
0.603414014849,0.00000000000,-0.119960348564,                         37P    220
0.00000000000,1.00000000000,0.00000000000,                            37P    221
0.00000000000,0.00000000000,0,0,0;                                    37P    222
126,2,2,0,0,0,0,                                                      39P    223
0.00000000000,0.00000000000,0.00000000000,                            39P    224
1.00000000000,1.00000000000,1.00000000000,                            39P    225
1.00000000000,0.707106781187,1.00000000000,                           39P    226
0.603414014849,-0.119960348564,0.00000000000,                         39P    227
0.603414014849,-0.119960348564,-0.119960348564,                       39P    228
0.603414014849,0.00000000000,-0.119960348564,                         39P    229
0.00000000000,1.00000000000,0.00000000000,                            39P    230
0.00000000000,0.00000000000,0,0,0;                                    39P    231
126,1,1,0,0,1,0,                                                      41P    232
0.00000000000,0.00000000000,1.00000000000,                            41P    233
1.00000000000,1.00000000000,1.00000000000,                            41P    234
0.209509982124E-01,-0.154422153652E-02,0.00000000000,                 41P    235
0.603414014849,-0.119960348564,0.00000000000,                         41P    236
0.00000000000,1.00000000000,0.00000000000,                            41P    237
0.00000000000,0.00000000000,0,0,0;                                    41P    238
128,2,1,2,1,0,0,                                                      43P    239
0,0,0,                                                                43P    240
0.00000000000,0.00000000000,0.00000000000,                            43P    241
1.00000000000,1.00000000000,1.00000000000,                            43P    242
0.00000000000,0.00000000000,1.00000000000,                            43P    243
1.00000000000,1.00000000000,0.707106781187,                           43P    244
1.00000000000,1.00000000000,0.707106781187,                           43P    245
1.00000000000,0.209509982124E-01,0.00000000000,                       43P    246
0.154422153652E-02,0.209509982124E-01,-0.154422153652E-02,            43P    247
0.154422153652E-02,0.209509982124E-01,-0.154422153652E-02,            43P    248
0.00000000000,0.603414014849,0.00000000000,                           43P    249
0.119960348564,0.603414014849,-0.119960348564,                        43P    250
0.119960348564,0.603414014849,-0.119960348564,                        43P    251
0.00000000000,0.00000000000,1.00000000000,                            43P    252
0.00000000000,1.00000000000,0,0,0;                                    43P    253
126,2,2,0,0,0,0,                                                      45P    254
0.00000000000,0.00000000000,0.00000000000,                            45P    255
1.00000000000,1.00000000000,1.00000000000,                            45P    256
1.00000000000,0.707106781187,1.00000000000,                           45P    257
0.603414014849,0.00000000000,0.119960348564,                          45P    258
0.603414014849,-0.119960348564,0.119960348564,                        45P    259
0.603414014849,-0.119960348564,0.00000000000,                         45P    260
0.00000000000,1.00000000000,0.00000000000,                            45P    261
0.00000000000,0.00000000000,0,0,0;                                    45P    262
126,1,1,0,0,1,0,                                                      47P    263
0.00000000000,0.00000000000,1.00000000000,                            47P    264
1.00000000000,1.00000000000,1.00000000000,                            47P    265
0.209509982124E-01,0.00000000000,0.154422153652E-02,                  47P    266
0.603414014849,0.00000000000,0.119960348564,                          47P    267
0.00000000000,1.00000000000,0.00000000000,                            47P    268
0.00000000000,0.00000000000,0,0,0;                                    47P    269
128,2,1,2,1,0,0,                                                      49P    270
0,0,0,                                                                49P    271
0.00000000000,0.00000000000,0.00000000000,                            49P    272
1.00000000000,1.00000000000,1.00000000000,                            49P    273
0.00000000000,0.00000000000,1.00000000000,                            49P    274
1.00000000000,1.00000000000,0.707106781187,                           49P    275
1.00000000000,1.00000000000,0.707106781187,                           49P    276
1.00000000000,0.209509982124E-01,0.154422153652E-02,                  49P    277
0.00000000000,0.209509982124E-01,0.154422153652E-02,                  49P    278
0.154422153652E-02,0.209509982124E-01,0.00000000000,                  49P    279
0.154422153652E-02,0.603414014849,0.119960348564,                     49P    280
0.00000000000,0.603414014849,0.119960348564,                          49P    281
0.119960348564,0.603414014849,0.00000000000,                          49P    282
0.119960348564,0.00000000000,1.00000000000,                           49P    283
0.00000000000,1.00000000000,0,0,0;                                    49P    284
126,2,2,0,0,0,0,                                                      51P    285
0.00000000000,0.00000000000,0.00000000000,                            51P    286
1.00000000000,1.00000000000,1.00000000000,                            51P    287
1.00000000000,0.707106781187,1.00000000000,                           51P    288
0.603414014849,0.119960348564,0.00000000000,                          51P    289
0.603414014849,0.119960348564,0.119960348564,                         51P    290
0.603414014849,0.00000000000,0.119960348564,                          51P    291
0.00000000000,1.00000000000,0.00000000000,                            51P    292
0.00000000000,0.00000000000,0,0,0;                                    51P    293
126,1,1,0,0,1,0,                                                      53P    294
0.00000000000,0.00000000000,1.00000000000,                            53P    295
1.00000000000,1.00000000000,1.00000000000,                            53P    296
0.209509982124E-01,0.154422153652E-02,0.00000000000,                  53P    297
0.603414014849,0.119960348564,0.00000000000,                          53P    298
0.00000000000,1.00000000000,0.00000000000,                            53P    299
0.00000000000,0.00000000000,0,0,0;                                    53P    300
128,2,1,2,1,0,0,                                                      55P    301
0,0,0,                                                                55P    302
0.00000000000,0.00000000000,0.00000000000,                            55P    303
1.00000000000,1.00000000000,1.00000000000,                            55P    304
0.00000000000,0.00000000000,1.00000000000,                            55P    305
1.00000000000,1.00000000000,0.707106781187,                           55P    306
1.00000000000,1.00000000000,0.707106781187,                           55P    307
1.00000000000,0.209509982124E-01,0.00000000000,                       55P    308
-0.154422153652E-02,0.209509982124E-01,0.154422153652E-02,            55P    309
-0.154422153652E-02,0.209509982124E-01,0.154422153652E-02,            55P    310
0.00000000000,0.603414014849,0.00000000000,                           55P    311
-0.119960348564,0.603414014849,0.119960348564,                        55P    312
-0.119960348564,0.603414014849,0.119960348564,                        55P    313
0.00000000000,0.00000000000,1.00000000000,                            55P    314
0.00000000000,1.00000000000,0,0,0;                                    55P    315
126,2,2,0,0,0,0,                                                      57P    316
0.00000000000,0.00000000000,0.00000000000,                            57P    317
1.00000000000,1.00000000000,1.00000000000,                            57P    318
1.00000000000,0.707106781187,1.00000000000,                           57P    319
0.603414014849,0.00000000000,-0.119960348564,                         57P    320
0.603414014849,0.119960348564,-0.119960348564,                        57P    321
0.603414014849,0.119960348564,0.00000000000,                          57P    322
0.00000000000,1.00000000000,0.00000000000,                            57P    323
0.00000000000,0.00000000000,0,0,0;                                    57P    324
128,2,1,2,1,0,0,                                                      59P    325
0,0,0,                                                                59P    326
0.00000000000,0.00000000000,0.00000000000,                            59P    327
1.00000000000,1.00000000000,1.00000000000,                            59P    328
0.00000000000,0.00000000000,1.00000000000,                            59P    329
1.00000000000,1.00000000000,0.707106781187,                           59P    330
1.00000000000,1.00000000000,0.707106781187,                           59P    331
1.00000000000,0.603414014849,0.00000000000,                           59P    332
-0.119960348564,0.603414014849,0.119960348564,                        59P    333
-0.119960348564,0.603414014849,0.119960348564,                        59P    334
0.00000000000,1.47999022478,0.00000000000,                            59P    335
-0.118110236220,1.47999022478,0.118110236220,                         59P    336
-0.118110236220,1.47999022478,0.118110236220,                         59P    337
0.00000000000,0.00000000000,1.00000000000,                            59P    338
0.00000000000,1.00000000000,0,0,0;                                    59P    339
126,1,1,0,0,1,0,                                                      61P    340
0.00000000000,0.00000000000,1.00000000000,                            61P    341
1.00000000000,1.00000000000,1.00000000000,                            61P    342
0.603414014849,0.119960348564,0.00000000000,                          61P    343
1.47999022478,0.118110236220,0.00000000000,                           61P    344
0.00000000000,1.00000000000,0.00000000000,                            61P    345
0.00000000000,0.00000000000,0,0,0;                                    61P    346
126,2,2,0,0,0,0,                                                      63P    347
0.00000000000,0.00000000000,0.00000000000,                            63P    348
1.00000000000,1.00000000000,1.00000000000,                            63P    349
1.00000000000,0.707106781187,1.00000000000,                           63P    350
1.47999022478,0.00000000000,-0.118110236220,                          63P    351
1.47999022478,0.118110236220,-0.118110236220,                         63P    352
1.47999022478,0.118110236220,0.00000000000,                           63P    353
0.00000000000,1.00000000000,0.00000000000,                            63P    354
0.00000000000,0.00000000000,0,0,0;                                    63P    355
126,1,1,0,0,1,0,                                                      65P    356
0.00000000000,0.00000000000,1.00000000000,                            65P    357
1.00000000000,1.00000000000,1.00000000000,                            65P    358
0.603414014849,0.00000000000,-0.119960348564,                         65P    359
1.47999022478,0.00000000000,-0.118110236220,                          65P    360
0.00000000000,1.00000000000,0.00000000000,                            65P    361
0.00000000000,0.00000000000,0,0,0;                                    65P    362
128,2,1,2,1,0,0,                                                      67P    363
0,0,0,                                                                67P    364
0.00000000000,0.00000000000,0.00000000000,                            67P    365
1.00000000000,1.00000000000,1.00000000000,                            67P    366
0.00000000000,0.00000000000,1.00000000000,                            67P    367
1.00000000000,1.00000000000,0.707106781187,                           67P    368
1.00000000000,1.00000000000,0.707106781187,                           67P    369
1.00000000000,0.603414014849,-0.119960348564,                         67P    370
0.00000000000,0.603414014849,-0.119960348564,                         67P    371
-0.119960348564,0.603414014849,0.00000000000,                         67P    372
-0.119960348564,1.47999022478,-0.118110236220,                        67P    373
0.00000000000,1.47999022478,-0.118110236220,                          67P    374
-0.118110236220,1.47999022478,0.00000000000,                          67P    375
-0.118110236220,0.00000000000,1.00000000000,                          67P    376
0.00000000000,1.00000000000,0,0,0;                                    67P    377
126,2,2,0,0,0,0,                                                      69P    378
0.00000000000,0.00000000000,0.00000000000,                            69P    379
1.00000000000,1.00000000000,1.00000000000,                            69P    380
1.00000000000,0.707106781187,1.00000000000,                           69P    381
1.47999022478,-0.118110236220,0.00000000000,                          69P    382
1.47999022478,-0.118110236220,-0.118110236220,                        69P    383
1.47999022478,0.00000000000,-0.118110236220,                          69P    384
0.00000000000,1.00000000000,0.00000000000,                            69P    385
0.00000000000,0.00000000000,0,0,0;                                    69P    386
126,1,1,0,0,1,0,                                                      71P    387
0.00000000000,0.00000000000,1.00000000000,                            71P    388
1.00000000000,1.00000000000,1.00000000000,                            71P    389
0.603414014849,-0.119960348564,0.00000000000,                         71P    390
1.47999022478,-0.118110236220,0.00000000000,                          71P    391
0.00000000000,1.00000000000,0.00000000000,                            71P    392
0.00000000000,0.00000000000,0,0,0;                                    71P    393
128,2,1,2,1,0,0,                                                      73P    394
0,0,0,                                                                73P    395
0.00000000000,0.00000000000,0.00000000000,                            73P    396
1.00000000000,1.00000000000,1.00000000000,                            73P    397
0.00000000000,0.00000000000,1.00000000000,                            73P    398
1.00000000000,1.00000000000,0.707106781187,                           73P    399
1.00000000000,1.00000000000,0.707106781187,                           73P    400
1.00000000000,0.603414014849,0.00000000000,                           73P    401
0.119960348564,0.603414014849,-0.119960348564,                        73P    402
0.119960348564,0.603414014849,-0.119960348564,                        73P    403
0.00000000000,1.47999022478,0.00000000000,                            73P    404
0.118110236220,1.47999022478,-0.118110236220,                         73P    405
0.118110236220,1.47999022478,-0.118110236220,                         73P    406
0.00000000000,0.00000000000,1.00000000000,                            73P    407
0.00000000000,1.00000000000,0,0,0;                                    73P    408
126,2,2,0,0,0,0,                                                      75P    409
0.00000000000,0.00000000000,0.00000000000,                            75P    410
1.00000000000,1.00000000000,1.00000000000,                            75P    411
0.897358423438,0.933647700848,1.00000000000,                          75P    412
1.47999022478,-0.111355398612,0.393700787402E-01,                     75P    413
1.47999022478,-0.118110236220,0.202645128253E-01,                     75P    414
1.47999022478,-0.118110236220,0.00000000000,                          75P    415
0.00000000000,1.00000000000,0.00000000000,                            75P    416
0.00000000000,0.00000000000,0,0,0;                                    75P    417
126,2,2,0,0,0,0,                                                      77P    418
0.00000000000,0.00000000000,0.00000000000,                            77P    419
1.00000000000,1.00000000000,1.00000000000,                            77P    420
1.00000000000,0.773459080339,0.897358423438,                          77P    421
1.47999022478,0.00000000000,0.118110236220,                           77P    422
1.47999022478,-0.835165489590E-01,0.118110236220,                     77P    423
1.47999022478,-0.111355398612,0.393700787402E-01,                     77P    424
0.00000000000,1.00000000000,0.00000000000,                            77P    425
0.00000000000,0.00000000000,0,0,0;                                    77P    426
126,1,1,0,0,1,0,                                                      79P    427
0.00000000000,0.00000000000,1.00000000000,                            79P    428
1.00000000000,1.00000000000,1.00000000000,                            79P    429
0.603414014849,0.00000000000,0.119960348564,                          79P    430
1.47999022478,0.00000000000,0.118110236220,                           79P    431
0.00000000000,1.00000000000,0.00000000000,                            79P    432
0.00000000000,0.00000000000,0,0,0;                                    79P    433
128,2,1,2,1,0,0,                                                      81P    434
0,0,0,                                                                81P    435
0.00000000000,0.00000000000,0.00000000000,                            81P    436
1.00000000000,1.00000000000,1.00000000000,                            81P    437
0.00000000000,0.00000000000,1.00000000000,                            81P    438
1.00000000000,1.00000000000,0.707106781187,                           81P    439
1.00000000000,1.00000000000,0.707106781187,                           81P    440
1.00000000000,0.603414014849,0.119960348564,                          81P    441
0.00000000000,0.603414014849,0.119960348564,                          81P    442
0.119960348564,0.603414014849,0.00000000000,                          81P    443
0.119960348564,1.47999022478,0.118110236220,                          81P    444
0.00000000000,1.47999022478,0.118110236220,                           81P    445
0.118110236220,1.47999022478,0.00000000000,                           81P    446
0.118110236220,0.00000000000,1.00000000000,                           81P    447
0.00000000000,1.00000000000,0,0,0;                                    81P    448
126,2,2,0,0,0,0,                                                      83P    449
0.00000000000,0.00000000000,0.00000000000,                            83P    450
1.00000000000,1.00000000000,1.00000000000,                            83P    451
0.897358423438,0.773459080339,1.00000000000,                          83P    452
1.47999022478,0.111355398612,0.393700787402E-01,                      83P    453
1.47999022478,0.835165489590E-01,0.118110236220,                      83P    454
1.47999022478,0.00000000000,0.118110236220,                           83P    455
0.00000000000,1.00000000000,0.00000000000,                            83P    456
0.00000000000,0.00000000000,0,0,0;                                    83P    457
126,2,2,0,0,0,0,                                                      85P    458
0.00000000000,0.00000000000,0.00000000000,                            85P    459
1.00000000000,1.00000000000,1.00000000000,                            85P    460
1.00000000000,0.933647700848,0.897358423438,                          85P    461
1.47999022478,0.118110236220,0.00000000000,                           85P    462
1.47999022478,0.118110236220,0.202645128253E-01,                      85P    463
1.47999022478,0.111355398612,0.393700787402E-01,                      85P    464
0.00000000000,1.00000000000,0.00000000000,                            85P    465
0.00000000000,0.00000000000,0,0,0;                                    85P    466
128,1,1,1,1,0,0,                                                      87P    467
1,0,0,                                                                87P    468
0.00000000000,0.00000000000,1.00000000000,                            87P    469
1.00000000000,0.00000000000,0.00000000000,                            87P    470
1.00000000000,1.00000000000,1.00000000000,                            87P    471
1.00000000000,1.00000000000,1.00000000000,                            87P    472
1.47999022478,-0.196850393701,0.157480314961,                         87P    473
1.47999022478,0.196850393701,0.157480314961,                          87P    474
1.47999022478,-0.196850393701,-0.157480314961,                        87P    475
1.47999022478,0.196850393701,-0.157480314961,                         87P    476
0.00000000000,1.00000000000,0.00000000000,                            87P    477
1.00000000000,0,0,0;                                                  87P    478
126,1,1,0,0,1,0,                                                      89P    479
0.00000000000,0.00000000000,1.00000000000,                            89P    480
1.00000000000,1.00000000000,1.00000000000,                            89P    481
1.47999022478,0.196850393701,0.393700787402E-01,                      89P    482
1.47999022478,0.196850393701,-0.157480314961,                         89P    483
0.00000000000,1.00000000000,0.00000000000,                            89P    484
0.00000000000,0.00000000000,0,0,0;                                    89P    485
126,1,1,0,0,1,0,                                                      91P    486
0.00000000000,0.00000000000,1.00000000000,                            91P    487
1.00000000000,1.00000000000,1.00000000000,                            91P    488
1.47999022478,0.196850393701,-0.157480314961,                         91P    489
1.47999022478,-0.196850393701,-0.157480314961,                        91P    490
0.00000000000,1.00000000000,0.00000000000,                            91P    491
0.00000000000,0.00000000000,0,0,0;                                    91P    492
126,1,1,0,0,1,0,                                                      93P    493
0.00000000000,0.00000000000,1.00000000000,                            93P    494
1.00000000000,1.00000000000,1.00000000000,                            93P    495
1.47999022478,-0.196850393701,0.393700787402E-01,                     93P    496
1.47999022478,-0.196850393701,-0.157480314961,                        93P    497
0.00000000000,1.00000000000,0.00000000000,                            93P    498
0.00000000000,0.00000000000,0,0,0;                                    93P    499
126,1,1,0,0,1,0,                                                      95P    500
0.00000000000,0.00000000000,1.00000000000,                            95P    501
1.00000000000,1.00000000000,1.00000000000,                            95P    502
1.47999022478,-0.111355398612,0.393700787402E-01,                     95P    503
1.47999022478,-0.196850393701,0.393700787402E-01,                     95P    504
0.00000000000,1.00000000000,0.00000000000,                            95P    505
0.00000000000,0.00000000000,0,0,0;                                    95P    506
126,1,1,0,0,1,0,                                                      97P    507
0.00000000000,0.00000000000,1.00000000000,                            97P    508
1.00000000000,1.00000000000,1.00000000000,                            97P    509
1.47999022478,0.196850393701,0.393700787402E-01,                      97P    510
1.47999022478,0.111355398612,0.393700787402E-01,                      97P    511
0.00000000000,1.00000000000,0.00000000000,                            97P    512
0.00000000000,0.00000000000,0,0,0;                                    97P    513
128,1,1,1,1,0,0,                                                      99P    514
1,0,0,                                                                99P    515
0.00000000000,0.00000000000,1.00000000000,                            99P    516
1.00000000000,0.00000000000,0.00000000000,                            99P    517
1.00000000000,1.00000000000,1.00000000000,                            99P    518
1.00000000000,1.00000000000,1.00000000000,                            99P    519
1.47999022478,-0.196850393701,0.157480314961,                         99P    520
1.47999022478,0.196850393701,0.157480314961,                          99P    521
1.47999022478,-0.196850393701,-0.157480314961,                        99P    522
1.47999022478,0.196850393701,-0.157480314961,                         99P    523
0.00000000000,1.00000000000,0.00000000000,                            99P    524
1.00000000000,0,0,0;                                                  99P    525
126,1,1,0,0,1,0,                                                     101P    526
0.00000000000,0.00000000000,1.00000000000,                           101P    527
1.00000000000,1.00000000000,1.00000000000,                           101P    528
1.47999022478,0.196850393701,0.157480314961,                         101P    529
1.47999022478,-0.196850393701,0.157480314961,                        101P    530
0.00000000000,1.00000000000,0.00000000000,                           101P    531
0.00000000000,0.00000000000,0,0,0;                                   101P    532
126,1,1,0,0,1,0,                                                     103P    533
0.00000000000,0.00000000000,1.00000000000,                           103P    534
1.00000000000,1.00000000000,1.00000000000,                           103P    535
1.47999022478,0.196850393701,0.157480314961,                         103P    536
1.47999022478,0.196850393701,0.393700787402E-01,                     103P    537
0.00000000000,1.00000000000,0.00000000000,                           103P    538
0.00000000000,0.00000000000,0,0,0;                                   103P    539
126,1,1,0,0,1,0,                                                     105P    540
0.00000000000,0.00000000000,1.00000000000,                           105P    541
1.00000000000,1.00000000000,1.00000000000,                           105P    542
1.47999022478,-0.196850393701,0.157480314961,                        105P    543
1.47999022478,-0.196850393701,0.393700787402E-01,                    105P    544
0.00000000000,1.00000000000,0.00000000000,                           105P    545
0.00000000000,0.00000000000,0,0,0;                                   105P    546
128,1,1,1,1,0,0,                                                     107P    547
1,0,0,                                                               107P    548
0.00000000000,0.00000000000,1.00000000000,                           107P    549
1.00000000000,0.00000000000,0.00000000000,                           107P    550
1.00000000000,1.00000000000,1.00000000000,                           107P    551
1.00000000000,1.00000000000,1.00000000000,                           107P    552
1.47999022478,-0.196850393701,0.157480314961,                        107P    553
1.47999022478,-0.196850393701,-0.157480314961,                       107P    554
1.79495085471,-0.196850393701,0.157480314961,                        107P    555
1.79495085471,-0.196850393701,-0.157480314961,                       107P    556
0.00000000000,1.00000000000,0.00000000000,                           107P    557
1.00000000000,0,0,0;                                                 107P    558
126,1,1,0,0,1,0,                                                     109P    559
0.00000000000,0.00000000000,1.00000000000,                           109P    560
1.00000000000,1.00000000000,1.00000000000,                           109P    561
1.67684061849,-0.196850393701,0.393700787402E-01,                    109P    562
1.47999022478,-0.196850393701,0.393700787402E-01,                    109P    563
0.00000000000,1.00000000000,0.00000000000,                           109P    564
0.00000000000,0.00000000000,0,0,0;                                   109P    565
126,1,1,0,0,1,0,                                                     111P    566
0.00000000000,0.00000000000,1.00000000000,                           111P    567
1.00000000000,1.00000000000,1.00000000000,                           111P    568
1.67684061849,-0.196850393701,0.157480314961,                        111P    569
1.67684061849,-0.196850393701,0.393700787402E-01,                    111P    570
0.00000000000,1.00000000000,0.00000000000,                           111P    571
0.00000000000,0.00000000000,0,0,0;                                   111P    572
126,1,1,0,0,1,0,                                                     113P    573
0.00000000000,0.00000000000,1.00000000000,                           113P    574
1.00000000000,1.00000000000,1.00000000000,                           113P    575
1.47999022478,-0.196850393701,0.157480314961,                        113P    576
1.67684061849,-0.196850393701,0.157480314961,                        113P    577
0.00000000000,1.00000000000,0.00000000000,                           113P    578
0.00000000000,0.00000000000,0,0,0;                                   113P    579
128,1,1,1,1,0,0,                                                     115P    580
1,0,0,                                                               115P    581
0.00000000000,0.00000000000,1.00000000000,                           115P    582
1.00000000000,0.00000000000,0.00000000000,                           115P    583
1.00000000000,1.00000000000,1.00000000000,                           115P    584
1.00000000000,1.00000000000,1.00000000000,                           115P    585
1.47999022478,-0.196850393701,0.157480314961,                        115P    586
1.79495085471,-0.196850393701,0.157480314961,                        115P    587
1.47999022478,0.196850393701,0.157480314961,                         115P    588
1.79495085471,0.196850393701,0.157480314961,                         115P    589
0.00000000000,1.00000000000,0.00000000000,                           115P    590
1.00000000000,0,0,0;                                                 115P    591
126,1,1,0,0,1,0,                                                     117P    592
0.00000000000,0.00000000000,1.00000000000,                           117P    593
1.00000000000,1.00000000000,1.00000000000,                           117P    594
1.67684061849,-0.196850393701,0.157480314961,                        117P    595
1.67684061849,0.196850393701,0.157480314961,                         117P    596
0.00000000000,1.00000000000,0.00000000000,                           117P    597
0.00000000000,0.00000000000,0,0,0;                                   117P    598
126,1,1,0,0,1,0,                                                     119P    599
0.00000000000,0.00000000000,1.00000000000,                           119P    600
1.00000000000,1.00000000000,1.00000000000,                           119P    601
1.67684061849,0.196850393701,0.157480314961,                         119P    602
1.47999022478,0.196850393701,0.157480314961,                         119P    603
0.00000000000,1.00000000000,0.00000000000,                           119P    604
0.00000000000,0.00000000000,0,0,0;                                   119P    605
128,1,1,1,1,0,0,                                                     121P    606
1,0,0,                                                               121P    607
0.00000000000,0.00000000000,1.00000000000,                           121P    608
1.00000000000,0.00000000000,0.00000000000,                           121P    609
1.00000000000,1.00000000000,1.00000000000,                           121P    610
1.00000000000,1.00000000000,1.00000000000,                           121P    611
1.47999022478,0.196850393701,0.157480314961,                         121P    612
1.79495085471,0.196850393701,0.157480314961,                         121P    613
1.47999022478,0.196850393701,-0.157480314961,                        121P    614
1.79495085471,0.196850393701,-0.157480314961,                        121P    615
0.00000000000,1.00000000000,0.00000000000,                           121P    616
1.00000000000,0,0,0;                                                 121P    617
126,1,1,0,0,1,0,                                                     123P    618
0.00000000000,0.00000000000,1.00000000000,                           123P    619
1.00000000000,1.00000000000,1.00000000000,                           123P    620
1.67684061849,0.196850393701,0.157480314961,                         123P    621
1.67684061849,0.196850393701,0.393700787402E-01,                     123P    622
0.00000000000,1.00000000000,0.00000000000,                           123P    623
0.00000000000,0.00000000000,0,0,0;                                   123P    624
126,1,1,0,0,1,0,                                                     125P    625
0.00000000000,0.00000000000,1.00000000000,                           125P    626
1.00000000000,1.00000000000,1.00000000000,                           125P    627
1.47999022478,0.196850393701,0.393700787402E-01,                     125P    628
1.67684061849,0.196850393701,0.393700787402E-01,                     125P    629
0.00000000000,1.00000000000,0.00000000000,                           125P    630
0.00000000000,0.00000000000,0,0,0;                                   125P    631
128,1,1,1,1,0,0,                                                     127P    632
1,0,0,                                                               127P    633
0.00000000000,0.00000000000,1.00000000000,                           127P    634
1.00000000000,0.00000000000,0.00000000000,                           127P    635
1.00000000000,1.00000000000,1.00000000000,                           127P    636
1.00000000000,1.00000000000,1.00000000000,                           127P    637
1.47999022478,-0.393700787402,0.393700787402E-01,                    127P    638
1.67684061849,-0.393700787402,0.393700787402E-01,                    127P    639
1.47999022478,0.393700787402,0.393700787402E-01,                     127P    640
1.67684061849,0.393700787402,0.393700787402E-01,                     127P    641
0.00000000000,1.00000000000,0.00000000000,                           127P    642
1.00000000000,0,0,0;                                                 127P    643
126,1,1,0,0,1,0,                                                     129P    644
0.00000000000,0.00000000000,1.00000000000,                           129P    645
1.00000000000,1.00000000000,1.00000000000,                           129P    646
1.67684061849,0.393700787402,0.393700787402E-01,                     129P    647
1.67684061849,0.196850393701,0.393700787402E-01,                     129P    648
0.00000000000,1.00000000000,0.00000000000,                           129P    649
0.00000000000,0.00000000000,0,0,0;                                   129P    650
126,1,1,0,0,1,0,                                                     131P    651
0.00000000000,0.00000000000,1.00000000000,                           131P    652
1.00000000000,1.00000000000,1.00000000000,                           131P    653
1.67684061849,0.393700787402,0.393700787402E-01,                     131P    654
1.47999022478,0.393700787402,0.393700787402E-01,                     131P    655
0.00000000000,1.00000000000,0.00000000000,                           131P    656
0.00000000000,0.00000000000,0,0,0;                                   131P    657
126,1,1,0,0,1,0,                                                     133P    658
0.00000000000,0.00000000000,1.00000000000,                           133P    659
1.00000000000,1.00000000000,1.00000000000,                           133P    660
1.47999022478,0.393700787402,0.393700787402E-01,                     133P    661
1.47999022478,0.196850393701,0.393700787402E-01,                     133P    662
0.00000000000,1.00000000000,0.00000000000,                           133P    663
0.00000000000,0.00000000000,0,0,0;                                   133P    664
128,1,1,1,1,0,0,                                                     135P    665
1,0,0,                                                               135P    666
0.00000000000,0.00000000000,1.00000000000,                           135P    667
1.00000000000,0.00000000000,0.00000000000,                           135P    668
1.00000000000,1.00000000000,1.00000000000,                           135P    669
1.00000000000,1.00000000000,1.00000000000,                           135P    670
1.47999022478,-0.393700787402,0.393700787402E-01,                    135P    671
1.47999022478,0.393700787402,0.393700787402E-01,                     135P    672
1.47999022478,-0.393700787402,-0.157480314961,                       135P    673
1.47999022478,0.393700787402,-0.157480314961,                        135P    674
0.00000000000,1.00000000000,0.00000000000,                           135P    675
1.00000000000,0,0,0;                                                 135P    676
126,1,1,0,0,1,0,                                                     137P    677
0.00000000000,0.00000000000,1.00000000000,                           137P    678
1.00000000000,1.00000000000,1.00000000000,                           137P    679
1.47999022478,0.393700787402,0.393700787402E-01,                     137P    680
1.47999022478,0.393700787402,-0.157480314961,                        137P    681
0.00000000000,1.00000000000,0.00000000000,                           137P    682
0.00000000000,0.00000000000,0,0,0;                                   137P    683
126,1,1,0,0,1,0,                                                     139P    684
0.00000000000,0.00000000000,1.00000000000,                           139P    685
1.00000000000,1.00000000000,1.00000000000,                           139P    686
1.47999022478,0.393700787402,-0.157480314961,                        139P    687
1.47999022478,0.196850393701,-0.157480314961,                        139P    688
0.00000000000,1.00000000000,0.00000000000,                           139P    689
0.00000000000,0.00000000000,0,0,0;                                   139P    690
128,1,1,1,1,0,0,                                                     141P    691
1,0,0,                                                               141P    692
0.00000000000,0.00000000000,1.00000000000,                           141P    693
1.00000000000,0.00000000000,0.00000000000,                           141P    694
1.00000000000,1.00000000000,1.00000000000,                           141P    695
1.00000000000,1.00000000000,1.00000000000,                           141P    696
1.47999022478,-0.393700787402,-0.157480314961,                       141P    697
1.47999022478,0.393700787402,-0.157480314961,                        141P    698
1.67684061849,-0.393700787402,-0.157480314961,                       141P    699
1.67684061849,0.393700787402,-0.157480314961,                        141P    700
0.00000000000,1.00000000000,0.00000000000,                           141P    701
1.00000000000,0,0,0;                                                 141P    702
126,1,1,0,0,1,0,                                                     143P    703
0.00000000000,0.00000000000,1.00000000000,                           143P    704
1.00000000000,1.00000000000,1.00000000000,                           143P    705
1.67684061849,0.393700787402,-0.157480314961,                        143P    706
1.47999022478,0.393700787402,-0.157480314961,                        143P    707
0.00000000000,1.00000000000,0.00000000000,                           143P    708
0.00000000000,0.00000000000,0,0,0;                                   143P    709
126,1,1,0,0,1,0,                                                     145P    710
0.00000000000,0.00000000000,1.00000000000,                           145P    711
1.00000000000,1.00000000000,1.00000000000,                           145P    712
1.67684061849,0.393700787402,-0.157480314961,                        145P    713
1.67684061849,0.196850393701,-0.157480314961,                        145P    714
0.00000000000,1.00000000000,0.00000000000,                           145P    715
0.00000000000,0.00000000000,0,0,0;                                   145P    716
126,1,1,0,0,1,0,                                                     147P    717
0.00000000000,0.00000000000,1.00000000000,                           147P    718
1.00000000000,1.00000000000,1.00000000000,                           147P    719
1.67684061849,0.196850393701,-0.157480314961,                        147P    720
1.47999022478,0.196850393701,-0.157480314961,                        147P    721
0.00000000000,1.00000000000,0.00000000000,                           147P    722
0.00000000000,0.00000000000,0,0,0;                                   147P    723
128,1,1,1,1,0,0,                                                     149P    724
1,0,0,                                                               149P    725
0.00000000000,0.00000000000,1.00000000000,                           149P    726
1.00000000000,0.00000000000,0.00000000000,                           149P    727
1.00000000000,1.00000000000,1.00000000000,                           149P    728
1.00000000000,1.00000000000,1.00000000000,                           149P    729
1.47999022478,-0.196850393701,-0.157480314961,                       149P    730
1.47999022478,0.196850393701,-0.157480314961,                        149P    731
1.79495085471,-0.196850393701,-0.157480314961,                       149P    732
1.79495085471,0.196850393701,-0.157480314961,                        149P    733
0.00000000000,1.00000000000,0.00000000000,                           149P    734
1.00000000000,0,0,0;                                                 149P    735
126,1,1,0,0,1,0,                                                     151P    736
0.00000000000,0.00000000000,1.00000000000,                           151P    737
1.00000000000,1.00000000000,1.00000000000,                           151P    738
1.67684061849,0.196850393701,-0.157480314961,                        151P    739
1.67684061849,-0.196850393701,-0.157480314961,                       151P    740
0.00000000000,1.00000000000,0.00000000000,                           151P    741
0.00000000000,0.00000000000,0,0,0;                                   151P    742
126,1,1,0,0,1,0,                                                     153P    743
0.00000000000,0.00000000000,1.00000000000,                           153P    744
1.00000000000,1.00000000000,1.00000000000,                           153P    745
1.47999022478,-0.196850393701,-0.157480314961,                       153P    746
1.67684061849,-0.196850393701,-0.157480314961,                       153P    747
0.00000000000,1.00000000000,0.00000000000,                           153P    748
0.00000000000,0.00000000000,0,0,0;                                   153P    749
128,1,1,1,1,0,0,                                                     155P    750
1,0,0,                                                               155P    751
0.00000000000,0.00000000000,1.00000000000,                           155P    752
1.00000000000,0.00000000000,0.00000000000,                           155P    753
1.00000000000,1.00000000000,1.00000000000,                           155P    754
1.00000000000,1.00000000000,1.00000000000,                           155P    755
1.47999022478,-0.393700787402,-0.157480314961,                       155P    756
1.47999022478,0.393700787402,-0.157480314961,                        155P    757
1.67684061849,-0.393700787402,-0.157480314961,                       155P    758
1.67684061849,0.393700787402,-0.157480314961,                        155P    759
0.00000000000,1.00000000000,0.00000000000,                           155P    760
1.00000000000,0,0,0;                                                 155P    761
126,1,1,0,0,1,0,                                                     157P    762
0.00000000000,0.00000000000,1.00000000000,                           157P    763
1.00000000000,1.00000000000,1.00000000000,                           157P    764
1.67684061849,-0.196850393701,-0.157480314961,                       157P    765
1.67684061849,-0.393700787402,-0.157480314961,                       157P    766
0.00000000000,1.00000000000,0.00000000000,                           157P    767
0.00000000000,0.00000000000,0,0,0;                                   157P    768
126,1,1,0,0,1,0,                                                     159P    769
0.00000000000,0.00000000000,1.00000000000,                           159P    770
1.00000000000,1.00000000000,1.00000000000,                           159P    771
1.47999022478,-0.393700787402,-0.157480314961,                       159P    772
1.67684061849,-0.393700787402,-0.157480314961,                       159P    773
0.00000000000,1.00000000000,0.00000000000,                           159P    774
0.00000000000,0.00000000000,0,0,0;                                   159P    775
126,1,1,0,0,1,0,                                                     161P    776
0.00000000000,0.00000000000,1.00000000000,                           161P    777
1.00000000000,1.00000000000,1.00000000000,                           161P    778
1.47999022478,-0.196850393701,-0.157480314961,                       161P    779
1.47999022478,-0.393700787402,-0.157480314961,                       161P    780
0.00000000000,1.00000000000,0.00000000000,                           161P    781
0.00000000000,0.00000000000,0,0,0;                                   161P    782
128,1,1,1,1,0,0,                                                     163P    783
1,0,0,                                                               163P    784
0.00000000000,0.00000000000,1.00000000000,                           163P    785
1.00000000000,0.00000000000,0.00000000000,                           163P    786
1.00000000000,1.00000000000,1.00000000000,                           163P    787
1.00000000000,1.00000000000,1.00000000000,                           163P    788
1.47999022478,-0.393700787402,0.393700787402E-01,                    163P    789
1.47999022478,0.393700787402,0.393700787402E-01,                     163P    790
1.47999022478,-0.393700787402,-0.157480314961,                       163P    791
1.47999022478,0.393700787402,-0.157480314961,                        163P    792
0.00000000000,1.00000000000,0.00000000000,                           163P    793
1.00000000000,0,0,0;                                                 163P    794
126,1,1,0,0,1,0,                                                     165P    795
0.00000000000,0.00000000000,1.00000000000,                           165P    796
1.00000000000,1.00000000000,1.00000000000,                           165P    797
1.47999022478,-0.393700787402,0.393700787402E-01,                    165P    798
1.47999022478,-0.393700787402,-0.157480314961,                       165P    799
0.00000000000,1.00000000000,0.00000000000,                           165P    800
0.00000000000,0.00000000000,0,0,0;                                   165P    801
126,1,1,0,0,1,0,                                                     167P    802
0.00000000000,0.00000000000,1.00000000000,                           167P    803
1.00000000000,1.00000000000,1.00000000000,                           167P    804
1.47999022478,-0.196850393701,0.393700787402E-01,                    167P    805
1.47999022478,-0.393700787402,0.393700787402E-01,                    167P    806
0.00000000000,1.00000000000,0.00000000000,                           167P    807
0.00000000000,0.00000000000,0,0,0;                                   167P    808
128,1,1,1,1,0,0,                                                     169P    809
1,0,0,                                                               169P    810
0.00000000000,0.00000000000,1.00000000000,                           169P    811
1.00000000000,0.00000000000,0.00000000000,                           169P    812
1.00000000000,1.00000000000,1.00000000000,                           169P    813
1.00000000000,1.00000000000,1.00000000000,                           169P    814
1.47999022478,-0.393700787402,0.393700787402E-01,                    169P    815
1.67684061849,-0.393700787402,0.393700787402E-01,                    169P    816
1.47999022478,0.393700787402,0.393700787402E-01,                     169P    817
1.67684061849,0.393700787402,0.393700787402E-01,                     169P    818
0.00000000000,1.00000000000,0.00000000000,                           169P    819
1.00000000000,0,0,0;                                                 169P    820
126,1,1,0,0,1,0,                                                     171P    821
0.00000000000,0.00000000000,1.00000000000,                           171P    822
1.00000000000,1.00000000000,1.00000000000,                           171P    823
1.47999022478,-0.393700787402,0.393700787402E-01,                    171P    824
1.67684061849,-0.393700787402,0.393700787402E-01,                    171P    825
0.00000000000,1.00000000000,0.00000000000,                           171P    826
0.00000000000,0.00000000000,0,0,0;                                   171P    827
126,1,1,0,0,1,0,                                                     173P    828
0.00000000000,0.00000000000,1.00000000000,                           173P    829
1.00000000000,1.00000000000,1.00000000000,                           173P    830
1.67684061849,-0.196850393701,0.393700787402E-01,                    173P    831
1.67684061849,-0.393700787402,0.393700787402E-01,                    173P    832
0.00000000000,1.00000000000,0.00000000000,                           173P    833
0.00000000000,0.00000000000,0,0,0;                                   173P    834
128,1,1,1,1,0,0,                                                     175P    835
1,0,0,                                                               175P    836
0.00000000000,0.00000000000,1.00000000000,                           175P    837
1.00000000000,0.00000000000,0.00000000000,                           175P    838
1.00000000000,1.00000000000,1.00000000000,                           175P    839
1.00000000000,1.00000000000,1.00000000000,                           175P    840
1.67684061849,-0.393700787402,0.393700787402E-01,                    175P    841
1.79495085471,-0.393700787402,0.393700787402E-01,                    175P    842
1.67684061849,0.393700787402,0.393700787402E-01,                     175P    843
1.79495085471,0.393700787402,0.393700787402E-01,                     175P    844
0.00000000000,1.00000000000,0.00000000000,                           175P    845
1.00000000000,0,0,0;                                                 175P    846
126,1,1,0,0,1,0,                                                     177P    847
0.00000000000,0.00000000000,1.00000000000,                           177P    848
1.00000000000,1.00000000000,1.00000000000,                           177P    849
1.67684061849,-0.393700787402,0.393700787402E-01,                    177P    850
1.79495085471,-0.393700787402,0.393700787402E-01,                    177P    851
0.00000000000,1.00000000000,0.00000000000,                           177P    852
0.00000000000,0.00000000000,0,0,0;                                   177P    853
126,1,1,0,0,1,0,                                                     179P    854
0.00000000000,0.00000000000,1.00000000000,                           179P    855
1.00000000000,1.00000000000,1.00000000000,                           179P    856
1.79495085471,-0.393700787402,0.393700787402E-01,                    179P    857
1.79495085471,-0.196850393701,0.393700787402E-01,                    179P    858
0.00000000000,1.00000000000,0.00000000000,                           179P    859
0.00000000000,0.00000000000,0,0,0;                                   179P    860
126,1,1,0,0,1,0,                                                     181P    861
0.00000000000,0.00000000000,1.00000000000,                           181P    862
1.00000000000,1.00000000000,1.00000000000,                           181P    863
1.79495085471,-0.196850393701,0.393700787402E-01,                    181P    864
1.67684061849,-0.196850393701,0.393700787402E-01,                    181P    865
0.00000000000,1.00000000000,0.00000000000,                           181P    866
0.00000000000,0.00000000000,0,0,0;                                   181P    867
128,1,1,1,1,0,0,                                                     183P    868
1,0,0,                                                               183P    869
0.00000000000,0.00000000000,1.00000000000,                           183P    870
1.00000000000,0.00000000000,0.00000000000,                           183P    871
1.00000000000,1.00000000000,1.00000000000,                           183P    872
1.00000000000,1.00000000000,1.00000000000,                           183P    873
1.67684061849,-0.196850393701,0.236220472441,                        183P    874
1.67684061849,-0.196850393701,-0.157480314961,                       183P    875
2.30676187833,-0.196850393701,0.236220472441,                        183P    876
2.30676187833,-0.196850393701,-0.157480314961,                       183P    877
0.00000000000,1.00000000000,0.00000000000,                           183P    878
1.00000000000,0,0,0;                                                 183P    879
126,1,1,0,0,1,0,                                                     185P    880
0.00000000000,0.00000000000,1.00000000000,                           185P    881
1.00000000000,1.00000000000,1.00000000000,                           185P    882
1.67684061849,-0.196850393701,0.157480314961,                        185P    883
1.79495085471,-0.196850393701,0.157480314961,                        185P    884
0.00000000000,1.00000000000,0.00000000000,                           185P    885
0.00000000000,0.00000000000,0,0,0;                                   185P    886
126,1,1,0,0,1,0,                                                     187P    887
0.00000000000,0.00000000000,1.00000000000,                           187P    888
1.00000000000,1.00000000000,1.00000000000,                           187P    889
1.79495085471,-0.196850393701,0.393700787402E-01,                    187P    890
1.79495085471,-0.196850393701,0.157480314961,                        187P    891
0.00000000000,1.00000000000,0.00000000000,                           187P    892
0.00000000000,0.00000000000,0,0,0;                                   187P    893
128,1,1,1,1,0,0,                                                     189P    894
1,0,0,                                                               189P    895
0.00000000000,0.00000000000,1.00000000000,                           189P    896
1.00000000000,0.00000000000,0.00000000000,                           189P    897
1.00000000000,1.00000000000,1.00000000000,                           189P    898
1.00000000000,1.00000000000,1.00000000000,                           189P    899
1.67684061849,-0.196850393701,0.236220472441,                        189P    900
1.67684061849,-0.196850393701,-0.157480314961,                       189P    901
2.30676187833,-0.196850393701,0.236220472441,                        189P    902
2.30676187833,-0.196850393701,-0.157480314961,                       189P    903
0.00000000000,1.00000000000,0.00000000000,                           189P    904
1.00000000000,0,0,0;                                                 189P    905
126,1,1,0,0,1,0,                                                     191P    906
0.00000000000,0.00000000000,1.00000000000,                           191P    907
1.00000000000,1.00000000000,1.00000000000,                           191P    908
1.67684061849,-0.196850393701,0.236220472441,                        191P    909
1.67684061849,-0.196850393701,0.157480314961,                        191P    910
0.00000000000,1.00000000000,0.00000000000,                           191P    911
0.00000000000,0.00000000000,0,0,0;                                   191P    912
126,1,1,0,0,1,0,                                                     193P    913
0.00000000000,0.00000000000,1.00000000000,                           193P    914
1.00000000000,1.00000000000,1.00000000000,                           193P    915
1.79495085471,-0.196850393701,-0.157480314961,                       193P    916
1.79495085471,-0.196850393701,0.393700787402E-01,                    193P    917
0.00000000000,1.00000000000,0.00000000000,                           193P    918
0.00000000000,0.00000000000,0,0,0;                                   193P    919
126,1,1,0,0,1,0,                                                     195P    920
0.00000000000,0.00000000000,1.00000000000,                           195P    921
1.00000000000,1.00000000000,1.00000000000,                           195P    922
1.79495085471,-0.196850393701,-0.157480314961,                       195P    923
2.30676187833,-0.196850393701,-0.157480314961,                       195P    924
0.00000000000,1.00000000000,0.00000000000,                           195P    925
0.00000000000,0.00000000000,0,0,0;                                   195P    926
126,1,1,0,0,1,0,                                                     197P    927
0.00000000000,0.00000000000,1.00000000000,                           197P    928
1.00000000000,1.00000000000,1.00000000000,                           197P    929
2.30676187833,-0.196850393701,-0.157480314961,                       197P    930
2.30676187833,-0.196850393701,0.236220472441,                        197P    931
0.00000000000,1.00000000000,0.00000000000,                           197P    932
0.00000000000,0.00000000000,0,0,0;                                   197P    933
126,1,1,0,0,1,0,                                                     199P    934
0.00000000000,0.00000000000,1.00000000000,                           199P    935
1.00000000000,1.00000000000,1.00000000000,                           199P    936
1.87369101219,-0.196850393701,0.236220472441,                        199P    937
2.30676187833,-0.196850393701,0.236220472441,                        199P    938
0.00000000000,1.00000000000,0.00000000000,                           199P    939
0.00000000000,0.00000000000,0,0,0;                                   199P    940
126,1,1,0,0,1,0,                                                     201P    941
0.00000000000,0.00000000000,1.00000000000,                           201P    942
1.00000000000,1.00000000000,1.00000000000,                           201P    943
1.67684061849,-0.196850393701,0.236220472441,                        201P    944
1.87369101219,-0.196850393701,0.236220472441,                        201P    945
0.00000000000,1.00000000000,0.00000000000,                           201P    946
0.00000000000,0.00000000000,0,0,0;                                   201P    947
128,1,1,1,1,0,0,                                                     203P    948
1,0,0,                                                               203P    949
0.00000000000,0.00000000000,1.00000000000,                           203P    950
1.00000000000,0.00000000000,0.00000000000,                           203P    951
1.00000000000,1.00000000000,1.00000000000,                           203P    952
1.00000000000,1.00000000000,1.00000000000,                           203P    953
1.67684061849,-0.196850393701,0.236220472441,                        203P    954
2.30676187833,-0.196850393701,0.236220472441,                        203P    955
1.67684061849,0.196850393701,0.236220472441,                         203P    956
2.30676187833,0.196850393701,0.236220472441,                         203P    957
0.00000000000,1.00000000000,0.00000000000,                           203P    958
1.00000000000,0,0,0;                                                 203P    959
126,2,2,0,0,0,0,                                                     205P    960
0.00000000000,0.00000000000,0.00000000000,                           205P    961
1.00000000000,1.00000000000,1.00000000000,                           205P    962
1.00000000000,0.500000000000,0.500000000000,                         205P    963
1.67684061849,0.00000000000,0.236220472441,                          205P    964
1.67684061849,-0.196850393701,0.236220472441,                        205P    965
1.87369101219,-0.196850393701,0.236220472441,                        205P    966
0.00000000000,1.00000000000,0.00000000000,                           205P    967
0.00000000000,0.00000000000,0,0,0;                                   205P    968
126,1,1,0,0,1,0,                                                     207P    969
0.00000000000,0.00000000000,1.00000000000,                           207P    970
1.00000000000,1.00000000000,1.00000000000,                           207P    971
1.67684061849,0.00000000000,0.236220472441,                          207P    972
1.67684061849,-0.196850393701,0.236220472441,                        207P    973
0.00000000000,1.00000000000,0.00000000000,                           207P    974
0.00000000000,0.00000000000,0,0,0;                                   207P    975
128,1,1,1,1,0,0,                                                     209P    976
1,0,0,                                                               209P    977
0.00000000000,0.00000000000,1.00000000000,                           209P    978
1.00000000000,0.00000000000,0.00000000000,                           209P    979
1.00000000000,1.00000000000,1.00000000000,                           209P    980
1.00000000000,1.00000000000,1.00000000000,                           209P    981
1.67684061849,-0.196850393701,0.236220472441,                        209P    982
1.67684061849,0.196850393701,0.236220472441,                         209P    983
1.67684061849,-0.196850393701,-0.157480314961,                       209P    984
1.67684061849,0.196850393701,-0.157480314961,                        209P    985
0.00000000000,1.00000000000,0.00000000000,                           209P    986
1.00000000000,0,0,0;                                                 209P    987
126,1,1,0,0,1,0,                                                     211P    988
0.00000000000,0.00000000000,1.00000000000,                           211P    989
1.00000000000,1.00000000000,1.00000000000,                           211P    990
1.67684061849,0.196850393701,0.236220472441,                         211P    991
1.67684061849,0.00000000000,0.236220472441,                          211P    992
0.00000000000,1.00000000000,0.00000000000,                           211P    993
0.00000000000,0.00000000000,0,0,0;                                   211P    994
126,1,1,0,0,1,0,                                                     213P    995
0.00000000000,0.00000000000,1.00000000000,                           213P    996
1.00000000000,1.00000000000,1.00000000000,                           213P    997
1.67684061849,0.196850393701,0.236220472441,                         213P    998
1.67684061849,0.196850393701,0.157480314961,                         213P    999
0.00000000000,1.00000000000,0.00000000000,                           213P   1000
0.00000000000,0.00000000000,0,0,0;                                   213P   1001
128,1,1,1,1,0,0,                                                     215P   1002
1,0,0,                                                               215P   1003
0.00000000000,0.00000000000,1.00000000000,                           215P   1004
1.00000000000,0.00000000000,0.00000000000,                           215P   1005
1.00000000000,1.00000000000,1.00000000000,                           215P   1006
1.00000000000,1.00000000000,1.00000000000,                           215P   1007
1.67684061849,0.196850393701,0.236220472441,                         215P   1008
2.30676187833,0.196850393701,0.236220472441,                         215P   1009
1.67684061849,0.196850393701,-0.157480314961,                        215P   1010
2.30676187833,0.196850393701,-0.157480314961,                        215P   1011
0.00000000000,1.00000000000,0.00000000000,                           215P   1012
1.00000000000,0,0,0;                                                 215P   1013
126,1,1,0,0,1,0,                                                     217P   1014
0.00000000000,0.00000000000,1.00000000000,                           217P   1015
1.00000000000,1.00000000000,1.00000000000,                           217P   1016
2.30676187833,0.196850393701,0.236220472441,                         217P   1017
1.87369101219,0.196850393701,0.236220472441,                         217P   1018
0.00000000000,1.00000000000,0.00000000000,                           217P   1019
0.00000000000,0.00000000000,0,0,0;                                   217P   1020
126,1,1,0,0,1,0,                                                     219P   1021
0.00000000000,0.00000000000,1.00000000000,                           219P   1022
1.00000000000,1.00000000000,1.00000000000,                           219P   1023
2.30676187833,0.196850393701,-0.157480314961,                        219P   1024
2.30676187833,0.196850393701,0.236220472441,                         219P   1025
0.00000000000,1.00000000000,0.00000000000,                           219P   1026
0.00000000000,0.00000000000,0,0,0;                                   219P   1027
126,1,1,0,0,1,0,                                                     221P   1028
0.00000000000,0.00000000000,1.00000000000,                           221P   1029
1.00000000000,1.00000000000,1.00000000000,                           221P   1030
2.30676187833,0.196850393701,-0.157480314961,                        221P   1031
1.79495085471,0.196850393701,-0.157480314961,                        221P   1032
0.00000000000,1.00000000000,0.00000000000,                           221P   1033
0.00000000000,0.00000000000,0,0,0;                                   221P   1034
126,1,1,0,0,1,0,                                                     223P   1035
0.00000000000,0.00000000000,1.00000000000,                           223P   1036
1.00000000000,1.00000000000,1.00000000000,                           223P   1037
1.79495085471,0.196850393701,0.393700787402E-01,                     223P   1038
1.79495085471,0.196850393701,-0.157480314961,                        223P   1039
0.00000000000,1.00000000000,0.00000000000,                           223P   1040
0.00000000000,0.00000000000,0,0,0;                                   223P   1041
126,1,1,0,0,1,0,                                                     225P   1042
0.00000000000,0.00000000000,1.00000000000,                           225P   1043
1.00000000000,1.00000000000,1.00000000000,                           225P   1044
1.79495085471,0.196850393701,0.393700787402E-01,                     225P   1045
1.79495085471,0.196850393701,0.157480314961,                         225P   1046
0.00000000000,1.00000000000,0.00000000000,                           225P   1047
0.00000000000,0.00000000000,0,0,0;                                   225P   1048
126,1,1,0,0,1,0,                                                     227P   1049
0.00000000000,0.00000000000,1.00000000000,                           227P   1050
1.00000000000,1.00000000000,1.00000000000,                           227P   1051
1.79495085471,0.196850393701,0.157480314961,                         227P   1052
1.67684061849,0.196850393701,0.157480314961,                         227P   1053
0.00000000000,1.00000000000,0.00000000000,                           227P   1054
0.00000000000,0.00000000000,0,0,0;                                   227P   1055
126,1,1,0,0,1,0,                                                     229P   1056
0.00000000000,0.00000000000,1.00000000000,                           229P   1057
1.00000000000,1.00000000000,1.00000000000,                           229P   1058
1.87369101219,0.196850393701,0.236220472441,                         229P   1059
1.67684061849,0.196850393701,0.236220472441,                         229P   1060
0.00000000000,1.00000000000,0.00000000000,                           229P   1061
0.00000000000,0.00000000000,0,0,0;                                   229P   1062
128,1,1,1,1,0,0,                                                     231P   1063
1,0,0,                                                               231P   1064
0.00000000000,0.00000000000,1.00000000000,                           231P   1065
1.00000000000,0.00000000000,0.00000000000,                           231P   1066
1.00000000000,1.00000000000,1.00000000000,                           231P   1067
1.00000000000,1.00000000000,1.00000000000,                           231P   1068
1.67684061849,-0.196850393701,0.236220472441,                        231P   1069
2.30676187833,-0.196850393701,0.236220472441,                        231P   1070
1.67684061849,0.196850393701,0.236220472441,                         231P   1071
2.30676187833,0.196850393701,0.236220472441,                         231P   1072
0.00000000000,1.00000000000,0.00000000000,                           231P   1073
1.00000000000,0,0,0;                                                 231P   1074
126,2,2,0,0,0,0,                                                     233P   1075
0.00000000000,0.00000000000,0.00000000000,                           233P   1076
1.00000000000,1.00000000000,1.00000000000,                           233P   1077
0.500000000000,0.500000000000,1.00000000000,                         233P   1078
1.87369101219,0.196850393701,0.236220472441,                         233P   1079
1.67684061849,0.196850393701,0.236220472441,                         233P   1080
1.67684061849,0.00000000000,0.236220472441,                          233P   1081
0.00000000000,1.00000000000,0.00000000000,                           233P   1082
0.00000000000,0.00000000000,0,0,0;                                   233P   1083
128,3,1,2,1,0,0,                                                     235P   1084
0,0,0,                                                               235P   1085
0.00000000000,0.00000000000,0.00000000000,                           235P   1086
0.500000000000,1.00000000000,1.00000000000,                          235P   1087
1.00000000000,0.00000000000,0.00000000000,                           235P   1088
1.00000000000,1.00000000000,1.00000000000,                           235P   1089
0.500000000000,0.500000000000,1.00000000000,                         235P   1090
1.00000000000,0.500000000000,0.500000000000,                         235P   1091
1.00000000000,2.07054140589,0.00000000000,                           235P   1092
0.236220472441,2.07054140589,0.196850393701,                         235P   1093
0.236220472441,1.67684061849,0.196850393701,                         235P   1094
0.236220472441,1.67684061849,0.00000000000,                          235P   1095
0.236220472441,2.07054140589,0.00000000000,                          235P   1096
0.511811023622,2.07054140589,0.196850393701,                         235P   1097
0.511811023622,1.67684061849,0.196850393701,                         235P   1098
0.511811023622,1.67684061849,0.00000000000,                          235P   1099
0.511811023622,0.00000000000,1.00000000000,                          235P   1100
0.00000000000,1.00000000000,0,0,0;                                   235P   1101
126,2,2,0,0,0,0,                                                     237P   1102
0.00000000000,0.00000000000,0.00000000000,                           237P   1103
1.00000000000,1.00000000000,1.00000000000,                           237P   1104
1.00000000000,0.500000000000,0.500000000000,                         237P   1105
2.07054140589,0.00000000000,0.236220472441,                          237P   1106
2.07054140589,0.196850393701,0.236220472441,                         237P   1107
1.87369101219,0.196850393701,0.236220472441,                         237P   1108
0.00000000000,1.00000000000,0.00000000000,                           237P   1109
0.00000000000,0.00000000000,0,0,0;                                   237P   1110
126,1,1,0,0,0,0,                                                     239P   1111
0.00000000000,0.00000000000,1.00000000000,                           239P   1112
1.00000000000,1.00000000000,1.00000000000,                           239P   1113
1.67684061849,0.00000000000,0.236220472441,                          239P   1114
1.67684061849,0.00000000000,0.511811023622,                          239P   1115
0.00000000000,1.00000000000,0.00000000000,                           239P   1116
0.00000000000,0.00000000000,0,0,0;                                   239P   1117
126,2,2,0,0,0,0,                                                     241P   1118
0.00000000000,0.00000000000,0.00000000000,                           241P   1119
1.00000000000,1.00000000000,1.00000000000,                           241P   1120
0.500000000000,0.500000000000,1.00000000000,                         241P   1121
1.87369101219,0.196850393701,0.511811023622,                         241P   1122
1.67684061849,0.196850393701,0.511811023622,                         241P   1123
1.67684061849,0.00000000000,0.511811023622,                          241P   1124
0.00000000000,1.00000000000,0.00000000000,                           241P   1125
0.00000000000,0.00000000000,0,0,0;                                   241P   1126
126,2,2,0,0,0,0,                                                     243P   1127
0.00000000000,0.00000000000,0.00000000000,                           243P   1128
1.00000000000,1.00000000000,1.00000000000,                           243P   1129
1.00000000000,0.500000000000,0.500000000000,                         243P   1130
2.07054140589,0.00000000000,0.511811023622,                          243P   1131
2.07054140589,0.196850393701,0.511811023622,                         243P   1132
1.87369101219,0.196850393701,0.511811023622,                         243P   1133
0.00000000000,1.00000000000,0.00000000000,                           243P   1134
0.00000000000,0.00000000000,0,0,0;                                   243P   1135
126,1,1,0,0,0,0,                                                     245P   1136
0.00000000000,0.00000000000,1.00000000000,                           245P   1137
1.00000000000,1.00000000000,1.00000000000,                           245P   1138
2.07054140589,0.00000000000,0.236220472441,                          245P   1139
2.07054140589,0.00000000000,0.511811023622,                          245P   1140
0.00000000000,1.00000000000,0.00000000000,                           245P   1141
0.00000000000,0.00000000000,0,0,0;                                   245P   1142
128,3,1,2,1,0,0,                                                     247P   1143
0,0,0,                                                               247P   1144
0.00000000000,0.00000000000,0.00000000000,                           247P   1145
0.500000000000,1.00000000000,1.00000000000,                          247P   1146
1.00000000000,0.00000000000,0.00000000000,                           247P   1147
1.00000000000,1.00000000000,1.00000000000,                           247P   1148
0.500000000000,0.500000000000,1.00000000000,                         247P   1149
1.00000000000,0.500000000000,0.500000000000,                         247P   1150
1.00000000000,1.67684061849,0.00000000000,                           247P   1151
0.236220472441,1.67684061849,-0.196850393701,                        247P   1152
0.236220472441,2.07054140589,-0.196850393701,                        247P   1153
0.236220472441,2.07054140589,0.00000000000,                          247P   1154
0.236220472441,1.67684061849,0.00000000000,                          247P   1155
0.511811023622,1.67684061849,-0.196850393701,                        247P   1156
0.511811023622,2.07054140589,-0.196850393701,                        247P   1157
0.511811023622,2.07054140589,0.00000000000,                          247P   1158
0.511811023622,0.00000000000,1.00000000000,                          247P   1159
0.00000000000,1.00000000000,0,0,0;                                   247P   1160
126,2,2,0,0,0,0,                                                     249P   1161
0.00000000000,0.00000000000,0.00000000000,                           249P   1162
1.00000000000,1.00000000000,1.00000000000,                           249P   1163
0.500000000000,0.500000000000,1.00000000000,                         249P   1164
1.87369101219,-0.196850393701,0.236220472441,                        249P   1165
2.07054140589,-0.196850393701,0.236220472441,                        249P   1166
2.07054140589,0.00000000000,0.236220472441,                          249P   1167
0.00000000000,1.00000000000,0.00000000000,                           249P   1168
0.00000000000,0.00000000000,0,0,0;                                   249P   1169
126,2,2,0,0,0,0,                                                     251P   1170
0.00000000000,0.00000000000,0.00000000000,                           251P   1171
1.00000000000,1.00000000000,1.00000000000,                           251P   1172
0.500000000000,0.500000000000,1.00000000000,                         251P   1173
1.87369101219,-0.196850393701,0.511811023622,                        251P   1174
2.07054140589,-0.196850393701,0.511811023622,                        251P   1175
2.07054140589,0.00000000000,0.511811023622,                          251P   1176
0.00000000000,1.00000000000,0.00000000000,                           251P   1177
0.00000000000,0.00000000000,0,0,0;                                   251P   1178
126,2,2,0,0,0,0,                                                     253P   1179
0.00000000000,0.00000000000,0.00000000000,                           253P   1180
1.00000000000,1.00000000000,1.00000000000,                           253P   1181
1.00000000000,0.500000000000,0.500000000000,                         253P   1182
1.67684061849,0.00000000000,0.511811023622,                          253P   1183
1.67684061849,-0.196850393701,0.511811023622,                        253P   1184
1.87369101219,-0.196850393701,0.511811023622,                        253P   1185
0.00000000000,1.00000000000,0.00000000000,                           253P   1186
0.00000000000,0.00000000000,0,0,0;                                   253P   1187
128,1,1,1,1,0,0,                                                     255P   1188
1,0,0,                                                               255P   1189
0.00000000000,0.00000000000,1.00000000000,                           255P   1190
1.00000000000,0.00000000000,0.00000000000,                           255P   1191
1.00000000000,1.00000000000,1.00000000000,                           255P   1192
1.00000000000,1.00000000000,1.00000000000,                           255P   1193
1.59591010988,-0.277780902307,0.511811023622,                        255P   1194
2.15147191449,-0.277780902307,0.511811023622,                        255P   1195
1.59591010988,0.277780902307,0.511811023622,                         255P   1196
2.15147191449,0.277780902307,0.511811023622,                         255P   1197
0.00000000000,1.00000000000,0.00000000000,                           255P   1198
1.00000000000,0,0,0;                                                 255P   1199
128,1,1,1,1,0,0,                                                     257P   1200
1,0,0,                                                               257P   1201
0.00000000000,0.00000000000,1.00000000000,                           257P   1202
1.00000000000,0.00000000000,0.00000000000,                           257P   1203
1.00000000000,1.00000000000,1.00000000000,                           257P   1204
1.00000000000,1.00000000000,1.00000000000,                           257P   1205
1.67684061849,-0.196850393701,0.236220472441,                        257P   1206
2.30676187833,-0.196850393701,0.236220472441,                        257P   1207
1.67684061849,0.196850393701,0.236220472441,                         257P   1208
2.30676187833,0.196850393701,0.236220472441,                         257P   1209
0.00000000000,1.00000000000,0.00000000000,                           257P   1210
1.00000000000,0,0,0;                                                 257P   1211
126,1,1,0,0,1,0,                                                     259P   1212
0.00000000000,0.00000000000,1.00000000000,                           259P   1213
1.00000000000,1.00000000000,1.00000000000,                           259P   1214
2.30676187833,-0.196850393701,0.236220472441,                        259P   1215
2.30676187833,0.196850393701,0.236220472441,                         259P   1216
0.00000000000,1.00000000000,0.00000000000,                           259P   1217
0.00000000000,0.00000000000,0,0,0;                                   259P   1218
128,1,1,1,1,0,0,                                                     261P   1219
1,0,0,                                                               261P   1220
0.00000000000,0.00000000000,1.00000000000,                           261P   1221
1.00000000000,0.00000000000,0.00000000000,                           261P   1222
1.00000000000,1.00000000000,1.00000000000,                           261P   1223
1.00000000000,1.00000000000,1.00000000000,                           261P   1224
2.30676187833,-0.196850393701,0.236220472441,                        261P   1225
2.30676187833,-0.196850393701,-0.157480314961,                       261P   1226
2.30676187833,0.196850393701,0.236220472441,                         261P   1227
2.30676187833,0.196850393701,-0.157480314961,                        261P   1228
0.00000000000,1.00000000000,0.00000000000,                           261P   1229
1.00000000000,0,0,0;                                                 261P   1230
126,1,1,0,0,1,0,                                                     263P   1231
0.00000000000,0.00000000000,1.00000000000,                           263P   1232
1.00000000000,1.00000000000,1.00000000000,                           263P   1233
2.30676187833,-0.196850393701,-0.157480314961,                       263P   1234
2.30676187833,0.196850393701,-0.157480314961,                        263P   1235
0.00000000000,1.00000000000,0.00000000000,                           263P   1236
0.00000000000,0.00000000000,0,0,0;                                   263P   1237
128,1,1,1,1,0,0,                                                     265P   1238
1,0,0,                                                               265P   1239
0.00000000000,0.00000000000,1.00000000000,                           265P   1240
1.00000000000,0.00000000000,0.00000000000,                           265P   1241
1.00000000000,1.00000000000,1.00000000000,                           265P   1242
1.00000000000,1.00000000000,1.00000000000,                           265P   1243
1.67684061849,-0.196850393701,-0.157480314961,                       265P   1244
1.67684061849,0.196850393701,-0.157480314961,                        265P   1245
2.30676187833,-0.196850393701,-0.157480314961,                       265P   1246
2.30676187833,0.196850393701,-0.157480314961,                        265P   1247
0.00000000000,1.00000000000,0.00000000000,                           265P   1248
1.00000000000,0,0,0;                                                 265P   1249
126,1,1,0,0,1,0,                                                     267P   1250
0.00000000000,0.00000000000,1.00000000000,                           267P   1251
1.00000000000,1.00000000000,1.00000000000,                           267P   1252
1.79495085471,-0.196850393701,-0.157480314961,                       267P   1253
1.79495085471,0.196850393701,-0.157480314961,                        267P   1254
0.00000000000,1.00000000000,0.00000000000,                           267P   1255
0.00000000000,0.00000000000,0,0,0;                                   267P   1256
128,1,1,1,1,0,0,                                                     269P   1257
1,0,0,                                                               269P   1258
0.00000000000,0.00000000000,1.00000000000,                           269P   1259
1.00000000000,0.00000000000,0.00000000000,                           269P   1260
1.00000000000,1.00000000000,1.00000000000,                           269P   1261
1.00000000000,1.00000000000,1.00000000000,                           269P   1262
1.67684061849,-0.196850393701,-0.157480314961,                       269P   1263
1.67684061849,0.196850393701,-0.157480314961,                        269P   1264
2.30676187833,-0.196850393701,-0.157480314961,                       269P   1265
2.30676187833,0.196850393701,-0.157480314961,                        269P   1266
0.00000000000,1.00000000000,0.00000000000,                           269P   1267
1.00000000000,0,0,0;                                                 269P   1268
126,1,1,0,0,1,0,                                                     271P   1269
0.00000000000,0.00000000000,1.00000000000,                           271P   1270
1.00000000000,1.00000000000,1.00000000000,                           271P   1271
1.79495085471,0.196850393701,-0.157480314961,                        271P   1272
1.67684061849,0.196850393701,-0.157480314961,                        271P   1273
0.00000000000,1.00000000000,0.00000000000,                           271P   1274
0.00000000000,0.00000000000,0,0,0;                                   271P   1275
126,1,1,0,0,1,0,                                                     273P   1276
0.00000000000,0.00000000000,1.00000000000,                           273P   1277
1.00000000000,1.00000000000,1.00000000000,                           273P   1278
1.67684061849,-0.196850393701,-0.157480314961,                       273P   1279
1.79495085471,-0.196850393701,-0.157480314961,                       273P   1280
0.00000000000,1.00000000000,0.00000000000,                           273P   1281
0.00000000000,0.00000000000,0,0,0;                                   273P   1282
128,1,1,1,1,0,0,                                                     275P   1283
1,0,0,                                                               275P   1284
0.00000000000,0.00000000000,1.00000000000,                           275P   1285
1.00000000000,0.00000000000,0.00000000000,                           275P   1286
1.00000000000,1.00000000000,1.00000000000,                           275P   1287
1.00000000000,1.00000000000,1.00000000000,                           275P   1288
1.67684061849,-0.393700787402,-0.157480314961,                       275P   1289
1.67684061849,0.393700787402,-0.157480314961,                        275P   1290
1.79495085471,-0.393700787402,-0.157480314961,                       275P   1291
1.79495085471,0.393700787402,-0.157480314961,                        275P   1292
0.00000000000,1.00000000000,0.00000000000,                           275P   1293
1.00000000000,0,0,0;                                                 275P   1294
126,1,1,0,0,1,0,                                                     277P   1295
0.00000000000,0.00000000000,1.00000000000,                           277P   1296
1.00000000000,1.00000000000,1.00000000000,                           277P   1297
1.79495085471,-0.393700787402,-0.157480314961,                       277P   1298
1.79495085471,-0.196850393701,-0.157480314961,                       277P   1299
0.00000000000,1.00000000000,0.00000000000,                           277P   1300
0.00000000000,0.00000000000,0,0,0;                                   277P   1301
126,1,1,0,0,1,0,                                                     279P   1302
0.00000000000,0.00000000000,1.00000000000,                           279P   1303
1.00000000000,1.00000000000,1.00000000000,                           279P   1304
1.67684061849,-0.393700787402,-0.157480314961,                       279P   1305
1.79495085471,-0.393700787402,-0.157480314961,                       279P   1306
0.00000000000,1.00000000000,0.00000000000,                           279P   1307
0.00000000000,0.00000000000,0,0,0;                                   279P   1308
128,1,1,1,1,0,0,                                                     281P   1309
1,0,0,                                                               281P   1310
0.00000000000,0.00000000000,1.00000000000,                           281P   1311
1.00000000000,0.00000000000,0.00000000000,                           281P   1312
1.00000000000,1.00000000000,1.00000000000,                           281P   1313
1.00000000000,1.00000000000,1.00000000000,                           281P   1314
1.67684061849,-0.393700787402,0.393700787402E-01,                    281P   1315
1.67684061849,-0.393700787402,-0.157480314961,                       281P   1316
1.79495085471,-0.393700787402,0.393700787402E-01,                    281P   1317
1.79495085471,-0.393700787402,-0.157480314961,                       281P   1318
0.00000000000,1.00000000000,0.00000000000,                           281P   1319
1.00000000000,0,0,0;                                                 281P   1320
126,1,1,0,0,1,0,                                                     283P   1321
0.00000000000,0.00000000000,1.00000000000,                           283P   1322
1.00000000000,1.00000000000,1.00000000000,                           283P   1323
1.67684061849,-0.393700787402,0.393700787402E-01,                    283P   1324
1.67684061849,-0.393700787402,-0.157480314961,                       283P   1325
0.00000000000,1.00000000000,0.00000000000,                           283P   1326
0.00000000000,0.00000000000,0,0,0;                                   283P   1327
126,1,1,0,0,1,0,                                                     285P   1328
0.00000000000,0.00000000000,1.00000000000,                           285P   1329
1.00000000000,1.00000000000,1.00000000000,                           285P   1330
1.79495085471,-0.393700787402,-0.157480314961,                       285P   1331
1.79495085471,-0.393700787402,0.393700787402E-01,                    285P   1332
0.00000000000,1.00000000000,0.00000000000,                           285P   1333
0.00000000000,0.00000000000,0,0,0;                                   285P   1334
128,1,1,1,1,0,0,                                                     287P   1335
1,0,0,                                                               287P   1336
0.00000000000,0.00000000000,1.00000000000,                           287P   1337
1.00000000000,0.00000000000,0.00000000000,                           287P   1338
1.00000000000,1.00000000000,1.00000000000,                           287P   1339
1.00000000000,1.00000000000,1.00000000000,                           287P   1340
1.79495085471,-0.393700787402,0.393700787402E-01,                    287P   1341
1.79495085471,-0.393700787402,-0.157480314961,                       287P   1342
1.79495085471,0.393700787402,0.393700787402E-01,                     287P   1343
1.79495085471,0.393700787402,-0.157480314961,                        287P   1344
0.00000000000,1.00000000000,0.00000000000,                           287P   1345
1.00000000000,0,0,0;                                                 287P   1346
128,1,1,1,1,0,0,                                                     289P   1347
1,0,0,                                                               289P   1348
0.00000000000,0.00000000000,1.00000000000,                           289P   1349
1.00000000000,0.00000000000,0.00000000000,                           289P   1350
1.00000000000,1.00000000000,1.00000000000,                           289P   1351
1.00000000000,1.00000000000,1.00000000000,                           289P   1352
1.47999022478,-0.393700787402,0.393700787402E-01,                    289P   1353
1.47999022478,-0.393700787402,-0.157480314961,                       289P   1354
1.67684061849,-0.393700787402,0.393700787402E-01,                    289P   1355
1.67684061849,-0.393700787402,-0.157480314961,                       289P   1356
0.00000000000,1.00000000000,0.00000000000,                           289P   1357
1.00000000000,0,0,0;                                                 289P   1358
128,1,1,1,1,0,0,                                                     291P   1359
1,0,0,                                                               291P   1360
0.00000000000,0.00000000000,1.00000000000,                           291P   1361
1.00000000000,0.00000000000,0.00000000000,                           291P   1362
1.00000000000,1.00000000000,1.00000000000,                           291P   1363
1.00000000000,1.00000000000,1.00000000000,                           291P   1364
1.67684061849,-0.393700787402,-0.157480314961,                       291P   1365
1.67684061849,0.393700787402,-0.157480314961,                        291P   1366
1.79495085471,-0.393700787402,-0.157480314961,                       291P   1367
1.79495085471,0.393700787402,-0.157480314961,                        291P   1368
0.00000000000,1.00000000000,0.00000000000,                           291P   1369
1.00000000000,0,0,0;                                                 291P   1370
126,1,1,0,0,1,0,                                                     293P   1371
0.00000000000,0.00000000000,1.00000000000,                           293P   1372
1.00000000000,1.00000000000,1.00000000000,                           293P   1373
1.79495085471,0.393700787402,-0.157480314961,                        293P   1374
1.67684061849,0.393700787402,-0.157480314961,                        293P   1375
0.00000000000,1.00000000000,0.00000000000,                           293P   1376
0.00000000000,0.00000000000,0,0,0;                                   293P   1377
126,1,1,0,0,1,0,                                                     295P   1378
0.00000000000,0.00000000000,1.00000000000,                           295P   1379
1.00000000000,1.00000000000,1.00000000000,                           295P   1380
1.79495085471,0.196850393701,-0.157480314961,                        295P   1381
1.79495085471,0.393700787402,-0.157480314961,                        295P   1382
0.00000000000,1.00000000000,0.00000000000,                           295P   1383
0.00000000000,0.00000000000,0,0,0;                                   295P   1384
128,1,1,1,1,0,0,                                                     297P   1385
1,0,0,                                                               297P   1386
0.00000000000,0.00000000000,1.00000000000,                           297P   1387
1.00000000000,0.00000000000,0.00000000000,                           297P   1388
1.00000000000,1.00000000000,1.00000000000,                           297P   1389
1.00000000000,1.00000000000,1.00000000000,                           297P   1390
1.79495085471,-0.393700787402,0.393700787402E-01,                    297P   1391
1.79495085471,-0.393700787402,-0.157480314961,                       297P   1392
1.79495085471,0.393700787402,0.393700787402E-01,                     297P   1393
1.79495085471,0.393700787402,-0.157480314961,                        297P   1394
0.00000000000,1.00000000000,0.00000000000,                           297P   1395
1.00000000000,0,0,0;                                                 297P   1396
126,1,1,0,0,1,0,                                                     299P   1397
0.00000000000,0.00000000000,1.00000000000,                           299P   1398
1.00000000000,1.00000000000,1.00000000000,                           299P   1399
1.79495085471,0.393700787402,-0.157480314961,                        299P   1400
1.79495085471,0.393700787402,0.393700787402E-01,                     299P   1401
0.00000000000,1.00000000000,0.00000000000,                           299P   1402
0.00000000000,0.00000000000,0,0,0;                                   299P   1403
126,1,1,0,0,1,0,                                                     301P   1404
0.00000000000,0.00000000000,1.00000000000,                           301P   1405
1.00000000000,1.00000000000,1.00000000000,                           301P   1406
1.79495085471,0.196850393701,0.393700787402E-01,                     301P   1407
1.79495085471,0.393700787402,0.393700787402E-01,                     301P   1408
0.00000000000,1.00000000000,0.00000000000,                           301P   1409
0.00000000000,0.00000000000,0,0,0;                                   301P   1410
128,1,1,1,1,0,0,                                                     303P   1411
1,0,0,                                                               303P   1412
0.00000000000,0.00000000000,1.00000000000,                           303P   1413
1.00000000000,0.00000000000,0.00000000000,                           303P   1414
1.00000000000,1.00000000000,1.00000000000,                           303P   1415
1.00000000000,1.00000000000,1.00000000000,                           303P   1416
1.67684061849,-0.393700787402,0.393700787402E-01,                    303P   1417
1.79495085471,-0.393700787402,0.393700787402E-01,                    303P   1418
1.67684061849,0.393700787402,0.393700787402E-01,                     303P   1419
1.79495085471,0.393700787402,0.393700787402E-01,                     303P   1420
0.00000000000,1.00000000000,0.00000000000,                           303P   1421
1.00000000000,0,0,0;                                                 303P   1422
126,1,1,0,0,1,0,                                                     305P   1423
0.00000000000,0.00000000000,1.00000000000,                           305P   1424
1.00000000000,1.00000000000,1.00000000000,                           305P   1425
1.79495085471,0.393700787402,0.393700787402E-01,                     305P   1426
1.67684061849,0.393700787402,0.393700787402E-01,                     305P   1427
0.00000000000,1.00000000000,0.00000000000,                           305P   1428
0.00000000000,0.00000000000,0,0,0;                                   305P   1429
126,1,1,0,0,1,0,                                                     307P   1430
0.00000000000,0.00000000000,1.00000000000,                           307P   1431
1.00000000000,1.00000000000,1.00000000000,                           307P   1432
1.67684061849,0.196850393701,0.393700787402E-01,                     307P   1433
1.79495085471,0.196850393701,0.393700787402E-01,                     307P   1434
0.00000000000,1.00000000000,0.00000000000,                           307P   1435
0.00000000000,0.00000000000,0,0,0;                                   307P   1436
128,1,1,1,1,0,0,                                                     309P   1437
1,0,0,                                                               309P   1438
0.00000000000,0.00000000000,1.00000000000,                           309P   1439
1.00000000000,0.00000000000,0.00000000000,                           309P   1440
1.00000000000,1.00000000000,1.00000000000,                           309P   1441
1.00000000000,1.00000000000,1.00000000000,                           309P   1442
1.67684061849,0.196850393701,0.236220472441,                         309P   1443
2.30676187833,0.196850393701,0.236220472441,                         309P   1444
1.67684061849,0.196850393701,-0.157480314961,                        309P   1445
2.30676187833,0.196850393701,-0.157480314961,                        309P   1446
0.00000000000,1.00000000000,0.00000000000,                           309P   1447
1.00000000000,0,0,0;                                                 309P   1448
128,1,1,1,1,0,0,                                                     311P   1449
1,0,0,                                                               311P   1450
0.00000000000,0.00000000000,1.00000000000,                           311P   1451
1.00000000000,0.00000000000,0.00000000000,                           311P   1452
1.00000000000,1.00000000000,1.00000000000,                           311P   1453
1.00000000000,1.00000000000,1.00000000000,                           311P   1454
1.67684061849,0.393700787402,0.393700787402E-01,                     311P   1455
1.79495085471,0.393700787402,0.393700787402E-01,                     311P   1456
1.67684061849,0.393700787402,-0.157480314961,                        311P   1457
1.79495085471,0.393700787402,-0.157480314961,                        311P   1458
0.00000000000,1.00000000000,0.00000000000,                           311P   1459
1.00000000000,0,0,0;                                                 311P   1460
126,1,1,0,0,1,0,                                                     313P   1461
0.00000000000,0.00000000000,1.00000000000,                           313P   1462
1.00000000000,1.00000000000,1.00000000000,                           313P   1463
1.67684061849,0.393700787402,0.393700787402E-01,                     313P   1464
1.67684061849,0.393700787402,-0.157480314961,                        313P   1465
0.00000000000,1.00000000000,0.00000000000,                           313P   1466
0.00000000000,0.00000000000,0,0,0;                                   313P   1467
128,1,1,1,1,0,0,                                                     315P   1468
1,0,0,                                                               315P   1469
0.00000000000,0.00000000000,1.00000000000,                           315P   1470
1.00000000000,0.00000000000,0.00000000000,                           315P   1471
1.00000000000,1.00000000000,1.00000000000,                           315P   1472
1.00000000000,1.00000000000,1.00000000000,                           315P   1473
1.47999022478,0.393700787402,0.393700787402E-01,                     315P   1474
1.67684061849,0.393700787402,0.393700787402E-01,                     315P   1475
1.47999022478,0.393700787402,-0.157480314961,                        315P   1476
1.67684061849,0.393700787402,-0.157480314961,                        315P   1477
0.00000000000,1.00000000000,0.00000000000,                           315P   1478
1.00000000000,0,0,0;                                                 315P   1479
502,62,0.200787401575E-01,-0.104163437443E-02,                       317P   1480
0.00000000000,0.200787401575E-01,0.00000000000,                      317P   1481
0.104163437443E-02,0.200787401575E-01,0.104163437443E-02,            317P   1482
0.00000000000,0.200787401575E-01,0.00000000000,                      317P   1483
-0.104163437443E-02,0.209509982124E-01,-0.154422153652E-02,          317P   1484
0.00000000000,0.209509982124E-01,0.00000000000,                      317P   1485
0.154422153652E-02,0.209509982124E-01,0.154422153652E-02,            317P   1486
0.00000000000,0.209509982124E-01,0.00000000000,                      317P   1487
-0.154422153652E-02,0.603414014849,0.00000000000,                    317P   1488
-0.119960348564,0.603414014849,-0.119960348564,                      317P   1489
0.00000000000,0.603414014849,0.00000000000,                          317P   1490
0.119960348564,0.603414014849,0.119960348564,                        317P   1491
0.00000000000,1.47999022478,0.118110236220,                          317P   1492
0.00000000000,1.47999022478,0.00000000000,                           317P   1493
-0.118110236220,1.47999022478,-0.118110236220,                       317P   1494
0.00000000000,1.47999022478,-0.111355398612,                         317P   1495
0.393700787402E-01,1.47999022478,0.00000000000,                      317P   1496
0.118110236220,1.47999022478,0.111355398612,                         317P   1497
0.393700787402E-01,1.47999022478,0.196850393701,                     317P   1498
0.393700787402E-01,1.47999022478,0.196850393701,                     317P   1499
-0.157480314961,1.47999022478,-0.196850393701,                       317P   1500
-0.157480314961,1.47999022478,-0.196850393701,                       317P   1501
0.393700787402E-01,1.47999022478,-0.196850393701,                    317P   1502
0.157480314961,1.47999022478,0.196850393701,                         317P   1503
0.157480314961,1.67684061849,-0.196850393701,                        317P   1504
0.393700787402E-01,1.67684061849,-0.196850393701,                    317P   1505
0.157480314961,1.67684061849,0.196850393701,                         317P   1506
0.157480314961,1.67684061849,0.196850393701,                         317P   1507
0.393700787402E-01,1.67684061849,0.393700787402,                     317P   1508
0.393700787402E-01,1.47999022478,0.393700787402,                     317P   1509
0.393700787402E-01,1.47999022478,0.393700787402,                     317P   1510
-0.157480314961,1.67684061849,0.393700787402,                        317P   1511
-0.157480314961,1.67684061849,0.196850393701,                        317P   1512
-0.157480314961,1.67684061849,-0.196850393701,                       317P   1513
-0.157480314961,1.67684061849,-0.393700787402,                       317P   1514
-0.157480314961,1.47999022478,-0.393700787402,                       317P   1515
-0.157480314961,1.47999022478,-0.393700787402,                       317P   1516
0.393700787402E-01,1.67684061849,-0.393700787402,                    317P   1517
0.393700787402E-01,1.79495085471,-0.393700787402,                    317P   1518
0.393700787402E-01,1.79495085471,-0.196850393701,                    317P   1519
0.393700787402E-01,1.79495085471,-0.196850393701,                    317P   1520
0.157480314961,1.67684061849,-0.196850393701,                        317P   1521
0.236220472441,1.79495085471,-0.196850393701,                        317P   1522
-0.157480314961,2.30676187833,-0.196850393701,                       317P   1523
-0.157480314961,2.30676187833,-0.196850393701,                       317P   1524
0.236220472441,1.87369101219,-0.196850393701,                        317P   1525
0.236220472441,1.67684061849,0.00000000000,                          317P   1526
0.236220472441,1.67684061849,0.196850393701,                         317P   1527
0.236220472441,1.87369101219,0.196850393701,                         317P   1528
0.236220472441,2.30676187833,0.196850393701,                         317P   1529
0.236220472441,2.30676187833,0.196850393701,                         317P   1530
-0.157480314961,1.79495085471,0.196850393701,                        317P   1531
-0.157480314961,1.79495085471,0.196850393701,                        317P   1532
0.393700787402E-01,1.79495085471,0.196850393701,                     317P   1533
0.157480314961,2.07054140589,0.00000000000,                          317P   1534
0.236220472441,1.67684061849,0.00000000000,                          317P   1535
0.511811023622,1.87369101219,0.196850393701,                         317P   1536
0.511811023622,2.07054140589,0.00000000000,                          317P   1537
0.511811023622,1.87369101219,-0.196850393701,                        317P   1538
0.511811023622,1.79495085471,-0.393700787402,                        317P   1539
-0.157480314961,1.79495085471,0.393700787402,                        317P   1540
-0.157480314961,1.79495085471,0.393700787402,                        317P   1541
0.393700787402E-01,0,0;                                              317P   1542
504,109,3,317,1,317,2,                                               319P   1543
5,317,2,317,3,                                                       319P   1544
7,317,3,317,4,                                                       319P   1545
9,317,4,317,1,                                                       319P   1546
13,317,1,317,5,                                                      319P   1547
15,317,5,317,6,                                                      319P   1548
17,317,6,317,2,                                                      319P   1549
21,317,6,317,7,                                                      319P   1550
23,317,7,317,3,                                                      319P   1551
27,317,7,317,8,                                                      319P   1552
29,317,8,317,4,                                                      319P   1553
33,317,8,317,5,                                                      319P   1554
37,317,8,317,9,                                                      319P   1555
39,317,9,317,10,                                                     319P   1556
41,317,10,317,5,                                                     319P   1557
45,317,10,317,11,                                                    319P   1558
47,317,11,317,6,                                                     319P   1559
51,317,11,317,12,                                                    319P   1560
53,317,12,317,7,                                                     319P   1561
57,317,12,317,9,                                                     319P   1562
61,317,12,317,13,                                                    319P   1563
63,317,13,317,14,                                                    319P   1564
65,317,14,317,9,                                                     319P   1565
69,317,14,317,15,                                                    319P   1566
71,317,15,317,10,                                                    319P   1567
75,317,15,317,16,                                                    319P   1568
77,317,16,317,17,                                                    319P   1569
79,317,17,317,11,                                                    319P   1570
83,317,17,317,18,                                                    319P   1571
85,317,18,317,13,                                                    319P   1572
89,317,19,317,20,                                                    319P   1573
91,317,20,317,21,                                                    319P   1574
93,317,21,317,22,                                                    319P   1575
95,317,22,317,16,                                                    319P   1576
97,317,18,317,19,                                                    319P   1577
101,317,23,317,24,                                                   319P   1578
103,317,24,317,19,                                                   319P   1579
105,317,22,317,23,                                                   319P   1580
109,317,22,317,25,                                                   319P   1581
111,317,25,317,26,                                                   319P   1582
113,317,26,317,23,                                                   319P   1583
117,317,26,317,27,                                                   319P   1584
119,317,27,317,24,                                                   319P   1585
123,317,27,317,28,                                                   319P   1586
125,317,28,317,19,                                                   319P   1587
129,317,28,317,29,                                                   319P   1588
131,317,29,317,30,                                                   319P   1589
133,317,30,317,19,                                                   319P   1590
137,317,30,317,31,                                                   319P   1591
139,317,31,317,20,                                                   319P   1592
143,317,31,317,32,                                                   319P   1593
145,317,32,317,33,                                                   319P   1594
147,317,33,317,20,                                                   319P   1595
151,317,33,317,34,                                                   319P   1596
153,317,34,317,21,                                                   319P   1597
157,317,34,317,35,                                                   319P   1598
159,317,35,317,36,                                                   319P   1599
161,317,36,317,21,                                                   319P   1600
165,317,36,317,37,                                                   319P   1601
167,317,37,317,22,                                                   319P   1602
171,317,37,317,38,                                                   319P   1603
173,317,38,317,25,                                                   319P   1604
177,317,38,317,39,                                                   319P   1605
179,317,39,317,40,                                                   319P   1606
181,317,40,317,25,                                                   319P   1607
185,317,41,317,26,                                                   319P   1608
187,317,40,317,41,                                                   319P   1609
191,317,42,317,26,                                                   319P   1610
193,317,40,317,43,                                                   319P   1611
195,317,43,317,44,                                                   319P   1612
197,317,44,317,45,                                                   319P   1613
199,317,45,317,46,                                                   319P   1614
201,317,46,317,42,                                                   319P   1615
205,317,46,317,47,                                                   319P   1616
207,317,47,317,42,                                                   319P   1617
211,317,47,317,48,                                                   319P   1618
213,317,48,317,27,                                                   319P   1619
217,317,49,317,50,                                                   319P   1620
219,317,50,317,51,                                                   319P   1621
221,317,51,317,52,                                                   319P   1622
223,317,52,317,53,                                                   319P   1623
225,317,53,317,54,                                                   319P   1624
227,317,54,317,27,                                                   319P   1625
229,317,48,317,49,                                                   319P   1626
233,317,47,317,49,                                                   319P   1627
237,317,55,317,49,                                                   319P   1628
239,317,47,317,56,                                                   319P   1629
241,317,56,317,57,                                                   319P   1630
243,317,57,317,58,                                                   319P   1631
245,317,58,317,55,                                                   319P   1632
249,317,46,317,55,                                                   319P   1633
251,317,58,317,59,                                                   319P   1634
253,317,59,317,56,                                                   319P   1635
259,317,45,317,50,                                                   319P   1636
263,317,44,317,51,                                                   319P   1637
267,317,43,317,52,                                                   319P   1638
271,317,33,317,52,                                                   319P   1639
273,317,43,317,34,                                                   319P   1640
277,317,43,317,60,                                                   319P   1641
279,317,60,317,35,                                                   319P   1642
283,317,38,317,35,                                                   319P   1643
285,317,60,317,39,                                                   319P   1644
293,317,32,317,61,                                                   319P   1645
295,317,61,317,52,                                                   319P   1646
299,317,61,317,62,                                                   319P   1647
301,317,62,317,53,                                                   319P   1648
305,317,62,317,29,                                                   319P   1649
307,317,28,317,53,                                                   319P   1650
313,317,32,317,29;                                                   319P   1651
508,4,0,319,1,0,0,                                                   321P   1652
0,319,2,0,0,                                                         321P   1653
0,319,3,0,0,                                                         321P   1654
0,319,4,0,0;                                                         321P   1655
510,1,1,1,321,0,0;                                                   323P   1656
508,4,0,319,5,1,0,                                                   325P   1657
0,319,6,0,0,                                                         325P   1658
0,319,7,0,0,                                                         325P   1659
0,319,1,1,0;                                                         325P   1660
510,11,1,1,325,0,0;                                                  327P   1661
508,4,0,319,7,1,0,                                                   329P   1662
0,319,8,0,0,                                                         329P   1663
0,319,9,0,0,                                                         329P   1664
0,319,2,1,0;                                                         329P   1665
510,19,1,1,329,0,0;                                                  331P   1666
508,4,0,319,9,1,0,                                                   333P   1667
0,319,10,0,0,                                                        333P   1668
0,319,11,0,0,                                                        333P   1669
0,319,3,1,0;                                                         333P   1670
510,25,1,1,333,0,0;                                                  335P   1671
508,4,0,319,11,1,0,                                                  337P   1672
0,319,12,0,0,                                                        337P   1673
0,319,5,0,0,                                                         337P   1674
0,319,4,1,0;                                                         337P   1675
510,31,1,1,337,0,0;                                                  339P   1676
508,4,0,319,12,1,0,                                                  341P   1677
0,319,13,1,0,                                                        341P   1678
0,319,14,0,0,                                                        341P   1679
0,319,15,0,0;                                                        341P   1680
510,35,1,1,341,0,0;                                                  343P   1681
508,4,0,319,6,1,0,                                                   345P   1682
0,319,15,1,0,                                                        345P   1683
0,319,16,0,0,                                                        345P   1684
0,319,17,0,0;                                                        345P   1685
510,43,1,1,345,0,0;                                                  347P   1686
508,4,0,319,8,1,0,                                                   349P   1687
0,319,17,1,0,                                                        349P   1688
0,319,18,0,0,                                                        349P   1689
0,319,19,0,0;                                                        349P   1690
510,49,1,1,349,0,0;                                                  351P   1691
508,4,0,319,10,1,0,                                                  353P   1692
0,319,19,1,0,                                                        353P   1693
0,319,20,0,0,                                                        353P   1694
0,319,13,0,0;                                                        353P   1695
510,55,1,1,353,0,0;                                                  355P   1696
508,4,0,319,20,1,0,                                                  357P   1697
0,319,21,1,0,                                                        357P   1698
0,319,22,0,0,                                                        357P   1699
0,319,23,0,0;                                                        357P   1700
510,59,1,1,357,0,0;                                                  359P   1701
508,4,0,319,14,1,0,                                                  361P   1702
0,319,23,1,0,                                                        361P   1703
0,319,24,0,0,                                                        361P   1704
0,319,25,0,0;                                                        361P   1705
510,67,1,1,361,0,0;                                                  363P   1706
508,5,0,319,16,1,0,                                                  365P   1707
0,319,25,1,0,                                                        365P   1708
0,319,26,0,0,                                                        365P   1709
0,319,27,0,0,                                                        365P   1710
0,319,28,0,0;                                                        365P   1711
510,73,1,1,365,0,0;                                                  367P   1712
508,5,0,319,18,1,0,                                                  369P   1713
0,319,28,1,0,                                                        369P   1714
0,319,29,0,0,                                                        369P   1715
0,319,30,0,0,                                                        369P   1716
0,319,21,0,0;                                                        369P   1717
510,81,1,1,369,0,0;                                                  371P   1718
508,9,0,319,31,1,0,                                                  373P   1719
0,319,32,1,0,                                                        373P   1720
0,319,33,0,0,                                                        373P   1721
0,319,34,0,0,                                                        373P   1722
0,319,26,1,0,                                                        373P   1723
0,319,24,1,0,                                                        373P   1724
0,319,22,1,0,                                                        373P   1725
0,319,30,1,0,                                                        373P   1726
0,319,35,0,0;                                                        373P   1727
510,87,1,1,373,0,0;                                                  375P   1728
508,7,0,319,36,0,0,                                                  377P   1729
0,319,37,1,0,                                                        377P   1730
0,319,35,1,0,                                                        377P   1731
0,319,29,1,0,                                                        377P   1732
0,319,27,1,0,                                                        377P   1733
0,319,34,1,0,                                                        377P   1734
0,319,38,0,0;                                                        377P   1735
510,99,1,1,377,0,0;                                                  379P   1736
508,4,0,319,38,1,0,                                                  381P   1737
0,319,39,0,0,                                                        381P   1738
0,319,40,0,0,                                                        381P   1739
0,319,41,0,0;                                                        381P   1740
510,107,1,1,381,0,0;                                                 383P   1741
508,4,0,319,41,1,0,                                                  385P   1742
0,319,42,1,0,                                                        385P   1743
0,319,43,1,0,                                                        385P   1744
0,319,36,1,0;                                                        385P   1745
510,115,1,1,385,0,0;                                                 387P   1746
508,4,0,319,37,0,0,                                                  389P   1747
0,319,43,0,0,                                                        389P   1748
0,319,44,1,0,                                                        389P   1749
0,319,45,0,0;                                                        389P   1750
510,121,1,1,389,0,0;                                                 391P   1751
508,4,0,319,46,0,0,                                                  393P   1752
0,319,47,1,0,                                                        393P   1753
0,319,48,1,0,                                                        393P   1754
0,319,45,1,0;                                                        393P   1755
510,127,1,1,393,0,0;                                                 395P   1756
508,4,0,319,48,0,0,                                                  397P   1757
0,319,49,1,0,                                                        397P   1758
0,319,50,1,0,                                                        397P   1759
0,319,31,0,0;                                                        397P   1760
510,135,1,1,397,0,0;                                                 399P   1761
508,4,0,319,50,0,0,                                                  401P   1762
0,319,51,0,0,                                                        401P   1763
0,319,52,1,0,                                                        401P   1764
0,319,53,1,0;                                                        401P   1765
510,141,1,1,401,0,0;                                                 403P   1766
508,4,0,319,32,0,0,                                                  405P   1767
0,319,53,0,0,                                                        405P   1768
0,319,54,1,0,                                                        405P   1769
0,319,55,0,0;                                                        405P   1770
510,149,1,1,405,0,0;                                                 407P   1771
508,4,0,319,56,1,0,                                                  409P   1772
0,319,57,0,0,                                                        409P   1773
0,319,58,0,0,                                                        409P   1774
0,319,55,1,0;                                                        409P   1775
510,155,1,1,409,0,0;                                                 411P   1776
508,4,0,319,58,1,0,                                                  413P   1777
0,319,59,0,0,                                                        413P   1778
0,319,60,0,0,                                                        413P   1779
0,319,33,1,0;                                                        413P   1780
510,163,1,1,413,0,0;                                                 415P   1781
508,4,0,319,61,1,0,                                                  417P   1782
0,319,62,0,0,                                                        417P   1783
0,319,39,1,0,                                                        417P   1784
0,319,60,1,0;                                                        417P   1785
510,169,1,1,417,0,0;                                                 419P   1786
508,4,0,319,63,1,0,                                                  421P   1787
0,319,64,1,0,                                                        421P   1788
0,319,65,1,0,                                                        421P   1789
0,319,62,1,0;                                                        421P   1790
510,175,1,1,421,0,0;                                                 423P   1791
508,4,0,319,66,0,0,                                                  425P   1792
0,319,40,1,0,                                                        425P   1793
0,319,65,0,0,                                                        425P   1794
0,319,67,1,0;                                                        425P   1795
510,183,1,1,425,0,0;                                                 427P   1796
508,8,0,319,68,1,0,                                                  429P   1797
0,319,66,1,0,                                                        429P   1798
0,319,67,0,0,                                                        429P   1799
0,319,69,0,0,                                                        429P   1800
0,319,70,1,0,                                                        429P   1801
0,319,71,1,0,                                                        429P   1802
0,319,72,0,0,                                                        429P   1803
0,319,73,0,0;                                                        429P   1804
510,189,1,1,429,0,0;                                                 431P   1805
508,3,0,319,73,1,0,                                                  433P   1806
0,319,74,0,0,                                                        433P   1807
0,319,75,1,0;                                                        433P   1808
510,203,1,1,433,0,0;                                                 435P   1809
508,5,0,319,76,0,0,                                                  437P   1810
0,319,77,1,0,                                                        437P   1811
0,319,42,0,0,                                                        437P   1812
0,319,68,0,0,                                                        437P   1813
0,319,75,0,0;                                                        437P   1814
510,209,1,1,437,0,0;                                                 439P   1815
508,8,0,319,78,0,0,                                                  441P   1816
0,319,79,0,0,                                                        441P   1817
0,319,80,1,0,                                                        441P   1818
0,319,81,0,0,                                                        441P   1819
0,319,82,1,0,                                                        441P   1820
0,319,83,1,0,                                                        441P   1821
0,319,77,0,0,                                                        441P   1822
0,319,84,0,0;                                                        441P   1823
510,215,1,1,441,0,0;                                                 443P   1824
508,3,0,319,84,1,0,                                                  445P   1825
0,319,76,1,0,                                                        445P   1826
0,319,85,0,0;                                                        445P   1827
510,231,1,1,445,0,0;                                                 447P   1828
508,6,0,319,86,1,0,                                                  449P   1829
0,319,85,1,0,                                                        449P   1830
0,319,87,1,0,                                                        449P   1831
0,319,88,0,0,                                                        449P   1832
0,319,89,0,0,                                                        449P   1833
0,319,90,0,0;                                                        449P   1834
510,235,1,1,449,0,0;                                                 451P   1835
508,6,0,319,74,1,0,                                                  453P   1836
0,319,91,1,0,                                                        453P   1837
0,319,90,1,0,                                                        453P   1838
0,319,92,0,0,                                                        453P   1839
0,319,93,0,0,                                                        453P   1840
0,319,87,0,0;                                                        453P   1841
510,247,1,1,453,0,0;                                                 455P   1842
508,4,0,319,89,1,0,                                                  457P   1843
0,319,88,1,0,                                                        457P   1844
0,319,93,1,0,                                                        457P   1845
0,319,92,1,0;                                                        457P   1846
510,255,1,1,457,0,0;                                                 459P   1847
508,5,0,319,91,0,0,                                                  461P   1848
0,319,72,1,0,                                                        461P   1849
0,319,94,1,0,                                                        461P   1850
0,319,78,1,0,                                                        461P   1851
0,319,86,0,0;                                                        461P   1852
510,257,1,1,461,0,0;                                                 463P   1853
508,4,0,319,71,0,0,                                                  465P   1854
0,319,95,1,0,                                                        465P   1855
0,319,79,1,0,                                                        465P   1856
0,319,94,0,0;                                                        465P   1857
510,261,1,1,465,0,0;                                                 467P   1858
508,4,0,319,80,0,0,                                                  469P   1859
0,319,95,0,0,                                                        469P   1860
0,319,70,0,0,                                                        469P   1861
0,319,96,1,0;                                                        469P   1862
510,265,1,1,469,0,0;                                                 471P   1863
508,4,0,319,54,0,0,                                                  473P   1864
0,319,97,0,0,                                                        473P   1865
0,319,96,0,0,                                                        473P   1866
0,319,98,0,0;                                                        473P   1867
510,269,1,1,473,0,0;                                                 475P   1868
508,4,0,319,99,0,0,                                                  477P   1869
0,319,100,0,0,                                                       477P   1870
0,319,56,0,0,                                                        477P   1871
0,319,98,1,0;                                                        477P   1872
510,275,1,1,477,0,0;                                                 479P   1873
508,4,0,319,101,1,0,                                                 481P   1874
0,319,100,1,0,                                                       481P   1875
0,319,102,1,0,                                                       481P   1876
0,319,63,0,0;                                                        481P   1877
510,281,1,1,481,0,0;                                                 483P   1878
508,4,0,319,102,0,0,                                                 485P   1879
0,319,99,1,0,                                                        485P   1880
0,319,69,1,0,                                                        485P   1881
0,319,64,0,0;                                                        485P   1882
510,287,1,1,485,0,0;                                                 487P   1883
508,4,0,319,59,1,0,                                                  489P   1884
0,319,57,1,0,                                                        489P   1885
0,319,101,0,0,                                                       489P   1886
0,319,61,0,0;                                                        489P   1887
510,289,1,1,489,0,0;                                                 491P   1888
508,4,0,319,52,0,0,                                                  493P   1889
0,319,103,0,0,                                                       493P   1890
0,319,104,0,0,                                                       493P   1891
0,319,97,1,0;                                                        493P   1892
510,291,1,1,493,0,0;                                                 495P   1893
508,4,0,319,104,1,0,                                                 497P   1894
0,319,105,1,0,                                                       497P   1895
0,319,106,0,0,                                                       497P   1896
0,319,81,1,0;                                                        497P   1897
510,297,1,1,497,0,0;                                                 499P   1898
508,4,0,319,106,1,0,                                                 501P   1899
0,319,107,1,0,                                                       501P   1900
0,319,46,1,0,                                                        501P   1901
0,319,108,1,0;                                                       501P   1902
510,303,1,1,501,0,0;                                                 503P   1903
508,4,0,319,108,0,0,                                                 505P   1904
0,319,44,0,0,                                                        505P   1905
0,319,83,0,0,                                                        505P   1906
0,319,82,0,0;                                                        505P   1907
510,309,1,1,505,0,0;                                                 507P   1908
508,4,0,319,107,0,0,                                                 509P   1909
0,319,105,0,0,                                                       509P   1910
0,319,103,1,0,                                                       509P   1911
0,319,109,0,0;                                                       509P   1912
510,311,1,1,509,0,0;                                                 511P   1913
508,4,0,319,47,0,0,                                                  513P   1914
0,319,109,1,0,                                                       513P   1915
0,319,51,1,0,                                                        513P   1916
0,319,49,0,0;                                                        513P   1917
510,315,1,1,513,0,0;                                                 515P   1918
514,49,323,0,327,1,331,1,335,1,                                      517P   1919
339,1,343,1,347,1,351,1,355,1,                                       517P   1920
359,1,363,1,367,1,371,1,375,1,                                       517P   1921
379,1,383,1,387,1,391,1,395,1,                                       517P   1922
399,1,403,1,407,1,411,1,415,1,                                       517P   1923
419,1,423,1,427,1,431,1,435,1,                                       517P   1924
439,1,443,1,447,1,451,1,455,1,                                       517P   1925
459,1,463,1,467,1,471,1,475,1,                                       517P   1926
479,1,483,1,487,1,491,1,495,1,                                       517P   1927
499,1,503,1,507,1,511,1,515,1,                                       517P   1928
0,0,0,0,0,0,0,0,0,0;                                                 517P   1929
186,517,1,0,0,0,0;                                                   519P   1930
S      1G      3D    520P   1930                                        T      1
