SolidWorks IGES file using analytic representation for surfaces         S      1
1H,,1H;,22HSupporting_Bone_Upper2,133HD:\STUDY\RESEARCH\Daisuke's MT CADG      1
 design\hall sensor assemble Rnd_Supporter_Upper (10-6-2014)\Supporting_G      2
Bone_Upper2 (10-7-2014).IGS,15HSolidWorks 2013,15HSolidWorks 2013,32,   G      3
308,15,308,15,22HSupporting_Bone_Upper2,1.,1,2HIN,50,0.125,13H141008.115G      4
514,1E-008,19684.6456692913,3HFei,,11,0,13H141008.115514;               G      5
     110       1       0       0       0                        01010000D      1
     110       0       0       1       0                               0D      2
     110       2       0       0       0                        01010000D      3
     110       0       0       1       0                               0D      4
     120       3       0       0       0                        01010000D      5
     120       0       0       1       0                               0D      6
     126       4       0       0       0                        01010500D      7
     126       0       0       2       0                               0D      8
     110       6       0       0       0                        01010000D      9
     110       0       0       1       0                               0D     10
     126       7       0       0       0                        01010500D     11
     126       0       0       2       0                               0D     12
     124       9       0       0       0                        00000000D     13
     124       0       0       4       0                               0D     14
     100      13       0       0       0              13        01010000D     15
     100       0       0       1       0                               0D     16
     126      14       0       0       0                        01010500D     17
     126       0       0       2       0                               0D     18
     110      16       0       0       0                        01010000D     19
     110       0       0       1       0                               0D     20
     126      17       0       0       0                        01010500D     21
     126       0       0       2       0                               0D     22
     100      19       0       0       0                        01010000D     23
     100       0       0       1       0                               0D     24
     102      20       0       0       0                        01010500D     25
     102       0       0       1       0                               0D     26
     102      21       0       0       0                        01010000D     27
     102       0       0       1       0                               0D     28
     142      22       0       0       0                        00010500D     29
     142       0       0       1       0                               0D     30
     144      23       0       0       0                        00000000D     31
     144       0       0       1       0                               0D     32
     110      24       0       0       0                        01010000D     33
     110       0       0       1       0                               0D     34
     110      25       0       0       0                        01010000D     35
     110       0       0       1       0                               0D     36
     120      26       0       0       0                        01010000D     37
     120       0       0       1       0                               0D     38
     126      27       0       0       0                        01010500D     39
     126       0       0       2       0                               0D     40
     110      29       0       0       0                        01010000D     41
     110       0       0       1       0                               0D     42
     126      30       0       0       0                        01010500D     43
     126       0       0       2       0                               0D     44
     124      32       0       0       0                        00000000D     45
     124       0       0       4       0                               0D     46
     100      36       0       0       0              45        01010000D     47
     100       0       0       1       0                               0D     48
     126      37       0       0       0                        01010500D     49
     126       0       0       2       0                               0D     50
     110      39       0       0       0                        01010000D     51
     110       0       0       1       0                               0D     52
     126      40       0       0       0                        01010500D     53
     126       0       0       2       0                               0D     54
     100      42       0       0       0                        01010000D     55
     100       0       0       1       0                               0D     56
     102      43       0       0       0                        01010500D     57
     102       0       0       1       0                               0D     58
     102      44       0       0       0                        01010000D     59
     102       0       0       1       0                               0D     60
     142      45       0       0       0                        00010500D     61
     142       0       0       1       0                               0D     62
     144      46       0       0       0                        00000000D     63
     144       0       0       1       0                               0D     64
     110      47       0       0       0                        01010000D     65
     110       0       0       1       0                               0D     66
     110      48       0       0       0                        01010000D     67
     110       0       0       1       0                               0D     68
     120      49       0       0       0                        01010000D     69
     120       0       0       1       0                               0D     70
     126      50       0       0       0                        01010500D     71
     126       0       0       2       0                               0D     72
     124      52       0       0       0                        00000000D     73
     124       0       0       4       0                               0D     74
     100      56       0       0       0              73        01010000D     75
     100       0       0       1       0                               0D     76
     126      57       0       0       0                        01010500D     77
     126       0       0       2       0                               0D     78
     110      59       0       0       0                        01010000D     79
     110       0       0       1       0                               0D     80
     126      60       0       0       0                        01010500D     81
     126       0       0       2       0                               0D     82
     100      62       0       0       0                        01010000D     83
     100       0       0       1       0                               0D     84
     126      63       0       0       0                        01010500D     85
     126       0       0       2       0                               0D     86
     110      65       0       0       0                        01010000D     87
     110       0       0       1       0                               0D     88
     102      66       0       0       0                        01010500D     89
     102       0       0       1       0                               0D     90
     102      67       0       0       0                        01010000D     91
     102       0       0       1       0                               0D     92
     142      68       0       0       0                        00010500D     93
     142       0       0       1       0                               0D     94
     144      69       0       0       0                        00000000D     95
     144       0       0       1       0                               0D     96
     110      70       0       0       0                        01010000D     97
     110       0       0       1       0                               0D     98
     110      71       0       0       0                        01010000D     99
     110       0       0       1       0                               0D    100
     120      72       0       0       0                        01010000D    101
     120       0       0       1       0                               0D    102
     126      73       0       0       0                        01010500D    103
     126       0       0       2       0                               0D    104
     124      75       0       0       0                        00000000D    105
     124       0       0       4       0                               0D    106
     100      79       0       0       0             105        01010000D    107
     100       0       0       1       0                               0D    108
     126      80       0       0       0                        01010500D    109
     126       0       0       2       0                               0D    110
     110      82       0       0       0                        01010000D    111
     110       0       0       1       0                               0D    112
     126      83       0       0       0                        01010500D    113
     126       0       0       2       0                               0D    114
     100      85       0       0       0                        01010000D    115
     100       0       0       1       0                               0D    116
     126      86       0       0       0                        01010500D    117
     126       0       0       2       0                               0D    118
     110      88       0       0       0                        01010000D    119
     110       0       0       1       0                               0D    120
     102      89       0       0       0                        01010500D    121
     102       0       0       1       0                               0D    122
     102      90       0       0       0                        01010000D    123
     102       0       0       1       0                               0D    124
     142      91       0       0       0                        00010500D    125
     142       0       0       1       0                               0D    126
     144      92       0       0       0                        00000000D    127
     144       0       0       1       0                               0D    128
     128      93       0       0       0                        01010000D    129
     128       0       0       3       0                               0D    130
     126      96       0       0       0                        01010500D    131
     126       0       0       2       0                               0D    132
     110      98       0       0       0                        01010000D    133
     110       0       0       1       0                               0D    134
     126      99       0       0       0                        01010500D    135
     126       0       0      11       0                               0D    136
     100     110       0       0       0                        01010000D    137
     100       0       0       1       0                               0D    138
     126     111       0       0       0                        01010500D    139
     126       0       0      11       0                               0D    140
     100     122       0       0       0                        01010000D    141
     100       0       0       1       0                               0D    142
     126     123       0       0       0                        01010500D    143
     126       0       0       2       0                               0D    144
     110     125       0       0       0                        01010000D    145
     110       0       0       1       0                               0D    146
     126     126       0       0       0                        01010500D    147
     126       0       0      11       0                               0D    148
     100     137       0       0       0                        01010000D    149
     100       0       0       1       0                               0D    150
     126     138       0       0       0                        01010500D    151
     126       0       0      11       0                               0D    152
     100     149       0       0       0                        01010000D    153
     100       0       0       1       0                               0D    154
     102     150       0       0       0                        01010500D    155
     102       0       0       1       0                               0D    156
     102     151       0       0       0                        01010000D    157
     102       0       0       1       0                               0D    158
     142     152       0       0       0                        00010500D    159
     142       0       0       1       0                               0D    160
     126     153       0       0       0                        01010500D    161
     126       0       0      11       0                               0D    162
     124     164       0       0       0                        00000000D    163
     124       0       0       4       0                               0D    164
     100     168       0       0       0             163        01010000D    165
     100       0       0       1       0                               0D    166
     126     169       0       0       0                        01010500D    167
     126       0       0      10       0                               0D    168
     124     179       0       0       0                        00000000D    169
     124       0       0       3       0                               0D    170
     100     182       0       0       0             169        01010000D    171
     100       0       0       1       0                               0D    172
     102     183       0       0       0                        01010500D    173
     102       0       0       1       0                               0D    174
     102     184       0       0       0                        01010000D    175
     102       0       0       1       0                               0D    176
     142     185       0       0       0                        00010500D    177
     142       0       0       1       0                               0D    178
     144     186       0       0       0                        00000000D    179
     144       0       0       1       0                               0D    180
     128     187       0       0       0                        01010000D    181
     128       0       0       3       0                               0D    182
     126     190       0       0       0                        01010500D    183
     126       0       0      11       0                               0D    184
     124     201       0       0       0                        00000000D    185
     124       0       0       4       0                               0D    186
     100     205       0       0       0             185        01010000D    187
     100       0       0       1       0                               0D    188
     126     206       0       0       0                        01010500D    189
     126       0       0      11       0                               0D    190
     124     217       0       0       0                        00000000D    191
     124       0       0       2       0                               0D    192
     100     219       0       0       0             191        01010000D    193
     100       0       0       1       0                               0D    194
     126     220       0       0       0                        01010500D    195
     126       0       0       2       0                               0D    196
     110     222       0       0       0                        01010000D    197
     110       0       0       1       0                               0D    198
     126     223       0       0       0                        01010500D    199
     126       0       0      11       0                               0D    200
     124     234       0       0       0                        00000000D    201
     124       0       0       3       0                               0D    202
     100     237       0       0       0             201        01010000D    203
     100       0       0       1       0                               0D    204
     126     238       0       0       0                        01010500D    205
     126       0       0      11       0                               0D    206
     124     249       0       0       0                        00000000D    207
     124       0       0       4       0                               0D    208
     100     253       0       0       0             207        01010000D    209
     100       0       0       1       0                               0D    210
     126     254       0       0       0                        01010500D    211
     126       0       0       2       0                               0D    212
     110     256       0       0       0                        01010000D    213
     110       0       0       1       0                               0D    214
     102     257       0       0       0                        01010500D    215
     102       0       0       1       0                               0D    216
     102     258       0       0       0                        01010000D    217
     102       0       0       1       0                               0D    218
     142     259       0       0       0                        00010500D    219
     142       0       0       1       0                               0D    220
     126     260       0       0       0                        01010500D    221
     126       0       0      11       0                               0D    222
     100     271       0       0       0                        01010000D    223
     100       0       0       1       0                               0D    224
     126     272       0       0       0                        01010500D    225
     126       0       0      11       0                               0D    226
     100     283       0       0       0                        01010000D    227
     100       0       0       1       0                               0D    228
     102     284       0       0       0                        01010500D    229
     102       0       0       1       0                               0D    230
     102     285       0       0       0                        01010000D    231
     102       0       0       1       0                               0D    232
     142     286       0       0       0                        00010500D    233
     142       0       0       1       0                               0D    234
     144     287       0       0       0                        00000000D    235
     144       0       0       1       0                               0D    236
     128     288       0       0       0                        01010000D    237
     128       0       0       2       0                               0D    238
     126     290       0       0       0                        01010500D    239
     126       0       0       2       0                               0D    240
     110     292       0       0       0                        01010000D    241
     110       0       0       1       0                               0D    242
     126     293       0       0       0                        01010500D    243
     126       0       0       2       0                               0D    244
     110     295       0       0       0                        01010000D    245
     110       0       0       1       0                               0D    246
     126     296       0       0       0                        01010500D    247
     126       0       0       2       0                               0D    248
     110     298       0       0       0                        01010000D    249
     110       0       0       1       0                               0D    250
     126     299       0       0       0                        01010500D    251
     126       0       0       2       0                               0D    252
     110     301       0       0       0                        01010000D    253
     110       0       0       1       0                               0D    254
     126     302       0       0       0                        01010500D    255
     126       0       0       2       0                               0D    256
     110     304       0       0       0                        01010000D    257
     110       0       0       1       0                               0D    258
     126     305       0       0       0                        01010500D    259
     126       0       0       2       0                               0D    260
     110     307       0       0       0                        01010000D    261
     110       0       0       1       0                               0D    262
     126     308       0       0       0                        01010500D    263
     126       0       0       2       0                               0D    264
     110     310       0       0       0                        01010000D    265
     110       0       0       1       0                               0D    266
     126     311       0       0       0                        01010500D    267
     126       0       0       2       0                               0D    268
     110     313       0       0       0                        01010000D    269
     110       0       0       1       0                               0D    270
     102     314       0       0       0                        01010500D    271
     102       0       0       1       0                               0D    272
     102     315       0       0       0                        01010000D    273
     102       0       0       1       0                               0D    274
     142     316       0       0       0                        00010500D    275
     142       0       0       1       0                               0D    276
     144     317       0       0       0                        00000000D    277
     144       0       0       1       0                               0D    278
     128     318       0       0       0                        01010000D    279
     128       0       0       2       0                               0D    280
     126     320       0       0       0                        01010500D    281
     126       0       0       2       0                               0D    282
     110     322       0       0       0                        01010000D    283
     110       0       0       1       0                               0D    284
     126     323       0       0       0                        01010500D    285
     126       0       0       2       0                               0D    286
     110     325       0       0       0                        01010000D    287
     110       0       0       1       0                               0D    288
     126     326       0       0       0                        01010500D    289
     126       0       0       2       0                               0D    290
     110     328       0       0       0                        01010000D    291
     110       0       0       1       0                               0D    292
     126     329       0       0       0                        01010500D    293
     126       0       0       2       0                               0D    294
     110     331       0       0       0                        01010000D    295
     110       0       0       1       0                               0D    296
     126     332       0       0       0                        01010500D    297
     126       0       0       2       0                               0D    298
     110     334       0       0       0                        01010000D    299
     110       0       0       1       0                               0D    300
     126     335       0       0       0                        01010500D    301
     126       0       0       2       0                               0D    302
     110     337       0       0       0                        01010000D    303
     110       0       0       1       0                               0D    304
     126     338       0       0       0                        01010500D    305
     126       0       0       2       0                               0D    306
     110     340       0       0       0                        01010000D    307
     110       0       0       1       0                               0D    308
     126     341       0       0       0                        01010500D    309
     126       0       0       2       0                               0D    310
     110     343       0       0       0                        01010000D    311
     110       0       0       1       0                               0D    312
     102     344       0       0       0                        01010500D    313
     102       0       0       1       0                               0D    314
     102     345       0       0       0                        01010000D    315
     102       0       0       1       0                               0D    316
     142     346       0       0       0                        00010500D    317
     142       0       0       1       0                               0D    318
     144     347       0       0       0                        00000000D    319
     144       0       0       1       0                               0D    320
     110     348       0       0       0                        01010000D    321
     110       0       0       1       0                               0D    322
     110     349       0       0       0                        01010000D    323
     110       0       0       1       0                               0D    324
     120     350       0       0       0                        01010000D    325
     120       0       0       1       0                               0D    326
     126     351       0       0       0                        01010500D    327
     126       0       0       2       0                               0D    328
     100     353       0       0       0                        01010000D    329
     100       0       0       1       0                               0D    330
     126     354       0       0       0                        01010500D    331
     126       0       0       2       0                               0D    332
     110     356       0       0       0                        01010000D    333
     110       0       0       1       0                               0D    334
     126     357       0       0       0                        01010500D    335
     126       0       0       2       0                               0D    336
     124     359       0       0       0                        00000000D    337
     124       0       0       3       0                               0D    338
     100     362       0       0       0             337        01010000D    339
     100       0       0       1       0                               0D    340
     126     363       0       0       0                        01010500D    341
     126       0       0       2       0                               0D    342
     110     365       0       0       0                        01010000D    343
     110       0       0       1       0                               0D    344
     102     366       0       0       0                        01010500D    345
     102       0       0       1       0                               0D    346
     102     367       0       0       0                        01010000D    347
     102       0       0       1       0                               0D    348
     142     368       0       0       0                        00010500D    349
     142       0       0       1       0                               0D    350
     144     369       0       0       0                        00000000D    351
     144       0       0       1       0                               0D    352
     110     370       0       0       0                        01010000D    353
     110       0       0       1       0                               0D    354
     110     371       0       0       0                        01010000D    355
     110       0       0       1       0                               0D    356
     120     372       0       0       0                        01010000D    357
     120       0       0       1       0                               0D    358
     126     373       0       0       0                        01010500D    359
     126       0       0       2       0                               0D    360
     100     375       0       0       0                        01010000D    361
     100       0       0       1       0                               0D    362
     126     376       0       0       0                        01010500D    363
     126       0       0       2       0                               0D    364
     110     378       0       0       0                        01010000D    365
     110       0       0       1       0                               0D    366
     126     379       0       0       0                        01010500D    367
     126       0       0       2       0                               0D    368
     124     381       0       0       0                        00000000D    369
     124       0       0       4       0                               0D    370
     100     385       0       0       0             369        01010000D    371
     100       0       0       1       0                               0D    372
     126     386       0       0       0                        01010500D    373
     126       0       0       2       0                               0D    374
     110     388       0       0       0                        01010000D    375
     110       0       0       1       0                               0D    376
     102     389       0       0       0                        01010500D    377
     102       0       0       1       0                               0D    378
     102     390       0       0       0                        01010000D    379
     102       0       0       1       0                               0D    380
     142     391       0       0       0                        00010500D    381
     142       0       0       1       0                               0D    382
     144     392       0       0       0                        00000000D    383
     144       0       0       1       0                               0D    384
     110     393       0       0       0                        01010000D    385
     110       0       0       1       0                               0D    386
     110     394       0       0       0                        01010000D    387
     110       0       0       1       0                               0D    388
     120     395       0       0       0                        01010000D    389
     120       0       0       1       0                               0D    390
     126     396       0       0       0                        01010500D    391
     126       0       0       2       0                               0D    392
     110     398       0       0       0                        01010000D    393
     110       0       0       1       0                               0D    394
     126     399       0       0       0                        01010500D    395
     126       0       0       2       0                               0D    396
     100     401       0       0       0                        01010000D    397
     100       0       0       1       0                               0D    398
     126     402       0       0       0                        01010500D    399
     126       0       0       2       0                               0D    400
     110     404       0       0       0                        01010000D    401
     110       0       0       1       0                               0D    402
     126     405       0       0       0                        01010500D    403
     126       0       0       2       0                               0D    404
     124     407       0       0       0                        00000000D    405
     124       0       0       2       0                               0D    406
     100     409       0       0       0             405        01010000D    407
     100       0       0       1       0                               0D    408
     102     410       0       0       0                        01010500D    409
     102       0       0       1       0                               0D    410
     102     411       0       0       0                        01010000D    411
     102       0       0       1       0                               0D    412
     142     412       0       0       0                        00010500D    413
     142       0       0       1       0                               0D    414
     144     413       0       0       0                        00000000D    415
     144       0       0       1       0                               0D    416
     110     414       0       0       0                        01010000D    417
     110       0       0       1       0                               0D    418
     110     415       0       0       0                        01010000D    419
     110       0       0       1       0                               0D    420
     120     416       0       0       0                        01010000D    421
     120       0       0       1       0                               0D    422
     126     417       0       0       0                        01010500D    423
     126       0       0       2       0                               0D    424
     100     419       0       0       0                        01010000D    425
     100       0       0       1       0                               0D    426
     126     420       0       0       0                        01010500D    427
     126       0       0       2       0                               0D    428
     110     422       0       0       0                        01010000D    429
     110       0       0       1       0                               0D    430
     126     423       0       0       0                        01010500D    431
     126       0       0       2       0                               0D    432
     124     425       0       0       0                        00000000D    433
     124       0       0       4       0                               0D    434
     100     429       0       0       0             433        01010000D    435
     100       0       0       1       0                               0D    436
     126     430       0       0       0                        01010500D    437
     126       0       0       2       0                               0D    438
     110     432       0       0       0                        01010000D    439
     110       0       0       1       0                               0D    440
     102     433       0       0       0                        01010500D    441
     102       0       0       1       0                               0D    442
     102     434       0       0       0                        01010000D    443
     102       0       0       1       0                               0D    444
     142     435       0       0       0                        00010500D    445
     142       0       0       1       0                               0D    446
     144     436       0       0       0                        00000000D    447
     144       0       0       1       0                               0D    448
     128     437       0       0       0                        01010000D    449
     128       0       0       3       0                               0D    450
     126     440       0       0       0                        01010500D    451
     126       0       0      11       0                               0D    452
     124     451       0       0       0                        00000000D    453
     124       0       0       4       0                               0D    454
     100     455       0       0       0             453        01010000D    455
     100       0       0       1       0                               0D    456
     126     456       0       0       0                        01010500D    457
     126       0       0       2       0                               0D    458
     110     458       0       0       0                        01010000D    459
     110       0       0       1       0                               0D    460
     126     459       0       0       0                        01010500D    461
     126       0       0       2       0                               0D    462
     110     461       0       0       0                        01010000D    463
     110       0       0       1       0                               0D    464
     126     462       0       0       0                        01010500D    465
     126       0       0       2       0                               0D    466
     110     464       0       0       0                        01010000D    467
     110       0       0       1       0                               0D    468
     126     465       0       0       0                        01010500D    469
     126       0       0      11       0                               0D    470
     124     476       0       0       0                        00000000D    471
     124       0       0       4       0                               0D    472
     100     480       0       0       0             471        01010000D    473
     100       0       0       1       0                               0D    474
     102     481       0       0       0                        01010500D    475
     102       0       0       1       0                               0D    476
     102     482       0       0       0                        01010000D    477
     102       0       0       1       0                               0D    478
     142     483       0       0       0                        00010500D    479
     142       0       0       1       0                               0D    480
     126     484       0       0       0                        01010500D    481
     126       0       0      11       0                               0D    482
     100     495       0       0       0                        01010000D    483
     100       0       0       1       0                               0D    484
     126     496       0       0       0                        01010500D    485
     126       0       0      11       0                               0D    486
     100     507       0       0       0                        01010000D    487
     100       0       0       1       0                               0D    488
     102     508       0       0       0                        01010500D    489
     102       0       0       1       0                               0D    490
     102     509       0       0       0                        01010000D    491
     102       0       0       1       0                               0D    492
     142     510       0       0       0                        00010500D    493
     142       0       0       1       0                               0D    494
     144     511       0       0       0                        00000000D    495
     144       0       0       1       0                               0D    496
     128     512       0       0       0                        01010000D    497
     128       0       0       3       0                               0D    498
     126     515       0       0       0                        01010500D    499
     126       0       0       2       0                               0D    500
     110     517       0       0       0                        01010000D    501
     110       0       0       1       0                               0D    502
     126     518       0       0       0                        01010500D    503
     126       0       0       2       0                               0D    504
     110     520       0       0       0                        01010000D    505
     110       0       0       1       0                               0D    506
     126     521       0       0       0                        01010500D    507
     126       0       0       2       0                               0D    508
     110     523       0       0       0                        01010000D    509
     110       0       0       1       0                               0D    510
     126     524       0       0       0                        01010500D    511
     126       0       0      11       0                               0D    512
     100     535       0       0       0                        01010000D    513
     100       0       0       1       0                               0D    514
     126     536       0       0       0                        01010500D    515
     126       0       0      11       0                               0D    516
     100     547       0       0       0                        01010000D    517
     100       0       0       1       0                               0D    518
     102     548       0       0       0                        01010500D    519
     102       0       0       1       0                               0D    520
     102     549       0       0       0                        01010000D    521
     102       0       0       1       0                               0D    522
     142     550       0       0       0                        00010500D    523
     142       0       0       1       0                               0D    524
     126     551       0       0       0                        01010500D    525
     126       0       0      11       0                               0D    526
     124     562       0       0       0                        00000000D    527
     124       0       0       4       0                               0D    528
     100     566       0       0       0             527        01010000D    529
     100       0       0       1       0                               0D    530
     126     567       0       0       0                        01010500D    531
     126       0       0      11       0                               0D    532
     124     578       0       0       0                        00000000D    533
     124       0       0       4       0                               0D    534
     100     582       0       0       0             533        01010000D    535
     100       0       0       1       0                               0D    536
     102     583       0       0       0                        01010500D    537
     102       0       0       1       0                               0D    538
     102     584       0       0       0                        01010000D    539
     102       0       0       1       0                               0D    540
     142     585       0       0       0                        00010500D    541
     142       0       0       1       0                               0D    542
     144     586       0       0       0                        00000000D    543
     144       0       0       1       0                               0D    544
     128     587       0       0       0                        01010000D    545
     128       0       0       3       0                               0D    546
     126     590       0       0       0                        01010500D    547
     126       0       0       2       0                               0D    548
     110     592       0       0       0                        01010000D    549
     110       0       0       1       0                               0D    550
     126     593       0       0       0                        01010500D    551
     126       0       0       2       0                               0D    552
     110     595       0       0       0                        01010000D    553
     110       0       0       1       0                               0D    554
     126     596       0       0       0                        01010500D    555
     126       0       0       2       0                               0D    556
     110     598       0       0       0                        01010000D    557
     110       0       0       1       0                               0D    558
     126     599       0       0       0                        01010500D    559
     126       0       0       2       0                               0D    560
     110     601       0       0       0                        01010000D    561
     110       0       0       1       0                               0D    562
     102     602       0       0       0                        01010500D    563
     102       0       0       1       0                               0D    564
     102     603       0       0       0                        01010000D    565
     102       0       0       1       0                               0D    566
     142     604       0       0       0                        00010500D    567
     142       0       0       1       0                               0D    568
     144     605       0       0       0                        00000000D    569
     144       0       0       1       0                               0D    570
     110     606       0       0       0                        01010000D    571
     110       0       0       1       0                               0D    572
     110     607       0       0       0                        01010000D    573
     110       0       0       1       0                               0D    574
     120     608       0       0       0                        01010000D    575
     120       0       0       1       0                               0D    576
     126     609       0       0       0                        01010500D    577
     126       0       0       2       0                               0D    578
     124     611       0       0       0                        00000000D    579
     124       0       0       4       0                               0D    580
     100     615       0       0       0             579        01010000D    581
     100       0       0       1       0                               0D    582
     126     616       0       0       0                        01010500D    583
     126       0       0       2       0                               0D    584
     110     618       0       0       0                        01010000D    585
     110       0       0       1       0                               0D    586
     126     619       0       0       0                        01010500D    587
     126       0       0       2       0                               0D    588
     100     621       0       0       0                        01010000D    589
     100       0       0       1       0                               0D    590
     126     622       0       0       0                        01010500D    591
     126       0       0       2       0                               0D    592
     110     624       0       0       0                        01010000D    593
     110       0       0       1       0                               0D    594
     102     625       0       0       0                        01010500D    595
     102       0       0       1       0                               0D    596
     102     626       0       0       0                        01010000D    597
     102       0       0       1       0                               0D    598
     142     627       0       0       0                        00010500D    599
     142       0       0       1       0                               0D    600
     144     628       0       0       0                        00000000D    601
     144       0       0       1       0                               0D    602
     110     629       0       0       0                        01010000D    603
     110       0       0       1       0                               0D    604
     110     630       0       0       0                        01010000D    605
     110       0       0       1       0                               0D    606
     120     631       0       0       0                        01010000D    607
     120       0       0       1       0                               0D    608
     126     632       0       0       0                        01010500D    609
     126       0       0       2       0                               0D    610
     124     634       0       0       0                        00000000D    611
     124       0       0       4       0                               0D    612
     100     638       0       0       0             611        01010000D    613
     100       0       0       1       0                               0D    614
     126     639       0       0       0                        01010500D    615
     126       0       0       2       0                               0D    616
     110     641       0       0       0                        01010000D    617
     110       0       0       1       0                               0D    618
     126     642       0       0       0                        01010500D    619
     126       0       0       2       0                               0D    620
     100     644       0       0       0                        01010000D    621
     100       0       0       1       0                               0D    622
     126     645       0       0       0                        01010500D    623
     126       0       0       2       0                               0D    624
     110     647       0       0       0                        01010000D    625
     110       0       0       1       0                               0D    626
     102     648       0       0       0                        01010500D    627
     102       0       0       1       0                               0D    628
     102     649       0       0       0                        01010000D    629
     102       0       0       1       0                               0D    630
     142     650       0       0       0                        00010500D    631
     142       0       0       1       0                               0D    632
     144     651       0       0       0                        00000000D    633
     144       0       0       1       0                               0D    634
110,0.44,0.05,-0.152236787,0.44,0.05,39.217841953;                     1P      1
110,0.46345,0.05,-0.2,0.46345,0.05,-0.152236787;                       3P      2
120,1,3,0.,6.28318530717959;                                           5P      3
126,1,1,1,0,1,0,0.,0.,1.,1.,1.,1.,0.,6.283185307,0.,1.,                7P      4
6.283185307,0.,0.,1.,0.,0.,1.;                                         7P      5
110,0.46345,0.05,-0.2,0.46345,0.05,-0.152236787;                       9P      6
126,1,1,1,0,1,0,0.,0.,1.,1.,1.,1.,1.,6.283185307,0.,1.,               11P      7
3.141592654,0.,0.,1.,0.,0.,1.;                                        11P      8
124,1.,-7.105427357601E-015,0.,3.69061736552082E-016,                 13P      9
-7.105427357601E-015,-1.,6.98296267768627E-015,                       13P     10
0.100000000000004,-4.96169340471387E-029,                             13P     11
-6.98296267768627E-015,-1.,-0.304473573329255;                        13P     12
100,-0.152236787,0.44,0.05,0.46345,0.05,0.41655,0.05;                 15P     13
126,1,1,1,0,1,0,0.,0.,1.,1.,1.,1.,1.,3.141592654,0.,0.,               17P     14
3.141592654,0.,0.,1.,0.,0.,1.;                                        17P     15
110,0.41655,0.05,-0.152236787,0.41655,0.05,-0.2;                      19P     16
126,1,1,1,0,1,0,0.,0.,1.,1.,1.,1.,0.,3.141592654,0.,0.,               21P     17
6.283185307,0.,0.,1.,0.,0.,1.;                                        21P     18
100,-0.2,0.44,0.05,0.41655,0.05,0.46345,0.05;                         23P     19
102,4,7,11,17,21;                                                     25P     20
102,4,9,15,19,23;                                                     27P     21
142,1,5,25,27,1;                                                      29P     22
144,5,1,0,29;                                                         31P     23
110,0.44,0.05,0.,0.44,0.05,39.37007874;                               33P     24
110,0.4725,0.05,-0.052236787,0.4725,0.05,0.;                          35P     25
120,33,35,0.,6.28318530717959;                                        37P     26
126,1,1,1,0,1,0,0.,0.,1.,1.,1.,1.,0.,6.283185307,0.,1.,               39P     27
6.283185307,0.,0.,1.,0.,0.,1.;                                        39P     28
110,0.4725,0.05,-0.052236787,0.4725,0.05,0.;                          41P     29
126,1,1,1,0,1,0,0.,0.,1.,1.,1.,1.,1.,6.283185307,0.,1.,               43P     30
3.141592654,0.,0.,1.,0.,0.,1.;                                        43P     31
124,1.,-7.105427357601E-015,0.,3.69061736552089E-016,                 45P     32
-7.105427357601E-015,-1.,6.98296267768627E-015,                       45P     33
0.100000000000003,-4.96169340471387E-029,                             45P     34
-6.98296267768627E-015,-1.,4.63652609604612E-016;                     45P     35
100,0.,0.44,0.05,0.4725,0.05,0.4075,0.05;                             47P     36
126,1,1,1,0,1,0,0.,0.,1.,1.,1.,1.,1.,3.141592654,0.,0.,               49P     37
3.141592654,0.,0.,1.,0.,0.,1.;                                        49P     38
110,0.4075,0.05,0.,0.4075,0.05,-0.052236787;                          51P     39
126,1,1,1,0,1,0,0.,0.,1.,1.,1.,1.,0.,3.141592654,0.,0.,               53P     40
6.283185307,0.,0.,1.,0.,0.,1.;                                        53P     41
100,-0.052236787,0.44,0.05,0.4075,0.05,0.4725,0.05;                   55P     42
102,4,39,43,49,53;                                                    57P     43
102,4,41,47,51,55;                                                    59P     44
142,1,37,57,59,1;                                                     61P     45
144,37,1,0,61;                                                        63P     46
110,0.44,0.05,0.,0.44,0.05,39.37007874;                               65P     47
110,0.49,0.05,-0.2,0.49,0.05,-0.152236787;                            67P     48
120,65,67,0.,6.28318530717959;                                        69P     49
126,1,1,1,0,1,0,0.,0.,1.,1.,1.,1.,1.,1.570796327,0.,1.,0.,0.,         71P     50
0.,1.,0.,0.,1.;                                                       71P     51
124,6.12323399573677E-017,1.,0.,0.39,1.,-6.12323399573677E-017,       73P     52
-6.98296267768627E-015,-0.390000000000001,                            73P     53
-6.98296267768627E-015,4.27583144589696E-031,-1.,                     73P     54
-0.304473573329252;                                                   73P     55
100,-0.152236787,0.44,0.05,0.49,0.05,0.44,0.1;                        75P     56
126,1,1,1,0,1,0,0.,0.,1.,1.,1.,1.,1.,0.,0.,0.,0.,0.,0.,1.,0.,         77P     57
0.,1.;                                                                77P     58
110,0.49,0.05,-0.152236787,0.49,0.05,-0.2;                            79P     59
126,1,1,1,0,1,0,0.,0.,1.,1.,1.,1.,0.,0.,0.,0.,1.570796327,0.,         81P     60
0.,1.,0.,0.,1.;                                                       81P     61
100,-0.2,0.44,0.05,0.49,0.05,0.44,0.1;                                83P     62
126,1,1,1,0,1,0,0.,0.,1.,1.,1.,1.,0.,1.570796327,0.,1.,               85P     63
1.570796327,0.,0.,1.,0.,0.,1.;                                        85P     64
110,0.44,0.1,-0.2,0.44,0.1,-0.152236787;                              87P     65
102,4,71,77,81,85;                                                    89P     66
102,4,75,79,83,87;                                                    91P     67
142,1,69,89,91,1;                                                     93P     68
144,69,1,0,93;                                                        95P     69
110,0.44,0.05,0.,0.44,0.05,-39.37007874;                              97P     70
110,0.39,0.05,-0.152236787,0.39,0.05,-0.2;                            99P     71
120,97,99,0.,6.28318530717959;                                       101P     72
126,1,1,1,0,1,0,0.,0.,1.,1.,1.,1.,0.,3.141592654,0.,0.,              103P     73
4.71238898,0.,0.,1.,0.,0.,1.;                                        103P     74
124,1.,-1.40883900352873E-014,-6.98296267768627E-015,                105P     75
-3.07511396321486E-016,-1.40883900352873E-014,-1.,0.,                105P     76
0.100000000000006,-6.98296267768627E-015,9.83787018050981E-029,      105P     77
-1.,-0.304473573329252;                                              105P     78
100,-0.152236787,0.44,0.05,0.49,0.05,0.44,0.1;                       107P     79
126,1,1,1,0,1,0,0.,0.,1.,1.,1.,1.,0.,4.71238898,0.,1.,               109P     80
4.71238898,0.,0.,1.,0.,0.,1.;                                        109P     81
110,0.44,0.,-0.152236787,0.44,0.,-0.2;                               111P     82
126,1,1,1,0,1,0,0.,0.,1.,1.,1.,1.,1.,4.71238898,0.,1.,               113P     83
3.141592654,0.,0.,1.,0.,0.,1.;                                       113P     84
100,-0.2,0.44,0.05,0.44,0.,0.49,0.05;                                115P     85
126,1,1,1,0,1,0,0.,0.,1.,1.,1.,1.,1.,3.141592654,0.,0.,              117P     86
3.141592654,0.,0.,1.,0.,0.,1.;                                       117P     87
110,0.49,0.05,-0.2,0.49,0.05,-0.152236787;                           119P     88
102,4,103,109,113,117;                                               121P     89
102,4,107,111,115,119;                                               123P     90
142,1,101,121,123,1;                                                 125P     91
144,101,1,0,125;                                                     127P     92
128,1,1,1,1,0,0,1,0,0,0.,0.,1.,1.,0.,0.,1.,1.,1.,1.,1.,1.,           129P     93
-0.35504,0.,-0.2,0.49504,0.,-0.2,-0.35504,0.1,-0.2,0.49504,0.1,      129P     94
-0.2,0.,1.,0.,1.;                                                    129P     95
126,1,1,1,0,1,0,0.,0.,1.,1.,1.,1.,0.935253153,1.,0.,                 131P     96
0.064746847,1.,0.,0.,1.,0.,0.,1.;                                    131P     97
110,0.44,0.1,-0.2,-0.3,0.1,-0.2;                                     133P     98
126,16,2,1,0,1,0,0.,0.,0.,0.125,0.125,0.25,0.25,0.375,0.375,         135P     99
0.5,0.5,0.625,0.625,0.75,0.75,0.875,0.875,1.,1.,1.,1.,1.,1.,1.,      135P    100
1.,1.,1.,1.,1.,1.,1.,1.,1.,1.,1.,1.,1.,0.064746847,1.,0.,            135P    101
0.058953781,1.,0.,0.053272026,0.99039264,0.,0.047590271,             135P    102
0.98078528,0.,0.042238176,0.961939766,0.,0.03688608,                 135P    103
0.943094252,0.,0.032069321,0.915734806,0.,0.027252562,               135P    104
0.88837536,0.,0.023156245,0.853553391,0.,0.019059928,                135P    105
0.818731421,0.,0.015841473,0.777785117,0.,0.012623018,               135P    106
0.736838812,0.,0.010406107,0.691341716,0.,0.008189196,               135P    107
0.64584462,0.,0.007059025,0.597545161,0.,0.005928854,                135P    108
0.549245702,0.,0.005928854,0.5,0.,0.,1.,0.,0.,-1.;                   135P    109
100,-0.2,-0.3,0.05,-0.3,0.1,-0.35,0.05;                              137P    110
126,16,2,1,0,1,0,0.,0.,0.,0.125,0.125,0.25,0.25,0.375,0.375,         139P    111
0.5,0.5,0.625,0.625,0.75,0.75,0.875,0.875,1.,1.,1.,1.,1.,1.,1.,      139P    112
1.,1.,1.,1.,1.,1.,1.,1.,1.,1.,1.,1.,1.,0.005928854,0.5,0.,           139P    113
0.005928854,0.450754298,0.,0.007059025,0.402454839,0.,               139P    114
0.008189196,0.35415538,0.,0.010406107,0.308658284,0.,                139P    115
0.012623018,0.263161188,0.,0.015841473,0.222214883,0.,               139P    116
0.019059928,0.181268579,0.,0.023156245,0.146446609,0.,               139P    117
0.027252562,0.11162464,0.,0.032069321,0.084265194,0.,                139P    118
0.03688608,0.056905748,0.,0.042238176,0.038060234,0.,                139P    119
0.047590271,0.01921472,0.,0.053272026,0.00960736,0.,                 139P    120
0.058953781,0.,0.,0.064746847,0.,0.,0.,1.,0.,0.,-1.;                 139P    121
100,-0.2,-0.3,0.05,-0.35,0.05,-0.3,0.;                               141P    122
126,1,1,1,0,1,0,0.,0.,1.,1.,1.,1.,0.064746847,0.,0.,                 143P    123
0.935253153,0.,0.,0.,1.,0.,0.,1.;                                    143P    124
110,-0.3,0.,-0.2,0.44,0.,-0.2;                                       145P    125
126,16,2,1,0,1,0,0.,0.,0.,0.125,0.125,0.25,0.25,0.375,0.375,         147P    126
0.5,0.5,0.625,0.625,0.75,0.75,0.875,0.875,1.,1.,1.,1.,1.,1.,1.,      147P    127
1.,1.,1.,1.,1.,1.,1.,1.,1.,1.,1.,1.,1.,0.935253153,0.,0.,            147P    128
0.941046219,0.,0.,0.946727974,0.00960736,0.,0.952409729,             147P    129
0.01921472,0.,0.957761824,0.038060234,0.,0.96311392,                 147P    130
0.056905748,0.,0.967930679,0.084265194,0.,0.972747438,               147P    131
0.11162464,0.,0.976843755,0.146446609,0.,0.980940072,                147P    132
0.181268579,0.,0.984158527,0.222214883,0.,0.987376982,               147P    133
0.263161188,0.,0.989593893,0.308658284,0.,0.991810804,               147P    134
0.35415538,0.,0.992940975,0.402454839,0.,0.994071146,                147P    135
0.450754298,0.,0.994071146,0.5,0.,0.,1.,0.,0.,-1.;                   147P    136
100,-0.2,0.44,0.05,0.44,0.,0.49,0.05;                                149P    137
126,16,2,1,0,1,0,0.,0.,0.,0.125,0.125,0.25,0.25,0.375,0.375,         151P    138
0.5,0.5,0.625,0.625,0.75,0.75,0.875,0.875,1.,1.,1.,1.,1.,1.,1.,      151P    139
1.,1.,1.,1.,1.,1.,1.,1.,1.,1.,1.,1.,1.,0.994071146,0.5,0.,           151P    140
0.994071146,0.549245702,0.,0.992940975,0.597545161,0.,               151P    141
0.991810804,0.64584462,0.,0.989593893,0.691341716,0.,                151P    142
0.987376982,0.736838812,0.,0.984158527,0.777785117,0.,               151P    143
0.980940072,0.818731421,0.,0.976843755,0.853553391,0.,               151P    144
0.972747438,0.88837536,0.,0.967930679,0.915734806,0.,                151P    145
0.96311392,0.943094252,0.,0.957761824,0.961939766,0.,                151P    146
0.952409729,0.98078528,0.,0.946727974,0.99039264,0.,                 151P    147
0.941046219,1.,0.,0.935253153,1.,0.,0.,1.,0.,0.,-1.;                 151P    148
100,-0.2,0.44,0.05,0.49,0.05,0.44,0.1;                               153P    149
102,6,131,135,139,143,147,151;                                       155P    150
102,6,133,137,141,145,149,153;                                       157P    151
142,1,129,155,157,1;                                                 159P    152
126,16,2,1,0,1,0,0.,0.,0.,0.125,0.125,0.25,0.25,0.375,0.375,         161P    153
0.5,0.5,0.625,0.625,0.75,0.75,0.875,0.875,1.,1.,1.,1.,1.,1.,1.,      161P    154
1.,1.,1.,1.,1.,1.,1.,1.,1.,1.,1.,1.,1.,0.962838792,0.5,0.,           161P    155
0.962838792,0.45335505,0.,0.96073896,0.410260735,0.,                 161P    156
0.958639128,0.36716642,0.,0.954759145,0.33418346,0.,                 161P    157
0.950879162,0.301200499,0.,0.94580972,0.28335025,0.,                 161P    158
0.940740277,0.2655,0.,0.935253153,0.2655,0.,0.929766028,0.2655,      161P    159
0.,0.924696586,0.28335025,0.,0.919627143,0.301200499,0.,             161P    160
0.91574716,0.33418346,0.,0.911867177,0.36716642,0.,0.909767345,      161P    161
0.410260735,0.,0.907667514,0.45335505,0.,0.907667514,0.5,0.,0.,      161P    162
1.,0.,0.,1.;                                                         161P    163
124,1.,-7.105427357601E-015,0.,3.6906173655208E-016,                 163P    164
-7.105427357601E-015,-1.,6.98296267768627E-015,                      163P    165
0.100000000000005,-4.96169340471387E-029,                            163P    166
-6.98296267768627E-015,-1.,-0.4;                                     163P    167
100,-0.2,0.44,0.05,0.46345,0.05,0.41655,0.05;                        165P    168
126,16,2,1,0,1,0,0.,0.,0.,0.125,0.125,0.25,0.25,0.375,0.375,         167P    169
0.5,0.5,0.625,0.625,0.75,0.75,0.875,0.875,1.,1.,1.,1.,1.,1.,1.,      167P    170
1.,1.,1.,1.,1.,1.,1.,1.,1.,1.,1.,1.,1.,0.907667514,0.5,0.,           167P    171
0.907667514,0.54664495,0.,0.909767345,0.589739265,0.,                167P    172
0.911867177,0.63283358,0.,0.91574716,0.66581654,0.,0.919627143,      167P    173
0.698799501,0.,0.924696586,0.71664975,0.,0.929766028,0.7345,0.,      167P    174
0.935253153,0.7345,0.,0.940740277,0.7345,0.,0.94580972,              167P    175
0.71664975,0.,0.950879162,0.698799501,0.,0.954759145,                167P    176
0.66581654,0.,0.958639128,0.63283358,0.,0.96073896,0.589739265,      167P    177
0.,0.962838792,0.54664495,0.,0.962838792,0.5,0.,0.,1.,0.,0.,1.;      167P    178
124,-1.,-6.98296267768627E-015,0.,0.88,-6.98296267768627E-015,       169P    179
1.,-6.98296267768627E-015,1.67856518917005E-015,                     169P    180
4.87617677579594E-029,-6.98296267768627E-015,-1.,-0.4;               169P    181
100,-0.2,0.44,0.05,0.46345,0.05,0.41655,0.05;                        171P    182
102,2,161,167;                                                       173P    183
102,2,165,171;                                                       175P    184
142,1,129,173,175,1;                                                 177P    185
144,129,1,1,159,177;                                                 179P    186
128,1,1,1,1,0,0,1,0,0,0.,0.,1.,1.,0.,0.,1.,1.,1.,1.,1.,1.,           181P    187
0.49504,0.,0.,-0.35504,0.,0.,0.49504,0.1,0.,-0.35504,0.1,0.,0.,      181P    188
1.,0.,1.;                                                            181P    189
126,16,2,1,0,1,0,0.,0.,0.,0.125,0.125,0.25,0.25,0.375,0.375,         183P    190
0.5,0.5,0.625,0.625,0.75,0.75,0.875,0.875,1.,1.,1.,1.,1.,1.,1.,      183P    191
1.,1.,1.,1.,1.,1.,1.,1.,1.,1.,1.,1.,1.,0.935253153,0.,0.,            183P    192
0.941046219,0.,0.,0.946727974,0.00960736,0.,0.952409729,             183P    193
0.01921472,0.,0.957761824,0.038060234,0.,0.96311392,                 183P    194
0.056905748,0.,0.967930679,0.084265194,0.,0.972747438,               183P    195
0.11162464,0.,0.976843755,0.146446609,0.,0.980940072,                183P    196
0.181268579,0.,0.984158527,0.222214883,0.,0.987376982,               183P    197
0.263161188,0.,0.989593893,0.308658284,0.,0.991810804,               183P    198
0.35415538,0.,0.992940975,0.402454839,0.,0.994071146,                183P    199
0.450754298,0.,0.994071146,0.5,0.,0.,1.,0.,0.,-1.;                   183P    200
124,-7.04419501764363E-015,-1.,-3.0329605423421E-031,                185P    201
-0.250000000000002,-1.,7.04419501764363E-015,                        185P    202
6.98296267768627E-015,-0.25,-6.98296267768627E-015,                  185P    203
4.94926469567833E-029,-1.,-2.02659260346428E-015;                    185P    204
100,0.,-0.3,0.05,-0.25,0.05,-0.3,0.1;                                187P    205
126,16,2,1,0,1,0,0.,0.,0.,0.125,0.125,0.25,0.25,0.375,0.375,         189P    206
0.5,0.5,0.625,0.625,0.75,0.75,0.875,0.875,1.,1.,1.,1.,1.,1.,1.,      189P    207
1.,1.,1.,1.,1.,1.,1.,1.,1.,1.,1.,1.,1.,0.994071146,0.5,0.,           189P    208
0.994071146,0.549245702,0.,0.992940975,0.597545161,0.,               189P    209
0.991810804,0.64584462,0.,0.989593893,0.691341716,0.,                189P    210
0.987376982,0.736838812,0.,0.984158527,0.777785117,0.,               189P    211
0.980940072,0.818731421,0.,0.976843755,0.853553391,0.,               189P    212
0.972747438,0.88837536,0.,0.967930679,0.915734806,0.,                189P    213
0.96311392,0.943094252,0.,0.957761824,0.961939766,0.,                189P    214
0.952409729,0.98078528,0.,0.946727974,0.99039264,0.,                 189P    215
0.941046219,1.,0.,0.935253153,1.,0.,0.,1.,0.,0.,-1.;                 189P    216
124,-1.,0.,6.98296267768627E-015,-0.6,0.,1.,0.,0.,                   191P    217
-6.98296267768627E-015,0.,-1.,-2.02659260346427E-015;                191P    218
100,0.,-0.3,0.05,-0.25,0.05,-0.3,0.1;                                193P    219
126,1,1,1,0,1,0,0.,0.,1.,1.,1.,1.,0.935253153,1.,0.,                 195P    220
0.064746847,1.,0.,0.,1.,0.,0.,1.;                                    195P    221
110,-0.3,0.1,0.,0.44,0.1,0.;                                         197P    222
126,16,2,1,0,1,0,0.,0.,0.,0.125,0.125,0.25,0.25,0.375,0.375,         199P    223
0.5,0.5,0.625,0.625,0.75,0.75,0.875,0.875,1.,1.,1.,1.,1.,1.,1.,      199P    224
1.,1.,1.,1.,1.,1.,1.,1.,1.,1.,1.,1.,1.,0.064746847,1.,0.,            199P    225
0.058953781,1.,0.,0.053272026,0.99039264,0.,0.047590271,             199P    226
0.98078528,0.,0.042238176,0.961939766,0.,0.03688608,                 199P    227
0.943094252,0.,0.032069321,0.915734806,0.,0.027252562,               199P    228
0.88837536,0.,0.023156245,0.853553391,0.,0.019059928,                199P    229
0.818731421,0.,0.015841473,0.777785117,0.,0.012623018,               199P    230
0.736838812,0.,0.010406107,0.691341716,0.,0.008189196,               199P    231
0.64584462,0.,0.007059025,0.597545161,0.,0.005928854,                199P    232
0.549245702,0.,0.005928854,0.5,0.,0.,1.,0.,0.,-1.;                   199P    233
124,6.12323399573677E-017,1.,0.,0.39,1.,-6.12323399573677E-017,      201P    234
-6.98296267768627E-015,-0.39,-6.98296267768627E-015,                 201P    235
4.27583144589696E-031,-1.,3.14079977802356E-015;                     201P    236
100,0.,0.44,0.05,0.49,0.05,0.44,0.1;                                 203P    237
126,16,2,1,0,1,0,0.,0.,0.,0.125,0.125,0.25,0.25,0.375,0.375,         205P    238
0.5,0.5,0.625,0.625,0.75,0.75,0.875,0.875,1.,1.,1.,1.,1.,1.,1.,      205P    239
1.,1.,1.,1.,1.,1.,1.,1.,1.,1.,1.,1.,1.,0.005928854,0.5,0.,           205P    240
0.005928854,0.450754298,0.,0.007059025,0.402454839,0.,               205P    241
0.008189196,0.35415538,0.,0.010406107,0.308658284,0.,                205P    242
0.012623018,0.263161188,0.,0.015841473,0.222214883,0.,               205P    243
0.019059928,0.181268579,0.,0.023156245,0.146446609,0.,               205P    244
0.027252562,0.11162464,0.,0.032069321,0.084265194,0.,                205P    245
0.03688608,0.056905748,0.,0.042238176,0.038060234,0.,                205P    246
0.047590271,0.01921472,0.,0.053272026,0.00960736,0.,                 205P    247
0.058953781,0.,0.,0.064746847,0.,0.,0.,1.,0.,0.,-1.;                 205P    248
124,1.,-1.40883900352873E-014,-6.98296267768627E-015,                207P    249
7.2587700511277E-016,-1.40883900352873E-014,-1.,0.,                  207P    250
0.100000000000006,-6.98296267768627E-015,9.83787018050981E-029,      207P    251
-1.,3.14079977802356E-015;                                           207P    252
100,0.,0.44,0.05,0.49,0.05,0.44,0.1;                                 209P    253
126,1,1,1,0,1,0,0.,0.,1.,1.,1.,1.,0.064746847,0.,0.,                 211P    254
0.935253153,0.,0.,0.,1.,0.,0.,1.;                                    211P    255
110,0.44,0.,0.,-0.3,0.,0.;                                           213P    256
102,6,183,189,195,199,205,211;                                       215P    257
102,6,187,193,197,203,209,213;                                       217P    258
142,1,181,215,217,1;                                                 219P    259
126,16,2,1,0,1,0,0.,0.,0.,0.125,0.125,0.25,0.25,0.375,0.375,         221P    260
0.5,0.5,0.625,0.625,0.75,0.75,0.875,0.875,1.,1.,1.,1.,1.,1.,1.,      221P    261
1.,1.,1.,1.,1.,1.,1.,1.,1.,1.,1.,1.,1.,0.102978543,0.5,0.,           221P    262
0.102978543,0.435353481,0.,0.100068329,0.375627884,0.,               221P    263
0.097158114,0.315902288,0.,0.091780739,0.270190296,0.,               221P    264
0.086403363,0.224478304,0.,0.079377484,0.199739152,0.,               221P    265
0.072351604,0.175,0.,0.064746847,0.175,0.,0.05714209,0.175,0.,       221P    266
0.050116211,0.199739152,0.,0.043090331,0.224478304,0.,               221P    267
0.037712956,0.270190296,0.,0.032335581,0.315902288,0.,               221P    268
0.029425366,0.375627884,0.,0.026515152,0.435353481,0.,               221P    269
0.026515152,0.5,0.,0.,1.,0.,0.,1.;                                   221P    270
100,0.,0.44,0.05,0.4075,0.05,0.4725,0.05;                            223P    271
126,16,2,1,0,1,0,0.,0.,0.,0.125,0.125,0.25,0.25,0.375,0.375,         225P    272
0.5,0.5,0.625,0.625,0.75,0.75,0.875,0.875,1.,1.,1.,1.,1.,1.,1.,      225P    273
1.,1.,1.,1.,1.,1.,1.,1.,1.,1.,1.,1.,1.,0.026515152,0.5,0.,           225P    274
0.026515152,0.564646519,0.,0.029425366,0.624372116,0.,               225P    275
0.032335581,0.684097712,0.,0.037712956,0.729809704,0.,               225P    276
0.043090331,0.775521696,0.,0.050116211,0.800260848,0.,               225P    277
0.05714209,0.825,0.,0.064746847,0.825,0.,0.072351604,0.825,0.,       225P    278
0.079377484,0.800260848,0.,0.086403363,0.775521696,0.,               225P    279
0.091780739,0.729809704,0.,0.097158114,0.684097712,0.,               225P    280
0.100068329,0.624372116,0.,0.102978543,0.564646519,0.,               225P    281
0.102978543,0.5,0.,0.,1.,0.,0.,1.;                                   225P    282
100,0.,0.44,0.05,0.4725,0.05,0.4075,0.05;                            227P    283
102,2,221,225;                                                       229P    284
102,2,223,227;                                                       231P    285
142,1,181,229,231,1;                                                 233P    286
144,181,1,1,219,233;                                                 235P    287
128,1,1,1,1,0,0,1,0,0,0.,0.,1.,1.,0.,0.,1.,1.,1.,1.,1.,1.,-0.3,      237P    288
0.1,-0.2,-0.3,0.1,0.,0.44,0.1,-0.2,0.44,0.1,0.,0.,1.,0.,1.;          237P    289
126,1,1,1,0,1,0,0.,0.,1.,1.,1.,1.,0.238816067,0.878378378,0.,        239P    290
0.238816067,1.,0.,0.,1.,0.,0.,1.;                                    239P    291
110,0.35,0.1,-0.152236787,0.44,0.1,-0.152236787;                     241P    292
126,1,1,1,0,1,0,0.,0.,1.,1.,1.,1.,0.238816067,1.,0.,0.,1.,0.,        243P    293
0.,1.,0.,0.,1.;                                                      243P    294
110,0.44,0.1,-0.152236787,0.44,0.1,-0.2;                             245P    295
126,1,1,1,0,1,0,0.,0.,1.,1.,1.,1.,0.,1.,0.,0.,0.,0.,0.,1.,0.,        247P    296
0.,1.;                                                               247P    297
110,0.44,0.1,-0.2,-0.3,0.1,-0.2;                                     249P    298
126,1,1,1,0,1,0,0.,0.,1.,1.,1.,1.,0.,0.,0.,1.,0.,0.,0.,1.,0.,        251P    299
0.,1.;                                                               251P    300
110,-0.3,0.1,-0.2,-0.3,0.1,0.;                                       253P    301
126,1,1,1,0,1,0,0.,0.,1.,1.,1.,1.,1.,0.,0.,1.,1.,0.,0.,1.,0.,        255P    302
0.,1.;                                                               255P    303
110,-0.3,0.1,0.,0.44,0.1,0.;                                         257P    304
126,1,1,1,0,1,0,0.,0.,1.,1.,1.,1.,1.,1.,0.,0.738816067,1.,0.,        259P    305
0.,1.,0.,0.,1.;                                                      259P    306
110,0.44,0.1,0.,0.44,0.1,-0.052236787;                               261P    307
126,1,1,1,0,1,0,0.,0.,1.,1.,1.,1.,0.738816067,1.,0.,                 263P    308
0.738816067,0.878378378,0.,0.,1.,0.,0.,1.;                           263P    309
110,0.44,0.1,-0.052236787,0.35,0.1,-0.052236787;                     265P    310
126,1,1,1,0,1,0,0.,0.,1.,1.,1.,1.,0.738816067,0.878378378,0.,        267P    311
0.238816067,0.878378378,0.,0.,1.,0.,0.,1.;                           267P    312
110,0.35,0.1,-0.052236787,0.35,0.1,-0.152236787;                     269P    313
102,8,239,243,247,251,255,259,263,267;                               271P    314
102,8,241,245,249,253,257,261,265,269;                               273P    315
142,1,237,271,273,1;                                                 275P    316
144,237,1,0,275;                                                     277P    317
128,1,1,1,1,0,0,1,0,0,0.,0.,1.,1.,0.,0.,1.,1.,1.,1.,1.,1.,-0.3,      279P    318
0.,-0.2,-0.3,0.,0.,0.44,0.,-0.2,0.44,0.,0.,0.,1.,0.,1.;              279P    319
126,1,1,1,0,1,0,0.,0.,1.,1.,1.,1.,0.,1.,0.,0.,0.,0.,0.,1.,0.,        281P    320
0.,1.;                                                               281P    321
110,0.44,0.,-0.2,-0.3,0.,-0.2;                                       283P    322
126,1,1,1,0,1,0,0.,0.,1.,1.,1.,1.,0.,0.,0.,1.,0.,0.,0.,1.,0.,        285P    323
0.,1.;                                                               285P    324
110,-0.3,0.,-0.2,-0.3,0.,0.;                                         287P    325
126,1,1,1,0,1,0,0.,0.,1.,1.,1.,1.,1.,0.,0.,1.,1.,0.,0.,1.,0.,        289P    326
0.,1.;                                                               289P    327
110,-0.3,0.,0.,0.44,0.,0.;                                           291P    328
126,1,1,1,0,1,0,0.,0.,1.,1.,1.,1.,1.,1.,0.,0.738816067,1.,0.,        293P    329
0.,1.,0.,0.,1.;                                                      293P    330
110,0.44,0.,0.,0.44,0.,-0.052236787;                                 295P    331
126,1,1,1,0,1,0,0.,0.,1.,1.,1.,1.,0.738816067,1.,0.,                 297P    332
0.738816067,0.878378378,0.,0.,1.,0.,0.,1.;                           297P    333
110,0.44,0.,-0.052236787,0.35,0.,-0.052236787;                       299P    334
126,1,1,1,0,1,0,0.,0.,1.,1.,1.,1.,0.738816067,0.878378378,0.,        301P    335
0.238816067,0.878378378,0.,0.,1.,0.,0.,1.;                           301P    336
110,0.35,0.,-0.052236787,0.35,0.,-0.152236787;                       303P    337
126,1,1,1,0,1,0,0.,0.,1.,1.,1.,1.,0.238816067,0.878378378,0.,        305P    338
0.238816067,1.,0.,0.,1.,0.,0.,1.;                                    305P    339
110,0.35,0.,-0.152236787,0.44,0.,-0.152236787;                       307P    340
126,1,1,1,0,1,0,0.,0.,1.,1.,1.,1.,0.238816067,1.,0.,0.,1.,0.,        309P    341
0.,1.,0.,0.,1.;                                                      309P    342
110,0.44,0.,-0.152236787,0.44,0.,-0.2;                               311P    343
102,8,281,285,289,293,297,301,305,309;                               313P    344
102,8,283,287,291,295,299,303,307,311;                               315P    345
142,1,279,313,315,1;                                                 317P    346
144,279,1,0,317;                                                     319P    347
110,0.44,0.05,0.,0.44,0.05,39.37007874;                              321P    348
110,0.49,0.05,-0.052236787,0.49,0.05,0.;                             323P    349
120,321,323,0.,6.28318530717959;                                     325P    350
126,1,1,1,0,1,0,0.,0.,1.,1.,1.,1.,0.,0.,0.,0.,1.570796327,0.,        327P    351
0.,1.,0.,0.,1.;                                                      327P    352
100,-0.052236787,0.44,0.05,0.49,0.05,0.44,0.1;                       329P    353
126,1,1,1,0,1,0,0.,0.,1.,1.,1.,1.,0.,1.570796327,0.,1.,              331P    354
1.570796327,0.,0.,1.,0.,0.,1.;                                       331P    355
110,0.44,0.1,-0.052236787,0.44,0.1,0.;                               333P    356
126,1,1,1,0,1,0,0.,0.,1.,1.,1.,1.,1.,1.570796327,0.,1.,0.,0.,        335P    357
0.,1.,0.,0.,1.;                                                      335P    358
124,6.12323399573677E-017,1.,0.,0.39,1.,-6.12323399573677E-017,      337P    359
-6.98296267768627E-015,-0.39,-6.98296267768627E-015,                 337P    360
4.27583144589696E-031,-1.,3.14079977802356E-015;                     337P    361
100,0.,0.44,0.05,0.49,0.05,0.44,0.1;                                 339P    362
126,1,1,1,0,1,0,0.,0.,1.,1.,1.,1.,1.,0.,0.,0.,0.,0.,0.,1.,0.,        341P    363
0.,1.;                                                               341P    364
110,0.49,0.05,0.,0.49,0.05,-0.052236787;                             343P    365
102,4,327,331,335,341;                                               345P    366
102,4,329,333,339,343;                                               347P    367
142,1,325,345,347,1;                                                 349P    368
144,325,1,0,349;                                                     351P    369
110,0.44,0.05,0.,0.44,0.05,-39.37007874;                             353P    370
110,0.39,0.05,0.,0.39,0.05,-0.052236787;                             355P    371
120,353,355,0.,6.28318530717959;                                     357P    372
126,1,1,1,0,1,0,0.,0.,1.,1.,1.,1.,1.,4.71238898,0.,1.,               359P    373
3.141592654,0.,0.,1.,0.,0.,1.;                                       359P    374
100,-0.052236787,0.44,0.05,0.44,0.,0.49,0.05;                        361P    375
126,1,1,1,0,1,0,0.,0.,1.,1.,1.,1.,1.,3.141592654,0.,0.,              363P    376
3.141592654,0.,0.,1.,0.,0.,1.;                                       363P    377
110,0.49,0.05,-0.052236787,0.49,0.05,0.;                             365P    378
126,1,1,1,0,1,0,0.,0.,1.,1.,1.,1.,0.,3.141592654,0.,0.,              367P    379
4.71238898,0.,0.,1.,0.,0.,1.;                                        367P    380
124,1.,-1.40883900352873E-014,-6.98296267768627E-015,                369P    381
7.2587700511277E-016,-1.40883900352873E-014,-1.,0.,                  369P    382
0.100000000000006,-6.98296267768627E-015,9.83787018050981E-029,      369P    383
-1.,3.14079977802356E-015;                                           369P    384
100,0.,0.44,0.05,0.49,0.05,0.44,0.1;                                 371P    385
126,1,1,1,0,1,0,0.,0.,1.,1.,1.,1.,0.,4.71238898,0.,1.,               373P    386
4.71238898,0.,0.,1.,0.,0.,1.;                                        373P    387
110,0.44,0.,0.,0.44,0.,-0.052236787;                                 375P    388
102,4,359,363,367,373;                                               377P    389
102,4,361,365,371,375;                                               379P    390
142,1,357,377,379,1;                                                 381P    391
144,357,1,0,381;                                                     383P    392
110,-0.3,0.05,0.,-0.3,0.05,-39.37007874;                             385P    393
110,-0.35,0.05,0.,-0.35,0.05,-0.2;                                   387P    394
120,385,387,0.,6.28318530717959;                                     389P    395
126,1,1,1,0,1,0,0.,0.,1.,1.,1.,1.,0.,1.570796327,0.,1.,              391P    396
1.570796327,0.,0.,1.,0.,0.,1.;                                       391P    397
110,-0.3,0.1,0.,-0.3,0.1,-0.2;                                       393P    398
126,1,1,1,0,1,0,0.,0.,1.,1.,1.,1.,1.,1.570796327,0.,1.,0.,0.,        395P    399
0.,1.,0.,0.,1.;                                                      395P    400
100,-0.2,-0.3,0.05,-0.3,0.1,-0.35,0.05;                              397P    401
126,1,1,1,0,1,0,0.,0.,1.,1.,1.,1.,1.,0.,0.,0.,0.,0.,0.,1.,0.,        399P    402
0.,1.;                                                               399P    403
110,-0.35,0.05,-0.2,-0.35,0.05,0.;                                   401P    404
126,1,1,1,0,1,0,0.,0.,1.,1.,1.,1.,0.,0.,0.,0.,1.570796327,0.,        403P    405
0.,1.,0.,0.,1.;                                                      403P    406
124,-1.,0.,6.98296267768627E-015,-0.6,0.,1.,0.,0.,                   405P    407
-6.98296267768627E-015,0.,-1.,-2.02659260346427E-015;                405P    408
100,0.,-0.3,0.05,-0.25,0.05,-0.3,0.1;                                407P    409
102,4,391,395,399,403;                                               409P    410
102,4,393,397,401,407;                                               411P    411
142,1,389,409,411,1;                                                 413P    412
144,389,1,0,413;                                                     415P    413
110,-0.3,0.05,-0.2,-0.3,0.05,39.17007874;                            417P    414
110,-0.25,0.05,-0.2,-0.25,0.05,0.;                                   419P    415
120,417,419,0.,6.28318530717959;                                     421P    416
126,1,1,1,0,1,0,0.,0.,1.,1.,1.,1.,0.,3.141592654,0.,0.,              423P    417
4.71238898,0.,0.,1.,0.,0.,1.;                                        423P    418
100,-0.2,-0.3,0.05,-0.35,0.05,-0.3,0.;                               425P    419
126,1,1,1,0,1,0,0.,0.,1.,1.,1.,1.,0.,4.71238898,0.,1.,               427P    420
4.71238898,0.,0.,1.,0.,0.,1.;                                        427P    421
110,-0.3,0.,-0.2,-0.3,0.,0.;                                         429P    422
126,1,1,1,0,1,0,0.,0.,1.,1.,1.,1.,1.,4.71238898,0.,1.,               431P    423
3.141592654,0.,0.,1.,0.,0.,1.;                                       431P    424
124,-7.04419501764363E-015,-1.,-3.0329605423421E-031,                433P    425
-0.250000000000002,-1.,7.04419501764363E-015,                        433P    426
6.98296267768627E-015,-0.25,-6.98296267768627E-015,                  433P    427
4.94926469567833E-029,-1.,-2.02659260346428E-015;                    433P    428
100,0.,-0.3,0.05,-0.25,0.05,-0.3,0.1;                                435P    429
126,1,1,1,0,1,0,0.,0.,1.,1.,1.,1.,1.,3.141592654,0.,0.,              437P    430
3.141592654,0.,0.,1.,0.,0.,1.;                                       437P    431
110,-0.35,0.05,0.,-0.35,0.05,-0.2;                                   439P    432
102,4,423,427,431,437;                                               441P    433
102,4,425,429,435,439;                                               443P    434
142,1,421,441,443,1;                                                 445P    435
144,421,1,0,445;                                                     447P    436
128,1,1,1,1,0,0,1,0,0,0.,0.,1.,1.,0.,0.,1.,1.,1.,1.,1.,1.,           449P    437
0.49084,0.,-0.152236787,0.35,0.,-0.152236787,0.49084,0.1,            449P    438
-0.152236787,0.35,0.1,-0.152236787,0.,1.,0.,1.;                      449P    439
126,16,2,1,0,1,0,0.,0.,0.,0.125,0.125,0.25,0.25,0.375,0.375,         451P    440
0.5,0.5,0.625,0.625,0.75,0.75,0.875,0.875,1.,1.,1.,1.,1.,1.,1.,      451P    441
1.,1.,1.,1.,1.,1.,1.,1.,1.,1.,1.,1.,1.,0.005964215,0.5,0.,           451P    442
0.005964215,0.450754298,0.,0.012785686,0.402454839,0.,               451P    443
0.019607157,0.35415538,0.,0.032987954,0.308658284,0.,                451P    444
0.04636875,0.263161188,0.,0.065794656,0.222214883,0.,                451P    445
0.085220562,0.181268579,0.,0.109945051,0.146446609,0.,               451P    446
0.134669539,0.11162464,0.,0.163742462,0.084265194,0.,                451P    447
0.192815385,0.056905748,0.,0.225119486,0.038060234,0.,               451P    448
0.257423587,0.01921472,0.,0.291717438,0.00960736,0.,                 451P    449
0.326011288,0.,0.,0.360976995,0.,0.,0.,1.,0.,0.,-1.;                 451P    450
124,1.,-1.40883900352873E-014,-6.98296267768627E-015,                453P    451
-3.07511396321486E-016,-1.40883900352873E-014,-1.,0.,                453P    452
0.100000000000006,-6.98296267768627E-015,9.83787018050981E-029,      453P    453
-1.,-0.304473573329252;                                              453P    454
100,-0.152236787,0.44,0.05,0.49,0.05,0.44,0.1;                       455P    455
126,1,1,1,0,1,0,0.,0.,1.,1.,1.,1.,0.360976995,0.,0.,1.,0.,0.,        457P    456
0.,1.,0.,0.,1.;                                                      457P    457
110,0.44,0.,-0.152236787,0.35,0.,-0.152236787;                       459P    458
126,1,1,1,0,1,0,0.,0.,1.,1.,1.,1.,1.,0.,0.,1.,1.,0.,0.,1.,0.,        461P    459
0.,1.;                                                               461P    460
110,0.35,0.,-0.152236787,0.35,0.1,-0.152236787;                      463P    461
126,1,1,1,0,1,0,0.,0.,1.,1.,1.,1.,1.,1.,0.,0.360976995,1.,0.,        465P    462
0.,1.,0.,0.,1.;                                                      465P    463
110,0.35,0.1,-0.152236787,0.44,0.1,-0.152236787;                     467P    464
126,16,2,1,0,1,0,0.,0.,0.,0.125,0.125,0.25,0.25,0.375,0.375,         469P    465
0.5,0.5,0.625,0.625,0.75,0.75,0.875,0.875,1.,1.,1.,1.,1.,1.,1.,      469P    466
1.,1.,1.,1.,1.,1.,1.,1.,1.,1.,1.,1.,1.,0.360976995,1.,0.,            469P    467
0.326011288,1.,0.,0.291717438,0.99039264,0.,0.257423587,             469P    468
0.98078528,0.,0.225119486,0.961939766,0.,0.192815385,                469P    469
0.943094252,0.,0.163742462,0.915734806,0.,0.134669539,               469P    470
0.88837536,0.,0.109945051,0.853553391,0.,0.085220562,                469P    471
0.818731421,0.,0.065794656,0.777785117,0.,0.04636875,                469P    472
0.736838812,0.,0.032987954,0.691341716,0.,0.019607157,               469P    473
0.64584462,0.,0.012785686,0.597545161,0.,0.005964215,                469P    474
0.549245702,0.,0.005964215,0.5,0.,0.,1.,0.,0.,-1.;                   469P    475
124,6.12323399573677E-017,1.,0.,0.39,1.,-6.12323399573677E-017,      471P    476
-6.98296267768627E-015,-0.390000000000001,                           471P    477
-6.98296267768627E-015,4.27583144589696E-031,-1.,                    471P    478
-0.304473573329252;                                                  471P    479
100,-0.152236787,0.44,0.05,0.49,0.05,0.44,0.1;                       473P    480
102,5,451,457,461,465,469;                                           475P    481
102,5,455,459,463,467,473;                                           477P    482
142,1,449,475,477,1;                                                 479P    483
126,16,2,1,0,1,0,0.,0.,0.,0.125,0.125,0.25,0.25,0.375,0.375,         481P    484
0.5,0.5,0.625,0.625,0.75,0.75,0.875,0.875,1.,1.,1.,1.,1.,1.,1.,      481P    485
1.,1.,1.,1.,1.,1.,1.,1.,1.,1.,1.,1.,1.,0.527477989,0.5,0.,           481P    486
0.527477989,0.45335505,0.,0.514803856,0.410260735,0.,                481P    487
0.502129722,0.36716642,0.,0.478710977,0.33418346,0.,                 481P    488
0.455292232,0.301200499,0.,0.424694167,0.28335025,0.,                481P    489
0.394096102,0.2655,0.,0.360976995,0.2655,0.,0.327857888,0.2655,      481P    490
0.,0.297259823,0.28335025,0.,0.266661758,0.301200499,0.,             481P    491
0.243243013,0.33418346,0.,0.219824268,0.36716642,0.,                 481P    492
0.207150135,0.410260735,0.,0.194476001,0.45335505,0.,                481P    493
0.194476001,0.5,0.,0.,1.,0.,0.,1.;                                   481P    494
100,-0.152236787,0.44,0.05,0.41655,0.05,0.46345,0.05;                483P    495
126,16,2,1,0,1,0,0.,0.,0.,0.125,0.125,0.25,0.25,0.375,0.375,         485P    496
0.5,0.5,0.625,0.625,0.75,0.75,0.875,0.875,1.,1.,1.,1.,1.,1.,1.,      485P    497
1.,1.,1.,1.,1.,1.,1.,1.,1.,1.,1.,1.,1.,0.194476001,0.5,0.,           485P    498
0.194476001,0.54664495,0.,0.207150135,0.589739265,0.,                485P    499
0.219824268,0.63283358,0.,0.243243013,0.66581654,0.,                 485P    500
0.266661758,0.698799501,0.,0.297259823,0.71664975,0.,                485P    501
0.327857888,0.7345,0.,0.360976995,0.7345,0.,0.394096102,0.7345,      485P    502
0.,0.424694167,0.71664975,0.,0.455292232,0.698799501,0.,             485P    503
0.478710977,0.66581654,0.,0.502129722,0.63283358,0.,                 485P    504
0.514803856,0.589739265,0.,0.527477989,0.54664495,0.,                485P    505
0.527477989,0.5,0.,0.,1.,0.,0.,1.;                                   485P    506
100,-0.152236787,0.44,0.05,0.46345,0.05,0.41655,0.05;                487P    507
102,2,481,485;                                                       489P    508
102,2,483,487;                                                       491P    509
142,1,449,489,491,1;                                                 493P    510
144,449,1,1,479,493;                                                 495P    511
128,1,1,1,1,0,0,1,0,0,0.,0.,1.,1.,0.,0.,1.,1.,1.,1.,1.,1.,0.35,      497P    512
0.,-0.052236787,0.49084,0.,-0.052236787,0.35,0.1,-0.052236787,       497P    513
0.49084,0.1,-0.052236787,0.,1.,0.,1.;                                497P    514
126,1,1,1,0,1,0,0.,0.,1.,1.,1.,1.,0.639023005,1.,0.,0.,1.,0.,        499P    515
0.,1.,0.,0.,1.;                                                      499P    516
110,0.44,0.1,-0.052236787,0.35,0.1,-0.052236787;                     501P    517
126,1,1,1,0,1,0,0.,0.,1.,1.,1.,1.,0.,1.,0.,0.,0.,0.,0.,1.,0.,        503P    518
0.,1.;                                                               503P    519
110,0.35,0.1,-0.052236787,0.35,0.,-0.052236787;                      505P    520
126,1,1,1,0,1,0,0.,0.,1.,1.,1.,1.,0.,0.,0.,0.639023005,0.,0.,        507P    521
0.,1.,0.,0.,1.;                                                      507P    522
110,0.35,0.,-0.052236787,0.44,0.,-0.052236787;                       509P    523
126,16,2,1,0,1,0,0.,0.,0.,0.125,0.125,0.25,0.25,0.375,0.375,         511P    524
0.5,0.5,0.625,0.625,0.75,0.75,0.875,0.875,1.,1.,1.,1.,1.,1.,1.,      511P    525
1.,1.,1.,1.,1.,1.,1.,1.,1.,1.,1.,1.,1.,0.639023005,0.,0.,            511P    526
0.673988712,0.,0.,0.708282562,0.00960736,0.,0.742576413,             511P    527
0.01921472,0.,0.774880514,0.038060234,0.,0.807184615,                511P    528
0.056905748,0.,0.836257538,0.084265194,0.,0.865330461,               511P    529
0.11162464,0.,0.890054949,0.146446609,0.,0.914779438,                511P    530
0.181268579,0.,0.934205344,0.222214883,0.,0.95363125,                511P    531
0.263161188,0.,0.967012046,0.308658284,0.,0.980392843,               511P    532
0.35415538,0.,0.987214314,0.402454839,0.,0.994035785,                511P    533
0.450754298,0.,0.994035785,0.5,0.,0.,1.,0.,0.,-1.;                   511P    534
100,-0.052236787,0.44,0.05,0.44,0.,0.49,0.05;                        513P    535
126,16,2,1,0,1,0,0.,0.,0.,0.125,0.125,0.25,0.25,0.375,0.375,         515P    536
0.5,0.5,0.625,0.625,0.75,0.75,0.875,0.875,1.,1.,1.,1.,1.,1.,1.,      515P    537
1.,1.,1.,1.,1.,1.,1.,1.,1.,1.,1.,1.,1.,0.994035785,0.5,0.,           515P    538
0.994035785,0.549245702,0.,0.987214314,0.597545161,0.,               515P    539
0.980392843,0.64584462,0.,0.967012046,0.691341716,0.,                515P    540
0.95363125,0.736838812,0.,0.934205344,0.777785117,0.,                515P    541
0.914779438,0.818731421,0.,0.890054949,0.853553391,0.,               515P    542
0.865330461,0.88837536,0.,0.836257538,0.915734806,0.,                515P    543
0.807184615,0.943094252,0.,0.774880514,0.961939766,0.,               515P    544
0.742576413,0.98078528,0.,0.708282562,0.99039264,0.,                 515P    545
0.673988712,1.,0.,0.639023005,1.,0.,0.,1.,0.,0.,-1.;                 515P    546
100,-0.052236787,0.44,0.05,0.49,0.05,0.44,0.1;                       517P    547
102,5,499,503,507,511,515;                                           519P    548
102,5,501,505,509,513,517;                                           521P    549
142,1,497,519,521,1;                                                 523P    550
126,16,2,1,0,1,0,0.,0.,0.,0.125,0.125,0.25,0.25,0.375,0.375,         525P    551
0.5,0.5,0.625,0.625,0.75,0.75,0.875,0.875,1.,1.,1.,1.,1.,1.,1.,      525P    552
1.,1.,1.,1.,1.,1.,1.,1.,1.,1.,1.,1.,1.,0.869781312,0.5,0.,           525P    553
0.869781312,0.435353481,0.,0.852215882,0.375627884,0.,               525P    554
0.834650452,0.315902288,0.,0.802193769,0.270190296,0.,               525P    555
0.769737086,0.224478304,0.,0.727330386,0.199739152,0.,               525P    556
0.684923686,0.175,0.,0.639023005,0.175,0.,0.593122324,0.175,0.,      525P    557
0.550715624,0.199739152,0.,0.508308924,0.224478304,0.,               525P    558
0.475852241,0.270190296,0.,0.443395558,0.315902288,0.,               525P    559
0.425830128,0.375627884,0.,0.408264698,0.435353481,0.,               525P    560
0.408264698,0.5,0.,0.,1.,0.,0.,1.;                                   525P    561
124,1.,-7.105427357601E-015,0.,3.69061736552087E-016,                527P    562
-7.105427357601E-015,-1.,6.98296267768627E-015,                      527P    563
0.100000000000003,-4.96169340471387E-029,                            527P    564
-6.98296267768627E-015,-1.,-0.104473573329255;                       527P    565
100,-0.052236787,0.44,0.05,0.4725,0.05,0.4075,0.05;                  529P    566
126,16,2,1,0,1,0,0.,0.,0.,0.125,0.125,0.25,0.25,0.375,0.375,         531P    567
0.5,0.5,0.625,0.625,0.75,0.75,0.875,0.875,1.,1.,1.,1.,1.,1.,1.,      531P    568
1.,1.,1.,1.,1.,1.,1.,1.,1.,1.,1.,1.,1.,0.408264698,0.5,0.,           531P    569
0.408264698,0.564646519,0.,0.425830128,0.624372116,0.,               531P    570
0.443395558,0.684097712,0.,0.475852241,0.729809704,0.,               531P    571
0.508308924,0.775521696,0.,0.550715624,0.800260848,0.,               531P    572
0.593122324,0.825,0.,0.639023005,0.825,0.,0.684923686,0.825,0.,      531P    573
0.727330386,0.800260848,0.,0.769737086,0.775521696,0.,               531P    574
0.802193769,0.729809704,0.,0.834650452,0.684097712,0.,               531P    575
0.852215882,0.624372116,0.,0.869781312,0.564646519,0.,               531P    576
0.869781312,0.5,0.,0.,1.,0.,0.,1.;                                   531P    577
124,-1.,-6.98296267768627E-015,0.,0.88,-6.98296267768627E-015,       533P    578
1.,-6.98296267768627E-015,2.70923517427755E-015,                     533P    579
4.87617677579594E-029,-6.98296267768627E-015,-1.,                    533P    580
-0.104473573329255;                                                  533P    581
100,-0.052236787,0.44,0.05,0.4725,0.05,0.4075,0.05;                  535P    582
102,2,525,531;                                                       537P    583
102,2,529,535;                                                       539P    584
142,1,497,537,539,1;                                                 541P    585
144,497,1,1,523,541;                                                 543P    586
128,1,1,1,1,0,0,1,0,0,0.,0.,1.,1.,0.,0.,1.,1.,1.,1.,1.,1.,0.35,      545P    587
0.,-0.152236787,0.35,0.,-0.052236787,0.35,0.1,-0.152236787,          545P    588
0.35,0.1,-0.052236787,0.,1.,0.,1.;                                   545P    589
126,1,1,1,0,1,0,0.,0.,1.,1.,1.,1.,0.,1.,0.,0.,0.,0.,0.,1.,0.,        547P    590
0.,1.;                                                               547P    591
110,0.35,0.1,-0.152236787,0.35,0.,-0.152236787;                      549P    592
126,1,1,1,0,1,0,0.,0.,1.,1.,1.,1.,0.,0.,0.,1.,0.,0.,0.,1.,0.,        551P    593
0.,1.;                                                               551P    594
110,0.35,0.,-0.152236787,0.35,0.,-0.052236787;                       553P    595
126,1,1,1,0,1,0,0.,0.,1.,1.,1.,1.,1.,0.,0.,1.,1.,0.,0.,1.,0.,        555P    596
0.,1.;                                                               555P    597
110,0.35,0.,-0.052236787,0.35,0.1,-0.052236787;                      557P    598
126,1,1,1,0,1,0,0.,0.,1.,1.,1.,1.,1.,1.,0.,0.,1.,0.,0.,1.,0.,        559P    599
0.,1.;                                                               559P    600
110,0.35,0.1,-0.052236787,0.35,0.1,-0.152236787;                     561P    601
102,4,547,551,555,559;                                               563P    602
102,4,549,553,557,561;                                               565P    603
142,1,545,563,565,1;                                                 567P    604
144,545,1,0,567;                                                     569P    605
110,0.44,0.05,0.,0.44,0.05,39.37007874;                              571P    606
110,0.4725,0.05,-0.052236787,0.4725,0.05,0.;                         573P    607
120,571,573,0.,6.28318530717959;                                     575P    608
126,1,1,1,0,1,0,0.,0.,1.,1.,1.,1.,1.,3.141592654,0.,1.,0.,0.,        577P    609
0.,1.,0.,0.,1.;                                                      577P    610
124,-1.,-6.98296267768627E-015,0.,0.88,-6.98296267768627E-015,       579P    611
1.,-6.98296267768627E-015,3.07167816349162E-015,                     579P    612
4.87617677579594E-029,-6.98296267768627E-015,-1.,                    579P    613
4.63652609604569E-016;                                               579P    614
100,0.,0.44,0.05,0.4725,0.05,0.4075,0.05;                            581P    615
126,1,1,1,0,1,0,0.,0.,1.,1.,1.,1.,1.,0.,0.,0.,0.,0.,0.,1.,0.,        583P    616
0.,1.;                                                               583P    617
110,0.4725,0.05,0.,0.4725,0.05,-0.052236787;                         585P    618
126,1,1,1,0,1,0,0.,0.,1.,1.,1.,1.,0.,0.,0.,0.,3.141592654,0.,        587P    619
0.,1.,0.,0.,1.;                                                      587P    620
100,-0.052236787,0.44,0.05,0.4725,0.05,0.4075,0.05;                  589P    621
126,1,1,1,0,1,0,0.,0.,1.,1.,1.,1.,0.,3.141592654,0.,1.,              591P    622
3.141592654,0.,0.,1.,0.,0.,1.;                                       591P    623
110,0.4075,0.05,-0.052236787,0.4075,0.05,0.;                         593P    624
102,4,577,583,587,591;                                               595P    625
102,4,581,585,589,593;                                               597P    626
142,1,575,595,597,1;                                                 599P    627
144,575,1,0,599;                                                     601P    628
110,0.44,0.05,-0.152236787,0.44,0.05,39.217841953;                   603P    629
110,0.46345,0.05,-0.2,0.46345,0.05,-0.152236787;                     605P    630
120,603,605,0.,6.28318530717959;                                     607P    631
126,1,1,1,0,1,0,0.,0.,1.,1.,1.,1.,1.,3.141592654,0.,1.,0.,0.,        609P    632
0.,1.,0.,0.,1.;                                                      609P    633
124,-1.,-6.98296267768627E-015,0.,0.88,-6.98296267768627E-015,       611P    634
1.,-6.98296267768627E-015,2.01267868711676E-015,                     611P    635
4.87617677579594E-029,-6.98296267768627E-015,-1.,                    611P    636
-0.304473573329255;                                                  611P    637
100,-0.152236787,0.44,0.05,0.46345,0.05,0.41655,0.05;                613P    638
126,1,1,1,0,1,0,0.,0.,1.,1.,1.,1.,1.,0.,0.,0.,0.,0.,0.,1.,0.,        615P    639
0.,1.;                                                               615P    640
110,0.46345,0.05,-0.152236787,0.46345,0.05,-0.2;                     617P    641
126,1,1,1,0,1,0,0.,0.,1.,1.,1.,1.,0.,0.,0.,0.,3.141592654,0.,        619P    642
0.,1.,0.,0.,1.;                                                      619P    643
100,-0.2,0.44,0.05,0.46345,0.05,0.41655,0.05;                        621P    644
126,1,1,1,0,1,0,0.,0.,1.,1.,1.,1.,0.,3.141592654,0.,1.,              623P    645
3.141592654,0.,0.,1.,0.,0.,1.;                                       623P    646
110,0.41655,0.05,-0.2,0.41655,0.05,-0.152236787;                     625P    647
102,4,609,615,619,623;                                               627P    648
102,4,613,617,621,625;                                               629P    649
142,1,607,627,629,1;                                                 631P    650
144,607,1,0,631;                                                     633P    651
S      1G      5D    634P    651                                        T      1
