                                                                        S      1
1H,,1H;,,**HG:\my_workspace\code\FEM_sim\magnetic_sim\ANSYS\main\IGES_c,G      1
5HANSYS,22H  25.2      UP20250519,,,,,,,1.0,1,,,,13H000708.160743,      G      2
1.0000E-04,,,,9,,;                                                      G      3
     128       1       0       0       0       0       0       000010001D      1
     128       0       0      12       1       0       0 SURFACE       0D      2
     126      13       0       0       0       0       0       000010001D      3
     126       0       0       7       1       0       0B-SPLINE       0D      4
     126      20       0       0       0       0       0       000010001D      5
     126       0       0       7       1       0       0B-SPLINE       0D      6
     126      27       0       0       0       0       0       000010001D      7
     126       0       0       7       1       0       0B-SPLINE       0D      8
     126      34       0       0       0       0       0       000010001D      9
     126       0       0       7       1       0       0B-SPLINE       0D     10
     128      41       0       0       0       0       0       000010001D     11
     128       0       0      12       1       0       0 SURFACE       0D     12
     126      53       0       0       0       0       0       000010001D     13
     126       0       0       7       1       0       0B-SPLINE       0D     14
     126      60       0       0       0       0       0       000010001D     15
     126       0       0       7       1       0       0B-SPLINE       0D     16
     126      67       0       0       0       0       0       000010001D     17
     126       0       0       7       1       0       0B-SPLINE       0D     18
     128      74       0       0       0       0       0       000010001D     19
     128       0       0      12       1       0       0 SURFACE       0D     20
     126      86       0       0       0       0       0       000010001D     21
     126       0       0       7       1       0       0B-SPLINE       0D     22
     126      93       0       0       0       0       0       000010001D     23
     126       0       0       7       1       0       0B-SPLINE       0D     24
     126     100       0       0       0       0       0       000010001D     25
     126       0       0       7       1       0       0B-SPLINE       0D     26
     128     107       0       0       0       0       0       000010001D     27
     128       0       0      12       1       0       0 SURFACE       0D     28
     126     119       0       0       0       0       0       000010001D     29
     126       0       0       7       1       0       0B-SPLINE       0D     30
     126     126       0       0       0       0       0       000010001D     31
     126       0       0       7       1       0       0B-SPLINE       0D     32
     126     133       0       0       0       0       0       000010001D     33
     126       0       0       7       1       0       0B-SPLINE       0D     34
     126     140       0       0       0       0       0       000010001D     35
     126       0       0       7       1       0       0B-SPLINE       0D     36
     126     147       0       0       0       0       0       000010001D     37
     126       0       0       7       1       0       0B-SPLINE       0D     38
     126     154       0       0       0       0       0       000010001D     39
     126       0       0       7       1       0       0B-SPLINE       0D     40
     126     161       0       0       0       0       0       000010001D     41
     126       0       0       7       1       0       0B-SPLINE       0D     42
     128     168       0       0       0       0       0       000010001D     43
     128       0       0      12       1       0       0 SURFACE       0D     44
     126     180       0       0       0       0       0       000010001D     45
     126       0       0       7       1       0       0B-SPLINE       0D     46
     126     187       0       0       0       0       0       000010001D     47
     126       0       0       7       1       0       0B-SPLINE       0D     48
     128     194       0       0       0       0       0       000010001D     49
     128       0       0      12       1       0       0 SURFACE       0D     50
     126     206       0       0       0       0       0       000010001D     51
     126       0       0       7       1       0       0B-SPLINE       0D     52
     126     213       0       0       0       0       0       000010001D     53
     126       0       0       7       1       0       0B-SPLINE       0D     54
     126     220       0       0       0       0       0       000010001D     55
     126       0       0       7       1       0       0B-SPLINE       0D     56
     128     227       0       0       0       0       0       000010001D     57
     128       0       0      12       1       0       0 SURFACE       0D     58
     126     239       0       0       0       0       0       000010001D     59
     126       0       0       7       1       0       0B-SPLINE       0D     60
     126     246       0       0       0       0       0       000010001D     61
     126       0       0       7       1       0       0B-SPLINE       0D     62
     126     253       0       0       0       0       0       000010001D     63
     126       0       0       7       1       0       0B-SPLINE       0D     64
     128     260       0       0       0       0       0       000010001D     65
     128       0       0      12       1       0       0 SURFACE       0D     66
     126     272       0       0       0       0       0       000010001D     67
     126       0       0       7       1       0       0B-SPLINE       0D     68
     126     279       0       0       0       0       0       000010001D     69
     126       0       0       7       1       0       0B-SPLINE       0D     70
     128     286       0       0       0       0       0       000010001D     71
     128       0       0      12       1       0       0 SURFACE       0D     72
     126     298       0       0       0       0       0       000010001D     73
     126       0       0       7       1       0       0B-SPLINE       0D     74
     126     305       0       0       0       0       0       000010001D     75
     126       0       0       7       1       0       0B-SPLINE       0D     76
     126     312       0       0       0       0       0       000010001D     77
     126       0       0       7       1       0       0B-SPLINE       0D     78
     126     319       0       0       0       0       0       000010001D     79
     126       0       0       7       1       0       0B-SPLINE       0D     80
     126     326       0       0       0       0       0       000010001D     81
     126       0       0       7       1       0       0B-SPLINE       0D     82
     128     333       0       0       0       0       0       000010001D     83
     128       0       0      12       1       0       0 SURFACE       0D     84
     126     345       0       0       0       0       0       000010001D     85
     126       0       0       9       2       0       0B-SPLINE       0D     86
     128     354       0       0       0       0       0       000010001D     87
     128       0       0      18       2       0       0 SURFACE       0D     88
     126     372       0       0       0       0       0       000010001D     89
     126       0       0       9       2       0       0B-SPLINE       0D     90
     126     381       0       0       0       0       0       000010001D     91
     126       0       0       9       2       0       0B-SPLINE       0D     92
     126     390       0       0       0       0       0       000010001D     93
     126       0       0       7       1       0       0B-SPLINE       0D     94
     126     397       0       0       0       0       0       000010001D     95
     126       0       0       9       2       0       0B-SPLINE       0D     96
     126     406       0       0       0       0       0       000010001D     97
     126       0       0       9       2       0       0B-SPLINE       0D     98
     126     415       0       0       0       0       0       000010001D     99
     126       0       0       7       1       0       0B-SPLINE       0D    100
     128     422       0       0       0       0       0       000010001D    101
     128       0       0      18       2       0       0 SURFACE       0D    102
     126     440       0       0       0       0       0       000010001D    103
     126       0       0       9       2       0       0B-SPLINE       0D    104
     126     449       0       0       0       0       0       000010001D    105
     126       0       0       9       2       0       0B-SPLINE       0D    106
     126     458       0       0       0       0       0       000010001D    107
     126       0       0       9       2       0       0B-SPLINE       0D    108
     126     467       0       0       0       0       0       000010001D    109
     126       0       0       9       2       0       0B-SPLINE       0D    110
     126     476       0       0       0       0       0       000010001D    111
     126       0       0       9       2       0       0B-SPLINE       0D    112
     128     485       0       0       0       0       0       000010001D    113
     128       0       0      12       1       0       0 SURFACE       0D    114
     128     497       0       0       0       0       0       000010001D    115
     128       0       0      12       1       0       0 SURFACE       0D    116
     126     509       0       0       0       0       0       000010001D    117
     126       0       0       7       1       0       0B-SPLINE       0D    118
     126     516       0       0       0       0       0       000010001D    119
     126       0       0       7       1       0       0B-SPLINE       0D    120
     128     523       0       0       0       0       0       000010001D    121
     128       0       0      12       1       0       0 SURFACE       0D    122
     126     535       0       0       0       0       0       000010001D    123
     126       0       0       7       1       0       0B-SPLINE       0D    124
     126     542       0       0       0       0       0       000010001D    125
     126       0       0       7       1       0       0B-SPLINE       0D    126
     128     549       0       0       0       0       0       000010001D    127
     128       0       0      12       1       0       0 SURFACE       0D    128
     126     561       0       0       0       0       0       000010001D    129
     126       0       0       7       1       0       0B-SPLINE       0D    130
     126     568       0       0       0       0       0       000010001D    131
     126       0       0       7       1       0       0B-SPLINE       0D    132
     128     575       0       0       0       0       0       000010001D    133
     128       0       0      12       1       0       0 SURFACE       0D    134
     126     587       0       0       0       0       0       000010001D    135
     126       0       0       7       1       0       0B-SPLINE       0D    136
     126     594       0       0       0       0       0       000010001D    137
     126       0       0       7       1       0       0B-SPLINE       0D    138
     128     601       0       0       0       0       0       000010001D    139
     128       0       0      12       1       0       0 SURFACE       0D    140
     126     613       0       0       0       0       0       000010001D    141
     126       0       0       7       1       0       0B-SPLINE       0D    142
     126     620       0       0       0       0       0       000010001D    143
     126       0       0       7       1       0       0B-SPLINE       0D    144
     128     627       0       0       0       0       0       000010001D    145
     128       0       0      12       1       0       0 SURFACE       0D    146
     126     639       0       0       0       0       0       000010001D    147
     126       0       0       7       1       0       0B-SPLINE       0D    148
     128     646       0       0       0       0       0       000010001D    149
     128       0       0      12       1       0       0 SURFACE       0D    150
     126     658       0       0       0       0       0       000010001D    151
     126       0       0       7       1       0       0B-SPLINE       0D    152
     128     665       0       0       0       0       0       000010001D    153
     128       0       0      12       1       0       0 SURFACE       0D    154
     126     677       0       0       0       0       0       000010001D    155
     126       0       0       7       1       0       0B-SPLINE       0D    156
     128     684       0       0       0       0       0       000010001D    157
     128       0       0      12       1       0       0 SURFACE       0D    158
     128     696       0       0       0       0       0       000010001D    159
     128       0       0      12       1       0       0 SURFACE       0D    160
     126     708       0       0       0       0       0       000010001D    161
     126       0       0       7       1       0       0B-SPLINE       0D    162
     126     715       0       0       0       0       0       000010001D    163
     126       0       0       7       1       0       0B-SPLINE       0D    164
     128     722       0       0       0       0       0       000010001D    165
     128       0       0      12       1       0       0 SURFACE       0D    166
     126     734       0       0       0       0       0       000010001D    167
     126       0       0       7       1       0       0B-SPLINE       0D    168
     128     741       0       0       0       0       0       000010001D    169
     128       0       0      12       1       0       0 SURFACE       0D    170
     128     753       0       0       0       0       0       000010001D    171
     128       0       0      12       1       0       0 SURFACE       0D    172
     502     765       0       0       0       0       0       000010001D    173
     502       0       0      37       1       0       0  VERTEX       0D    174
     504     802       0       0       0       0       0       000010001D    175
     504       0       0      60       1       0       0    EDGE       0D    176
     508     862       0       0       0       0       0       000010001D    177
     508       0       0       4       1       0       0    LOOP       0D    178
     510     866       0       0       0       0       0       000010001D    179
     510       0       0       1       1       0       0    FACE       0D    180
     508     867       0       0       0       0       0       000010001D    181
     508       0       0       4       1       0       0    LOOP       0D    182
     510     871       0       0       0       0       0       000010001D    183
     510       0       0       1       1       0       0    FACE       0D    184
     508     872       0       0       0       0       0       000010001D    185
     508       0       0       4       1       0       0    LOOP       0D    186
     510     876       0       0       0       0       0       000010001D    187
     510       0       0       1       1       0       0    FACE       0D    188
     508     877       0       0       0       0       0       000010001D    189
     508       0       0       8       1       0       0    LOOP       0D    190
     510     885       0       0       0       0       0       000010001D    191
     510       0       0       1       1       0       0    FACE       0D    192
     508     886       0       0       0       0       0       000010001D    193
     508       0       0       4       1       0       0    LOOP       0D    194
     510     890       0       0       0       0       0       000010001D    195
     510       0       0       1       1       0       0    FACE       0D    196
     508     891       0       0       0       0       0       000010001D    197
     508       0       0       4       1       0       0    LOOP       0D    198
     510     895       0       0       0       0       0       000010001D    199
     510       0       0       1       1       0       0    FACE       0D    200
     508     896       0       0       0       0       0       000010001D    201
     508       0       0       4       1       0       0    LOOP       0D    202
     510     900       0       0       0       0       0       000010001D    203
     510       0       0       1       1       0       0    FACE       0D    204
     508     901       0       0       0       0       0       000010001D    205
     508       0       0       4       1       0       0    LOOP       0D    206
     510     905       0       0       0       0       0       000010001D    207
     510       0       0       1       1       0       0    FACE       0D    208
     508     906       0       0       0       0       0       000010001D    209
     508       0       0       8       1       0       0    LOOP       0D    210
     510     914       0       0       0       0       0       000010001D    211
     510       0       0       1       1       0       0    FACE       0D    212
     508     915       0       0       0       0       0       000010001D    213
     508       0       0       3       1       0       0    LOOP       0D    214
     510     918       0       0       0       0       0       000010001D    215
     510       0       0       1       1       0       0    FACE       0D    216
     508     919       0       0       0       0       0       000010001D    217
     508       0       0       7       1       0       0    LOOP       0D    218
     510     926       0       0       0       0       0       000010001D    219
     510       0       0       1       1       0       0    FACE       0D    220
     508     927       0       0       0       0       0       000010001D    221
     508       0       0       7       1       0       0    LOOP       0D    222
     510     934       0       0       0       0       0       000010001D    223
     510       0       0       1       1       0       0    FACE       0D    224
     508     935       0       0       0       0       0       000010001D    225
     508       0       0       4       1       0       0    LOOP       0D    226
     510     939       0       0       0       0       0       000010001D    227
     510       0       0       1       1       0       0    FACE       0D    228
     508     940       0       0       0       0       0       000010001D    229
     508       0       0       5       1       0       0    LOOP       0D    230
     510     945       0       0       0       0       0       000010001D    231
     510       0       0       1       1       0       0    FACE       0D    232
     508     946       0       0       0       0       0       000010001D    233
     508       0       0       4       1       0       0    LOOP       0D    234
     510     950       0       0       0       0       0       000010001D    235
     510       0       0       1       1       0       0    FACE       0D    236
     508     951       0       0       0       0       0       000010001D    237
     508       0       0       4       1       0       0    LOOP       0D    238
     510     955       0       0       0       0       0       000010001D    239
     510       0       0       1       1       0       0    FACE       0D    240
     508     956       0       0       0       0       0       000010001D    241
     508       0       0       4       1       0       0    LOOP       0D    242
     510     960       0       0       0       0       0       000010001D    243
     510       0       0       1       1       0       0    FACE       0D    244
     508     961       0       0       0       0       0       000010001D    245
     508       0       0       4       1       0       0    LOOP       0D    246
     510     965       0       0       0       0       0       000010001D    247
     510       0       0       1       1       0       0    FACE       0D    248
     508     966       0       0       0       0       0       000010001D    249
     508       0       0       4       1       0       0    LOOP       0D    250
     510     970       0       0       0       0       0       000010001D    251
     510       0       0       1       1       0       0    FACE       0D    252
     508     971       0       0       0       0       0       000010001D    253
     508       0       0       4       1       0       0    LOOP       0D    254
     510     975       0       0       0       0       0       000010001D    255
     510       0       0       1       1       0       0    FACE       0D    256
     508     976       0       0       0       0       0       000010001D    257
     508       0       0       8       1       0       0    LOOP       0D    258
     510     984       0       0       0       0       0       000010001D    259
     510       0       0       1       1       0       0    FACE       0D    260
     508     985       0       0       0       0       0       000010001D    261
     508       0       0       3       1       0       0    LOOP       0D    262
     510     988       0       0       0       0       0       000010001D    263
     510       0       0       1       1       0       0    FACE       0D    264
     508     989       0       0       0       0       0       000010001D    265
     508       0       0       4       1       0       0    LOOP       0D    266
     510     993       0       0       0       0       0       000010001D    267
     510       0       0       1       1       0       0    FACE       0D    268
     508     994       0       0       0       0       0       000010001D    269
     508       0       0       4       1       0       0    LOOP       0D    270
     510     998       0       0       0       0       0       000010001D    271
     510       0       0       1       1       0       0    FACE       0D    272
     508     999       0       0       0       0       0       000010001D    273
     508       0       0       4       1       0       0    LOOP       0D    274
     510    1003       0       0       0       0       0       000010001D    275
     510       0       0       1       1       0       0    FACE       0D    276
     508    1004       0       0       0       0       0       000010001D    277
     508       0       0       3       1       0       0    LOOP       0D    278
     510    1007       0       0       0       0       0       000010001D    279
     510       0       0       1       1       0       0    FACE       0D    280
     514    1008       0       0       0       0       0       000010001D    281
     514       0       0       6       1       0       0   SHELL       0D    282
     186    1014       0       0       0       0       0       000000001D    283
     186       0       0       1       0       0       0   B-REP       0D    284
     128    1015       0       0       0       0       0       000010001D    285
     128       0       0      12       1       0       0 SURFACE       0D    286
     126    1027       0       0       0       0       0       000010001D    287
     126       0       0       7       1       0       0B-SPLINE       0D    288
     126    1034       0       0       0       0       0       000010001D    289
     126       0       0       7       1       0       0B-SPLINE       0D    290
     126    1041       0       0       0       0       0       000010001D    291
     126       0       0       7       1       0       0B-SPLINE       0D    292
     126    1048       0       0       0       0       0       000010001D    293
     126       0       0       7       1       0       0B-SPLINE       0D    294
     128    1055       0       0       0       0       0       000010001D    295
     128       0       0      12       1       0       0 SURFACE       0D    296
     126    1067       0       0       0       0       0       000010001D    297
     126       0       0       7       1       0       0B-SPLINE       0D    298
     126    1074       0       0       0       0       0       000010001D    299
     126       0       0       7       1       0       0B-SPLINE       0D    300
     126    1081       0       0       0       0       0       000010001D    301
     126       0       0       7       1       0       0B-SPLINE       0D    302
     128    1088       0       0       0       0       0       000010001D    303
     128       0       0      12       1       0       0 SURFACE       0D    304
     126    1100       0       0       0       0       0       000010001D    305
     126       0       0       7       1       0       0B-SPLINE       0D    306
     126    1107       0       0       0       0       0       000010001D    307
     126       0       0       7       1       0       0B-SPLINE       0D    308
     126    1114       0       0       0       0       0       000010001D    309
     126       0       0       7       1       0       0B-SPLINE       0D    310
     128    1121       0       0       0       0       0       000010001D    311
     128       0       0      12       1       0       0 SURFACE       0D    312
     126    1133       0       0       0       0       0       000010001D    313
     126       0       0       7       1       0       0B-SPLINE       0D    314
     126    1140       0       0       0       0       0       000010001D    315
     126       0       0       7       1       0       0B-SPLINE       0D    316
     126    1147       0       0       0       0       0       000010001D    317
     126       0       0       7       1       0       0B-SPLINE       0D    318
     128    1154       0       0       0       0       0       000010001D    319
     128       0       0      12       1       0       0 SURFACE       0D    320
     126    1166       0       0       0       0       0       000010001D    321
     126       0       0       7       1       0       0B-SPLINE       0D    322
     126    1173       0       0       0       0       0       000010001D    323
     126       0       0       7       1       0       0B-SPLINE       0D    324
     126    1180       0       0       0       0       0       000010001D    325
     126       0       0       9       2       0       0B-SPLINE       0D    326
     126    1189       0       0       0       0       0       000010001D    327
     126       0       0       9       2       0       0B-SPLINE       0D    328
     126    1198       0       0       0       0       0       000010001D    329
     126       0       0       7       1       0       0B-SPLINE       0D    330
     126    1205       0       0       0       0       0       000010001D    331
     126       0       0       7       1       0       0B-SPLINE       0D    332
     128    1212       0       0       0       0       0       000010001D    333
     128       0       0      12       1       0       0 SURFACE       0D    334
     126    1224       0       0       0       0       0       000010001D    335
     126       0       0       7       1       0       0B-SPLINE       0D    336
     128    1231       0       0       0       0       0       000010001D    337
     128       0       0      12       1       0       0 SURFACE       0D    338
     126    1243       0       0       0       0       0       000010001D    339
     126       0       0       7       1       0       0B-SPLINE       0D    340
     126    1250       0       0       0       0       0       000010001D    341
     126       0       0       7       1       0       0B-SPLINE       0D    342
     128    1257       0       0       0       0       0       000010001D    343
     128       0       0      12       1       0       0 SURFACE       0D    344
     126    1269       0       0       0       0       0       000010001D    345
     126       0       0       7       1       0       0B-SPLINE       0D    346
     126    1276       0       0       0       0       0       000010001D    347
     126       0       0       7       1       0       0B-SPLINE       0D    348
     126    1283       0       0       0       0       0       000010001D    349
     126       0       0       7       1       0       0B-SPLINE       0D    350
     128    1290       0       0       0       0       0       000010001D    351
     128       0       0      12       1       0       0 SURFACE       0D    352
     126    1302       0       0       0       0       0       000010001D    353
     126       0       0       7       1       0       0B-SPLINE       0D    354
     126    1309       0       0       0       0       0       000010001D    355
     126       0       0       7       1       0       0B-SPLINE       0D    356
     126    1316       0       0       0       0       0       000010001D    357
     126       0       0       9       2       0       0B-SPLINE       0D    358
     126    1325       0       0       0       0       0       000010001D    359
     126       0       0       9       2       0       0B-SPLINE       0D    360
     126    1334       0       0       0       0       0       000010001D    361
     126       0       0       9       2       0       0B-SPLINE       0D    362
     126    1343       0       0       0       0       0       000010001D    363
     126       0       0       9       2       0       0B-SPLINE       0D    364
     128    1352       0       0       0       0       0       000010001D    365
     128       0       0      15       3       0       0 SURFACE       0D    366
     126    1367       0       0       0       0       0       000010001D    367
     126       0       0       9       2       0       0B-SPLINE       0D    368
     126    1376       0       0       0       0       0       000010001D    369
     126       0       0       7       1       0       0B-SPLINE       0D    370
     126    1383       0       0       0       0       0       000010001D    371
     126       0       0       7       1       0       0B-SPLINE       0D    372
     128    1390       0       0       0       0       0       000010001D    373
     128       0       0      15       3       0       0 SURFACE       0D    374
     126    1405       0       0       0       0       0       000010001D    375
     126       0       0       9       2       0       0B-SPLINE       0D    376
     126    1414       0       0       0       0       0       000010001D    377
     126       0       0       7       1       0       0B-SPLINE       0D    378
     128    1421       0       0       0       0       0       000010001D    379
     128       0       0      15       3       0       0 SURFACE       0D    380
     126    1436       0       0       0       0       0       000010001D    381
     126       0       0       9       2       0       0B-SPLINE       0D    382
     126    1445       0       0       0       0       0       000010001D    383
     126       0       0       7       1       0       0B-SPLINE       0D    384
     128    1452       0       0       0       0       0       000010001D    385
     128       0       0      15       3       0       0 SURFACE       0D    386
     126    1467       0       0       0       0       0       000010001D    387
     126       0       0       9       2       0       0B-SPLINE       0D    388
     128    1476       0       0       0       0       0       000010001D    389
     128       0       0      15       3       0       0 SURFACE       0D    390
     126    1491       0       0       0       0       0       000010001D    391
     126       0       0       9       2       0       0B-SPLINE       0D    392
     126    1500       0       0       0       0       0       000010001D    393
     126       0       0       7       1       0       0B-SPLINE       0D    394
     126    1507       0       0       0       0       0       000010001D    395
     126       0       0       7       1       0       0B-SPLINE       0D    396
     128    1514       0       0       0       0       0       000010001D    397
     128       0       0      15       3       0       0 SURFACE       0D    398
     126    1529       0       0       0       0       0       000010001D    399
     126       0       0       9       2       0       0B-SPLINE       0D    400
     126    1538       0       0       0       0       0       000010001D    401
     126       0       0       7       1       0       0B-SPLINE       0D    402
     128    1545       0       0       0       0       0       000010001D    403
     128       0       0      15       3       0       0 SURFACE       0D    404
     126    1560       0       0       0       0       0       000010001D    405
     126       0       0       9       2       0       0B-SPLINE       0D    406
     126    1569       0       0       0       0       0       000010001D    407
     126       0       0       7       1       0       0B-SPLINE       0D    408
     128    1576       0       0       0       0       0       000010001D    409
     128       0       0      15       3       0       0 SURFACE       0D    410
     126    1591       0       0       0       0       0       000010001D    411
     126       0       0       9       2       0       0B-SPLINE       0D    412
     128    1600       0       0       0       0       0       000010001D    413
     128       0       0      20       4       0       0 SURFACE       0D    414
     126    1620       0       0       0       0       0       000010001D    415
     126       0       0       9       2       0       0B-SPLINE       0D    416
     126    1629       0       0       0       0       0       000010001D    417
     126       0       0       9       2       0       0B-SPLINE       0D    418
     128    1638       0       0       0       0       0       000010001D    419
     128       0       0      20       4       0       0 SURFACE       0D    420
     126    1658       0       0       0       0       0       000010001D    421
     126       0       0       9       2       0       0B-SPLINE       0D    422
     128    1667       0       0       0       0       0       000010001D    423
     128       0       0      20       4       0       0 SURFACE       0D    424
     126    1687       0       0       0       0       0       000010001D    425
     126       0       0       9       2       0       0B-SPLINE       0D    426
     128    1696       0       0       0       0       0       000010001D    427
     128       0       0      20       4       0       0 SURFACE       0D    428
     128    1716       0       0       0       0       0       000010001D    429
     128       0       0      12       1       0       0 SURFACE       0D    430
     126    1728       0       0       0       0       0       000010001D    431
     126       0       0       7       1       0       0B-SPLINE       0D    432
     126    1735       0       0       0       0       0       000010001D    433
     126       0       0       7       1       0       0B-SPLINE       0D    434
     128    1742       0       0       0       0       0       000010001D    435
     128       0       0      12       1       0       0 SURFACE       0D    436
     126    1754       0       0       0       0       0       000010001D    437
     126       0       0       7       1       0       0B-SPLINE       0D    438
     128    1761       0       0       0       0       0       000010001D    439
     128       0       0      12       1       0       0 SURFACE       0D    440
     128    1773       0       0       0       0       0       000010001D    441
     128       0       0      12       1       0       0 SURFACE       0D    442
     126    1785       0       0       0       0       0       000010001D    443
     126       0       0       7       1       0       0B-SPLINE       0D    444
     126    1792       0       0       0       0       0       000010001D    445
     126       0       0       7       1       0       0B-SPLINE       0D    446
     126    1799       0       0       0       0       0       000010001D    447
     126       0       0       7       1       0       0B-SPLINE       0D    448
     128    1806       0       0       0       0       0       000010001D    449
     128       0       0      12       1       0       0 SURFACE       0D    450
     126    1818       0       0       0       0       0       000010001D    451
     126       0       0       7       1       0       0B-SPLINE       0D    452
     126    1825       0       0       0       0       0       000010001D    453
     126       0       0       7       1       0       0B-SPLINE       0D    454
     128    1832       0       0       0       0       0       000010001D    455
     128       0       0      12       1       0       0 SURFACE       0D    456
     126    1844       0       0       0       0       0       000010001D    457
     126       0       0       7       1       0       0B-SPLINE       0D    458
     126    1851       0       0       0       0       0       000010001D    459
     126       0       0       7       1       0       0B-SPLINE       0D    460
     128    1858       0       0       0       0       0       000010001D    461
     128       0       0      12       1       0       0 SURFACE       0D    462
     126    1870       0       0       0       0       0       000010001D    463
     126       0       0       7       1       0       0B-SPLINE       0D    464
     128    1877       0       0       0       0       0       000010001D    465
     128       0       0      12       1       0       0 SURFACE       0D    466
     126    1889       0       0       0       0       0       000010001D    467
     126       0       0       7       1       0       0B-SPLINE       0D    468
     128    1896       0       0       0       0       0       000010001D    469
     128       0       0      12       1       0       0 SURFACE       0D    470
     502    1908       0       0       0       0       0       000010001D    471
     502       0       0      36       1       0       0  VERTEX       0D    472
     504    1944       0       0       0       0       0       000010001D    473
     504       0       0      63       1       0       0    EDGE       0D    474
     508    2007       0       0       0       0       0       000010001D    475
     508       0       0       4       1       0       0    LOOP       0D    476
     510    2011       0       0       0       0       0       000010001D    477
     510       0       0       1       1       0       0    FACE       0D    478
     508    2012       0       0       0       0       0       000010001D    479
     508       0       0       4       1       0       0    LOOP       0D    480
     510    2016       0       0       0       0       0       000010001D    481
     510       0       0       1       1       0       0    FACE       0D    482
     508    2017       0       0       0       0       0       000010001D    483
     508       0       0       4       1       0       0    LOOP       0D    484
     510    2021       0       0       0       0       0       000010001D    485
     510       0       0       1       1       0       0    FACE       0D    486
     508    2022       0       0       0       0       0       000010001D    487
     508       0       0       4       1       0       0    LOOP       0D    488
     510    2026       0       0       0       0       0       000010001D    489
     510       0       0       1       1       0       0    FACE       0D    490
     508    2027       0       0       0       0       0       000010001D    491
     508       0       0       7       1       0       0    LOOP       0D    492
     510    2034       0       0       0       0       0       000010001D    493
     510       0       0       1       1       0       0    FACE       0D    494
     508    2035       0       0       0       0       0       000010001D    495
     508       0       0       4       1       0       0    LOOP       0D    496
     510    2039       0       0       0       0       0       000010001D    497
     510       0       0       1       1       0       0    FACE       0D    498
     508    2040       0       0       0       0       0       000010001D    499
     508       0       0       4       1       0       0    LOOP       0D    500
     510    2044       0       0       0       0       0       000010001D    501
     510       0       0       1       1       0       0    FACE       0D    502
     508    2045       0       0       0       0       0       000010001D    503
     508       0       0       4       1       0       0    LOOP       0D    504
     510    2049       0       0       0       0       0       000010001D    505
     510       0       0       1       1       0       0    FACE       0D    506
     508    2050       0       0       0       0       0       000010001D    507
     508       0       0       9       1       0       0    LOOP       0D    508
     510    2059       0       0       0       0       0       000010001D    509
     510       0       0       1       1       0       0    FACE       0D    510
     508    2060       0       0       0       0       0       000010001D    511
     508       0       0       5       1       0       0    LOOP       0D    512
     510    2065       0       0       0       0       0       000010001D    513
     510       0       0       1       1       0       0    FACE       0D    514
     508    2066       0       0       0       0       0       000010001D    515
     508       0       0       4       1       0       0    LOOP       0D    516
     510    2070       0       0       0       0       0       000010001D    517
     510       0       0       1       1       0       0    FACE       0D    518
     508    2071       0       0       0       0       0       000010001D    519
     508       0       0       4       1       0       0    LOOP       0D    520
     510    2075       0       0       0       0       0       000010001D    521
     510       0       0       1       1       0       0    FACE       0D    522
     508    2076       0       0       0       0       0       000010001D    523
     508       0       0       5       1       0       0    LOOP       0D    524
     510    2081       0       0       0       0       0       000010001D    525
     510       0       0       1       1       0       0    FACE       0D    526
     508    2082       0       0       0       0       0       000010001D    527
     508       0       0       4       1       0       0    LOOP       0D    528
     510    2086       0       0       0       0       0       000010001D    529
     510       0       0       1       1       0       0    FACE       0D    530
     508    2087       0       0       0       0       0       000010001D    531
     508       0       0       4       1       0       0    LOOP       0D    532
     510    2091       0       0       0       0       0       000010001D    533
     510       0       0       1       1       0       0    FACE       0D    534
     508    2092       0       0       0       0       0       000010001D    535
     508       0       0       4       1       0       0    LOOP       0D    536
     510    2096       0       0       0       0       0       000010001D    537
     510       0       0       1       1       0       0    FACE       0D    538
     508    2097       0       0       0       0       0       000010001D    539
     508       0       0       4       1       0       0    LOOP       0D    540
     510    2101       0       0       0       0       0       000010001D    541
     510       0       0       1       1       0       0    FACE       0D    542
     508    2102       0       0       0       0       0       000010001D    543
     508       0       0       3       1       0       0    LOOP       0D    544
     510    2105       0       0       0       0       0       000010001D    545
     510       0       0       1       1       0       0    FACE       0D    546
     508    2106       0       0       0       0       0       000010001D    547
     508       0       0       3       1       0       0    LOOP       0D    548
     510    2109       0       0       0       0       0       000010001D    549
     510       0       0       1       1       0       0    FACE       0D    550
     508    2110       0       0       0       0       0       000010001D    551
     508       0       0       3       1       0       0    LOOP       0D    552
     510    2113       0       0       0       0       0       000010001D    553
     510       0       0       1       1       0       0    FACE       0D    554
     508    2114       0       0       0       0       0       000010001D    555
     508       0       0       3       1       0       0    LOOP       0D    556
     510    2117       0       0       0       0       0       000010001D    557
     510       0       0       1       1       0       0    FACE       0D    558
     508    2118       0       0       0       0       0       000010001D    559
     508       0       0       4       1       0       0    LOOP       0D    560
     510    2122       0       0       0       0       0       000010001D    561
     510       0       0       1       1       0       0    FACE       0D    562
     508    2123       0       0       0       0       0       000010001D    563
     508       0       0       4       1       0       0    LOOP       0D    564
     510    2127       0       0       0       0       0       000010001D    565
     510       0       0       1       1       0       0    FACE       0D    566
     508    2128       0       0       0       0       0       000010001D    567
     508       0       0       4       1       0       0    LOOP       0D    568
     510    2132       0       0       0       0       0       000010001D    569
     510       0       0       1       1       0       0    FACE       0D    570
     508    2133       0       0       0       0       0       000010001D    571
     508       0       0       4       1       0       0    LOOP       0D    572
     510    2137       0       0       0       0       0       000010001D    573
     510       0       0       1       1       0       0    FACE       0D    574
     508    2138       0       0       0       0       0       000010001D    575
     508       0       0       4       1       0       0    LOOP       0D    576
     510    2142       0       0       0       0       0       000010001D    577
     510       0       0       1       1       0       0    FACE       0D    578
     508    2143       0       0       0       0       0       000010001D    579
     508       0       0       4       1       0       0    LOOP       0D    580
     510    2147       0       0       0       0       0       000010001D    581
     510       0       0       1       1       0       0    FACE       0D    582
     508    2148       0       0       0       0       0       000010001D    583
     508       0       0       4       1       0       0    LOOP       0D    584
     510    2152       0       0       0       0       0       000010001D    585
     510       0       0       1       1       0       0    FACE       0D    586
     508    2153       0       0       0       0       0       000010001D    587
     508       0       0       4       1       0       0    LOOP       0D    588
     510    2157       0       0       0       0       0       000010001D    589
     510       0       0       1       1       0       0    FACE       0D    590
     508    2158       0       0       0       0       0       000010001D    591
     508       0       0       4       1       0       0    LOOP       0D    592
     510    2162       0       0       0       0       0       000010001D    593
     510       0       0       1       1       0       0    FACE       0D    594
     514    2163       0       0       0       0       0       000010001D    595
     514       0       0       7       1       0       0   SHELL       0D    596
     186    2170       0       0       0       0       0       000000001D    597
     186       0       0       1       0       0       0   B-REP       0D    598
     128    2171       0       0       0       0       0       000010001D    599
     128       0       0      12       1       0       0 SURFACE       0D    600
     126    2183       0       0       0       0       0       000010001D    601
     126       0       0       7       1       0       0B-SPLINE       0D    602
     126    2190       0       0       0       0       0       000010001D    603
     126       0       0       7       1       0       0B-SPLINE       0D    604
     126    2197       0       0       0       0       0       000010001D    605
     126       0       0       7       1       0       0B-SPLINE       0D    606
     126    2204       0       0       0       0       0       000010001D    607
     126       0       0       7       1       0       0B-SPLINE       0D    608
     128    2211       0       0       0       0       0       000010001D    609
     128       0       0      12       1       0       0 SURFACE       0D    610
     126    2223       0       0       0       0       0       000010001D    611
     126       0       0       7       1       0       0B-SPLINE       0D    612
     126    2230       0       0       0       0       0       000010001D    613
     126       0       0       7       1       0       0B-SPLINE       0D    614
     126    2237       0       0       0       0       0       000010001D    615
     126       0       0       7       1       0       0B-SPLINE       0D    616
     126    2244       0       0       0       0       0       000010001D    617
     126       0       0       7       1       0       0B-SPLINE       0D    618
     128    2251       0       0       0       0       0       000010001D    619
     128       0       0      12       1       0       0 SURFACE       0D    620
     126    2263       0       0       0       0       0       000010001D    621
     126       0       0       7       1       0       0B-SPLINE       0D    622
     126    2270       0       0       0       0       0       000010001D    623
     126       0       0       7       1       0       0B-SPLINE       0D    624
     128    2277       0       0       0       0       0       000010001D    625
     128       0       0      12       1       0       0 SURFACE       0D    626
     126    2289       0       0       0       0       0       000010001D    627
     126       0       0       7       1       0       0B-SPLINE       0D    628
     126    2296       0       0       0       0       0       000010001D    629
     126       0       0       7       1       0       0B-SPLINE       0D    630
     126    2303       0       0       0       0       0       000010001D    631
     126       0       0       7       1       0       0B-SPLINE       0D    632
     126    2310       0       0       0       0       0       000010001D    633
     126       0       0       7       1       0       0B-SPLINE       0D    634
     128    2317       0       0       0       0       0       000010001D    635
     128       0       0      12       1       0       0 SURFACE       0D    636
     126    2329       0       0       0       0       0       000010001D    637
     126       0       0       7       1       0       0B-SPLINE       0D    638
     126    2336       0       0       0       0       0       000010001D    639
     126       0       0       7       1       0       0B-SPLINE       0D    640
     126    2343       0       0       0       0       0       000010001D    641
     126       0       0       7       1       0       0B-SPLINE       0D    642
     128    2350       0       0       0       0       0       000010001D    643
     128       0       0      12       1       0       0 SURFACE       0D    644
     126    2362       0       0       0       0       0       000010001D    645
     126       0       0       7       1       0       0B-SPLINE       0D    646
     128    2369       0       0       0       0       0       000010001D    647
     128       0       0      12       1       0       0 SURFACE       0D    648
     126    2381       0       0       0       0       0       000010001D    649
     126       0       0       7       1       0       0B-SPLINE       0D    650
     126    2388       0       0       0       0       0       000010001D    651
     126       0       0       7       1       0       0B-SPLINE       0D    652
     128    2395       0       0       0       0       0       000010001D    653
     128       0       0      12       1       0       0 SURFACE       0D    654
     128    2407       0       0       0       0       0       000010001D    655
     128       0       0      12       1       0       0 SURFACE       0D    656
     126    2419       0       0       0       0       0       000010001D    657
     126       0       0       7       1       0       0B-SPLINE       0D    658
     126    2426       0       0       0       0       0       000010001D    659
     126       0       0       7       1       0       0B-SPLINE       0D    660
     126    2433       0       0       0       0       0       000010001D    661
     126       0       0       7       1       0       0B-SPLINE       0D    662
     128    2440       0       0       0       0       0       000010001D    663
     128       0       0      12       1       0       0 SURFACE       0D    664
     126    2452       0       0       0       0       0       000010001D    665
     126       0       0       7       1       0       0B-SPLINE       0D    666
     126    2459       0       0       0       0       0       000010001D    667
     126       0       0       7       1       0       0B-SPLINE       0D    668
     128    2466       0       0       0       0       0       000010001D    669
     128       0       0      12       1       0       0 SURFACE       0D    670
     126    2478       0       0       0       0       0       000010001D    671
     126       0       0       7       1       0       0B-SPLINE       0D    672
     126    2485       0       0       0       0       0       000010001D    673
     126       0       0       7       1       0       0B-SPLINE       0D    674
     128    2492       0       0       0       0       0       000010001D    675
     128       0       0      12       1       0       0 SURFACE       0D    676
     126    2504       0       0       0       0       0       000010001D    677
     126       0       0       7       1       0       0B-SPLINE       0D    678
     128    2511       0       0       0       0       0       000010001D    679
     128       0       0      12       1       0       0 SURFACE       0D    680
     128    2523       0       0       0       0       0       000010001D    681
     128       0       0      12       1       0       0 SURFACE       0D    682
     126    2535       0       0       0       0       0       000010001D    683
     126       0       0       7       1       0       0B-SPLINE       0D    684
     126    2542       0       0       0       0       0       000010001D    685
     126       0       0       7       1       0       0B-SPLINE       0D    686
     126    2549       0       0       0       0       0       000010001D    687
     126       0       0       7       1       0       0B-SPLINE       0D    688
     128    2556       0       0       0       0       0       000010001D    689
     128       0       0      12       1       0       0 SURFACE       0D    690
     126    2568       0       0       0       0       0       000010001D    691
     126       0       0       7       1       0       0B-SPLINE       0D    692
     126    2575       0       0       0       0       0       000010001D    693
     126       0       0       7       1       0       0B-SPLINE       0D    694
     128    2582       0       0       0       0       0       000010001D    695
     128       0       0      12       1       0       0 SURFACE       0D    696
     126    2594       0       0       0       0       0       000010001D    697
     126       0       0       7       1       0       0B-SPLINE       0D    698
     126    2601       0       0       0       0       0       000010001D    699
     126       0       0       7       1       0       0B-SPLINE       0D    700
     128    2608       0       0       0       0       0       000010001D    701
     128       0       0      12       1       0       0 SURFACE       0D    702
     126    2620       0       0       0       0       0       000010001D    703
     126       0       0       7       1       0       0B-SPLINE       0D    704
     128    2627       0       0       0       0       0       000010001D    705
     128       0       0      12       1       0       0 SURFACE       0D    706
     502    2639       0       0       0       0       0       000010001D    707
     502       0       0      21       1       0       0  VERTEX       0D    708
     504    2660       0       0       0       0       0       000010001D    709
     504       0       0      36       1       0       0    EDGE       0D    710
     508    2696       0       0       0       0       0       000010001D    711
     508       0       0       4       1       0       0    LOOP       0D    712
     510    2700       0       0       0       0       0       000010001D    713
     510       0       0       1       1       0       0    FACE       0D    714
     508    2701       0       0       0       0       0       000010001D    715
     508       0       0       4       1       0       0    LOOP       0D    716
     510    2705       0       0       0       0       0       000010001D    717
     510       0       0       1       1       0       0    FACE       0D    718
     508    2706       0       0       0       0       0       000010001D    719
     508       0       0       4       1       0       0    LOOP       0D    720
     510    2710       0       0       0       0       0       000010001D    721
     510       0       0       1       1       0       0    FACE       0D    722
     508    2711       0       0       0       0       0       000010001D    723
     508       0       0       4       1       0       0    LOOP       0D    724
     510    2715       0       0       0       0       0       000010001D    725
     510       0       0       1       1       0       0    FACE       0D    726
     508    2716       0       0       0       0       0       000010001D    727
     508       0       0       4       1       0       0    LOOP       0D    728
     510    2720       0       0       0       0       0       000010001D    729
     510       0       0       1       1       0       0    FACE       0D    730
     508    2721       0       0       0       0       0       000010001D    731
     508       0       0       4       1       0       0    LOOP       0D    732
     510    2725       0       0       0       0       0       000010001D    733
     510       0       0       1       1       0       0    FACE       0D    734
     508    2726       0       0       0       0       0       000010001D    735
     508       0       0       4       1       0       0    LOOP       0D    736
     510    2730       0       0       0       0       0       000010001D    737
     510       0       0       1       1       0       0    FACE       0D    738
     508    2731       0       0       0       0       0       000010001D    739
     508       0       0       4       1       0       0    LOOP       0D    740
     510    2735       0       0       0       0       0       000010001D    741
     510       0       0       1       1       0       0    FACE       0D    742
     508    2736       0       0       0       0       0       000010001D    743
     508       0       0       4       1       0       0    LOOP       0D    744
     510    2740       0       0       0       0       0       000010001D    745
     510       0       0       1       1       0       0    FACE       0D    746
     508    2741       0       0       0       0       0       000010001D    747
     508       0       0       4       1       0       0    LOOP       0D    748
     510    2745       0       0       0       0       0       000010001D    749
     510       0       0       1       1       0       0    FACE       0D    750
     508    2746       0       0       0       0       0       000010001D    751
     508       0       0       4       1       0       0    LOOP       0D    752
     510    2750       0       0       0       0       0       000010001D    753
     510       0       0       1       1       0       0    FACE       0D    754
     508    2751       0       0       0       0       0       000010001D    755
     508       0       0       4       1       0       0    LOOP       0D    756
     510    2755       0       0       0       0       0       000010001D    757
     510       0       0       1       1       0       0    FACE       0D    758
     508    2756       0       0       0       0       0       000010001D    759
     508       0       0       4       1       0       0    LOOP       0D    760
     510    2760       0       0       0       0       0       000010001D    761
     510       0       0       1       1       0       0    FACE       0D    762
     508    2761       0       0       0       0       0       000010001D    763
     508       0       0       4       1       0       0    LOOP       0D    764
     510    2765       0       0       0       0       0       000010001D    765
     510       0       0       1       1       0       0    FACE       0D    766
     508    2766       0       0       0       0       0       000010001D    767
     508       0       0       4       1       0       0    LOOP       0D    768
     510    2770       0       0       0       0       0       000010001D    769
     510       0       0       1       1       0       0    FACE       0D    770
     508    2771       0       0       0       0       0       000010001D    771
     508       0       0       4       1       0       0    LOOP       0D    772
     510    2775       0       0       0       0       0       000010001D    773
     510       0       0       1       1       0       0    FACE       0D    774
     508    2776       0       0       0       0       0       000010001D    775
     508       0       0       4       1       0       0    LOOP       0D    776
     510    2780       0       0       0       0       0       000010001D    777
     510       0       0       1       1       0       0    FACE       0D    778
     508    2781       0       0       0       0       0       000010001D    779
     508       0       0       4       1       0       0    LOOP       0D    780
     510    2785       0       0       0       0       0       000010001D    781
     510       0       0       1       1       0       0    FACE       0D    782
     514    2786       0       0       0       0       0       000010001D    783
     514       0       0       4       1       0       0   SHELL       0D    784
     186    2790       0       0       0       0       0       000000001D    785
     186       0       0       1       0       0       0   B-REP       0D    786
128,1,1,1,1,0,0,                                                       1P      1
1,0,0,                                                                 1P      2
0.00000000000,0.00000000000,1.00000000000,                             1P      3
1.00000000000,0.00000000000,0.00000000000,                             1P      4
1.00000000000,1.00000000000,1.00000000000,                             1P      5
1.00000000000,1.00000000000,1.00000000000,                             1P      6
1.68471463423,-0.393700787402,0.393700787402E-01,                      1P      7
1.68471463423,-0.393700787402,-0.157480314961,                         1P      8
1.68471463423,0.393700787402,0.393700787402E-01,                       1P      9
1.68471463423,0.393700787402,-0.157480314961,                          1P     10
0.00000000000,1.00000000000,0.00000000000,                             1P     11
1.00000000000,0,0,0;                                                   1P     12
126,1,1,0,0,1,0,                                                       3P     13
0.00000000000,0.00000000000,1.00000000000,                             3P     14
1.00000000000,1.00000000000,1.00000000000,                             3P     15
1.68471463423,-0.393700787402,0.393700787402E-01,                      3P     16
1.68471463423,-0.196850393701,0.393700787402E-01,                      3P     17
0.00000000000,1.00000000000,0.00000000000,                             3P     18
0.00000000000,0.00000000000,0,0,0;                                     3P     19
126,1,1,0,0,1,0,                                                       5P     20
0.00000000000,0.00000000000,1.00000000000,                             5P     21
1.00000000000,1.00000000000,1.00000000000,                             5P     22
1.68471463423,-0.196850393701,-0.157480314961,                         5P     23
1.68471463423,-0.196850393701,0.393700787402E-01,                      5P     24
0.00000000000,1.00000000000,0.00000000000,                             5P     25
0.00000000000,0.00000000000,0,0,0;                                     5P     26
126,1,1,0,0,1,0,                                                       7P     27
0.00000000000,0.00000000000,1.00000000000,                             7P     28
1.00000000000,1.00000000000,1.00000000000,                             7P     29
1.68471463423,-0.393700787402,-0.157480314961,                         7P     30
1.68471463423,-0.196850393701,-0.157480314961,                         7P     31
0.00000000000,1.00000000000,0.00000000000,                             7P     32
0.00000000000,0.00000000000,0,0,0;                                     7P     33
126,1,1,0,0,1,0,                                                       9P     34
0.00000000000,0.00000000000,1.00000000000,                             9P     35
1.00000000000,1.00000000000,1.00000000000,                             9P     36
1.68471463423,-0.393700787402,-0.157480314961,                         9P     37
1.68471463423,-0.393700787402,0.393700787402E-01,                      9P     38
0.00000000000,1.00000000000,0.00000000000,                             9P     39
0.00000000000,0.00000000000,0,0,0;                                     9P     40
128,1,1,1,1,0,0,                                                      11P     41
1,0,0,                                                                11P     42
0.00000000000,0.00000000000,1.00000000000,                            11P     43
1.00000000000,0.00000000000,0.00000000000,                            11P     44
1.00000000000,1.00000000000,1.00000000000,                            11P     45
1.00000000000,1.00000000000,1.00000000000,                            11P     46
1.67684061849,-0.393700787402,0.393700787402E-01,                     11P     47
1.79495085471,-0.393700787402,0.393700787402E-01,                     11P     48
1.67684061849,0.393700787402,0.393700787402E-01,                      11P     49
1.79495085471,0.393700787402,0.393700787402E-01,                      11P     50
0.00000000000,1.00000000000,0.00000000000,                            11P     51
1.00000000000,0,0,0;                                                  11P     52
126,1,1,0,0,1,0,                                                      13P     53
0.00000000000,0.00000000000,1.00000000000,                            13P     54
1.00000000000,1.00000000000,1.00000000000,                            13P     55
1.68471463423,-0.393700787402,0.393700787402E-01,                     13P     56
1.79495085471,-0.393700787402,0.393700787402E-01,                     13P     57
0.00000000000,1.00000000000,0.00000000000,                            13P     58
0.00000000000,0.00000000000,0,0,0;                                    13P     59
126,1,1,0,0,1,0,                                                      15P     60
0.00000000000,0.00000000000,1.00000000000,                            15P     61
1.00000000000,1.00000000000,1.00000000000,                            15P     62
1.79495085471,-0.393700787402,0.393700787402E-01,                     15P     63
1.79495085471,-0.196850393701,0.393700787402E-01,                     15P     64
0.00000000000,1.00000000000,0.00000000000,                            15P     65
0.00000000000,0.00000000000,0,0,0;                                    15P     66
126,1,1,0,0,1,0,                                                      17P     67
0.00000000000,0.00000000000,1.00000000000,                            17P     68
1.00000000000,1.00000000000,1.00000000000,                            17P     69
1.79495085471,-0.196850393701,0.393700787402E-01,                     17P     70
1.68471463423,-0.196850393701,0.393700787402E-01,                     17P     71
0.00000000000,1.00000000000,0.00000000000,                            17P     72
0.00000000000,0.00000000000,0,0,0;                                    17P     73
128,1,1,1,1,0,0,                                                      19P     74
1,0,0,                                                                19P     75
0.00000000000,0.00000000000,1.00000000000,                            19P     76
1.00000000000,0.00000000000,0.00000000000,                            19P     77
1.00000000000,1.00000000000,1.00000000000,                            19P     78
1.00000000000,1.00000000000,1.00000000000,                            19P     79
1.67684061849,-0.196850393701,0.236220472441,                         19P     80
1.67684061849,-0.196850393701,-0.157480314961,                        19P     81
2.30676187833,-0.196850393701,0.236220472441,                         19P     82
2.30676187833,-0.196850393701,-0.157480314961,                        19P     83
0.00000000000,1.00000000000,0.00000000000,                            19P     84
1.00000000000,0,0,0;                                                  19P     85
126,1,1,0,0,1,0,                                                      21P     86
0.00000000000,0.00000000000,1.00000000000,                            21P     87
1.00000000000,1.00000000000,1.00000000000,                            21P     88
1.79495085471,-0.196850393701,0.393700787402E-01,                     21P     89
1.79495085471,-0.196850393701,0.157480314961,                         21P     90
0.00000000000,1.00000000000,0.00000000000,                            21P     91
0.00000000000,0.00000000000,0,0,0;                                    21P     92
126,1,1,0,0,1,0,                                                      23P     93
0.00000000000,0.00000000000,1.00000000000,                            23P     94
1.00000000000,1.00000000000,1.00000000000,                            23P     95
1.68471463423,-0.196850393701,0.157480314961,                         23P     96
1.79495085471,-0.196850393701,0.157480314961,                         23P     97
0.00000000000,1.00000000000,0.00000000000,                            23P     98
0.00000000000,0.00000000000,0,0,0;                                    23P     99
126,1,1,0,0,1,0,                                                      25P    100
0.00000000000,0.00000000000,1.00000000000,                            25P    101
1.00000000000,1.00000000000,1.00000000000,                            25P    102
1.68471463423,-0.196850393701,0.393700787402E-01,                     25P    103
1.68471463423,-0.196850393701,0.157480314961,                         25P    104
0.00000000000,1.00000000000,0.00000000000,                            25P    105
0.00000000000,0.00000000000,0,0,0;                                    25P    106
128,1,1,1,1,0,0,                                                      27P    107
1,0,0,                                                                27P    108
0.00000000000,0.00000000000,1.00000000000,                            27P    109
1.00000000000,0.00000000000,0.00000000000,                            27P    110
1.00000000000,1.00000000000,1.00000000000,                            27P    111
1.00000000000,1.00000000000,1.00000000000,                            27P    112
1.68471463423,-0.196850393701,0.236220472441,                         27P    113
1.68471463423,-0.196850393701,-0.157480314961,                        27P    114
1.68471463423,0.196850393701,0.236220472441,                          27P    115
1.68471463423,0.196850393701,-0.157480314961,                         27P    116
0.00000000000,1.00000000000,0.00000000000,                            27P    117
1.00000000000,0,0,0;                                                  27P    118
126,1,1,0,0,1,0,                                                      29P    119
0.00000000000,0.00000000000,1.00000000000,                            29P    120
1.00000000000,1.00000000000,1.00000000000,                            29P    121
1.68471463423,-0.196850393701,0.393700787402E-01,                     29P    122
1.68471463423,0.196850393701,0.393700787402E-01,                      29P    123
0.00000000000,1.00000000000,0.00000000000,                            29P    124
0.00000000000,0.00000000000,0,0,0;                                    29P    125
126,1,1,0,0,1,0,                                                      31P    126
0.00000000000,0.00000000000,1.00000000000,                            31P    127
1.00000000000,1.00000000000,1.00000000000,                            31P    128
1.68471463423,-0.196850393701,0.157480314961,                         31P    129
1.68471463423,-0.196850393701,0.236220472441,                         31P    130
0.00000000000,1.00000000000,0.00000000000,                            31P    131
0.00000000000,0.00000000000,0,0,0;                                    31P    132
126,1,1,0,0,1,0,                                                      33P    133
0.00000000000,0.00000000000,1.00000000000,                            33P    134
1.00000000000,1.00000000000,1.00000000000,                            33P    135
1.68471463423,-0.196850393701,0.236220472441,                         33P    136
1.68471463423,-0.551181102362E-01,0.236220472441,                     33P    137
0.00000000000,1.00000000000,0.00000000000,                            33P    138
0.00000000000,0.00000000000,0,0,0;                                    33P    139
126,1,1,0,0,1,0,                                                      35P    140
0.00000000000,0.00000000000,1.00000000000,                            35P    141
1.00000000000,1.00000000000,1.00000000000,                            35P    142
1.68471463423,-0.551181102362E-01,0.236220472441,                     35P    143
1.68471463423,0.551181102362E-01,0.236220472441,                      35P    144
0.00000000000,1.00000000000,0.00000000000,                            35P    145
0.00000000000,0.00000000000,0,0,0;                                    35P    146
126,1,1,0,0,1,0,                                                      37P    147
0.00000000000,0.00000000000,1.00000000000,                            37P    148
1.00000000000,1.00000000000,1.00000000000,                            37P    149
1.68471463423,0.551181102362E-01,0.236220472441,                      37P    150
1.68471463423,0.196850393701,0.236220472441,                          37P    151
0.00000000000,1.00000000000,0.00000000000,                            37P    152
0.00000000000,0.00000000000,0,0,0;                                    37P    153
126,1,1,0,0,1,0,                                                      39P    154
0.00000000000,0.00000000000,1.00000000000,                            39P    155
1.00000000000,1.00000000000,1.00000000000,                            39P    156
1.68471463423,0.196850393701,0.157480314961,                          39P    157
1.68471463423,0.196850393701,0.236220472441,                          39P    158
0.00000000000,1.00000000000,0.00000000000,                            39P    159
0.00000000000,0.00000000000,0,0,0;                                    39P    160
126,1,1,0,0,1,0,                                                      41P    161
0.00000000000,0.00000000000,1.00000000000,                            41P    162
1.00000000000,1.00000000000,1.00000000000,                            41P    163
1.68471463423,0.196850393701,0.393700787402E-01,                      41P    164
1.68471463423,0.196850393701,0.157480314961,                          41P    165
0.00000000000,1.00000000000,0.00000000000,                            41P    166
0.00000000000,0.00000000000,0,0,0;                                    41P    167
128,1,1,1,1,0,0,                                                      43P    168
1,0,0,                                                                43P    169
0.00000000000,0.00000000000,1.00000000000,                            43P    170
1.00000000000,0.00000000000,0.00000000000,                            43P    171
1.00000000000,1.00000000000,1.00000000000,                            43P    172
1.00000000000,1.00000000000,1.00000000000,                            43P    173
1.68471463423,-0.196850393701,0.236220472441,                         43P    174
1.68471463423,-0.196850393701,-0.157480314961,                        43P    175
1.68471463423,0.196850393701,0.236220472441,                          43P    176
1.68471463423,0.196850393701,-0.157480314961,                         43P    177
0.00000000000,1.00000000000,0.00000000000,                            43P    178
1.00000000000,0,0,0;                                                  43P    179
126,1,1,0,0,1,0,                                                      45P    180
0.00000000000,0.00000000000,1.00000000000,                            45P    181
1.00000000000,1.00000000000,1.00000000000,                            45P    182
1.68471463423,0.196850393701,-0.157480314961,                         45P    183
1.68471463423,0.196850393701,0.393700787402E-01,                      45P    184
0.00000000000,1.00000000000,0.00000000000,                            45P    185
0.00000000000,0.00000000000,0,0,0;                                    45P    186
126,1,1,0,0,1,0,                                                      47P    187
0.00000000000,0.00000000000,1.00000000000,                            47P    188
1.00000000000,1.00000000000,1.00000000000,                            47P    189
1.68471463423,-0.196850393701,-0.157480314961,                        47P    190
1.68471463423,0.196850393701,-0.157480314961,                         47P    191
0.00000000000,1.00000000000,0.00000000000,                            47P    192
0.00000000000,0.00000000000,0,0,0;                                    47P    193
128,1,1,1,1,0,0,                                                      49P    194
1,0,0,                                                                49P    195
0.00000000000,0.00000000000,1.00000000000,                            49P    196
1.00000000000,0.00000000000,0.00000000000,                            49P    197
1.00000000000,1.00000000000,1.00000000000,                            49P    198
1.00000000000,1.00000000000,1.00000000000,                            49P    199
1.68471463423,-0.393700787402,0.393700787402E-01,                     49P    200
1.68471463423,-0.393700787402,-0.157480314961,                        49P    201
1.68471463423,0.393700787402,0.393700787402E-01,                      49P    202
1.68471463423,0.393700787402,-0.157480314961,                         49P    203
0.00000000000,1.00000000000,0.00000000000,                            49P    204
1.00000000000,0,0,0;                                                  49P    205
126,1,1,0,0,1,0,                                                      51P    206
0.00000000000,0.00000000000,1.00000000000,                            51P    207
1.00000000000,1.00000000000,1.00000000000,                            51P    208
1.68471463423,0.196850393701,0.393700787402E-01,                      51P    209
1.68471463423,0.393700787402,0.393700787402E-01,                      51P    210
0.00000000000,1.00000000000,0.00000000000,                            51P    211
0.00000000000,0.00000000000,0,0,0;                                    51P    212
126,1,1,0,0,1,0,                                                      53P    213
0.00000000000,0.00000000000,1.00000000000,                            53P    214
1.00000000000,1.00000000000,1.00000000000,                            53P    215
1.68471463423,0.393700787402,-0.157480314961,                         53P    216
1.68471463423,0.393700787402,0.393700787402E-01,                      53P    217
0.00000000000,1.00000000000,0.00000000000,                            53P    218
0.00000000000,0.00000000000,0,0,0;                                    53P    219
126,1,1,0,0,1,0,                                                      55P    220
0.00000000000,0.00000000000,1.00000000000,                            55P    221
1.00000000000,1.00000000000,1.00000000000,                            55P    222
1.68471463423,0.196850393701,-0.157480314961,                         55P    223
1.68471463423,0.393700787402,-0.157480314961,                         55P    224
0.00000000000,1.00000000000,0.00000000000,                            55P    225
0.00000000000,0.00000000000,0,0,0;                                    55P    226
128,1,1,1,1,0,0,                                                      57P    227
1,0,0,                                                                57P    228
0.00000000000,0.00000000000,1.00000000000,                            57P    229
1.00000000000,0.00000000000,0.00000000000,                            57P    230
1.00000000000,1.00000000000,1.00000000000,                            57P    231
1.00000000000,1.00000000000,1.00000000000,                            57P    232
1.67684061849,-0.393700787402,0.393700787402E-01,                     57P    233
1.79495085471,-0.393700787402,0.393700787402E-01,                     57P    234
1.67684061849,0.393700787402,0.393700787402E-01,                      57P    235
1.79495085471,0.393700787402,0.393700787402E-01,                      57P    236
0.00000000000,1.00000000000,0.00000000000,                            57P    237
1.00000000000,0,0,0;                                                  57P    238
126,1,1,0,0,1,0,                                                      59P    239
0.00000000000,0.00000000000,1.00000000000,                            59P    240
1.00000000000,1.00000000000,1.00000000000,                            59P    241
1.79495085471,0.196850393701,0.393700787402E-01,                      59P    242
1.79495085471,0.393700787402,0.393700787402E-01,                      59P    243
0.00000000000,1.00000000000,0.00000000000,                            59P    244
0.00000000000,0.00000000000,0,0,0;                                    59P    245
126,1,1,0,0,1,0,                                                      61P    246
0.00000000000,0.00000000000,1.00000000000,                            61P    247
1.00000000000,1.00000000000,1.00000000000,                            61P    248
1.79495085471,0.393700787402,0.393700787402E-01,                      61P    249
1.68471463423,0.393700787402,0.393700787402E-01,                      61P    250
0.00000000000,1.00000000000,0.00000000000,                            61P    251
0.00000000000,0.00000000000,0,0,0;                                    61P    252
126,1,1,0,0,1,0,                                                      63P    253
0.00000000000,0.00000000000,1.00000000000,                            63P    254
1.00000000000,1.00000000000,1.00000000000,                            63P    255
1.68471463423,0.196850393701,0.393700787402E-01,                      63P    256
1.79495085471,0.196850393701,0.393700787402E-01,                      63P    257
0.00000000000,1.00000000000,0.00000000000,                            63P    258
0.00000000000,0.00000000000,0,0,0;                                    63P    259
128,1,1,1,1,0,0,                                                      65P    260
1,0,0,                                                                65P    261
0.00000000000,0.00000000000,1.00000000000,                            65P    262
1.00000000000,0.00000000000,0.00000000000,                            65P    263
1.00000000000,1.00000000000,1.00000000000,                            65P    264
1.00000000000,1.00000000000,1.00000000000,                            65P    265
1.67684061849,0.196850393701,0.236220472441,                          65P    266
2.30676187833,0.196850393701,0.236220472441,                          65P    267
1.67684061849,0.196850393701,-0.157480314961,                         65P    268
2.30676187833,0.196850393701,-0.157480314961,                         65P    269
0.00000000000,1.00000000000,0.00000000000,                            65P    270
1.00000000000,0,0,0;                                                  65P    271
126,1,1,0,0,1,0,                                                      67P    272
0.00000000000,0.00000000000,1.00000000000,                            67P    273
1.00000000000,1.00000000000,1.00000000000,                            67P    274
1.79495085471,0.196850393701,0.157480314961,                          67P    275
1.68471463423,0.196850393701,0.157480314961,                          67P    276
0.00000000000,1.00000000000,0.00000000000,                            67P    277
0.00000000000,0.00000000000,0,0,0;                                    67P    278
126,1,1,0,0,1,0,                                                      69P    279
0.00000000000,0.00000000000,1.00000000000,                            69P    280
1.00000000000,1.00000000000,1.00000000000,                            69P    281
1.79495085471,0.196850393701,0.393700787402E-01,                      69P    282
1.79495085471,0.196850393701,0.157480314961,                          69P    283
0.00000000000,1.00000000000,0.00000000000,                            69P    284
0.00000000000,0.00000000000,0,0,0;                                    69P    285
128,1,1,1,1,0,0,                                                      71P    286
1,0,0,                                                                71P    287
0.00000000000,0.00000000000,1.00000000000,                            71P    288
1.00000000000,0.00000000000,0.00000000000,                            71P    289
1.00000000000,1.00000000000,1.00000000000,                            71P    290
1.00000000000,1.00000000000,1.00000000000,                            71P    291
1.67684061849,0.196850393701,0.236220472441,                          71P    292
2.30676187833,0.196850393701,0.236220472441,                          71P    293
1.67684061849,0.196850393701,-0.157480314961,                         71P    294
2.30676187833,0.196850393701,-0.157480314961,                         71P    295
0.00000000000,1.00000000000,0.00000000000,                            71P    296
1.00000000000,0,0,0;                                                  71P    297
126,1,1,0,0,1,0,                                                      73P    298
0.00000000000,0.00000000000,1.00000000000,                            73P    299
1.00000000000,1.00000000000,1.00000000000,                            73P    300
2.30676187833,0.196850393701,0.236220472441,                          73P    301
1.87369101219,0.196850393701,0.236220472441,                          73P    302
0.00000000000,1.00000000000,0.00000000000,                            73P    303
0.00000000000,0.00000000000,0,0,0;                                    73P    304
126,1,1,0,0,1,0,                                                      75P    305
0.00000000000,0.00000000000,1.00000000000,                            75P    306
1.00000000000,1.00000000000,1.00000000000,                            75P    307
2.30676187833,0.196850393701,-0.157480314961,                         75P    308
2.30676187833,0.196850393701,0.236220472441,                          75P    309
0.00000000000,1.00000000000,0.00000000000,                            75P    310
0.00000000000,0.00000000000,0,0,0;                                    75P    311
126,1,1,0,0,1,0,                                                      77P    312
0.00000000000,0.00000000000,1.00000000000,                            77P    313
1.00000000000,1.00000000000,1.00000000000,                            77P    314
2.30676187833,0.196850393701,-0.157480314961,                         77P    315
1.79495085471,0.196850393701,-0.157480314961,                         77P    316
0.00000000000,1.00000000000,0.00000000000,                            77P    317
0.00000000000,0.00000000000,0,0,0;                                    77P    318
126,1,1,0,0,1,0,                                                      79P    319
0.00000000000,0.00000000000,1.00000000000,                            79P    320
1.00000000000,1.00000000000,1.00000000000,                            79P    321
1.79495085471,0.196850393701,0.393700787402E-01,                      79P    322
1.79495085471,0.196850393701,-0.157480314961,                         79P    323
0.00000000000,1.00000000000,0.00000000000,                            79P    324
0.00000000000,0.00000000000,0,0,0;                                    79P    325
126,1,1,0,0,1,0,                                                      81P    326
0.00000000000,0.00000000000,1.00000000000,                            81P    327
1.00000000000,1.00000000000,1.00000000000,                            81P    328
1.87369101219,0.196850393701,0.236220472441,                          81P    329
1.68471463423,0.196850393701,0.236220472441,                          81P    330
0.00000000000,1.00000000000,0.00000000000,                            81P    331
0.00000000000,0.00000000000,0,0,0;                                    81P    332
128,1,1,1,1,0,0,                                                      83P    333
1,0,0,                                                                83P    334
0.00000000000,0.00000000000,1.00000000000,                            83P    335
1.00000000000,0.00000000000,0.00000000000,                            83P    336
1.00000000000,1.00000000000,1.00000000000,                            83P    337
1.00000000000,1.00000000000,1.00000000000,                            83P    338
1.67684061849,-0.196850393701,0.236220472441,                         83P    339
2.30676187833,-0.196850393701,0.236220472441,                         83P    340
1.67684061849,0.196850393701,0.236220472441,                          83P    341
2.30676187833,0.196850393701,0.236220472441,                          83P    342
0.00000000000,1.00000000000,0.00000000000,                            83P    343
1.00000000000,0,0,0;                                                  83P    344
126,2,2,0,0,0,0,                                                      85P    345
0.00000000000,0.00000000000,0.00000000000,                            85P    346
1.00000000000,1.00000000000,1.00000000000,                            85P    347
0.500000000000,0.500000000000,0.781250000000,                         85P    348
1.87369101219,0.196850393701,0.236220472441,                          85P    349
1.72605321691,0.196850393701,0.236220472441,                          85P    350
1.68471463423,0.551181102362E-01,0.236220472441,                      85P    351
0.00000000000,1.00000000000,0.00000000000,                            85P    352
0.00000000000,0.00000000000,0,0,0;                                    85P    353
128,3,1,2,1,0,0,                                                      87P    354
0,0,0,                                                                87P    355
0.00000000000,0.00000000000,0.00000000000,                            87P    356
0.500000000000,1.00000000000,1.00000000000,                           87P    357
1.00000000000,0.00000000000,0.00000000000,                            87P    358
1.00000000000,1.00000000000,1.00000000000,                            87P    359
0.500000000000,0.500000000000,1.00000000000,                          87P    360
1.00000000000,0.500000000000,0.500000000000,                          87P    361
1.00000000000,2.07054140589,0.00000000000,                            87P    362
0.236220472441,2.07054140589,0.196850393701,                          87P    363
0.236220472441,1.67684061849,0.196850393701,                          87P    364
0.236220472441,1.67684061849,0.00000000000,                           87P    365
0.236220472441,2.07054140589,0.00000000000,                           87P    366
0.511811023622,2.07054140589,0.196850393701,                          87P    367
0.511811023622,1.67684061849,0.196850393701,                          87P    368
0.511811023622,1.67684061849,0.00000000000,                           87P    369
0.511811023622,0.00000000000,1.00000000000,                           87P    370
0.00000000000,1.00000000000,0,0,0;                                    87P    371
126,2,2,0,0,0,0,                                                      89P    372
0.00000000000,0.00000000000,0.00000000000,                            89P    373
1.00000000000,1.00000000000,1.00000000000,                            89P    374
1.00000000000,0.500000000000,0.500000000000,                          89P    375
2.07054140589,0.00000000000,0.236220472441,                           89P    376
2.07054140589,0.196850393701,0.236220472441,                          89P    377
1.87369101219,0.196850393701,0.236220472441,                          89P    378
0.00000000000,1.00000000000,0.00000000000,                            89P    379
0.00000000000,0.00000000000,0,0,0;                                    89P    380
126,2,2,0,0,0,0,                                                      91P    381
0.00000000000,0.00000000000,0.00000000000,                            91P    382
1.00000000000,1.00000000000,1.00000000000,                            91P    383
0.781250000000,0.875000000000,1.00000000000,                          91P    384
1.68471463423,0.551181102362E-01,0.236220472441,                      91P    385
1.67684061849,0.281214848144E-01,0.236220472441,                      91P    386
1.67684061849,0.00000000000,0.236220472441,                           91P    387
0.00000000000,1.00000000000,0.00000000000,                            91P    388
0.00000000000,0.00000000000,0,0,0;                                    91P    389
126,1,1,0,0,0,0,                                                      93P    390
0.00000000000,0.00000000000,1.00000000000,                            93P    391
1.00000000000,1.00000000000,1.00000000000,                            93P    392
1.67684061849,0.00000000000,0.236220472441,                           93P    393
1.67684061849,0.00000000000,0.511811023622,                           93P    394
0.00000000000,1.00000000000,0.00000000000,                            93P    395
0.00000000000,0.00000000000,0,0,0;                                    93P    396
126,2,2,0,0,0,0,                                                      95P    397
0.00000000000,0.00000000000,0.00000000000,                            95P    398
1.00000000000,1.00000000000,1.00000000000,                            95P    399
0.500000000000,0.500000000000,1.00000000000,                          95P    400
1.87369101219,0.196850393701,0.511811023622,                          95P    401
1.67684061849,0.196850393701,0.511811023622,                          95P    402
1.67684061849,0.00000000000,0.511811023622,                           95P    403
0.00000000000,1.00000000000,0.00000000000,                            95P    404
0.00000000000,0.00000000000,0,0,0;                                    95P    405
126,2,2,0,0,0,0,                                                      97P    406
0.00000000000,0.00000000000,0.00000000000,                            97P    407
1.00000000000,1.00000000000,1.00000000000,                            97P    408
1.00000000000,0.500000000000,0.500000000000,                          97P    409
2.07054140589,0.00000000000,0.511811023622,                           97P    410
2.07054140589,0.196850393701,0.511811023622,                          97P    411
1.87369101219,0.196850393701,0.511811023622,                          97P    412
0.00000000000,1.00000000000,0.00000000000,                            97P    413
0.00000000000,0.00000000000,0,0,0;                                    97P    414
126,1,1,0,0,0,0,                                                      99P    415
0.00000000000,0.00000000000,1.00000000000,                            99P    416
1.00000000000,1.00000000000,1.00000000000,                            99P    417
2.07054140589,0.00000000000,0.236220472441,                           99P    418
2.07054140589,0.00000000000,0.511811023622,                           99P    419
0.00000000000,1.00000000000,0.00000000000,                            99P    420
0.00000000000,0.00000000000,0,0,0;                                    99P    421
128,3,1,2,1,0,0,                                                     101P    422
0,0,0,                                                               101P    423
0.00000000000,0.00000000000,0.00000000000,                           101P    424
0.500000000000,1.00000000000,1.00000000000,                          101P    425
1.00000000000,0.00000000000,0.00000000000,                           101P    426
1.00000000000,1.00000000000,1.00000000000,                           101P    427
0.500000000000,0.500000000000,1.00000000000,                         101P    428
1.00000000000,0.500000000000,0.500000000000,                         101P    429
1.00000000000,1.67684061849,0.00000000000,                           101P    430
0.236220472441,1.67684061849,-0.196850393701,                        101P    431
0.236220472441,2.07054140589,-0.196850393701,                        101P    432
0.236220472441,2.07054140589,0.00000000000,                          101P    433
0.236220472441,1.67684061849,0.00000000000,                          101P    434
0.511811023622,1.67684061849,-0.196850393701,                        101P    435
0.511811023622,2.07054140589,-0.196850393701,                        101P    436
0.511811023622,2.07054140589,0.00000000000,                          101P    437
0.511811023622,0.00000000000,1.00000000000,                          101P    438
0.00000000000,1.00000000000,0,0,0;                                   101P    439
126,2,2,0,0,0,0,                                                     103P    440
0.00000000000,0.00000000000,0.00000000000,                           103P    441
1.00000000000,1.00000000000,1.00000000000,                           103P    442
1.00000000000,0.875000000000,0.781250000000,                         103P    443
1.67684061849,0.00000000000,0.236220472441,                          103P    444
1.67684061849,-0.281214848144E-01,0.236220472441,                    103P    445
1.68471463423,-0.551181102362E-01,0.236220472441,                    103P    446
0.00000000000,1.00000000000,0.00000000000,                           103P    447
0.00000000000,0.00000000000,0,0,0;                                   103P    448
126,2,2,0,0,0,0,                                                     105P    449
0.00000000000,0.00000000000,0.00000000000,                           105P    450
1.00000000000,1.00000000000,1.00000000000,                           105P    451
0.781250000000,0.500000000000,0.500000000000,                        105P    452
1.68471463423,-0.551181102362E-01,0.236220472441,                    105P    453
1.72605321691,-0.196850393701,0.236220472441,                        105P    454
1.87369101219,-0.196850393701,0.236220472441,                        105P    455
0.00000000000,1.00000000000,0.00000000000,                           105P    456
0.00000000000,0.00000000000,0,0,0;                                   105P    457
126,2,2,0,0,0,0,                                                     107P    458
0.00000000000,0.00000000000,0.00000000000,                           107P    459
1.00000000000,1.00000000000,1.00000000000,                           107P    460
0.500000000000,0.500000000000,1.00000000000,                         107P    461
1.87369101219,-0.196850393701,0.236220472441,                        107P    462
2.07054140589,-0.196850393701,0.236220472441,                        107P    463
2.07054140589,0.00000000000,0.236220472441,                          107P    464
0.00000000000,1.00000000000,0.00000000000,                           107P    465
0.00000000000,0.00000000000,0,0,0;                                   107P    466
126,2,2,0,0,0,0,                                                     109P    467
0.00000000000,0.00000000000,0.00000000000,                           109P    468
1.00000000000,1.00000000000,1.00000000000,                           109P    469
0.500000000000,0.500000000000,1.00000000000,                         109P    470
1.87369101219,-0.196850393701,0.511811023622,                        109P    471
2.07054140589,-0.196850393701,0.511811023622,                        109P    472
2.07054140589,0.00000000000,0.511811023622,                          109P    473
0.00000000000,1.00000000000,0.00000000000,                           109P    474
0.00000000000,0.00000000000,0,0,0;                                   109P    475
126,2,2,0,0,0,0,                                                     111P    476
0.00000000000,0.00000000000,0.00000000000,                           111P    477
1.00000000000,1.00000000000,1.00000000000,                           111P    478
1.00000000000,0.500000000000,0.500000000000,                         111P    479
1.67684061849,0.00000000000,0.511811023622,                          111P    480
1.67684061849,-0.196850393701,0.511811023622,                        111P    481
1.87369101219,-0.196850393701,0.511811023622,                        111P    482
0.00000000000,1.00000000000,0.00000000000,                           111P    483
0.00000000000,0.00000000000,0,0,0;                                   111P    484
128,1,1,1,1,0,0,                                                     113P    485
1,0,0,                                                               113P    486
0.00000000000,0.00000000000,1.00000000000,                           113P    487
1.00000000000,0.00000000000,0.00000000000,                           113P    488
1.00000000000,1.00000000000,1.00000000000,                           113P    489
1.00000000000,1.00000000000,1.00000000000,                           113P    490
1.59591010988,-0.277780902307,0.511811023622,                        113P    491
2.15147191449,-0.277780902307,0.511811023622,                        113P    492
1.59591010988,0.277780902307,0.511811023622,                         113P    493
2.15147191449,0.277780902307,0.511811023622,                         113P    494
0.00000000000,1.00000000000,0.00000000000,                           113P    495
1.00000000000,0,0,0;                                                 113P    496
128,1,1,1,1,0,0,                                                     115P    497
1,0,0,                                                               115P    498
0.00000000000,0.00000000000,1.00000000000,                           115P    499
1.00000000000,0.00000000000,0.00000000000,                           115P    500
1.00000000000,1.00000000000,1.00000000000,                           115P    501
1.00000000000,1.00000000000,1.00000000000,                           115P    502
1.67684061849,-0.196850393701,0.236220472441,                        115P    503
2.30676187833,-0.196850393701,0.236220472441,                        115P    504
1.67684061849,0.196850393701,0.236220472441,                         115P    505
2.30676187833,0.196850393701,0.236220472441,                         115P    506
0.00000000000,1.00000000000,0.00000000000,                           115P    507
1.00000000000,0,0,0;                                                 115P    508
126,1,1,0,0,1,0,                                                     117P    509
0.00000000000,0.00000000000,1.00000000000,                           117P    510
1.00000000000,1.00000000000,1.00000000000,                           117P    511
1.87369101219,-0.196850393701,0.236220472441,                        117P    512
2.30676187833,-0.196850393701,0.236220472441,                        117P    513
0.00000000000,1.00000000000,0.00000000000,                           117P    514
0.00000000000,0.00000000000,0,0,0;                                   117P    515
126,1,1,0,0,1,0,                                                     119P    516
0.00000000000,0.00000000000,1.00000000000,                           119P    517
1.00000000000,1.00000000000,1.00000000000,                           119P    518
2.30676187833,-0.196850393701,0.236220472441,                        119P    519
2.30676187833,0.196850393701,0.236220472441,                         119P    520
0.00000000000,1.00000000000,0.00000000000,                           119P    521
0.00000000000,0.00000000000,0,0,0;                                   119P    522
128,1,1,1,1,0,0,                                                     121P    523
1,0,0,                                                               121P    524
0.00000000000,0.00000000000,1.00000000000,                           121P    525
1.00000000000,0.00000000000,0.00000000000,                           121P    526
1.00000000000,1.00000000000,1.00000000000,                           121P    527
1.00000000000,1.00000000000,1.00000000000,                           121P    528
2.30676187833,-0.196850393701,0.236220472441,                        121P    529
2.30676187833,-0.196850393701,-0.157480314961,                       121P    530
2.30676187833,0.196850393701,0.236220472441,                         121P    531
2.30676187833,0.196850393701,-0.157480314961,                        121P    532
0.00000000000,1.00000000000,0.00000000000,                           121P    533
1.00000000000,0,0,0;                                                 121P    534
126,1,1,0,0,1,0,                                                     123P    535
0.00000000000,0.00000000000,1.00000000000,                           123P    536
1.00000000000,1.00000000000,1.00000000000,                           123P    537
2.30676187833,-0.196850393701,-0.157480314961,                       123P    538
2.30676187833,-0.196850393701,0.236220472441,                        123P    539
0.00000000000,1.00000000000,0.00000000000,                           123P    540
0.00000000000,0.00000000000,0,0,0;                                   123P    541
126,1,1,0,0,1,0,                                                     125P    542
0.00000000000,0.00000000000,1.00000000000,                           125P    543
1.00000000000,1.00000000000,1.00000000000,                           125P    544
2.30676187833,-0.196850393701,-0.157480314961,                       125P    545
2.30676187833,0.196850393701,-0.157480314961,                        125P    546
0.00000000000,1.00000000000,0.00000000000,                           125P    547
0.00000000000,0.00000000000,0,0,0;                                   125P    548
128,1,1,1,1,0,0,                                                     127P    549
1,0,0,                                                               127P    550
0.00000000000,0.00000000000,1.00000000000,                           127P    551
1.00000000000,0.00000000000,0.00000000000,                           127P    552
1.00000000000,1.00000000000,1.00000000000,                           127P    553
1.00000000000,1.00000000000,1.00000000000,                           127P    554
1.67684061849,-0.196850393701,-0.157480314961,                       127P    555
1.67684061849,0.196850393701,-0.157480314961,                        127P    556
2.30676187833,-0.196850393701,-0.157480314961,                       127P    557
2.30676187833,0.196850393701,-0.157480314961,                        127P    558
0.00000000000,1.00000000000,0.00000000000,                           127P    559
1.00000000000,0,0,0;                                                 127P    560
126,1,1,0,0,1,0,                                                     129P    561
0.00000000000,0.00000000000,1.00000000000,                           129P    562
1.00000000000,1.00000000000,1.00000000000,                           129P    563
1.79495085471,-0.196850393701,-0.157480314961,                       129P    564
2.30676187833,-0.196850393701,-0.157480314961,                       129P    565
0.00000000000,1.00000000000,0.00000000000,                           129P    566
0.00000000000,0.00000000000,0,0,0;                                   129P    567
126,1,1,0,0,1,0,                                                     131P    568
0.00000000000,0.00000000000,1.00000000000,                           131P    569
1.00000000000,1.00000000000,1.00000000000,                           131P    570
1.79495085471,-0.196850393701,-0.157480314961,                       131P    571
1.79495085471,0.196850393701,-0.157480314961,                        131P    572
0.00000000000,1.00000000000,0.00000000000,                           131P    573
0.00000000000,0.00000000000,0,0,0;                                   131P    574
128,1,1,1,1,0,0,                                                     133P    575
1,0,0,                                                               133P    576
0.00000000000,0.00000000000,1.00000000000,                           133P    577
1.00000000000,0.00000000000,0.00000000000,                           133P    578
1.00000000000,1.00000000000,1.00000000000,                           133P    579
1.00000000000,1.00000000000,1.00000000000,                           133P    580
1.67684061849,-0.196850393701,-0.157480314961,                       133P    581
1.67684061849,0.196850393701,-0.157480314961,                        133P    582
2.30676187833,-0.196850393701,-0.157480314961,                       133P    583
2.30676187833,0.196850393701,-0.157480314961,                        133P    584
0.00000000000,1.00000000000,0.00000000000,                           133P    585
1.00000000000,0,0,0;                                                 133P    586
126,1,1,0,0,1,0,                                                     135P    587
0.00000000000,0.00000000000,1.00000000000,                           135P    588
1.00000000000,1.00000000000,1.00000000000,                           135P    589
1.79495085471,0.196850393701,-0.157480314961,                        135P    590
1.68471463423,0.196850393701,-0.157480314961,                        135P    591
0.00000000000,1.00000000000,0.00000000000,                           135P    592
0.00000000000,0.00000000000,0,0,0;                                   135P    593
126,1,1,0,0,1,0,                                                     137P    594
0.00000000000,0.00000000000,1.00000000000,                           137P    595
1.00000000000,1.00000000000,1.00000000000,                           137P    596
1.68471463423,-0.196850393701,-0.157480314961,                       137P    597
1.79495085471,-0.196850393701,-0.157480314961,                       137P    598
0.00000000000,1.00000000000,0.00000000000,                           137P    599
0.00000000000,0.00000000000,0,0,0;                                   137P    600
128,1,1,1,1,0,0,                                                     139P    601
1,0,0,                                                               139P    602
0.00000000000,0.00000000000,1.00000000000,                           139P    603
1.00000000000,0.00000000000,0.00000000000,                           139P    604
1.00000000000,1.00000000000,1.00000000000,                           139P    605
1.00000000000,1.00000000000,1.00000000000,                           139P    606
1.67684061849,-0.393700787402,-0.157480314961,                       139P    607
1.67684061849,0.393700787402,-0.157480314961,                        139P    608
1.79495085471,-0.393700787402,-0.157480314961,                       139P    609
1.79495085471,0.393700787402,-0.157480314961,                        139P    610
0.00000000000,1.00000000000,0.00000000000,                           139P    611
1.00000000000,0,0,0;                                                 139P    612
126,1,1,0,0,1,0,                                                     141P    613
0.00000000000,0.00000000000,1.00000000000,                           141P    614
1.00000000000,1.00000000000,1.00000000000,                           141P    615
1.79495085471,-0.393700787402,-0.157480314961,                       141P    616
1.79495085471,-0.196850393701,-0.157480314961,                       141P    617
0.00000000000,1.00000000000,0.00000000000,                           141P    618
0.00000000000,0.00000000000,0,0,0;                                   141P    619
126,1,1,0,0,1,0,                                                     143P    620
0.00000000000,0.00000000000,1.00000000000,                           143P    621
1.00000000000,1.00000000000,1.00000000000,                           143P    622
1.68471463423,-0.393700787402,-0.157480314961,                       143P    623
1.79495085471,-0.393700787402,-0.157480314961,                       143P    624
0.00000000000,1.00000000000,0.00000000000,                           143P    625
0.00000000000,0.00000000000,0,0,0;                                   143P    626
128,1,1,1,1,0,0,                                                     145P    627
1,0,0,                                                               145P    628
0.00000000000,0.00000000000,1.00000000000,                           145P    629
1.00000000000,0.00000000000,0.00000000000,                           145P    630
1.00000000000,1.00000000000,1.00000000000,                           145P    631
1.00000000000,1.00000000000,1.00000000000,                           145P    632
1.67684061849,-0.393700787402,0.393700787402E-01,                    145P    633
1.67684061849,-0.393700787402,-0.157480314961,                       145P    634
1.79495085471,-0.393700787402,0.393700787402E-01,                    145P    635
1.79495085471,-0.393700787402,-0.157480314961,                       145P    636
0.00000000000,1.00000000000,0.00000000000,                           145P    637
1.00000000000,0,0,0;                                                 145P    638
126,1,1,0,0,1,0,                                                     147P    639
0.00000000000,0.00000000000,1.00000000000,                           147P    640
1.00000000000,1.00000000000,1.00000000000,                           147P    641
1.79495085471,-0.393700787402,-0.157480314961,                       147P    642
1.79495085471,-0.393700787402,0.393700787402E-01,                    147P    643
0.00000000000,1.00000000000,0.00000000000,                           147P    644
0.00000000000,0.00000000000,0,0,0;                                   147P    645
128,1,1,1,1,0,0,                                                     149P    646
1,0,0,                                                               149P    647
0.00000000000,0.00000000000,1.00000000000,                           149P    648
1.00000000000,0.00000000000,0.00000000000,                           149P    649
1.00000000000,1.00000000000,1.00000000000,                           149P    650
1.00000000000,1.00000000000,1.00000000000,                           149P    651
1.79495085471,-0.393700787402,0.393700787402E-01,                    149P    652
1.79495085471,-0.393700787402,-0.157480314961,                       149P    653
1.79495085471,0.393700787402,0.393700787402E-01,                     149P    654
1.79495085471,0.393700787402,-0.157480314961,                        149P    655
0.00000000000,1.00000000000,0.00000000000,                           149P    656
1.00000000000,0,0,0;                                                 149P    657
126,1,1,0,0,1,0,                                                     151P    658
0.00000000000,0.00000000000,1.00000000000,                           151P    659
1.00000000000,1.00000000000,1.00000000000,                           151P    660
1.79495085471,-0.196850393701,-0.157480314961,                       151P    661
1.79495085471,-0.196850393701,0.393700787402E-01,                    151P    662
0.00000000000,1.00000000000,0.00000000000,                           151P    663
0.00000000000,0.00000000000,0,0,0;                                   151P    664
128,1,1,1,1,0,0,                                                     153P    665
1,0,0,                                                               153P    666
0.00000000000,0.00000000000,1.00000000000,                           153P    667
1.00000000000,0.00000000000,0.00000000000,                           153P    668
1.00000000000,1.00000000000,1.00000000000,                           153P    669
1.00000000000,1.00000000000,1.00000000000,                           153P    670
1.67684061849,-0.196850393701,0.236220472441,                        153P    671
1.67684061849,-0.196850393701,-0.157480314961,                       153P    672
2.30676187833,-0.196850393701,0.236220472441,                        153P    673
2.30676187833,-0.196850393701,-0.157480314961,                       153P    674
0.00000000000,1.00000000000,0.00000000000,                           153P    675
1.00000000000,0,0,0;                                                 153P    676
126,1,1,0,0,1,0,                                                     155P    677
0.00000000000,0.00000000000,1.00000000000,                           155P    678
1.00000000000,1.00000000000,1.00000000000,                           155P    679
1.68471463423,-0.196850393701,0.236220472441,                        155P    680
1.87369101219,-0.196850393701,0.236220472441,                        155P    681
0.00000000000,1.00000000000,0.00000000000,                           155P    682
0.00000000000,0.00000000000,0,0,0;                                   155P    683
128,1,1,1,1,0,0,                                                     157P    684
1,0,0,                                                               157P    685
0.00000000000,0.00000000000,1.00000000000,                           157P    686
1.00000000000,0.00000000000,0.00000000000,                           157P    687
1.00000000000,1.00000000000,1.00000000000,                           157P    688
1.00000000000,1.00000000000,1.00000000000,                           157P    689
1.67684061849,-0.196850393701,0.236220472441,                        157P    690
2.30676187833,-0.196850393701,0.236220472441,                        157P    691
1.67684061849,0.196850393701,0.236220472441,                         157P    692
2.30676187833,0.196850393701,0.236220472441,                         157P    693
0.00000000000,1.00000000000,0.00000000000,                           157P    694
1.00000000000,0,0,0;                                                 157P    695
128,1,1,1,1,0,0,                                                     159P    696
1,0,0,                                                               159P    697
0.00000000000,0.00000000000,1.00000000000,                           159P    698
1.00000000000,0.00000000000,0.00000000000,                           159P    699
1.00000000000,1.00000000000,1.00000000000,                           159P    700
1.00000000000,1.00000000000,1.00000000000,                           159P    701
1.67684061849,-0.393700787402,-0.157480314961,                       159P    702
1.67684061849,0.393700787402,-0.157480314961,                        159P    703
1.79495085471,-0.393700787402,-0.157480314961,                       159P    704
1.79495085471,0.393700787402,-0.157480314961,                        159P    705
0.00000000000,1.00000000000,0.00000000000,                           159P    706
1.00000000000,0,0,0;                                                 159P    707
126,1,1,0,0,1,0,                                                     161P    708
0.00000000000,0.00000000000,1.00000000000,                           161P    709
1.00000000000,1.00000000000,1.00000000000,                           161P    710
1.79495085471,0.393700787402,-0.157480314961,                        161P    711
1.68471463423,0.393700787402,-0.157480314961,                        161P    712
0.00000000000,1.00000000000,0.00000000000,                           161P    713
0.00000000000,0.00000000000,0,0,0;                                   161P    714
126,1,1,0,0,1,0,                                                     163P    715
0.00000000000,0.00000000000,1.00000000000,                           163P    716
1.00000000000,1.00000000000,1.00000000000,                           163P    717
1.79495085471,0.196850393701,-0.157480314961,                        163P    718
1.79495085471,0.393700787402,-0.157480314961,                        163P    719
0.00000000000,1.00000000000,0.00000000000,                           163P    720
0.00000000000,0.00000000000,0,0,0;                                   163P    721
128,1,1,1,1,0,0,                                                     165P    722
1,0,0,                                                               165P    723
0.00000000000,0.00000000000,1.00000000000,                           165P    724
1.00000000000,0.00000000000,0.00000000000,                           165P    725
1.00000000000,1.00000000000,1.00000000000,                           165P    726
1.00000000000,1.00000000000,1.00000000000,                           165P    727
1.79495085471,-0.393700787402,0.393700787402E-01,                    165P    728
1.79495085471,-0.393700787402,-0.157480314961,                       165P    729
1.79495085471,0.393700787402,0.393700787402E-01,                     165P    730
1.79495085471,0.393700787402,-0.157480314961,                        165P    731
0.00000000000,1.00000000000,0.00000000000,                           165P    732
1.00000000000,0,0,0;                                                 165P    733
126,1,1,0,0,1,0,                                                     167P    734
0.00000000000,0.00000000000,1.00000000000,                           167P    735
1.00000000000,1.00000000000,1.00000000000,                           167P    736
1.79495085471,0.393700787402,-0.157480314961,                        167P    737
1.79495085471,0.393700787402,0.393700787402E-01,                     167P    738
0.00000000000,1.00000000000,0.00000000000,                           167P    739
0.00000000000,0.00000000000,0,0,0;                                   167P    740
128,1,1,1,1,0,0,                                                     169P    741
1,0,0,                                                               169P    742
0.00000000000,0.00000000000,1.00000000000,                           169P    743
1.00000000000,0.00000000000,0.00000000000,                           169P    744
1.00000000000,1.00000000000,1.00000000000,                           169P    745
1.00000000000,1.00000000000,1.00000000000,                           169P    746
1.67684061849,0.393700787402,0.393700787402E-01,                     169P    747
1.79495085471,0.393700787402,0.393700787402E-01,                     169P    748
1.67684061849,0.393700787402,-0.157480314961,                        169P    749
1.79495085471,0.393700787402,-0.157480314961,                        169P    750
0.00000000000,1.00000000000,0.00000000000,                           169P    751
1.00000000000,0,0,0;                                                 169P    752
128,1,1,1,1,0,0,                                                     171P    753
1,0,0,                                                               171P    754
0.00000000000,0.00000000000,1.00000000000,                           171P    755
1.00000000000,0.00000000000,0.00000000000,                           171P    756
1.00000000000,1.00000000000,1.00000000000,                           171P    757
1.00000000000,1.00000000000,1.00000000000,                           171P    758
1.67684061849,-0.196850393701,0.236220472441,                        171P    759
1.68471463423,-0.196850393701,0.236220472441,                        171P    760
1.67684061849,0.196850393701,0.236220472441,                         171P    761
1.68471463423,0.196850393701,0.236220472441,                         171P    762
0.00000000000,1.00000000000,0.00000000000,                           171P    763
1.00000000000,0,0,0;                                                 171P    764
502,36,1.68471463423,-0.393700787402,                                173P    765
0.393700787402E-01,1.68471463423,-0.196850393701,                    173P    766
0.393700787402E-01,1.68471463423,-0.196850393701,                    173P    767
-0.157480314961,1.68471463423,-0.393700787402,                       173P    768
-0.157480314961,1.79495085471,-0.393700787402,                       173P    769
0.393700787402E-01,1.79495085471,-0.196850393701,                    173P    770
0.393700787402E-01,1.79495085471,-0.196850393701,                    173P    771
0.157480314961,1.68471463423,-0.196850393701,                        173P    772
0.157480314961,1.68471463423,0.196850393701,                         173P    773
0.393700787402E-01,1.68471463423,-0.196850393701,                    173P    774
0.236220472441,1.68471463423,-0.551181102362E-01,                    173P    775
0.236220472441,1.68471463423,0.551181102362E-01,                     173P    776
0.236220472441,1.68471463423,0.196850393701,                         173P    777
0.236220472441,1.68471463423,0.196850393701,                         173P    778
0.157480314961,1.68471463423,0.196850393701,                         173P    779
-0.157480314961,1.68471463423,0.393700787402,                        173P    780
0.393700787402E-01,1.68471463423,0.393700787402,                     173P    781
-0.157480314961,1.79495085471,0.196850393701,                        173P    782
0.393700787402E-01,1.79495085471,0.393700787402,                     173P    783
0.393700787402E-01,1.79495085471,0.196850393701,                     173P    784
0.157480314961,1.87369101219,0.196850393701,                         173P    785
0.236220472441,2.30676187833,0.196850393701,                         173P    786
0.236220472441,2.30676187833,0.196850393701,                         173P    787
-0.157480314961,1.79495085471,0.196850393701,                        173P    788
-0.157480314961,2.07054140589,0.00000000000,                         173P    789
0.236220472441,1.67684061849,0.00000000000,                          173P    790
0.236220472441,1.67684061849,0.00000000000,                          173P    791
0.511811023622,1.87369101219,0.196850393701,                         173P    792
0.511811023622,2.07054140589,0.00000000000,                          173P    793
0.511811023622,1.87369101219,-0.196850393701,                        173P    794
0.236220472441,1.87369101219,-0.196850393701,                        173P    795
0.511811023622,2.30676187833,-0.196850393701,                        173P    796
0.236220472441,2.30676187833,-0.196850393701,                        173P    797
-0.157480314961,1.79495085471,-0.196850393701,                       173P    798
-0.157480314961,1.79495085471,-0.393700787402,                       173P    799
-0.157480314961,1.79495085471,0.393700787402,                        173P    800
-0.157480314961,0,0;                                                 173P    801
504,60,3,173,1,173,2,                                                175P    802
5,173,2,173,3,                                                       175P    803
7,173,3,173,4,                                                       175P    804
9,173,4,173,1,                                                       175P    805
13,173,1,173,5,                                                      175P    806
15,173,5,173,6,                                                      175P    807
17,173,6,173,2,                                                      175P    808
21,173,6,173,7,                                                      175P    809
23,173,7,173,8,                                                      175P    810
25,173,8,173,2,                                                      175P    811
29,173,9,173,2,                                                      175P    812
31,173,8,173,10,                                                     175P    813
33,173,10,173,11,                                                    175P    814
35,173,11,173,12,                                                    175P    815
37,173,12,173,13,                                                    175P    816
39,173,13,173,14,                                                    175P    817
41,173,14,173,9,                                                     175P    818
45,173,9,173,15,                                                     175P    819
47,173,15,173,3,                                                     175P    820
51,173,9,173,16,                                                     175P    821
53,173,16,173,17,                                                    175P    822
55,173,17,173,15,                                                    175P    823
59,173,18,173,19,                                                    175P    824
61,173,19,173,16,                                                    175P    825
63,173,9,173,18,                                                     175P    826
67,173,14,173,20,                                                    175P    827
69,173,20,173,18,                                                    175P    828
73,173,21,173,22,                                                    175P    829
75,173,22,173,23,                                                    175P    830
77,173,23,173,24,                                                    175P    831
79,173,24,173,18,                                                    175P    832
81,173,13,173,21,                                                    175P    833
85,173,12,173,21,                                                    175P    834
89,173,25,173,21,                                                    175P    835
91,173,12,173,26,                                                    175P    836
93,173,26,173,27,                                                    175P    837
95,173,27,173,28,                                                    175P    838
97,173,28,173,29,                                                    175P    839
99,173,29,173,25,                                                    175P    840
103,173,26,173,11,                                                   175P    841
105,173,11,173,30,                                                   175P    842
107,173,30,173,25,                                                   175P    843
109,173,29,173,31,                                                   175P    844
111,173,31,173,27,                                                   175P    845
117,173,30,173,32,                                                   175P    846
119,173,32,173,22,                                                   175P    847
123,173,32,173,33,                                                   175P    848
125,173,33,173,23,                                                   175P    849
129,173,33,173,34,                                                   175P    850
131,173,34,173,24,                                                   175P    851
135,173,15,173,24,                                                   175P    852
137,173,34,173,3,                                                    175P    853
141,173,34,173,35,                                                   175P    854
143,173,35,173,4,                                                    175P    855
147,173,35,173,5,                                                    175P    856
151,173,34,173,6,                                                    175P    857
155,173,30,173,10,                                                   175P    858
161,173,17,173,36,                                                   175P    859
163,173,36,173,24,                                                   175P    860
167,173,36,173,19;                                                   175P    861
508,4,0,175,1,1,0,                                                   177P    862
0,175,2,0,0,                                                         177P    863
0,175,3,0,0,                                                         177P    864
0,175,4,1,0;                                                         177P    865
510,1,1,1,177,0,0;                                                   179P    866
508,4,0,175,5,1,0,                                                   181P    867
0,175,6,1,0,                                                         181P    868
0,175,7,1,0,                                                         181P    869
0,175,1,0,0;                                                         181P    870
510,11,1,1,181,0,0;                                                  183P    871
508,4,0,175,7,0,0,                                                   185P    872
0,175,8,1,0,                                                         185P    873
0,175,9,0,0,                                                         185P    874
0,175,10,0,0;                                                        185P    875
510,19,1,1,185,0,0;                                                  187P    876
508,8,0,175,11,0,0,                                                  189P    877
0,175,10,1,0,                                                        189P    878
0,175,12,1,0,                                                        189P    879
0,175,13,1,0,                                                        189P    880
0,175,14,1,0,                                                        189P    881
0,175,15,1,0,                                                        189P    882
0,175,16,0,0,                                                        189P    883
0,175,17,0,0;                                                        189P    884
510,27,1,1,189,0,0;                                                  191P    885
508,4,0,175,11,1,0,                                                  193P    886
0,175,18,0,0,                                                        193P    887
0,175,19,0,0,                                                        193P    888
0,175,2,1,0;                                                         193P    889
510,43,1,1,193,0,0;                                                  195P    890
508,4,0,175,18,1,0,                                                  197P    891
0,175,20,1,0,                                                        197P    892
0,175,21,0,0,                                                        197P    893
0,175,22,0,0;                                                        197P    894
510,49,1,1,197,0,0;                                                  199P    895
508,4,0,175,23,1,0,                                                  201P    896
0,175,24,1,0,                                                        201P    897
0,175,20,0,0,                                                        201P    898
0,175,25,1,0;                                                        201P    899
510,57,1,1,201,0,0;                                                  203P    900
508,4,0,175,26,0,0,                                                  205P    901
0,175,27,0,0,                                                        205P    902
0,175,25,0,0,                                                        205P    903
0,175,17,1,0;                                                        205P    904
510,65,1,1,205,0,0;                                                  207P    905
508,8,0,175,28,0,0,                                                  209P    906
0,175,29,0,0,                                                        209P    907
0,175,30,1,0,                                                        209P    908
0,175,31,0,0,                                                        209P    909
0,175,27,1,0,                                                        209P    910
0,175,26,1,0,                                                        209P    911
0,175,16,1,0,                                                        209P    912
0,175,32,0,0;                                                        209P    913
510,71,1,1,209,0,0;                                                  211P    914
508,3,0,175,32,1,0,                                                  213P    915
0,175,15,0,0,                                                        213P    916
0,175,33,0,0;                                                        213P    917
510,83,1,1,213,0,0;                                                  215P    918
508,7,0,175,34,1,0,                                                  217P    919
0,175,33,1,0,                                                        217P    920
0,175,35,1,0,                                                        217P    921
0,175,36,1,0,                                                        217P    922
0,175,37,0,0,                                                        217P    923
0,175,38,0,0,                                                        217P    924
0,175,39,0,0;                                                        217P    925
510,87,1,1,217,0,0;                                                  219P    926
508,7,0,175,40,1,0,                                                  221P    927
0,175,41,1,0,                                                        221P    928
0,175,42,1,0,                                                        221P    929
0,175,39,1,0,                                                        221P    930
0,175,43,0,0,                                                        221P    931
0,175,44,0,0,                                                        221P    932
0,175,36,0,0;                                                        221P    933
510,101,1,1,221,0,0;                                                 223P    934
508,4,0,175,38,1,0,                                                  225P    935
0,175,37,1,0,                                                        225P    936
0,175,44,1,0,                                                        225P    937
0,175,43,1,0;                                                        225P    938
510,113,1,1,225,0,0;                                                 227P    939
508,5,0,175,42,0,0,                                                  229P    940
0,175,45,1,0,                                                        229P    941
0,175,46,1,0,                                                        229P    942
0,175,28,1,0,                                                        229P    943
0,175,34,0,0;                                                        229P    944
510,115,1,1,229,0,0;                                                 231P    945
508,4,0,175,47,0,0,                                                  233P    946
0,175,48,1,0,                                                        233P    947
0,175,29,1,0,                                                        233P    948
0,175,46,0,0;                                                        233P    949
510,121,1,1,233,0,0;                                                 235P    950
508,4,0,175,30,0,0,                                                  237P    951
0,175,48,0,0,                                                        237P    952
0,175,49,0,0,                                                        237P    953
0,175,50,1,0;                                                        237P    954
510,127,1,1,237,0,0;                                                 239P    955
508,4,0,175,51,0,0,                                                  241P    956
0,175,50,0,0,                                                        241P    957
0,175,52,0,0,                                                        241P    958
0,175,19,1,0;                                                        241P    959
510,133,1,1,241,0,0;                                                 243P    960
508,4,0,175,53,0,0,                                                  245P    961
0,175,54,0,0,                                                        245P    962
0,175,3,1,0,                                                         245P    963
0,175,52,1,0;                                                        245P    964
510,139,1,1,245,0,0;                                                 247P    965
508,4,0,175,54,1,0,                                                  249P    966
0,175,55,1,0,                                                        249P    967
0,175,5,0,0,                                                         249P    968
0,175,4,0,0;                                                         249P    969
510,145,1,1,249,0,0;                                                 251P    970
508,4,0,175,55,0,0,                                                  253P    971
0,175,53,1,0,                                                        253P    972
0,175,56,1,0,                                                        253P    973
0,175,6,0,0;                                                         253P    974
510,149,1,1,253,0,0;                                                 255P    975
508,8,0,175,9,1,0,                                                   257P    976
0,175,8,0,0,                                                         257P    977
0,175,56,0,0,                                                        257P    978
0,175,49,1,0,                                                        257P    979
0,175,47,1,0,                                                        257P    980
0,175,45,0,0,                                                        257P    981
0,175,57,0,0,                                                        257P    982
0,175,12,0,0;                                                        257P    983
510,153,1,1,257,0,0;                                                 259P    984
508,3,0,175,57,1,0,                                                  261P    985
0,175,41,0,0,                                                        261P    986
0,175,13,0,0;                                                        261P    987
510,157,1,1,261,0,0;                                                 263P    988
508,4,0,175,58,0,0,                                                  265P    989
0,175,59,0,0,                                                        265P    990
0,175,51,1,0,                                                        265P    991
0,175,22,1,0;                                                        265P    992
510,159,1,1,265,0,0;                                                 267P    993
508,4,0,175,59,1,0,                                                  269P    994
0,175,60,1,0,                                                        269P    995
0,175,23,0,0,                                                        269P    996
0,175,31,1,0;                                                        269P    997
510,165,1,1,269,0,0;                                                 271P    998
508,4,0,175,24,0,0,                                                  273P    999
0,175,60,0,0,                                                        273P   1000
0,175,58,1,0,                                                        273P   1001
0,175,21,1,0;                                                        273P   1002
510,169,1,1,273,0,0;                                                 275P   1003
508,3,0,175,40,0,0,                                                  277P   1004
0,175,35,0,0,                                                        277P   1005
0,175,14,0,0;                                                        277P   1006
510,171,1,1,277,0,0;                                                 279P   1007
514,26,179,0,183,1,187,1,191,0,                                      281P   1008
195,0,199,0,203,1,207,1,211,1,                                       281P   1009
215,1,219,1,223,1,227,1,231,1,                                       281P   1010
235,1,239,1,243,1,247,1,251,1,                                       281P   1011
255,1,259,1,263,1,267,1,271,1,                                       281P   1012
275,1,279,0,0,0,0,0,0,0;                                             281P   1013
186,281,1,0,0,0,0;                                                   283P   1014
128,1,1,1,1,0,0,                                                     285P   1015
1,0,0,                                                               285P   1016
0.00000000000,0.00000000000,1.00000000000,                           285P   1017
1.00000000000,0.00000000000,0.00000000000,                           285P   1018
1.00000000000,1.00000000000,1.00000000000,                           285P   1019
1.00000000000,1.00000000000,1.00000000000,                           285P   1020
1.67684061849,-0.393700787402,0.393700787402E-01,                    285P   1021
1.67684061849,0.393700787402,0.393700787402E-01,                     285P   1022
1.67684061849,-0.393700787402,-0.157480314961,                       285P   1023
1.67684061849,0.393700787402,-0.157480314961,                        285P   1024
0.00000000000,1.00000000000,0.00000000000,                           285P   1025
1.00000000000,0,0,0;                                                 285P   1026
126,1,1,0,0,1,0,                                                     287P   1027
0.00000000000,0.00000000000,1.00000000000,                           287P   1028
1.00000000000,1.00000000000,1.00000000000,                           287P   1029
1.67684061849,-0.196850393701,0.393700787402E-01,                    287P   1030
1.67684061849,-0.196850393701,-0.157480314961,                       287P   1031
0.00000000000,1.00000000000,0.00000000000,                           287P   1032
0.00000000000,0.00000000000,0,0,0;                                   287P   1033
126,1,1,0,0,1,0,                                                     289P   1034
0.00000000000,0.00000000000,1.00000000000,                           289P   1035
1.00000000000,1.00000000000,1.00000000000,                           289P   1036
1.67684061849,-0.196850393701,0.393700787402E-01,                    289P   1037
1.67684061849,-0.393700787402,0.393700787402E-01,                    289P   1038
0.00000000000,1.00000000000,0.00000000000,                           289P   1039
0.00000000000,0.00000000000,0,0,0;                                   289P   1040
126,1,1,0,0,1,0,                                                     291P   1041
0.00000000000,0.00000000000,1.00000000000,                           291P   1042
1.00000000000,1.00000000000,1.00000000000,                           291P   1043
1.67684061849,-0.393700787402,0.393700787402E-01,                    291P   1044
1.67684061849,-0.393700787402,-0.157480314961,                       291P   1045
0.00000000000,1.00000000000,0.00000000000,                           291P   1046
0.00000000000,0.00000000000,0,0,0;                                   291P   1047
126,1,1,0,0,1,0,                                                     293P   1048
0.00000000000,0.00000000000,1.00000000000,                           293P   1049
1.00000000000,1.00000000000,1.00000000000,                           293P   1050
1.67684061849,-0.196850393701,-0.157480314961,                       293P   1051
1.67684061849,-0.393700787402,-0.157480314961,                       293P   1052
0.00000000000,1.00000000000,0.00000000000,                           293P   1053
0.00000000000,0.00000000000,0,0,0;                                   293P   1054
128,1,1,1,1,0,0,                                                     295P   1055
1,0,0,                                                               295P   1056
0.00000000000,0.00000000000,1.00000000000,                           295P   1057
1.00000000000,0.00000000000,0.00000000000,                           295P   1058
1.00000000000,1.00000000000,1.00000000000,                           295P   1059
1.00000000000,1.00000000000,1.00000000000,                           295P   1060
1.67684061849,-0.196850393701,0.236220472441,                        295P   1061
1.67684061849,0.196850393701,0.236220472441,                         295P   1062
1.67684061849,-0.196850393701,-0.157480314961,                       295P   1063
1.67684061849,0.196850393701,-0.157480314961,                        295P   1064
0.00000000000,1.00000000000,0.00000000000,                           295P   1065
1.00000000000,0,0,0;                                                 295P   1066
126,1,1,0,0,1,0,                                                     297P   1067
0.00000000000,0.00000000000,1.00000000000,                           297P   1068
1.00000000000,1.00000000000,1.00000000000,                           297P   1069
1.67684061849,0.196850393701,0.393700787402E-01,                     297P   1070
1.67684061849,-0.196850393701,0.393700787402E-01,                    297P   1071
0.00000000000,1.00000000000,0.00000000000,                           297P   1072
0.00000000000,0.00000000000,0,0,0;                                   297P   1073
126,1,1,0,0,1,0,                                                     299P   1074
0.00000000000,0.00000000000,1.00000000000,                           299P   1075
1.00000000000,1.00000000000,1.00000000000,                           299P   1076
1.67684061849,0.196850393701,-0.157480314961,                        299P   1077
1.67684061849,-0.196850393701,-0.157480314961,                       299P   1078
0.00000000000,1.00000000000,0.00000000000,                           299P   1079
0.00000000000,0.00000000000,0,0,0;                                   299P   1080
126,1,1,0,0,1,0,                                                     301P   1081
0.00000000000,0.00000000000,1.00000000000,                           301P   1082
1.00000000000,1.00000000000,1.00000000000,                           301P   1083
1.67684061849,0.196850393701,0.393700787402E-01,                     301P   1084
1.67684061849,0.196850393701,-0.157480314961,                        301P   1085
0.00000000000,1.00000000000,0.00000000000,                           301P   1086
0.00000000000,0.00000000000,0,0,0;                                   301P   1087
128,1,1,1,1,0,0,                                                     303P   1088
1,0,0,                                                               303P   1089
0.00000000000,0.00000000000,1.00000000000,                           303P   1090
1.00000000000,0.00000000000,0.00000000000,                           303P   1091
1.00000000000,1.00000000000,1.00000000000,                           303P   1092
1.00000000000,1.00000000000,1.00000000000,                           303P   1093
1.67684061849,-0.196850393701,0.236220472441,                        303P   1094
1.67684061849,0.196850393701,0.236220472441,                         303P   1095
1.67684061849,-0.196850393701,-0.157480314961,                       303P   1096
1.67684061849,0.196850393701,-0.157480314961,                        303P   1097
0.00000000000,1.00000000000,0.00000000000,                           303P   1098
1.00000000000,0,0,0;                                                 303P   1099
126,1,1,0,0,1,0,                                                     305P   1100
0.00000000000,0.00000000000,1.00000000000,                           305P   1101
1.00000000000,1.00000000000,1.00000000000,                           305P   1102
1.67684061849,-0.196850393701,0.157480314961,                        305P   1103
1.67684061849,0.196850393701,0.157480314961,                         305P   1104
0.00000000000,1.00000000000,0.00000000000,                           305P   1105
0.00000000000,0.00000000000,0,0,0;                                   305P   1106
126,1,1,0,0,1,0,                                                     307P   1107
0.00000000000,0.00000000000,1.00000000000,                           307P   1108
1.00000000000,1.00000000000,1.00000000000,                           307P   1109
1.67684061849,-0.196850393701,0.157480314961,                        307P   1110
1.67684061849,-0.196850393701,0.393700787402E-01,                    307P   1111
0.00000000000,1.00000000000,0.00000000000,                           307P   1112
0.00000000000,0.00000000000,0,0,0;                                   307P   1113
126,1,1,0,0,1,0,                                                     309P   1114
0.00000000000,0.00000000000,1.00000000000,                           309P   1115
1.00000000000,1.00000000000,1.00000000000,                           309P   1116
1.67684061849,0.196850393701,0.157480314961,                         309P   1117
1.67684061849,0.196850393701,0.393700787402E-01,                     309P   1118
0.00000000000,1.00000000000,0.00000000000,                           309P   1119
0.00000000000,0.00000000000,0,0,0;                                   309P   1120
128,1,1,1,1,0,0,                                                     311P   1121
1,0,0,                                                               311P   1122
0.00000000000,0.00000000000,1.00000000000,                           311P   1123
1.00000000000,0.00000000000,0.00000000000,                           311P   1124
1.00000000000,1.00000000000,1.00000000000,                           311P   1125
1.00000000000,1.00000000000,1.00000000000,                           311P   1126
1.47999022478,-0.196850393701,0.157480314961,                        311P   1127
1.79495085471,-0.196850393701,0.157480314961,                        311P   1128
1.47999022478,0.196850393701,0.157480314961,                         311P   1129
1.79495085471,0.196850393701,0.157480314961,                         311P   1130
0.00000000000,1.00000000000,0.00000000000,                           311P   1131
1.00000000000,0,0,0;                                                 311P   1132
126,1,1,0,0,1,0,                                                     313P   1133
0.00000000000,0.00000000000,1.00000000000,                           313P   1134
1.00000000000,1.00000000000,1.00000000000,                           313P   1135
1.47999022478,-0.196850393701,0.157480314961,                        313P   1136
1.67684061849,-0.196850393701,0.157480314961,                        313P   1137
0.00000000000,1.00000000000,0.00000000000,                           313P   1138
0.00000000000,0.00000000000,0,0,0;                                   313P   1139
126,1,1,0,0,1,0,                                                     315P   1140
0.00000000000,0.00000000000,1.00000000000,                           315P   1141
1.00000000000,1.00000000000,1.00000000000,                           315P   1142
1.67684061849,0.196850393701,0.157480314961,                         315P   1143
1.47999022478,0.196850393701,0.157480314961,                         315P   1144
0.00000000000,1.00000000000,0.00000000000,                           315P   1145
0.00000000000,0.00000000000,0,0,0;                                   315P   1146
126,1,1,0,0,1,0,                                                     317P   1147
0.00000000000,0.00000000000,1.00000000000,                           317P   1148
1.00000000000,1.00000000000,1.00000000000,                           317P   1149
1.47999022478,0.196850393701,0.157480314961,                         317P   1150
1.47999022478,-0.196850393701,0.157480314961,                        317P   1151
0.00000000000,1.00000000000,0.00000000000,                           317P   1152
0.00000000000,0.00000000000,0,0,0;                                   317P   1153
128,1,1,1,1,0,0,                                                     319P   1154
1,0,0,                                                               319P   1155
0.00000000000,0.00000000000,1.00000000000,                           319P   1156
1.00000000000,0.00000000000,0.00000000000,                           319P   1157
1.00000000000,1.00000000000,1.00000000000,                           319P   1158
1.00000000000,1.00000000000,1.00000000000,                           319P   1159
1.47999022478,-0.196850393701,0.157480314961,                        319P   1160
1.47999022478,0.196850393701,0.157480314961,                         319P   1161
1.47999022478,-0.196850393701,-0.157480314961,                       319P   1162
1.47999022478,0.196850393701,-0.157480314961,                        319P   1163
0.00000000000,1.00000000000,0.00000000000,                           319P   1164
1.00000000000,0,0,0;                                                 319P   1165
126,1,1,0,0,1,0,                                                     321P   1166
0.00000000000,0.00000000000,1.00000000000,                           321P   1167
1.00000000000,1.00000000000,1.00000000000,                           321P   1168
1.47999022478,0.196850393701,0.157480314961,                         321P   1169
1.47999022478,0.196850393701,0.393700787402E-01,                     321P   1170
0.00000000000,1.00000000000,0.00000000000,                           321P   1171
0.00000000000,0.00000000000,0,0,0;                                   321P   1172
126,1,1,0,0,1,0,                                                     323P   1173
0.00000000000,0.00000000000,1.00000000000,                           323P   1174
1.00000000000,1.00000000000,1.00000000000,                           323P   1175
1.47999022478,0.196850393701,0.393700787402E-01,                     323P   1176
1.47999022478,0.111355398612,0.393700787402E-01,                     323P   1177
0.00000000000,1.00000000000,0.00000000000,                           323P   1178
0.00000000000,0.00000000000,0,0,0;                                   323P   1179
126,2,2,0,0,0,0,                                                     325P   1180
0.00000000000,0.00000000000,0.00000000000,                           325P   1181
1.00000000000,1.00000000000,1.00000000000,                           325P   1182
0.897358423438,0.773459080339,1.00000000000,                         325P   1183
1.47999022478,0.111355398612,0.393700787402E-01,                     325P   1184
1.47999022478,0.835165489590E-01,0.118110236220,                     325P   1185
1.47999022478,0.00000000000,0.118110236220,                          325P   1186
0.00000000000,1.00000000000,0.00000000000,                           325P   1187
0.00000000000,0.00000000000,0,0,0;                                   325P   1188
126,2,2,0,0,0,0,                                                     327P   1189
0.00000000000,0.00000000000,0.00000000000,                           327P   1190
1.00000000000,1.00000000000,1.00000000000,                           327P   1191
1.00000000000,0.773459080339,0.897358423438,                         327P   1192
1.47999022478,0.00000000000,0.118110236220,                          327P   1193
1.47999022478,-0.835165489590E-01,0.118110236220,                    327P   1194
1.47999022478,-0.111355398612,0.393700787402E-01,                    327P   1195
0.00000000000,1.00000000000,0.00000000000,                           327P   1196
0.00000000000,0.00000000000,0,0,0;                                   327P   1197
126,1,1,0,0,1,0,                                                     329P   1198
0.00000000000,0.00000000000,1.00000000000,                           329P   1199
1.00000000000,1.00000000000,1.00000000000,                           329P   1200
1.47999022478,-0.111355398612,0.393700787402E-01,                    329P   1201
1.47999022478,-0.196850393701,0.393700787402E-01,                    329P   1202
0.00000000000,1.00000000000,0.00000000000,                           329P   1203
0.00000000000,0.00000000000,0,0,0;                                   329P   1204
126,1,1,0,0,1,0,                                                     331P   1205
0.00000000000,0.00000000000,1.00000000000,                           331P   1206
1.00000000000,1.00000000000,1.00000000000,                           331P   1207
1.47999022478,-0.196850393701,0.157480314961,                        331P   1208
1.47999022478,-0.196850393701,0.393700787402E-01,                    331P   1209
0.00000000000,1.00000000000,0.00000000000,                           331P   1210
0.00000000000,0.00000000000,0,0,0;                                   331P   1211
128,1,1,1,1,0,0,                                                     333P   1212
1,0,0,                                                               333P   1213
0.00000000000,0.00000000000,1.00000000000,                           333P   1214
1.00000000000,0.00000000000,0.00000000000,                           333P   1215
1.00000000000,1.00000000000,1.00000000000,                           333P   1216
1.00000000000,1.00000000000,1.00000000000,                           333P   1217
1.47999022478,-0.196850393701,0.157480314961,                        333P   1218
1.47999022478,-0.196850393701,-0.157480314961,                       333P   1219
1.79495085471,-0.196850393701,0.157480314961,                        333P   1220
1.79495085471,-0.196850393701,-0.157480314961,                       333P   1221
0.00000000000,1.00000000000,0.00000000000,                           333P   1222
1.00000000000,0,0,0;                                                 333P   1223
126,1,1,0,0,1,0,                                                     335P   1224
0.00000000000,0.00000000000,1.00000000000,                           335P   1225
1.00000000000,1.00000000000,1.00000000000,                           335P   1226
1.67684061849,-0.196850393701,0.393700787402E-01,                    335P   1227
1.47999022478,-0.196850393701,0.393700787402E-01,                    335P   1228
0.00000000000,1.00000000000,0.00000000000,                           335P   1229
0.00000000000,0.00000000000,0,0,0;                                   335P   1230
128,1,1,1,1,0,0,                                                     337P   1231
1,0,0,                                                               337P   1232
0.00000000000,0.00000000000,1.00000000000,                           337P   1233
1.00000000000,0.00000000000,0.00000000000,                           337P   1234
1.00000000000,1.00000000000,1.00000000000,                           337P   1235
1.00000000000,1.00000000000,1.00000000000,                           337P   1236
1.47999022478,-0.393700787402,0.393700787402E-01,                    337P   1237
1.67684061849,-0.393700787402,0.393700787402E-01,                    337P   1238
1.47999022478,0.393700787402,0.393700787402E-01,                     337P   1239
1.67684061849,0.393700787402,0.393700787402E-01,                     337P   1240
0.00000000000,1.00000000000,0.00000000000,                           337P   1241
1.00000000000,0,0,0;                                                 337P   1242
126,1,1,0,0,1,0,                                                     339P   1243
0.00000000000,0.00000000000,1.00000000000,                           339P   1244
1.00000000000,1.00000000000,1.00000000000,                           339P   1245
1.47999022478,-0.393700787402,0.393700787402E-01,                    339P   1246
1.67684061849,-0.393700787402,0.393700787402E-01,                    339P   1247
0.00000000000,1.00000000000,0.00000000000,                           339P   1248
0.00000000000,0.00000000000,0,0,0;                                   339P   1249
126,1,1,0,0,1,0,                                                     341P   1250
0.00000000000,0.00000000000,1.00000000000,                           341P   1251
1.00000000000,1.00000000000,1.00000000000,                           341P   1252
1.47999022478,-0.196850393701,0.393700787402E-01,                    341P   1253
1.47999022478,-0.393700787402,0.393700787402E-01,                    341P   1254
0.00000000000,1.00000000000,0.00000000000,                           341P   1255
0.00000000000,0.00000000000,0,0,0;                                   341P   1256
128,1,1,1,1,0,0,                                                     343P   1257
1,0,0,                                                               343P   1258
0.00000000000,0.00000000000,1.00000000000,                           343P   1259
1.00000000000,0.00000000000,0.00000000000,                           343P   1260
1.00000000000,1.00000000000,1.00000000000,                           343P   1261
1.00000000000,1.00000000000,1.00000000000,                           343P   1262
1.47999022478,-0.393700787402,0.393700787402E-01,                    343P   1263
1.47999022478,0.393700787402,0.393700787402E-01,                     343P   1264
1.47999022478,-0.393700787402,-0.157480314961,                       343P   1265
1.47999022478,0.393700787402,-0.157480314961,                        343P   1266
0.00000000000,1.00000000000,0.00000000000,                           343P   1267
1.00000000000,0,0,0;                                                 343P   1268
126,1,1,0,0,1,0,                                                     345P   1269
0.00000000000,0.00000000000,1.00000000000,                           345P   1270
1.00000000000,1.00000000000,1.00000000000,                           345P   1271
1.47999022478,-0.196850393701,-0.157480314961,                       345P   1272
1.47999022478,-0.393700787402,-0.157480314961,                       345P   1273
0.00000000000,1.00000000000,0.00000000000,                           345P   1274
0.00000000000,0.00000000000,0,0,0;                                   345P   1275
126,1,1,0,0,1,0,                                                     347P   1276
0.00000000000,0.00000000000,1.00000000000,                           347P   1277
1.00000000000,1.00000000000,1.00000000000,                           347P   1278
1.47999022478,-0.393700787402,0.393700787402E-01,                    347P   1279
1.47999022478,-0.393700787402,-0.157480314961,                       347P   1280
0.00000000000,1.00000000000,0.00000000000,                           347P   1281
0.00000000000,0.00000000000,0,0,0;                                   347P   1282
126,1,1,0,0,1,0,                                                     349P   1283
0.00000000000,0.00000000000,1.00000000000,                           349P   1284
1.00000000000,1.00000000000,1.00000000000,                           349P   1285
1.47999022478,-0.196850393701,0.393700787402E-01,                    349P   1286
1.47999022478,-0.196850393701,-0.157480314961,                       349P   1287
0.00000000000,1.00000000000,0.00000000000,                           349P   1288
0.00000000000,0.00000000000,0,0,0;                                   349P   1289
128,1,1,1,1,0,0,                                                     351P   1290
1,0,0,                                                               351P   1291
0.00000000000,0.00000000000,1.00000000000,                           351P   1292
1.00000000000,0.00000000000,0.00000000000,                           351P   1293
1.00000000000,1.00000000000,1.00000000000,                           351P   1294
1.00000000000,1.00000000000,1.00000000000,                           351P   1295
1.47999022478,-0.196850393701,0.157480314961,                        351P   1296
1.47999022478,0.196850393701,0.157480314961,                         351P   1297
1.47999022478,-0.196850393701,-0.157480314961,                       351P   1298
1.47999022478,0.196850393701,-0.157480314961,                        351P   1299
0.00000000000,1.00000000000,0.00000000000,                           351P   1300
1.00000000000,0,0,0;                                                 351P   1301
126,1,1,0,0,1,0,                                                     353P   1302
0.00000000000,0.00000000000,1.00000000000,                           353P   1303
1.00000000000,1.00000000000,1.00000000000,                           353P   1304
1.47999022478,0.196850393701,0.393700787402E-01,                     353P   1305
1.47999022478,0.196850393701,-0.157480314961,                        353P   1306
0.00000000000,1.00000000000,0.00000000000,                           353P   1307
0.00000000000,0.00000000000,0,0,0;                                   353P   1308
126,1,1,0,0,1,0,                                                     355P   1309
0.00000000000,0.00000000000,1.00000000000,                           355P   1310
1.00000000000,1.00000000000,1.00000000000,                           355P   1311
1.47999022478,0.196850393701,-0.157480314961,                        355P   1312
1.47999022478,-0.196850393701,-0.157480314961,                       355P   1313
0.00000000000,1.00000000000,0.00000000000,                           355P   1314
0.00000000000,0.00000000000,0,0,0;                                   355P   1315
126,2,2,0,0,0,0,                                                     357P   1316
0.00000000000,0.00000000000,0.00000000000,                           357P   1317
1.00000000000,1.00000000000,1.00000000000,                           357P   1318
0.897358423438,0.933647700848,1.00000000000,                         357P   1319
1.47999022478,-0.111355398612,0.393700787402E-01,                    357P   1320
1.47999022478,-0.118110236220,0.202645128253E-01,                    357P   1321
1.47999022478,-0.118110236220,0.00000000000,                         357P   1322
0.00000000000,1.00000000000,0.00000000000,                           357P   1323
0.00000000000,0.00000000000,0,0,0;                                   357P   1324
126,2,2,0,0,0,0,                                                     359P   1325
0.00000000000,0.00000000000,0.00000000000,                           359P   1326
1.00000000000,1.00000000000,1.00000000000,                           359P   1327
1.00000000000,0.707106781187,1.00000000000,                          359P   1328
1.47999022478,-0.118110236220,0.00000000000,                         359P   1329
1.47999022478,-0.118110236220,-0.118110236220,                       359P   1330
1.47999022478,0.00000000000,-0.118110236220,                         359P   1331
0.00000000000,1.00000000000,0.00000000000,                           359P   1332
0.00000000000,0.00000000000,0,0,0;                                   359P   1333
126,2,2,0,0,0,0,                                                     361P   1334
0.00000000000,0.00000000000,0.00000000000,                           361P   1335
1.00000000000,1.00000000000,1.00000000000,                           361P   1336
1.00000000000,0.707106781187,1.00000000000,                          361P   1337
1.47999022478,0.00000000000,-0.118110236220,                         361P   1338
1.47999022478,0.118110236220,-0.118110236220,                        361P   1339
1.47999022478,0.118110236220,0.00000000000,                          361P   1340
0.00000000000,1.00000000000,0.00000000000,                           361P   1341
0.00000000000,0.00000000000,0,0,0;                                   361P   1342
126,2,2,0,0,0,0,                                                     363P   1343
0.00000000000,0.00000000000,0.00000000000,                           363P   1344
1.00000000000,1.00000000000,1.00000000000,                           363P   1345
1.00000000000,0.933647700848,0.897358423438,                         363P   1346
1.47999022478,0.118110236220,0.00000000000,                          363P   1347
1.47999022478,0.118110236220,0.202645128253E-01,                     363P   1348
1.47999022478,0.111355398612,0.393700787402E-01,                     363P   1349
0.00000000000,1.00000000000,0.00000000000,                           363P   1350
0.00000000000,0.00000000000,0,0,0;                                   363P   1351
128,2,1,2,1,0,0,                                                     365P   1352
0,0,0,                                                               365P   1353
0.00000000000,0.00000000000,0.00000000000,                           365P   1354
1.00000000000,1.00000000000,1.00000000000,                           365P   1355
0.00000000000,0.00000000000,1.00000000000,                           365P   1356
1.00000000000,1.00000000000,0.707106781187,                          365P   1357
1.00000000000,1.00000000000,0.707106781187,                          365P   1358
1.00000000000,0.603414014849,0.119960348564,                         365P   1359
0.00000000000,0.603414014849,0.119960348564,                         365P   1360
0.119960348564,0.603414014849,0.00000000000,                         365P   1361
0.119960348564,1.47999022478,0.118110236220,                         365P   1362
0.00000000000,1.47999022478,0.118110236220,                          365P   1363
0.118110236220,1.47999022478,0.00000000000,                          365P   1364
0.118110236220,0.00000000000,1.00000000000,                          365P   1365
0.00000000000,1.00000000000,0,0,0;                                   365P   1366
126,2,2,0,0,0,0,                                                     367P   1367
0.00000000000,0.00000000000,0.00000000000,                           367P   1368
1.00000000000,1.00000000000,1.00000000000,                           367P   1369
1.00000000000,0.707106781187,1.00000000000,                          367P   1370
0.603414014849,0.119960348564,0.00000000000,                         367P   1371
0.603414014849,0.119960348564,0.119960348564,                        367P   1372
0.603414014849,0.00000000000,0.119960348564,                         367P   1373
0.00000000000,1.00000000000,0.00000000000,                           367P   1374
0.00000000000,0.00000000000,0,0,0;                                   367P   1375
126,1,1,0,0,1,0,                                                     369P   1376
0.00000000000,0.00000000000,1.00000000000,                           369P   1377
1.00000000000,1.00000000000,1.00000000000,                           369P   1378
0.603414014849,0.00000000000,0.119960348564,                         369P   1379
1.47999022478,0.00000000000,0.118110236220,                          369P   1380
0.00000000000,1.00000000000,0.00000000000,                           369P   1381
0.00000000000,0.00000000000,0,0,0;                                   369P   1382
126,1,1,0,0,1,0,                                                     371P   1383
0.00000000000,0.00000000000,1.00000000000,                           371P   1384
1.00000000000,1.00000000000,1.00000000000,                           371P   1385
0.603414014849,0.119960348564,0.00000000000,                         371P   1386
1.47999022478,0.118110236220,0.00000000000,                          371P   1387
0.00000000000,1.00000000000,0.00000000000,                           371P   1388
0.00000000000,0.00000000000,0,0,0;                                   371P   1389
128,2,1,2,1,0,0,                                                     373P   1390
0,0,0,                                                               373P   1391
0.00000000000,0.00000000000,0.00000000000,                           373P   1392
1.00000000000,1.00000000000,1.00000000000,                           373P   1393
0.00000000000,0.00000000000,1.00000000000,                           373P   1394
1.00000000000,1.00000000000,0.707106781187,                          373P   1395
1.00000000000,1.00000000000,0.707106781187,                          373P   1396
1.00000000000,0.603414014849,0.00000000000,                          373P   1397
-0.119960348564,0.603414014849,0.119960348564,                       373P   1398
-0.119960348564,0.603414014849,0.119960348564,                       373P   1399
0.00000000000,1.47999022478,0.00000000000,                           373P   1400
-0.118110236220,1.47999022478,0.118110236220,                        373P   1401
-0.118110236220,1.47999022478,0.118110236220,                        373P   1402
0.00000000000,0.00000000000,1.00000000000,                           373P   1403
0.00000000000,1.00000000000,0,0,0;                                   373P   1404
126,2,2,0,0,0,0,                                                     375P   1405
0.00000000000,0.00000000000,0.00000000000,                           375P   1406
1.00000000000,1.00000000000,1.00000000000,                           375P   1407
1.00000000000,0.707106781187,1.00000000000,                          375P   1408
0.603414014849,0.00000000000,-0.119960348564,                        375P   1409
0.603414014849,0.119960348564,-0.119960348564,                       375P   1410
0.603414014849,0.119960348564,0.00000000000,                         375P   1411
0.00000000000,1.00000000000,0.00000000000,                           375P   1412
0.00000000000,0.00000000000,0,0,0;                                   375P   1413
126,1,1,0,0,1,0,                                                     377P   1414
0.00000000000,0.00000000000,1.00000000000,                           377P   1415
1.00000000000,1.00000000000,1.00000000000,                           377P   1416
0.603414014849,0.00000000000,-0.119960348564,                        377P   1417
1.47999022478,0.00000000000,-0.118110236220,                         377P   1418
0.00000000000,1.00000000000,0.00000000000,                           377P   1419
0.00000000000,0.00000000000,0,0,0;                                   377P   1420
128,2,1,2,1,0,0,                                                     379P   1421
0,0,0,                                                               379P   1422
0.00000000000,0.00000000000,0.00000000000,                           379P   1423
1.00000000000,1.00000000000,1.00000000000,                           379P   1424
0.00000000000,0.00000000000,1.00000000000,                           379P   1425
1.00000000000,1.00000000000,0.707106781187,                          379P   1426
1.00000000000,1.00000000000,0.707106781187,                          379P   1427
1.00000000000,0.603414014849,-0.119960348564,                        379P   1428
0.00000000000,0.603414014849,-0.119960348564,                        379P   1429
-0.119960348564,0.603414014849,0.00000000000,                        379P   1430
-0.119960348564,1.47999022478,-0.118110236220,                       379P   1431
0.00000000000,1.47999022478,-0.118110236220,                         379P   1432
-0.118110236220,1.47999022478,0.00000000000,                         379P   1433
-0.118110236220,0.00000000000,1.00000000000,                         379P   1434
0.00000000000,1.00000000000,0,0,0;                                   379P   1435
126,2,2,0,0,0,0,                                                     381P   1436
0.00000000000,0.00000000000,0.00000000000,                           381P   1437
1.00000000000,1.00000000000,1.00000000000,                           381P   1438
1.00000000000,0.707106781187,1.00000000000,                          381P   1439
0.603414014849,-0.119960348564,0.00000000000,                        381P   1440
0.603414014849,-0.119960348564,-0.119960348564,                      381P   1441
0.603414014849,0.00000000000,-0.119960348564,                        381P   1442
0.00000000000,1.00000000000,0.00000000000,                           381P   1443
0.00000000000,0.00000000000,0,0,0;                                   381P   1444
126,1,1,0,0,1,0,                                                     383P   1445
0.00000000000,0.00000000000,1.00000000000,                           383P   1446
1.00000000000,1.00000000000,1.00000000000,                           383P   1447
0.603414014849,-0.119960348564,0.00000000000,                        383P   1448
1.47999022478,-0.118110236220,0.00000000000,                         383P   1449
0.00000000000,1.00000000000,0.00000000000,                           383P   1450
0.00000000000,0.00000000000,0,0,0;                                   383P   1451
128,2,1,2,1,0,0,                                                     385P   1452
0,0,0,                                                               385P   1453
0.00000000000,0.00000000000,0.00000000000,                           385P   1454
1.00000000000,1.00000000000,1.00000000000,                           385P   1455
0.00000000000,0.00000000000,1.00000000000,                           385P   1456
1.00000000000,1.00000000000,0.707106781187,                          385P   1457
1.00000000000,1.00000000000,0.707106781187,                          385P   1458
1.00000000000,0.603414014849,0.00000000000,                          385P   1459
0.119960348564,0.603414014849,-0.119960348564,                       385P   1460
0.119960348564,0.603414014849,-0.119960348564,                       385P   1461
0.00000000000,1.47999022478,0.00000000000,                           385P   1462
0.118110236220,1.47999022478,-0.118110236220,                        385P   1463
0.118110236220,1.47999022478,-0.118110236220,                        385P   1464
0.00000000000,0.00000000000,1.00000000000,                           385P   1465
0.00000000000,1.00000000000,0,0,0;                                   385P   1466
126,2,2,0,0,0,0,                                                     387P   1467
0.00000000000,0.00000000000,0.00000000000,                           387P   1468
1.00000000000,1.00000000000,1.00000000000,                           387P   1469
1.00000000000,0.707106781187,1.00000000000,                          387P   1470
0.603414014849,0.00000000000,0.119960348564,                         387P   1471
0.603414014849,-0.119960348564,0.119960348564,                       387P   1472
0.603414014849,-0.119960348564,0.00000000000,                        387P   1473
0.00000000000,1.00000000000,0.00000000000,                           387P   1474
0.00000000000,0.00000000000,0,0,0;                                   387P   1475
128,2,1,2,1,0,0,                                                     389P   1476
0,0,0,                                                               389P   1477
0.00000000000,0.00000000000,0.00000000000,                           389P   1478
1.00000000000,1.00000000000,1.00000000000,                           389P   1479
0.00000000000,0.00000000000,1.00000000000,                           389P   1480
1.00000000000,1.00000000000,0.707106781187,                          389P   1481
1.00000000000,1.00000000000,0.707106781187,                          389P   1482
1.00000000000,0.209509982124E-01,0.00000000000,                      389P   1483
0.154422153652E-02,0.209509982124E-01,-0.154422153652E-02,           389P   1484
0.154422153652E-02,0.209509982124E-01,-0.154422153652E-02,           389P   1485
0.00000000000,0.603414014849,0.00000000000,                          389P   1486
0.119960348564,0.603414014849,-0.119960348564,                       389P   1487
0.119960348564,0.603414014849,-0.119960348564,                       389P   1488
0.00000000000,0.00000000000,1.00000000000,                           389P   1489
0.00000000000,1.00000000000,0,0,0;                                   389P   1490
126,2,2,0,0,0,0,                                                     391P   1491
0.00000000000,0.00000000000,0.00000000000,                           391P   1492
1.00000000000,1.00000000000,1.00000000000,                           391P   1493
1.00000000000,0.707106781186,1.00000000000,                          391P   1494
0.209509982124E-01,0.00000000000,0.154422153652E-02,                 391P   1495
0.209509982124E-01,-0.154422153652E-02,0.154422153652E-02,           391P   1496
0.209509982124E-01,-0.154422153652E-02,0.00000000000,                391P   1497
0.00000000000,1.00000000000,0.00000000000,                           391P   1498
0.00000000000,0.00000000000,0,0,0;                                   391P   1499
126,1,1,0,0,1,0,                                                     393P   1500
0.00000000000,0.00000000000,1.00000000000,                           393P   1501
1.00000000000,1.00000000000,1.00000000000,                           393P   1502
0.209509982124E-01,-0.154422153652E-02,0.00000000000,                393P   1503
0.603414014849,-0.119960348564,0.00000000000,                        393P   1504
0.00000000000,1.00000000000,0.00000000000,                           393P   1505
0.00000000000,0.00000000000,0,0,0;                                   393P   1506
126,1,1,0,0,1,0,                                                     395P   1507
0.00000000000,0.00000000000,1.00000000000,                           395P   1508
1.00000000000,1.00000000000,1.00000000000,                           395P   1509
0.209509982124E-01,0.00000000000,0.154422153652E-02,                 395P   1510
0.603414014849,0.00000000000,0.119960348564,                         395P   1511
0.00000000000,1.00000000000,0.00000000000,                           395P   1512
0.00000000000,0.00000000000,0,0,0;                                   395P   1513
128,2,1,2,1,0,0,                                                     397P   1514
0,0,0,                                                               397P   1515
0.00000000000,0.00000000000,0.00000000000,                           397P   1516
1.00000000000,1.00000000000,1.00000000000,                           397P   1517
0.00000000000,0.00000000000,1.00000000000,                           397P   1518
1.00000000000,1.00000000000,0.707106781187,                          397P   1519
1.00000000000,1.00000000000,0.707106781187,                          397P   1520
1.00000000000,0.209509982124E-01,0.154422153652E-02,                 397P   1521
0.00000000000,0.209509982124E-01,0.154422153652E-02,                 397P   1522
0.154422153652E-02,0.209509982124E-01,0.00000000000,                 397P   1523
0.154422153652E-02,0.603414014849,0.119960348564,                    397P   1524
0.00000000000,0.603414014849,0.119960348564,                         397P   1525
0.119960348564,0.603414014849,0.00000000000,                         397P   1526
0.119960348564,0.00000000000,1.00000000000,                          397P   1527
0.00000000000,1.00000000000,0,0,0;                                   397P   1528
126,2,2,0,0,0,0,                                                     399P   1529
0.00000000000,0.00000000000,0.00000000000,                           399P   1530
1.00000000000,1.00000000000,1.00000000000,                           399P   1531
1.00000000000,0.707106781186,1.00000000000,                          399P   1532
0.209509982124E-01,0.154422153652E-02,0.00000000000,                 399P   1533
0.209509982124E-01,0.154422153652E-02,0.154422153652E-02,            399P   1534
0.209509982124E-01,0.00000000000,0.154422153652E-02,                 399P   1535
0.00000000000,1.00000000000,0.00000000000,                           399P   1536
0.00000000000,0.00000000000,0,0,0;                                   399P   1537
126,1,1,0,0,1,0,                                                     401P   1538
0.00000000000,0.00000000000,1.00000000000,                           401P   1539
1.00000000000,1.00000000000,1.00000000000,                           401P   1540
0.209509982124E-01,0.154422153652E-02,0.00000000000,                 401P   1541
0.603414014849,0.119960348564,0.00000000000,                         401P   1542
0.00000000000,1.00000000000,0.00000000000,                           401P   1543
0.00000000000,0.00000000000,0,0,0;                                   401P   1544
128,2,1,2,1,0,0,                                                     403P   1545
0,0,0,                                                               403P   1546
0.00000000000,0.00000000000,0.00000000000,                           403P   1547
1.00000000000,1.00000000000,1.00000000000,                           403P   1548
0.00000000000,0.00000000000,1.00000000000,                           403P   1549
1.00000000000,1.00000000000,0.707106781187,                          403P   1550
1.00000000000,1.00000000000,0.707106781187,                          403P   1551
1.00000000000,0.209509982124E-01,0.00000000000,                      403P   1552
-0.154422153652E-02,0.209509982124E-01,0.154422153652E-02,           403P   1553
-0.154422153652E-02,0.209509982124E-01,0.154422153652E-02,           403P   1554
0.00000000000,0.603414014849,0.00000000000,                          403P   1555
-0.119960348564,0.603414014849,0.119960348564,                       403P   1556
-0.119960348564,0.603414014849,0.119960348564,                       403P   1557
0.00000000000,0.00000000000,1.00000000000,                           403P   1558
0.00000000000,1.00000000000,0,0,0;                                   403P   1559
126,2,2,0,0,0,0,                                                     405P   1560
0.00000000000,0.00000000000,0.00000000000,                           405P   1561
1.00000000000,1.00000000000,1.00000000000,                           405P   1562
1.00000000000,0.707106781186,1.00000000000,                          405P   1563
0.209509982124E-01,0.00000000000,-0.154422153652E-02,                405P   1564
0.209509982124E-01,0.154422153652E-02,-0.154422153652E-02,           405P   1565
0.209509982124E-01,0.154422153652E-02,0.00000000000,                 405P   1566
0.00000000000,1.00000000000,0.00000000000,                           405P   1567
0.00000000000,0.00000000000,0,0,0;                                   405P   1568
126,1,1,0,0,1,0,                                                     407P   1569
0.00000000000,0.00000000000,1.00000000000,                           407P   1570
1.00000000000,1.00000000000,1.00000000000,                           407P   1571
0.209509982124E-01,0.00000000000,-0.154422153652E-02,                407P   1572
0.603414014849,0.00000000000,-0.119960348564,                        407P   1573
0.00000000000,1.00000000000,0.00000000000,                           407P   1574
0.00000000000,0.00000000000,0,0,0;                                   407P   1575
128,2,1,2,1,0,0,                                                     409P   1576
0,0,0,                                                               409P   1577
0.00000000000,0.00000000000,0.00000000000,                           409P   1578
1.00000000000,1.00000000000,1.00000000000,                           409P   1579
0.00000000000,0.00000000000,1.00000000000,                           409P   1580
1.00000000000,1.00000000000,0.707106781187,                          409P   1581
1.00000000000,1.00000000000,0.707106781187,                          409P   1582
1.00000000000,0.209509982124E-01,-0.154422153652E-02,                409P   1583
0.00000000000,0.209509982124E-01,-0.154422153652E-02,                409P   1584
-0.154422153652E-02,0.209509982124E-01,0.00000000000,                409P   1585
-0.154422153652E-02,0.603414014849,-0.119960348564,                  409P   1586
0.00000000000,0.603414014849,-0.119960348564,                        409P   1587
-0.119960348564,0.603414014849,0.00000000000,                        409P   1588
-0.119960348564,0.00000000000,1.00000000000,                         409P   1589
0.00000000000,1.00000000000,0,0,0;                                   409P   1590
126,2,2,0,0,0,0,                                                     411P   1591
0.00000000000,0.00000000000,0.00000000000,                           411P   1592
1.00000000000,1.00000000000,1.00000000000,                           411P   1593
1.00000000000,0.707106781186,1.00000000000,                          411P   1594
0.209509982124E-01,-0.154422153652E-02,0.00000000000,                411P   1595
0.209509982124E-01,-0.154422153652E-02,-0.154422153652E-02,          411P   1596
0.209509982124E-01,0.00000000000,-0.154422153652E-02,                411P   1597
0.00000000000,1.00000000000,0.00000000000,                           411P   1598
0.00000000000,0.00000000000,0,0,0;                                   411P   1599
128,2,2,2,2,0,0,                                                     413P   1600
0,0,0,                                                               413P   1601
0.00000000000,0.00000000000,0.00000000000,                           413P   1602
1.00000000000,1.00000000000,1.00000000000,                           413P   1603
0.00000000000,0.00000000000,0.00000000000,                           413P   1604
1.00000000000,1.00000000000,1.00000000000,                           413P   1605
1.00000000000,0.707106781187,1.00000000000,                          413P   1606
0.773342141338,0.546835472317,0.773342141338,                        413P   1607
1.00000000000,0.707106781187,1.00000000000,                          413P   1608
0.196850393701E-01,0.00000000000,0.00000000000,                      413P   1609
0.196850393701E-01,0.00000000000,0.00000000000,                      413P   1610
0.196850393701E-01,0.00000000000,0.00000000000,                      413P   1611
0.196850393701E-01,-0.129102976806E-02,0.00000000000,                413P   1612
0.196850393701E-01,-0.129102976806E-02,-0.129102976806E-02,          413P   1613
0.196850393701E-01,0.00000000000,-0.129102976806E-02,                413P   1614
0.209509982124E-01,-0.154422153652E-02,0.00000000000,                413P   1615
0.209509982124E-01,-0.154422153652E-02,-0.154422153652E-02,          413P   1616
0.209509982124E-01,0.00000000000,-0.154422153652E-02,                413P   1617
0.00000000000,1.00000000000,0.00000000000,                           413P   1618
1.00000000000,0,0,0;                                                 413P   1619
126,2,2,0,0,0,0,                                                     415P   1620
0.00000000000,0.00000000000,0.00000000000,                           415P   1621
1.00000000000,1.00000000000,1.00000000000,                           415P   1622
1.00000000000,0.773342141338,1.00000000000,                          415P   1623
0.196850393701E-01,0.00000000000,0.00000000000,                      415P   1624
0.196850393701E-01,0.00000000000,-0.129102976806E-02,                415P   1625
0.209509982124E-01,0.00000000000,-0.154422153652E-02,                415P   1626
0.00000000000,1.00000000000,0.00000000000,                           415P   1627
0.00000000000,0.00000000000,0,0,0;                                   415P   1628
126,2,2,0,0,0,0,                                                     417P   1629
0.00000000000,0.00000000000,0.00000000000,                           417P   1630
1.00000000000,1.00000000000,1.00000000000,                           417P   1631
1.00000000000,0.773342141338,1.00000000000,                          417P   1632
0.196850393701E-01,0.00000000000,0.00000000000,                      417P   1633
0.196850393701E-01,-0.129102976806E-02,0.00000000000,                417P   1634
0.209509982124E-01,-0.154422153652E-02,0.00000000000,                417P   1635
0.00000000000,1.00000000000,0.00000000000,                           417P   1636
0.00000000000,0.00000000000,0,0,0;                                   417P   1637
128,2,2,2,2,0,0,                                                     419P   1638
0,0,0,                                                               419P   1639
0.00000000000,0.00000000000,0.00000000000,                           419P   1640
1.00000000000,1.00000000000,1.00000000000,                           419P   1641
0.00000000000,0.00000000000,0.00000000000,                           419P   1642
1.00000000000,1.00000000000,1.00000000000,                           419P   1643
1.00000000000,0.707106781187,1.00000000000,                          419P   1644
0.773342141338,0.546835472317,0.773342141338,                        419P   1645
1.00000000000,0.707106781187,1.00000000000,                          419P   1646
0.196850393701E-01,0.00000000000,0.00000000000,                      419P   1647
0.196850393701E-01,0.00000000000,0.00000000000,                      419P   1648
0.196850393701E-01,0.00000000000,0.00000000000,                      419P   1649
0.196850393701E-01,0.00000000000,0.129102976806E-02,                 419P   1650
0.196850393701E-01,-0.129102976806E-02,0.129102976806E-02,           419P   1651
0.196850393701E-01,-0.129102976806E-02,0.00000000000,                419P   1652
0.209509982124E-01,0.00000000000,0.154422153652E-02,                 419P   1653
0.209509982124E-01,-0.154422153652E-02,0.154422153652E-02,           419P   1654
0.209509982124E-01,-0.154422153652E-02,0.00000000000,                419P   1655
0.00000000000,1.00000000000,0.00000000000,                           419P   1656
1.00000000000,0,0,0;                                                 419P   1657
126,2,2,0,0,0,0,                                                     421P   1658
0.00000000000,0.00000000000,0.00000000000,                           421P   1659
1.00000000000,1.00000000000,1.00000000000,                           421P   1660
1.00000000000,0.773342141338,1.00000000000,                          421P   1661
0.196850393701E-01,0.00000000000,0.00000000000,                      421P   1662
0.196850393701E-01,0.00000000000,0.129102976806E-02,                 421P   1663
0.209509982124E-01,0.00000000000,0.154422153652E-02,                 421P   1664
0.00000000000,1.00000000000,0.00000000000,                           421P   1665
0.00000000000,0.00000000000,0,0,0;                                   421P   1666
128,2,2,2,2,0,0,                                                     423P   1667
0,0,0,                                                               423P   1668
0.00000000000,0.00000000000,0.00000000000,                           423P   1669
1.00000000000,1.00000000000,1.00000000000,                           423P   1670
0.00000000000,0.00000000000,0.00000000000,                           423P   1671
1.00000000000,1.00000000000,1.00000000000,                           423P   1672
1.00000000000,0.707106781187,1.00000000000,                          423P   1673
0.773342141338,0.546835472317,0.773342141338,                        423P   1674
1.00000000000,0.707106781187,1.00000000000,                          423P   1675
0.196850393701E-01,0.00000000000,0.00000000000,                      423P   1676
0.196850393701E-01,0.00000000000,0.00000000000,                      423P   1677
0.196850393701E-01,0.00000000000,0.00000000000,                      423P   1678
0.196850393701E-01,0.129102976806E-02,0.00000000000,                 423P   1679
0.196850393701E-01,0.129102976806E-02,0.129102976806E-02,            423P   1680
0.196850393701E-01,0.00000000000,0.129102976806E-02,                 423P   1681
0.209509982124E-01,0.154422153652E-02,0.00000000000,                 423P   1682
0.209509982124E-01,0.154422153652E-02,0.154422153652E-02,            423P   1683
0.209509982124E-01,0.00000000000,0.154422153652E-02,                 423P   1684
0.00000000000,1.00000000000,0.00000000000,                           423P   1685
1.00000000000,0,0,0;                                                 423P   1686
126,2,2,0,0,0,0,                                                     425P   1687
0.00000000000,0.00000000000,0.00000000000,                           425P   1688
1.00000000000,1.00000000000,1.00000000000,                           425P   1689
1.00000000000,0.773342141338,1.00000000000,                          425P   1690
0.196850393701E-01,0.00000000000,0.00000000000,                      425P   1691
0.196850393701E-01,0.129102976806E-02,0.00000000000,                 425P   1692
0.209509982124E-01,0.154422153652E-02,0.00000000000,                 425P   1693
0.00000000000,1.00000000000,0.00000000000,                           425P   1694
0.00000000000,0.00000000000,0,0,0;                                   425P   1695
128,2,2,2,2,0,0,                                                     427P   1696
0,0,0,                                                               427P   1697
0.00000000000,0.00000000000,0.00000000000,                           427P   1698
1.00000000000,1.00000000000,1.00000000000,                           427P   1699
0.00000000000,0.00000000000,0.00000000000,                           427P   1700
1.00000000000,1.00000000000,1.00000000000,                           427P   1701
1.00000000000,0.707106781187,1.00000000000,                          427P   1702
0.773342141338,0.546835472317,0.773342141338,                        427P   1703
1.00000000000,0.707106781187,1.00000000000,                          427P   1704
0.196850393701E-01,0.00000000000,0.00000000000,                      427P   1705
0.196850393701E-01,0.00000000000,0.00000000000,                      427P   1706
0.196850393701E-01,0.00000000000,0.00000000000,                      427P   1707
0.196850393701E-01,0.00000000000,-0.129102976806E-02,                427P   1708
0.196850393701E-01,0.129102976806E-02,-0.129102976806E-02,           427P   1709
0.196850393701E-01,0.129102976806E-02,0.00000000000,                 427P   1710
0.209509982124E-01,0.00000000000,-0.154422153652E-02,                427P   1711
0.209509982124E-01,0.154422153652E-02,-0.154422153652E-02,           427P   1712
0.209509982124E-01,0.154422153652E-02,0.00000000000,                 427P   1713
0.00000000000,1.00000000000,0.00000000000,                           427P   1714
1.00000000000,0,0,0;                                                 427P   1715
128,1,1,1,1,0,0,                                                     429P   1716
1,0,0,                                                               429P   1717
0.00000000000,0.00000000000,1.00000000000,                           429P   1718
1.00000000000,0.00000000000,0.00000000000,                           429P   1719
1.00000000000,1.00000000000,1.00000000000,                           429P   1720
1.00000000000,1.00000000000,1.00000000000,                           429P   1721
1.47999022478,-0.196850393701,-0.157480314961,                       429P   1722
1.47999022478,0.196850393701,-0.157480314961,                        429P   1723
1.79495085471,-0.196850393701,-0.157480314961,                       429P   1724
1.79495085471,0.196850393701,-0.157480314961,                        429P   1725
0.00000000000,1.00000000000,0.00000000000,                           429P   1726
1.00000000000,0,0,0;                                                 429P   1727
126,1,1,0,0,1,0,                                                     431P   1728
0.00000000000,0.00000000000,1.00000000000,                           431P   1729
1.00000000000,1.00000000000,1.00000000000,                           431P   1730
1.67684061849,0.196850393701,-0.157480314961,                        431P   1731
1.47999022478,0.196850393701,-0.157480314961,                        431P   1732
0.00000000000,1.00000000000,0.00000000000,                           431P   1733
0.00000000000,0.00000000000,0,0,0;                                   431P   1734
126,1,1,0,0,1,0,                                                     433P   1735
0.00000000000,0.00000000000,1.00000000000,                           433P   1736
1.00000000000,1.00000000000,1.00000000000,                           433P   1737
1.47999022478,-0.196850393701,-0.157480314961,                       433P   1738
1.67684061849,-0.196850393701,-0.157480314961,                       433P   1739
0.00000000000,1.00000000000,0.00000000000,                           433P   1740
0.00000000000,0.00000000000,0,0,0;                                   433P   1741
128,1,1,1,1,0,0,                                                     435P   1742
1,0,0,                                                               435P   1743
0.00000000000,0.00000000000,1.00000000000,                           435P   1744
1.00000000000,0.00000000000,0.00000000000,                           435P   1745
1.00000000000,1.00000000000,1.00000000000,                           435P   1746
1.00000000000,1.00000000000,1.00000000000,                           435P   1747
1.47999022478,-0.393700787402,-0.157480314961,                       435P   1748
1.47999022478,0.393700787402,-0.157480314961,                        435P   1749
1.67684061849,-0.393700787402,-0.157480314961,                       435P   1750
1.67684061849,0.393700787402,-0.157480314961,                        435P   1751
0.00000000000,1.00000000000,0.00000000000,                           435P   1752
1.00000000000,0,0,0;                                                 435P   1753
126,1,1,0,0,1,0,                                                     437P   1754
0.00000000000,0.00000000000,1.00000000000,                           437P   1755
1.00000000000,1.00000000000,1.00000000000,                           437P   1756
1.47999022478,-0.393700787402,-0.157480314961,                       437P   1757
1.67684061849,-0.393700787402,-0.157480314961,                       437P   1758
0.00000000000,1.00000000000,0.00000000000,                           437P   1759
0.00000000000,0.00000000000,0,0,0;                                   437P   1760
128,1,1,1,1,0,0,                                                     439P   1761
1,0,0,                                                               439P   1762
0.00000000000,0.00000000000,1.00000000000,                           439P   1763
1.00000000000,0.00000000000,0.00000000000,                           439P   1764
1.00000000000,1.00000000000,1.00000000000,                           439P   1765
1.00000000000,1.00000000000,1.00000000000,                           439P   1766
1.47999022478,-0.393700787402,0.393700787402E-01,                    439P   1767
1.47999022478,-0.393700787402,-0.157480314961,                       439P   1768
1.67684061849,-0.393700787402,0.393700787402E-01,                    439P   1769
1.67684061849,-0.393700787402,-0.157480314961,                       439P   1770
0.00000000000,1.00000000000,0.00000000000,                           439P   1771
1.00000000000,0,0,0;                                                 439P   1772
128,1,1,1,1,0,0,                                                     441P   1773
1,0,0,                                                               441P   1774
0.00000000000,0.00000000000,1.00000000000,                           441P   1775
1.00000000000,0.00000000000,0.00000000000,                           441P   1776
1.00000000000,1.00000000000,1.00000000000,                           441P   1777
1.00000000000,1.00000000000,1.00000000000,                           441P   1778
1.47999022478,-0.393700787402,-0.157480314961,                       441P   1779
1.47999022478,0.393700787402,-0.157480314961,                        441P   1780
1.67684061849,-0.393700787402,-0.157480314961,                       441P   1781
1.67684061849,0.393700787402,-0.157480314961,                        441P   1782
0.00000000000,1.00000000000,0.00000000000,                           441P   1783
1.00000000000,0,0,0;                                                 441P   1784
126,1,1,0,0,1,0,                                                     443P   1785
0.00000000000,0.00000000000,1.00000000000,                           443P   1786
1.00000000000,1.00000000000,1.00000000000,                           443P   1787
1.47999022478,0.393700787402,-0.157480314961,                        443P   1788
1.47999022478,0.196850393701,-0.157480314961,                        443P   1789
0.00000000000,1.00000000000,0.00000000000,                           443P   1790
0.00000000000,0.00000000000,0,0,0;                                   443P   1791
126,1,1,0,0,1,0,                                                     445P   1792
0.00000000000,0.00000000000,1.00000000000,                           445P   1793
1.00000000000,1.00000000000,1.00000000000,                           445P   1794
1.67684061849,0.393700787402,-0.157480314961,                        445P   1795
1.47999022478,0.393700787402,-0.157480314961,                        445P   1796
0.00000000000,1.00000000000,0.00000000000,                           445P   1797
0.00000000000,0.00000000000,0,0,0;                                   445P   1798
126,1,1,0,0,1,0,                                                     447P   1799
0.00000000000,0.00000000000,1.00000000000,                           447P   1800
1.00000000000,1.00000000000,1.00000000000,                           447P   1801
1.67684061849,0.393700787402,-0.157480314961,                        447P   1802
1.67684061849,0.196850393701,-0.157480314961,                        447P   1803
0.00000000000,1.00000000000,0.00000000000,                           447P   1804
0.00000000000,0.00000000000,0,0,0;                                   447P   1805
128,1,1,1,1,0,0,                                                     449P   1806
1,0,0,                                                               449P   1807
0.00000000000,0.00000000000,1.00000000000,                           449P   1808
1.00000000000,0.00000000000,0.00000000000,                           449P   1809
1.00000000000,1.00000000000,1.00000000000,                           449P   1810
1.00000000000,1.00000000000,1.00000000000,                           449P   1811
1.67684061849,-0.393700787402,0.393700787402E-01,                    449P   1812
1.67684061849,0.393700787402,0.393700787402E-01,                     449P   1813
1.67684061849,-0.393700787402,-0.157480314961,                       449P   1814
1.67684061849,0.393700787402,-0.157480314961,                        449P   1815
0.00000000000,1.00000000000,0.00000000000,                           449P   1816
1.00000000000,0,0,0;                                                 449P   1817
126,1,1,0,0,1,0,                                                     451P   1818
0.00000000000,0.00000000000,1.00000000000,                           451P   1819
1.00000000000,1.00000000000,1.00000000000,                           451P   1820
1.67684061849,0.393700787402,0.393700787402E-01,                     451P   1821
1.67684061849,0.393700787402,-0.157480314961,                        451P   1822
0.00000000000,1.00000000000,0.00000000000,                           451P   1823
0.00000000000,0.00000000000,0,0,0;                                   451P   1824
126,1,1,0,0,1,0,                                                     453P   1825
0.00000000000,0.00000000000,1.00000000000,                           453P   1826
1.00000000000,1.00000000000,1.00000000000,                           453P   1827
1.67684061849,0.393700787402,0.393700787402E-01,                     453P   1828
1.67684061849,0.196850393701,0.393700787402E-01,                     453P   1829
0.00000000000,1.00000000000,0.00000000000,                           453P   1830
0.00000000000,0.00000000000,0,0,0;                                   453P   1831
128,1,1,1,1,0,0,                                                     455P   1832
1,0,0,                                                               455P   1833
0.00000000000,0.00000000000,1.00000000000,                           455P   1834
1.00000000000,0.00000000000,0.00000000000,                           455P   1835
1.00000000000,1.00000000000,1.00000000000,                           455P   1836
1.00000000000,1.00000000000,1.00000000000,                           455P   1837
1.47999022478,0.393700787402,0.393700787402E-01,                     455P   1838
1.67684061849,0.393700787402,0.393700787402E-01,                     455P   1839
1.47999022478,0.393700787402,-0.157480314961,                        455P   1840
1.67684061849,0.393700787402,-0.157480314961,                        455P   1841
0.00000000000,1.00000000000,0.00000000000,                           455P   1842
1.00000000000,0,0,0;                                                 455P   1843
126,1,1,0,0,1,0,                                                     457P   1844
0.00000000000,0.00000000000,1.00000000000,                           457P   1845
1.00000000000,1.00000000000,1.00000000000,                           457P   1846
1.67684061849,0.393700787402,0.393700787402E-01,                     457P   1847
1.47999022478,0.393700787402,0.393700787402E-01,                     457P   1848
0.00000000000,1.00000000000,0.00000000000,                           457P   1849
0.00000000000,0.00000000000,0,0,0;                                   457P   1850
126,1,1,0,0,1,0,                                                     459P   1851
0.00000000000,0.00000000000,1.00000000000,                           459P   1852
1.00000000000,1.00000000000,1.00000000000,                           459P   1853
1.47999022478,0.393700787402,0.393700787402E-01,                     459P   1854
1.47999022478,0.393700787402,-0.157480314961,                        459P   1855
0.00000000000,1.00000000000,0.00000000000,                           459P   1856
0.00000000000,0.00000000000,0,0,0;                                   459P   1857
128,1,1,1,1,0,0,                                                     461P   1858
1,0,0,                                                               461P   1859
0.00000000000,0.00000000000,1.00000000000,                           461P   1860
1.00000000000,0.00000000000,0.00000000000,                           461P   1861
1.00000000000,1.00000000000,1.00000000000,                           461P   1862
1.00000000000,1.00000000000,1.00000000000,                           461P   1863
1.47999022478,-0.393700787402,0.393700787402E-01,                    461P   1864
1.47999022478,0.393700787402,0.393700787402E-01,                     461P   1865
1.47999022478,-0.393700787402,-0.157480314961,                       461P   1866
1.47999022478,0.393700787402,-0.157480314961,                        461P   1867
0.00000000000,1.00000000000,0.00000000000,                           461P   1868
1.00000000000,0,0,0;                                                 461P   1869
126,1,1,0,0,1,0,                                                     463P   1870
0.00000000000,0.00000000000,1.00000000000,                           463P   1871
1.00000000000,1.00000000000,1.00000000000,                           463P   1872
1.47999022478,0.393700787402,0.393700787402E-01,                     463P   1873
1.47999022478,0.196850393701,0.393700787402E-01,                     463P   1874
0.00000000000,1.00000000000,0.00000000000,                           463P   1875
0.00000000000,0.00000000000,0,0,0;                                   463P   1876
128,1,1,1,1,0,0,                                                     465P   1877
1,0,0,                                                               465P   1878
0.00000000000,0.00000000000,1.00000000000,                           465P   1879
1.00000000000,0.00000000000,0.00000000000,                           465P   1880
1.00000000000,1.00000000000,1.00000000000,                           465P   1881
1.00000000000,1.00000000000,1.00000000000,                           465P   1882
1.47999022478,-0.393700787402,0.393700787402E-01,                    465P   1883
1.67684061849,-0.393700787402,0.393700787402E-01,                    465P   1884
1.47999022478,0.393700787402,0.393700787402E-01,                     465P   1885
1.67684061849,0.393700787402,0.393700787402E-01,                     465P   1886
0.00000000000,1.00000000000,0.00000000000,                           465P   1887
1.00000000000,0,0,0;                                                 465P   1888
126,1,1,0,0,1,0,                                                     467P   1889
0.00000000000,0.00000000000,1.00000000000,                           467P   1890
1.00000000000,1.00000000000,1.00000000000,                           467P   1891
1.47999022478,0.196850393701,0.393700787402E-01,                     467P   1892
1.67684061849,0.196850393701,0.393700787402E-01,                     467P   1893
0.00000000000,1.00000000000,0.00000000000,                           467P   1894
0.00000000000,0.00000000000,0,0,0;                                   467P   1895
128,1,1,1,1,0,0,                                                     469P   1896
1,0,0,                                                               469P   1897
0.00000000000,0.00000000000,1.00000000000,                           469P   1898
1.00000000000,0.00000000000,0.00000000000,                           469P   1899
1.00000000000,1.00000000000,1.00000000000,                           469P   1900
1.00000000000,1.00000000000,1.00000000000,                           469P   1901
1.47999022478,0.196850393701,0.157480314961,                         469P   1902
1.79495085471,0.196850393701,0.157480314961,                         469P   1903
1.47999022478,0.196850393701,-0.157480314961,                        469P   1904
1.79495085471,0.196850393701,-0.157480314961,                        469P   1905
0.00000000000,1.00000000000,0.00000000000,                           469P   1906
1.00000000000,0,0,0;                                                 469P   1907
502,35,1.67684061849,-0.196850393701,                                471P   1908
-0.157480314961,1.67684061849,-0.196850393701,                       471P   1909
0.393700787402E-01,1.67684061849,-0.393700787402,                    471P   1910
0.393700787402E-01,1.67684061849,-0.393700787402,                    471P   1911
-0.157480314961,1.67684061849,0.196850393701,                        471P   1912
0.393700787402E-01,1.67684061849,0.196850393701,                     471P   1913
-0.157480314961,1.67684061849,0.196850393701,                        471P   1914
0.157480314961,1.67684061849,-0.196850393701,                        471P   1915
0.157480314961,1.47999022478,-0.196850393701,                        471P   1916
0.157480314961,1.47999022478,0.196850393701,                         471P   1917
0.157480314961,1.47999022478,0.196850393701,                         471P   1918
0.393700787402E-01,1.47999022478,0.111355398612,                     471P   1919
0.393700787402E-01,1.47999022478,0.00000000000,                      471P   1920
0.118110236220,1.47999022478,-0.111355398612,                        471P   1921
0.393700787402E-01,1.47999022478,-0.196850393701,                    471P   1922
0.393700787402E-01,1.47999022478,-0.393700787402,                    471P   1923
0.393700787402E-01,1.47999022478,-0.196850393701,                    471P   1924
-0.157480314961,1.47999022478,-0.393700787402,                       471P   1925
-0.157480314961,1.47999022478,0.196850393701,                        471P   1926
-0.157480314961,1.47999022478,-0.118110236220,                       471P   1927
0.00000000000,1.47999022478,0.00000000000,                           471P   1928
-0.118110236220,1.47999022478,0.118110236220,                        471P   1929
0.00000000000,0.603414014849,0.119960348564,                         471P   1930
0.00000000000,0.603414014849,0.00000000000,                          471P   1931
0.119960348564,0.603414014849,0.00000000000,                         471P   1932
-0.119960348564,0.603414014849,-0.119960348564,                      471P   1933
0.00000000000,0.209509982124E-01,0.00000000000,                      471P   1934
0.154422153652E-02,0.209509982124E-01,-0.154422153652E-02,           471P   1935
0.00000000000,0.209509982124E-01,0.154422153652E-02,                 471P   1936
0.00000000000,0.209509982124E-01,0.00000000000,                      471P   1937
-0.154422153652E-02,0.196850393701E-01,0.00000000000,                471P   1938
0.00000000000,1.47999022478,0.393700787402,                          471P   1939
-0.157480314961,1.67684061849,0.393700787402,                        471P   1940
-0.157480314961,1.67684061849,0.393700787402,                        471P   1941
0.393700787402E-01,1.47999022478,0.393700787402,                     471P   1942
0.393700787402E-01,0,0;                                              471P   1943
504,63,287,471,1,471,2,                                              473P   1944
289,471,2,471,3,                                                     473P   1945
291,471,3,471,4,                                                     473P   1946
293,471,4,471,1,                                                     473P   1947
297,471,5,471,2,                                                     473P   1948
299,471,1,471,6,                                                     473P   1949
301,471,6,471,5,                                                     473P   1950
305,471,7,471,8,                                                     473P   1951
307,471,8,471,2,                                                     473P   1952
309,471,5,471,7,                                                     473P   1953
313,471,9,471,8,                                                     473P   1954
315,471,7,471,10,                                                    473P   1955
317,471,10,471,9,                                                    473P   1956
321,471,10,471,11,                                                   473P   1957
323,471,11,471,12,                                                   473P   1958
325,471,12,471,13,                                                   473P   1959
327,471,13,471,14,                                                   473P   1960
329,471,14,471,15,                                                   473P   1961
331,471,15,471,9,                                                    473P   1962
335,471,15,471,2,                                                    473P   1963
339,471,16,471,3,                                                    473P   1964
341,471,15,471,16,                                                   473P   1965
345,471,17,471,18,                                                   473P   1966
347,471,18,471,16,                                                   473P   1967
349,471,15,471,17,                                                   473P   1968
353,471,11,471,19,                                                   473P   1969
355,471,19,471,17,                                                   473P   1970
357,471,14,471,20,                                                   473P   1971
359,471,20,471,21,                                                   473P   1972
361,471,21,471,22,                                                   473P   1973
363,471,22,471,12,                                                   473P   1974
367,471,23,471,24,                                                   473P   1975
369,471,24,471,13,                                                   473P   1976
371,471,22,471,23,                                                   473P   1977
375,471,25,471,23,                                                   473P   1978
377,471,21,471,25,                                                   473P   1979
381,471,26,471,25,                                                   473P   1980
383,471,20,471,26,                                                   473P   1981
387,471,24,471,26,                                                   473P   1982
391,471,27,471,28,                                                   473P   1983
393,471,28,471,26,                                                   473P   1984
395,471,24,471,27,                                                   473P   1985
399,471,29,471,27,                                                   473P   1986
401,471,23,471,29,                                                   473P   1987
405,471,30,471,29,                                                   473P   1988
407,471,25,471,30,                                                   473P   1989
411,471,28,471,30,                                                   473P   1990
415,471,31,471,30,                                                   473P   1991
417,471,28,471,31,                                                   473P   1992
421,471,27,471,31,                                                   473P   1993
425,471,29,471,31,                                                   473P   1994
431,471,19,471,6,                                                    473P   1995
433,471,1,471,17,                                                    473P   1996
437,471,4,471,18,                                                    473P   1997
443,471,19,471,32,                                                   473P   1998
445,471,32,471,33,                                                   473P   1999
447,471,33,471,6,                                                    473P   2000
451,471,33,471,34,                                                   473P   2001
453,471,34,471,5,                                                    473P   2002
457,471,35,471,34,                                                   473P   2003
459,471,32,471,35,                                                   473P   2004
463,471,11,471,35,                                                   473P   2005
467,471,11,471,5;                                                    473P   2006
508,4,0,473,1,0,0,                                                   475P   2007
0,473,2,1,0,                                                         475P   2008
0,473,3,1,0,                                                         475P   2009
0,473,4,0,0;                                                         475P   2010
510,285,1,1,475,0,0;                                                 477P   2011
508,4,0,473,5,1,0,                                                   479P   2012
0,473,1,1,0,                                                         479P   2013
0,473,6,0,0,                                                         479P   2014
0,473,7,0,0;                                                         479P   2015
510,295,1,1,479,0,0;                                                 481P   2016
508,4,0,473,8,0,0,                                                   483P   2017
0,473,9,1,0,                                                         483P   2018
0,473,5,0,0,                                                         483P   2019
0,473,10,0,0;                                                        483P   2020
510,303,1,1,483,0,0;                                                 485P   2021
508,4,0,473,11,1,0,                                                  487P   2022
0,473,8,1,0,                                                         487P   2023
0,473,12,1,0,                                                        487P   2024
0,473,13,1,0;                                                        487P   2025
510,311,1,1,487,0,0;                                                 489P   2026
508,7,0,473,13,0,0,                                                  491P   2027
0,473,14,1,0,                                                        491P   2028
0,473,15,1,0,                                                        491P   2029
0,473,16,1,0,                                                        491P   2030
0,473,17,1,0,                                                        491P   2031
0,473,18,1,0,                                                        491P   2032
0,473,19,0,0;                                                        491P   2033
510,319,1,1,491,0,0;                                                 493P   2034
508,4,0,473,19,1,0,                                                  495P   2035
0,473,20,0,0,                                                        495P   2036
0,473,9,0,0,                                                         495P   2037
0,473,11,0,0;                                                        495P   2038
510,333,1,1,495,0,0;                                                 497P   2039
508,4,0,473,21,1,0,                                                  499P   2040
0,473,2,0,0,                                                         499P   2041
0,473,20,1,0,                                                        499P   2042
0,473,22,1,0;                                                        499P   2043
510,337,1,1,499,0,0;                                                 501P   2044
508,4,0,473,23,1,0,                                                  503P   2045
0,473,24,0,0,                                                        503P   2046
0,473,22,0,0,                                                        503P   2047
0,473,25,1,0;                                                        503P   2048
510,343,1,1,503,0,0;                                                 505P   2049
508,9,0,473,26,1,0,                                                  507P   2050
0,473,27,1,0,                                                        507P   2051
0,473,25,0,0,                                                        507P   2052
0,473,18,0,0,                                                        507P   2053
0,473,28,1,0,                                                        507P   2054
0,473,29,1,0,                                                        507P   2055
0,473,30,1,0,                                                        507P   2056
0,473,31,1,0,                                                        507P   2057
0,473,15,0,0;                                                        507P   2058
510,351,1,1,507,0,0;                                                 509P   2059
508,5,0,473,32,1,0,                                                  511P   2060
0,473,33,1,0,                                                        511P   2061
0,473,16,0,0,                                                        511P   2062
0,473,31,0,0,                                                        511P   2063
0,473,34,0,0;                                                        511P   2064
510,365,1,1,511,0,0;                                                 513P   2065
508,4,0,473,35,1,0,                                                  515P   2066
0,473,34,1,0,                                                        515P   2067
0,473,30,0,0,                                                        515P   2068
0,473,36,0,0;                                                        515P   2069
510,373,1,1,515,0,0;                                                 517P   2070
508,4,0,473,37,1,0,                                                  519P   2071
0,473,36,1,0,                                                        519P   2072
0,473,29,0,0,                                                        519P   2073
0,473,38,0,0;                                                        519P   2074
510,379,1,1,519,0,0;                                                 521P   2075
508,5,0,473,39,1,0,                                                  523P   2076
0,473,38,1,0,                                                        523P   2077
0,473,28,0,0,                                                        523P   2078
0,473,17,0,0,                                                        523P   2079
0,473,33,0,0;                                                        523P   2080
510,385,1,1,523,0,0;                                                 525P   2081
508,4,0,473,40,1,0,                                                  527P   2082
0,473,41,1,0,                                                        527P   2083
0,473,39,0,0,                                                        527P   2084
0,473,42,0,0;                                                        527P   2085
510,389,1,1,527,0,0;                                                 529P   2086
508,4,0,473,43,1,0,                                                  531P   2087
0,473,42,1,0,                                                        531P   2088
0,473,32,0,0,                                                        531P   2089
0,473,44,0,0;                                                        531P   2090
510,397,1,1,531,0,0;                                                 533P   2091
508,4,0,473,45,1,0,                                                  535P   2092
0,473,44,1,0,                                                        535P   2093
0,473,35,0,0,                                                        535P   2094
0,473,46,0,0;                                                        535P   2095
510,403,1,1,535,0,0;                                                 537P   2096
508,4,0,473,47,1,0,                                                  539P   2097
0,473,46,1,0,                                                        539P   2098
0,473,37,0,0,                                                        539P   2099
0,473,41,0,0;                                                        539P   2100
510,409,1,1,539,0,0;                                                 541P   2101
508,3,0,473,48,1,0,                                                  543P   2102
0,473,47,0,0,                                                        543P   2103
0,473,49,0,0;                                                        543P   2104
510,413,1,1,543,0,0;                                                 545P   2105
508,3,0,473,49,1,0,                                                  547P   2106
0,473,40,0,0,                                                        547P   2107
0,473,50,0,0;                                                        547P   2108
510,419,1,1,547,0,0;                                                 549P   2109
508,3,0,473,50,1,0,                                                  551P   2110
0,473,43,0,0,                                                        551P   2111
0,473,51,0,0;                                                        551P   2112
510,423,1,1,551,0,0;                                                 553P   2113
508,3,0,473,51,1,0,                                                  555P   2114
0,473,45,0,0,                                                        555P   2115
0,473,48,0,0;                                                        555P   2116
510,427,1,1,555,0,0;                                                 557P   2117
508,4,0,473,27,0,0,                                                  559P   2118
0,473,52,0,0,                                                        559P   2119
0,473,6,1,0,                                                         559P   2120
0,473,53,0,0;                                                        559P   2121
510,429,1,1,559,0,0;                                                 561P   2122
508,4,0,473,4,1,0,                                                   563P   2123
0,473,54,0,0,                                                        563P   2124
0,473,23,0,0,                                                        563P   2125
0,473,53,1,0;                                                        563P   2126
510,435,1,1,563,0,0;                                                 565P   2127
508,4,0,473,24,1,0,                                                  567P   2128
0,473,54,1,0,                                                        567P   2129
0,473,3,0,0,                                                         567P   2130
0,473,21,0,0;                                                        567P   2131
510,439,1,1,567,0,0;                                                 569P   2132
508,4,0,473,55,0,0,                                                  571P   2133
0,473,56,0,0,                                                        571P   2134
0,473,57,1,0,                                                        571P   2135
0,473,52,1,0;                                                        571P   2136
510,441,1,1,571,0,0;                                                 573P   2137
508,4,0,473,7,1,0,                                                   575P   2138
0,473,57,0,0,                                                        575P   2139
0,473,58,0,0,                                                        575P   2140
0,473,59,1,0;                                                        575P   2141
510,449,1,1,575,0,0;                                                 577P   2142
508,4,0,473,60,0,0,                                                  579P   2143
0,473,58,1,0,                                                        579P   2144
0,473,56,1,0,                                                        579P   2145
0,473,61,0,0;                                                        579P   2146
510,455,1,1,579,0,0;                                                 581P   2147
508,4,0,473,62,0,0,                                                  583P   2148
0,473,61,1,0,                                                        583P   2149
0,473,55,1,0,                                                        583P   2150
0,473,26,0,0;                                                        583P   2151
510,461,1,1,583,0,0;                                                 585P   2152
508,4,0,473,59,0,0,                                                  587P   2153
0,473,60,1,0,                                                        587P   2154
0,473,62,1,0,                                                        587P   2155
0,473,63,1,0;                                                        587P   2156
510,465,1,1,587,0,0;                                                 589P   2157
508,4,0,473,14,0,0,                                                  591P   2158
0,473,12,0,0,                                                        591P   2159
0,473,10,1,0,                                                        591P   2160
0,473,63,0,0;                                                        591P   2161
510,469,1,1,591,0,0;                                                 593P   2162
514,30,477,0,481,0,485,0,489,1,                                      595P   2163
493,1,497,1,501,1,505,1,509,1,                                       595P   2164
513,1,517,1,521,1,525,1,529,1,                                       595P   2165
533,1,537,1,541,1,545,1,549,1,                                       595P   2166
553,1,557,1,561,1,565,1,569,1,                                       595P   2167
573,1,577,0,581,1,585,1,589,1,                                       595P   2168
593,1,0,0,0,0,0,0,0,0;                                               595P   2169
186,595,1,0,0,0,0;                                                   597P   2170
128,1,1,1,1,0,0,                                                     599P   2171
1,0,0,                                                               599P   2172
0.00000000000,0.00000000000,1.00000000000,                           599P   2173
1.00000000000,0.00000000000,0.00000000000,                           599P   2174
1.00000000000,1.00000000000,1.00000000000,                           599P   2175
1.00000000000,1.00000000000,1.00000000000,                           599P   2176
1.67684061849,-0.196850393701,0.236220472441,                        599P   2177
1.67684061849,0.196850393701,0.236220472441,                         599P   2178
1.67684061849,-0.196850393701,-0.157480314961,                       599P   2179
1.67684061849,0.196850393701,-0.157480314961,                        599P   2180
0.00000000000,1.00000000000,0.00000000000,                           599P   2181
1.00000000000,0,0,0;                                                 599P   2182
126,1,1,0,0,1,0,                                                     601P   2183
0.00000000000,0.00000000000,1.00000000000,                           601P   2184
1.00000000000,1.00000000000,1.00000000000,                           601P   2185
1.67684061849,0.196850393701,0.393700787402E-01,                     601P   2186
1.67684061849,0.196850393701,-0.157480314961,                        601P   2187
0.00000000000,1.00000000000,0.00000000000,                           601P   2188
0.00000000000,0.00000000000,0,0,0;                                   601P   2189
126,1,1,0,0,1,0,                                                     603P   2190
0.00000000000,0.00000000000,1.00000000000,                           603P   2191
1.00000000000,1.00000000000,1.00000000000,                           603P   2192
1.67684061849,0.196850393701,-0.157480314961,                        603P   2193
1.67684061849,-0.196850393701,-0.157480314961,                       603P   2194
0.00000000000,1.00000000000,0.00000000000,                           603P   2195
0.00000000000,0.00000000000,0,0,0;                                   603P   2196
126,1,1,0,0,1,0,                                                     605P   2197
0.00000000000,0.00000000000,1.00000000000,                           605P   2198
1.00000000000,1.00000000000,1.00000000000,                           605P   2199
1.67684061849,-0.196850393701,0.393700787402E-01,                    605P   2200
1.67684061849,-0.196850393701,-0.157480314961,                       605P   2201
0.00000000000,1.00000000000,0.00000000000,                           605P   2202
0.00000000000,0.00000000000,0,0,0;                                   605P   2203
126,1,1,0,0,1,0,                                                     607P   2204
0.00000000000,0.00000000000,1.00000000000,                           607P   2205
1.00000000000,1.00000000000,1.00000000000,                           607P   2206
1.67684061849,0.196850393701,0.393700787402E-01,                     607P   2207
1.67684061849,-0.196850393701,0.393700787402E-01,                    607P   2208
0.00000000000,1.00000000000,0.00000000000,                           607P   2209
0.00000000000,0.00000000000,0,0,0;                                   607P   2210
128,1,1,1,1,0,0,                                                     609P   2211
1,0,0,                                                               609P   2212
0.00000000000,0.00000000000,1.00000000000,                           609P   2213
1.00000000000,0.00000000000,0.00000000000,                           609P   2214
1.00000000000,1.00000000000,1.00000000000,                           609P   2215
1.00000000000,1.00000000000,1.00000000000,                           609P   2216
1.68471463423,-0.196850393701,0.236220472441,                        609P   2217
1.68471463423,-0.196850393701,-0.157480314961,                       609P   2218
1.68471463423,0.196850393701,0.236220472441,                         609P   2219
1.68471463423,0.196850393701,-0.157480314961,                        609P   2220
0.00000000000,1.00000000000,0.00000000000,                           609P   2221
1.00000000000,0,0,0;                                                 609P   2222
126,1,1,0,0,1,0,                                                     611P   2223
0.00000000000,0.00000000000,1.00000000000,                           611P   2224
1.00000000000,1.00000000000,1.00000000000,                           611P   2225
1.68471463423,-0.196850393701,-0.157480314961,                       611P   2226
1.68471463423,-0.196850393701,0.393700787402E-01,                    611P   2227
0.00000000000,1.00000000000,0.00000000000,                           611P   2228
0.00000000000,0.00000000000,0,0,0;                                   611P   2229
126,1,1,0,0,1,0,                                                     613P   2230
0.00000000000,0.00000000000,1.00000000000,                           613P   2231
1.00000000000,1.00000000000,1.00000000000,                           613P   2232
1.68471463423,-0.196850393701,-0.157480314961,                       613P   2233
1.68471463423,0.196850393701,-0.157480314961,                        613P   2234
0.00000000000,1.00000000000,0.00000000000,                           613P   2235
0.00000000000,0.00000000000,0,0,0;                                   613P   2236
126,1,1,0,0,1,0,                                                     615P   2237
0.00000000000,0.00000000000,1.00000000000,                           615P   2238
1.00000000000,1.00000000000,1.00000000000,                           615P   2239
1.68471463423,0.196850393701,-0.157480314961,                        615P   2240
1.68471463423,0.196850393701,0.393700787402E-01,                     615P   2241
0.00000000000,1.00000000000,0.00000000000,                           615P   2242
0.00000000000,0.00000000000,0,0,0;                                   615P   2243
126,1,1,0,0,1,0,                                                     617P   2244
0.00000000000,0.00000000000,1.00000000000,                           617P   2245
1.00000000000,1.00000000000,1.00000000000,                           617P   2246
1.68471463423,-0.196850393701,0.393700787402E-01,                    617P   2247
1.68471463423,0.196850393701,0.393700787402E-01,                     617P   2248
0.00000000000,1.00000000000,0.00000000000,                           617P   2249
0.00000000000,0.00000000000,0,0,0;                                   617P   2250
128,1,1,1,1,0,0,                                                     619P   2251
1,0,0,                                                               619P   2252
0.00000000000,0.00000000000,1.00000000000,                           619P   2253
1.00000000000,0.00000000000,0.00000000000,                           619P   2254
1.00000000000,1.00000000000,1.00000000000,                           619P   2255
1.00000000000,1.00000000000,1.00000000000,                           619P   2256
1.67684061849,-0.196850393701,-0.157480314961,                       619P   2257
1.67684061849,0.196850393701,-0.157480314961,                        619P   2258
1.68471463423,-0.196850393701,-0.157480314961,                       619P   2259
1.68471463423,0.196850393701,-0.157480314961,                        619P   2260
0.00000000000,1.00000000000,0.00000000000,                           619P   2261
1.00000000000,0,0,0;                                                 619P   2262
126,1,1,0,0,1,0,                                                     621P   2263
0.00000000000,0.00000000000,1.00000000000,                           621P   2264
1.00000000000,1.00000000000,1.00000000000,                           621P   2265
1.68471463423,0.196850393701,-0.157480314961,                        621P   2266
1.67684061849,0.196850393701,-0.157480314961,                        621P   2267
0.00000000000,1.00000000000,0.00000000000,                           621P   2268
0.00000000000,0.00000000000,0,0,0;                                   621P   2269
126,1,1,0,0,1,0,                                                     623P   2270
0.00000000000,0.00000000000,1.00000000000,                           623P   2271
1.00000000000,1.00000000000,1.00000000000,                           623P   2272
1.67684061849,-0.196850393701,-0.157480314961,                       623P   2273
1.68471463423,-0.196850393701,-0.157480314961,                       623P   2274
0.00000000000,1.00000000000,0.00000000000,                           623P   2275
0.00000000000,0.00000000000,0,0,0;                                   623P   2276
128,1,1,1,1,0,0,                                                     625P   2277
1,0,0,                                                               625P   2278
0.00000000000,0.00000000000,1.00000000000,                           625P   2279
1.00000000000,0.00000000000,0.00000000000,                           625P   2280
1.00000000000,1.00000000000,1.00000000000,                           625P   2281
1.00000000000,1.00000000000,1.00000000000,                           625P   2282
1.67684061849,-0.196850393701,0.236220472441,                        625P   2283
1.67684061849,-0.196850393701,-0.157480314961,                       625P   2284
1.68471463423,-0.196850393701,0.236220472441,                        625P   2285
1.68471463423,-0.196850393701,-0.157480314961,                       625P   2286
0.00000000000,1.00000000000,0.00000000000,                           625P   2287
1.00000000000,0,0,0;                                                 625P   2288
126,1,1,0,0,1,0,                                                     627P   2289
0.00000000000,0.00000000000,1.00000000000,                           627P   2290
1.00000000000,1.00000000000,1.00000000000,                           627P   2291
1.67684061849,-0.196850393701,0.236220472441,                        627P   2292
1.67684061849,-0.196850393701,0.393700787402E-01,                    627P   2293
0.00000000000,1.00000000000,0.00000000000,                           627P   2294
0.00000000000,0.00000000000,0,0,0;                                   627P   2295
126,1,1,0,0,1,0,                                                     629P   2296
0.00000000000,0.00000000000,1.00000000000,                           629P   2297
1.00000000000,1.00000000000,1.00000000000,                           629P   2298
1.68471463423,-0.196850393701,0.393700787402E-01,                    629P   2299
1.67684061849,-0.196850393701,0.393700787402E-01,                    629P   2300
0.00000000000,1.00000000000,0.00000000000,                           629P   2301
0.00000000000,0.00000000000,0,0,0;                                   629P   2302
126,1,1,0,0,1,0,                                                     631P   2303
0.00000000000,0.00000000000,1.00000000000,                           631P   2304
1.00000000000,1.00000000000,1.00000000000,                           631P   2305
1.68471463423,-0.196850393701,0.393700787402E-01,                    631P   2306
1.68471463423,-0.196850393701,0.236220472441,                        631P   2307
0.00000000000,1.00000000000,0.00000000000,                           631P   2308
0.00000000000,0.00000000000,0,0,0;                                   631P   2309
126,1,1,0,0,1,0,                                                     633P   2310
0.00000000000,0.00000000000,1.00000000000,                           633P   2311
1.00000000000,1.00000000000,1.00000000000,                           633P   2312
1.67684061849,-0.196850393701,0.236220472441,                        633P   2313
1.68471463423,-0.196850393701,0.236220472441,                        633P   2314
0.00000000000,1.00000000000,0.00000000000,                           633P   2315
0.00000000000,0.00000000000,0,0,0;                                   633P   2316
128,1,1,1,1,0,0,                                                     635P   2317
1,0,0,                                                               635P   2318
0.00000000000,0.00000000000,1.00000000000,                           635P   2319
1.00000000000,0.00000000000,0.00000000000,                           635P   2320
1.00000000000,1.00000000000,1.00000000000,                           635P   2321
1.00000000000,1.00000000000,1.00000000000,                           635P   2322
1.67684061849,-0.196850393701,0.236220472441,                        635P   2323
1.68471463423,-0.196850393701,0.236220472441,                        635P   2324
1.67684061849,0.196850393701,0.236220472441,                         635P   2325
1.68471463423,0.196850393701,0.236220472441,                         635P   2326
0.00000000000,1.00000000000,0.00000000000,                           635P   2327
1.00000000000,0,0,0;                                                 635P   2328
126,1,1,0,0,1,0,                                                     637P   2329
0.00000000000,0.00000000000,1.00000000000,                           637P   2330
1.00000000000,1.00000000000,1.00000000000,                           637P   2331
1.68471463423,-0.196850393701,0.236220472441,                        637P   2332
1.68471463423,0.196850393701,0.236220472441,                         637P   2333
0.00000000000,1.00000000000,0.00000000000,                           637P   2334
0.00000000000,0.00000000000,0,0,0;                                   637P   2335
126,1,1,0,0,1,0,                                                     639P   2336
0.00000000000,0.00000000000,1.00000000000,                           639P   2337
1.00000000000,1.00000000000,1.00000000000,                           639P   2338
1.68471463423,0.196850393701,0.236220472441,                         639P   2339
1.67684061849,0.196850393701,0.236220472441,                         639P   2340
0.00000000000,1.00000000000,0.00000000000,                           639P   2341
0.00000000000,0.00000000000,0,0,0;                                   639P   2342
126,1,1,0,0,1,0,                                                     641P   2343
0.00000000000,0.00000000000,1.00000000000,                           641P   2344
1.00000000000,1.00000000000,1.00000000000,                           641P   2345
1.67684061849,0.196850393701,0.236220472441,                         641P   2346
1.67684061849,-0.196850393701,0.236220472441,                        641P   2347
0.00000000000,1.00000000000,0.00000000000,                           641P   2348
0.00000000000,0.00000000000,0,0,0;                                   641P   2349
128,1,1,1,1,0,0,                                                     643P   2350
1,0,0,                                                               643P   2351
0.00000000000,0.00000000000,1.00000000000,                           643P   2352
1.00000000000,0.00000000000,0.00000000000,                           643P   2353
1.00000000000,1.00000000000,1.00000000000,                           643P   2354
1.00000000000,1.00000000000,1.00000000000,                           643P   2355
1.67684061849,-0.196850393701,0.236220472441,                        643P   2356
1.67684061849,0.196850393701,0.236220472441,                         643P   2357
1.67684061849,-0.196850393701,-0.157480314961,                       643P   2358
1.67684061849,0.196850393701,-0.157480314961,                        643P   2359
0.00000000000,1.00000000000,0.00000000000,                           643P   2360
1.00000000000,0,0,0;                                                 643P   2361
126,1,1,0,0,1,0,                                                     645P   2362
0.00000000000,0.00000000000,1.00000000000,                           645P   2363
1.00000000000,1.00000000000,1.00000000000,                           645P   2364
1.67684061849,0.196850393701,0.236220472441,                         645P   2365
1.67684061849,0.196850393701,0.393700787402E-01,                     645P   2366
0.00000000000,1.00000000000,0.00000000000,                           645P   2367
0.00000000000,0.00000000000,0,0,0;                                   645P   2368
128,1,1,1,1,0,0,                                                     647P   2369
1,0,0,                                                               647P   2370
0.00000000000,0.00000000000,1.00000000000,                           647P   2371
1.00000000000,0.00000000000,0.00000000000,                           647P   2372
1.00000000000,1.00000000000,1.00000000000,                           647P   2373
1.00000000000,1.00000000000,1.00000000000,                           647P   2374
1.67684061849,0.196850393701,0.236220472441,                         647P   2375
1.68471463423,0.196850393701,0.236220472441,                         647P   2376
1.67684061849,0.196850393701,-0.157480314961,                        647P   2377
1.68471463423,0.196850393701,-0.157480314961,                        647P   2378
0.00000000000,1.00000000000,0.00000000000,                           647P   2379
1.00000000000,0,0,0;                                                 647P   2380
126,1,1,0,0,1,0,                                                     649P   2381
0.00000000000,0.00000000000,1.00000000000,                           649P   2382
1.00000000000,1.00000000000,1.00000000000,                           649P   2383
1.68471463423,0.196850393701,0.393700787402E-01,                     649P   2384
1.68471463423,0.196850393701,0.236220472441,                         649P   2385
0.00000000000,1.00000000000,0.00000000000,                           649P   2386
0.00000000000,0.00000000000,0,0,0;                                   649P   2387
126,1,1,0,0,1,0,                                                     651P   2388
0.00000000000,0.00000000000,1.00000000000,                           651P   2389
1.00000000000,1.00000000000,1.00000000000,                           651P   2390
1.67684061849,0.196850393701,0.393700787402E-01,                     651P   2391
1.68471463423,0.196850393701,0.393700787402E-01,                     651P   2392
0.00000000000,1.00000000000,0.00000000000,                           651P   2393
0.00000000000,0.00000000000,0,0,0;                                   651P   2394
128,1,1,1,1,0,0,                                                     653P   2395
1,0,0,                                                               653P   2396
0.00000000000,0.00000000000,1.00000000000,                           653P   2397
1.00000000000,0.00000000000,0.00000000000,                           653P   2398
1.00000000000,1.00000000000,1.00000000000,                           653P   2399
1.00000000000,1.00000000000,1.00000000000,                           653P   2400
1.68471463423,-0.196850393701,0.236220472441,                        653P   2401
1.68471463423,-0.196850393701,-0.157480314961,                       653P   2402
1.68471463423,0.196850393701,0.236220472441,                         653P   2403
1.68471463423,0.196850393701,-0.157480314961,                        653P   2404
0.00000000000,1.00000000000,0.00000000000,                           653P   2405
1.00000000000,0,0,0;                                                 653P   2406
128,1,1,1,1,0,0,                                                     655P   2407
1,0,0,                                                               655P   2408
0.00000000000,0.00000000000,1.00000000000,                           655P   2409
1.00000000000,0.00000000000,0.00000000000,                           655P   2410
1.00000000000,1.00000000000,1.00000000000,                           655P   2411
1.00000000000,1.00000000000,1.00000000000,                           655P   2412
1.67684061849,-0.393700787402,0.393700787402E-01,                    655P   2413
1.68471463423,-0.393700787402,0.393700787402E-01,                    655P   2414
1.67684061849,0.393700787402,0.393700787402E-01,                     655P   2415
1.68471463423,0.393700787402,0.393700787402E-01,                     655P   2416
0.00000000000,1.00000000000,0.00000000000,                           655P   2417
1.00000000000,0,0,0;                                                 655P   2418
126,1,1,0,0,1,0,                                                     657P   2419
0.00000000000,0.00000000000,1.00000000000,                           657P   2420
1.00000000000,1.00000000000,1.00000000000,                           657P   2421
1.67684061849,-0.393700787402,0.393700787402E-01,                    657P   2422
1.68471463423,-0.393700787402,0.393700787402E-01,                    657P   2423
0.00000000000,1.00000000000,0.00000000000,                           657P   2424
0.00000000000,0.00000000000,0,0,0;                                   657P   2425
126,1,1,0,0,1,0,                                                     659P   2426
0.00000000000,0.00000000000,1.00000000000,                           659P   2427
1.00000000000,1.00000000000,1.00000000000,                           659P   2428
1.68471463423,-0.393700787402,0.393700787402E-01,                    659P   2429
1.68471463423,-0.196850393701,0.393700787402E-01,                    659P   2430
0.00000000000,1.00000000000,0.00000000000,                           659P   2431
0.00000000000,0.00000000000,0,0,0;                                   659P   2432
126,1,1,0,0,1,0,                                                     661P   2433
0.00000000000,0.00000000000,1.00000000000,                           661P   2434
1.00000000000,1.00000000000,1.00000000000,                           661P   2435
1.67684061849,-0.196850393701,0.393700787402E-01,                    661P   2436
1.67684061849,-0.393700787402,0.393700787402E-01,                    661P   2437
0.00000000000,1.00000000000,0.00000000000,                           661P   2438
0.00000000000,0.00000000000,0,0,0;                                   661P   2439
128,1,1,1,1,0,0,                                                     663P   2440
1,0,0,                                                               663P   2441
0.00000000000,0.00000000000,1.00000000000,                           663P   2442
1.00000000000,0.00000000000,0.00000000000,                           663P   2443
1.00000000000,1.00000000000,1.00000000000,                           663P   2444
1.00000000000,1.00000000000,1.00000000000,                           663P   2445
1.67684061849,-0.393700787402,0.393700787402E-01,                    663P   2446
1.67684061849,0.393700787402,0.393700787402E-01,                     663P   2447
1.67684061849,-0.393700787402,-0.157480314961,                       663P   2448
1.67684061849,0.393700787402,-0.157480314961,                        663P   2449
0.00000000000,1.00000000000,0.00000000000,                           663P   2450
1.00000000000,0,0,0;                                                 663P   2451
126,1,1,0,0,1,0,                                                     665P   2452
0.00000000000,0.00000000000,1.00000000000,                           665P   2453
1.00000000000,1.00000000000,1.00000000000,                           665P   2454
1.67684061849,-0.196850393701,-0.157480314961,                       665P   2455
1.67684061849,-0.393700787402,-0.157480314961,                       665P   2456
0.00000000000,1.00000000000,0.00000000000,                           665P   2457
0.00000000000,0.00000000000,0,0,0;                                   665P   2458
126,1,1,0,0,1,0,                                                     667P   2459
0.00000000000,0.00000000000,1.00000000000,                           667P   2460
1.00000000000,1.00000000000,1.00000000000,                           667P   2461
1.67684061849,-0.393700787402,0.393700787402E-01,                    667P   2462
1.67684061849,-0.393700787402,-0.157480314961,                       667P   2463
0.00000000000,1.00000000000,0.00000000000,                           667P   2464
0.00000000000,0.00000000000,0,0,0;                                   667P   2465
128,1,1,1,1,0,0,                                                     669P   2466
1,0,0,                                                               669P   2467
0.00000000000,0.00000000000,1.00000000000,                           669P   2468
1.00000000000,0.00000000000,0.00000000000,                           669P   2469
1.00000000000,1.00000000000,1.00000000000,                           669P   2470
1.00000000000,1.00000000000,1.00000000000,                           669P   2471
1.67684061849,-0.393700787402,0.393700787402E-01,                    669P   2472
1.67684061849,-0.393700787402,-0.157480314961,                       669P   2473
1.68471463423,-0.393700787402,0.393700787402E-01,                    669P   2474
1.68471463423,-0.393700787402,-0.157480314961,                       669P   2475
0.00000000000,1.00000000000,0.00000000000,                           669P   2476
1.00000000000,0,0,0;                                                 669P   2477
126,1,1,0,0,1,0,                                                     671P   2478
0.00000000000,0.00000000000,1.00000000000,                           671P   2479
1.00000000000,1.00000000000,1.00000000000,                           671P   2480
1.67684061849,-0.393700787402,-0.157480314961,                       671P   2481
1.68471463423,-0.393700787402,-0.157480314961,                       671P   2482
0.00000000000,1.00000000000,0.00000000000,                           671P   2483
0.00000000000,0.00000000000,0,0,0;                                   671P   2484
126,1,1,0,0,1,0,                                                     673P   2485
0.00000000000,0.00000000000,1.00000000000,                           673P   2486
1.00000000000,1.00000000000,1.00000000000,                           673P   2487
1.68471463423,-0.393700787402,-0.157480314961,                       673P   2488
1.68471463423,-0.393700787402,0.393700787402E-01,                    673P   2489
0.00000000000,1.00000000000,0.00000000000,                           673P   2490
0.00000000000,0.00000000000,0,0,0;                                   673P   2491
128,1,1,1,1,0,0,                                                     675P   2492
1,0,0,                                                               675P   2493
0.00000000000,0.00000000000,1.00000000000,                           675P   2494
1.00000000000,0.00000000000,0.00000000000,                           675P   2495
1.00000000000,1.00000000000,1.00000000000,                           675P   2496
1.00000000000,1.00000000000,1.00000000000,                           675P   2497
1.68471463423,-0.393700787402,0.393700787402E-01,                    675P   2498
1.68471463423,-0.393700787402,-0.157480314961,                       675P   2499
1.68471463423,0.393700787402,0.393700787402E-01,                     675P   2500
1.68471463423,0.393700787402,-0.157480314961,                        675P   2501
0.00000000000,1.00000000000,0.00000000000,                           675P   2502
1.00000000000,0,0,0;                                                 675P   2503
126,1,1,0,0,1,0,                                                     677P   2504
0.00000000000,0.00000000000,1.00000000000,                           677P   2505
1.00000000000,1.00000000000,1.00000000000,                           677P   2506
1.68471463423,-0.393700787402,-0.157480314961,                       677P   2507
1.68471463423,-0.196850393701,-0.157480314961,                       677P   2508
0.00000000000,1.00000000000,0.00000000000,                           677P   2509
0.00000000000,0.00000000000,0,0,0;                                   677P   2510
128,1,1,1,1,0,0,                                                     679P   2511
1,0,0,                                                               679P   2512
0.00000000000,0.00000000000,1.00000000000,                           679P   2513
1.00000000000,0.00000000000,0.00000000000,                           679P   2514
1.00000000000,1.00000000000,1.00000000000,                           679P   2515
1.00000000000,1.00000000000,1.00000000000,                           679P   2516
1.67684061849,-0.393700787402,-0.157480314961,                       679P   2517
1.67684061849,0.393700787402,-0.157480314961,                        679P   2518
1.68471463423,-0.393700787402,-0.157480314961,                       679P   2519
1.68471463423,0.393700787402,-0.157480314961,                        679P   2520
0.00000000000,1.00000000000,0.00000000000,                           679P   2521
1.00000000000,0,0,0;                                                 679P   2522
128,1,1,1,1,0,0,                                                     681P   2523
1,0,0,                                                               681P   2524
0.00000000000,0.00000000000,1.00000000000,                           681P   2525
1.00000000000,0.00000000000,0.00000000000,                           681P   2526
1.00000000000,1.00000000000,1.00000000000,                           681P   2527
1.00000000000,1.00000000000,1.00000000000,                           681P   2528
1.67684061849,-0.393700787402,0.393700787402E-01,                    681P   2529
1.68471463423,-0.393700787402,0.393700787402E-01,                    681P   2530
1.67684061849,0.393700787402,0.393700787402E-01,                     681P   2531
1.68471463423,0.393700787402,0.393700787402E-01,                     681P   2532
0.00000000000,1.00000000000,0.00000000000,                           681P   2533
1.00000000000,0,0,0;                                                 681P   2534
126,1,1,0,0,1,0,                                                     683P   2535
0.00000000000,0.00000000000,1.00000000000,                           683P   2536
1.00000000000,1.00000000000,1.00000000000,                           683P   2537
1.68471463423,0.196850393701,0.393700787402E-01,                     683P   2538
1.68471463423,0.393700787402,0.393700787402E-01,                     683P   2539
0.00000000000,1.00000000000,0.00000000000,                           683P   2540
0.00000000000,0.00000000000,0,0,0;                                   683P   2541
126,1,1,0,0,1,0,                                                     685P   2542
0.00000000000,0.00000000000,1.00000000000,                           685P   2543
1.00000000000,1.00000000000,1.00000000000,                           685P   2544
1.68471463423,0.393700787402,0.393700787402E-01,                     685P   2545
1.67684061849,0.393700787402,0.393700787402E-01,                     685P   2546
0.00000000000,1.00000000000,0.00000000000,                           685P   2547
0.00000000000,0.00000000000,0,0,0;                                   685P   2548
126,1,1,0,0,1,0,                                                     687P   2549
0.00000000000,0.00000000000,1.00000000000,                           687P   2550
1.00000000000,1.00000000000,1.00000000000,                           687P   2551
1.67684061849,0.393700787402,0.393700787402E-01,                     687P   2552
1.67684061849,0.196850393701,0.393700787402E-01,                     687P   2553
0.00000000000,1.00000000000,0.00000000000,                           687P   2554
0.00000000000,0.00000000000,0,0,0;                                   687P   2555
128,1,1,1,1,0,0,                                                     689P   2556
1,0,0,                                                               689P   2557
0.00000000000,0.00000000000,1.00000000000,                           689P   2558
1.00000000000,0.00000000000,0.00000000000,                           689P   2559
1.00000000000,1.00000000000,1.00000000000,                           689P   2560
1.00000000000,1.00000000000,1.00000000000,                           689P   2561
1.67684061849,-0.393700787402,0.393700787402E-01,                    689P   2562
1.67684061849,0.393700787402,0.393700787402E-01,                     689P   2563
1.67684061849,-0.393700787402,-0.157480314961,                       689P   2564
1.67684061849,0.393700787402,-0.157480314961,                        689P   2565
0.00000000000,1.00000000000,0.00000000000,                           689P   2566
1.00000000000,0,0,0;                                                 689P   2567
126,1,1,0,0,1,0,                                                     691P   2568
0.00000000000,0.00000000000,1.00000000000,                           691P   2569
1.00000000000,1.00000000000,1.00000000000,                           691P   2570
1.67684061849,0.393700787402,0.393700787402E-01,                     691P   2571
1.67684061849,0.393700787402,-0.157480314961,                        691P   2572
0.00000000000,1.00000000000,0.00000000000,                           691P   2573
0.00000000000,0.00000000000,0,0,0;                                   691P   2574
126,1,1,0,0,1,0,                                                     693P   2575
0.00000000000,0.00000000000,1.00000000000,                           693P   2576
1.00000000000,1.00000000000,1.00000000000,                           693P   2577
1.67684061849,0.393700787402,-0.157480314961,                        693P   2578
1.67684061849,0.196850393701,-0.157480314961,                        693P   2579
0.00000000000,1.00000000000,0.00000000000,                           693P   2580
0.00000000000,0.00000000000,0,0,0;                                   693P   2581
128,1,1,1,1,0,0,                                                     695P   2582
1,0,0,                                                               695P   2583
0.00000000000,0.00000000000,1.00000000000,                           695P   2584
1.00000000000,0.00000000000,0.00000000000,                           695P   2585
1.00000000000,1.00000000000,1.00000000000,                           695P   2586
1.00000000000,1.00000000000,1.00000000000,                           695P   2587
1.67684061849,-0.393700787402,-0.157480314961,                       695P   2588
1.67684061849,0.393700787402,-0.157480314961,                        695P   2589
1.68471463423,-0.393700787402,-0.157480314961,                       695P   2590
1.68471463423,0.393700787402,-0.157480314961,                        695P   2591
0.00000000000,1.00000000000,0.00000000000,                           695P   2592
1.00000000000,0,0,0;                                                 695P   2593
126,1,1,0,0,1,0,                                                     697P   2594
0.00000000000,0.00000000000,1.00000000000,                           697P   2595
1.00000000000,1.00000000000,1.00000000000,                           697P   2596
1.68471463423,0.393700787402,-0.157480314961,                        697P   2597
1.67684061849,0.393700787402,-0.157480314961,                        697P   2598
0.00000000000,1.00000000000,0.00000000000,                           697P   2599
0.00000000000,0.00000000000,0,0,0;                                   697P   2600
126,1,1,0,0,1,0,                                                     699P   2601
0.00000000000,0.00000000000,1.00000000000,                           699P   2602
1.00000000000,1.00000000000,1.00000000000,                           699P   2603
1.68471463423,0.196850393701,-0.157480314961,                        699P   2604
1.68471463423,0.393700787402,-0.157480314961,                        699P   2605
0.00000000000,1.00000000000,0.00000000000,                           699P   2606
0.00000000000,0.00000000000,0,0,0;                                   699P   2607
128,1,1,1,1,0,0,                                                     701P   2608
1,0,0,                                                               701P   2609
0.00000000000,0.00000000000,1.00000000000,                           701P   2610
1.00000000000,0.00000000000,0.00000000000,                           701P   2611
1.00000000000,1.00000000000,1.00000000000,                           701P   2612
1.00000000000,1.00000000000,1.00000000000,                           701P   2613
1.68471463423,-0.393700787402,0.393700787402E-01,                    701P   2614
1.68471463423,-0.393700787402,-0.157480314961,                       701P   2615
1.68471463423,0.393700787402,0.393700787402E-01,                     701P   2616
1.68471463423,0.393700787402,-0.157480314961,                        701P   2617
0.00000000000,1.00000000000,0.00000000000,                           701P   2618
1.00000000000,0,0,0;                                                 701P   2619
126,1,1,0,0,1,0,                                                     703P   2620
0.00000000000,0.00000000000,1.00000000000,                           703P   2621
1.00000000000,1.00000000000,1.00000000000,                           703P   2622
1.68471463423,0.393700787402,-0.157480314961,                        703P   2623
1.68471463423,0.393700787402,0.393700787402E-01,                     703P   2624
0.00000000000,1.00000000000,0.00000000000,                           703P   2625
0.00000000000,0.00000000000,0,0,0;                                   703P   2626
128,1,1,1,1,0,0,                                                     705P   2627
1,0,0,                                                               705P   2628
0.00000000000,0.00000000000,1.00000000000,                           705P   2629
1.00000000000,0.00000000000,0.00000000000,                           705P   2630
1.00000000000,1.00000000000,1.00000000000,                           705P   2631
1.00000000000,1.00000000000,1.00000000000,                           705P   2632
1.67684061849,0.393700787402,0.393700787402E-01,                     705P   2633
1.68471463423,0.393700787402,0.393700787402E-01,                     705P   2634
1.67684061849,0.393700787402,-0.157480314961,                        705P   2635
1.68471463423,0.393700787402,-0.157480314961,                        705P   2636
0.00000000000,1.00000000000,0.00000000000,                           705P   2637
1.00000000000,0,0,0;                                                 705P   2638
502,20,1.67684061849,0.196850393701,                                 707P   2639
0.393700787402E-01,1.67684061849,0.196850393701,                     707P   2640
-0.157480314961,1.67684061849,-0.196850393701,                       707P   2641
-0.157480314961,1.67684061849,-0.196850393701,                       707P   2642
0.393700787402E-01,1.68471463423,-0.196850393701,                    707P   2643
0.393700787402E-01,1.68471463423,-0.196850393701,                    707P   2644
-0.157480314961,1.68471463423,0.196850393701,                        707P   2645
-0.157480314961,1.68471463423,0.196850393701,                        707P   2646
0.393700787402E-01,1.67684061849,-0.196850393701,                    707P   2647
0.236220472441,1.68471463423,-0.196850393701,                        707P   2648
0.236220472441,1.68471463423,0.196850393701,                         707P   2649
0.236220472441,1.67684061849,0.196850393701,                         707P   2650
0.236220472441,1.67684061849,-0.393700787402,                        707P   2651
0.393700787402E-01,1.68471463423,-0.393700787402,                    707P   2652
0.393700787402E-01,1.67684061849,-0.393700787402,                    707P   2653
-0.157480314961,1.68471463423,-0.393700787402,                       707P   2654
-0.157480314961,1.68471463423,0.393700787402,                        707P   2655
0.393700787402E-01,1.67684061849,0.393700787402,                     707P   2656
0.393700787402E-01,1.67684061849,0.393700787402,                     707P   2657
-0.157480314961,1.68471463423,0.393700787402,                        707P   2658
-0.157480314961,0,0;                                                 707P   2659
504,36,601,707,1,707,2,                                              709P   2660
603,707,2,707,3,                                                     709P   2661
605,707,3,707,4,                                                     709P   2662
607,707,4,707,1,                                                     709P   2663
611,707,5,707,6,                                                     709P   2664
613,707,6,707,7,                                                     709P   2665
615,707,7,707,8,                                                     709P   2666
617,707,8,707,5,                                                     709P   2667
621,707,2,707,7,                                                     709P   2668
623,707,6,707,3,                                                     709P   2669
627,707,9,707,4,                                                     709P   2670
629,707,4,707,5,                                                     709P   2671
631,707,5,707,10,                                                    709P   2672
633,707,10,707,9,                                                    709P   2673
637,707,10,707,11,                                                   709P   2674
639,707,11,707,12,                                                   709P   2675
641,707,12,707,9,                                                    709P   2676
645,707,12,707,1,                                                    709P   2677
649,707,11,707,8,                                                    709P   2678
651,707,8,707,1,                                                     709P   2679
657,707,13,707,14,                                                   709P   2680
659,707,14,707,5,                                                    709P   2681
661,707,4,707,13,                                                    709P   2682
665,707,3,707,15,                                                    709P   2683
667,707,15,707,13,                                                   709P   2684
671,707,15,707,16,                                                   709P   2685
673,707,16,707,14,                                                   709P   2686
677,707,16,707,6,                                                    709P   2687
683,707,8,707,17,                                                    709P   2688
685,707,17,707,18,                                                   709P   2689
687,707,18,707,1,                                                    709P   2690
691,707,18,707,19,                                                   709P   2691
693,707,19,707,2,                                                    709P   2692
697,707,19,707,20,                                                   709P   2693
699,707,20,707,7,                                                    709P   2694
703,707,20,707,17;                                                   709P   2695
508,4,0,709,1,1,0,                                                   711P   2696
0,709,2,1,0,                                                         711P   2697
0,709,3,0,0,                                                         711P   2698
0,709,4,0,0;                                                         711P   2699
510,599,1,1,711,0,0;                                                 713P   2700
508,4,0,709,5,0,0,                                                   715P   2701
0,709,6,1,0,                                                         715P   2702
0,709,7,1,0,                                                         715P   2703
0,709,8,0,0;                                                         715P   2704
510,609,1,1,715,0,0;                                                 717P   2705
508,4,0,709,2,0,0,                                                   719P   2706
0,709,9,0,0,                                                         719P   2707
0,709,6,0,0,                                                         719P   2708
0,709,10,0,0;                                                        719P   2709
510,619,1,1,719,0,0;                                                 721P   2710
508,4,0,709,11,1,0,                                                  723P   2711
0,709,12,0,0,                                                        723P   2712
0,709,13,1,0,                                                        723P   2713
0,709,14,0,0;                                                        723P   2714
510,625,1,1,723,0,0;                                                 725P   2715
508,4,0,709,14,1,0,                                                  727P   2716
0,709,15,1,0,                                                        727P   2717
0,709,16,1,0,                                                        727P   2718
0,709,17,1,0;                                                        727P   2719
510,635,1,1,727,0,0;                                                 729P   2720
508,4,0,709,17,0,0,                                                  731P   2721
0,709,18,1,0,                                                        731P   2722
0,709,4,1,0,                                                         731P   2723
0,709,11,0,0;                                                        731P   2724
510,643,1,1,731,0,0;                                                 733P   2725
508,4,0,709,16,0,0,                                                  735P   2726
0,709,19,0,0,                                                        735P   2727
0,709,20,0,0,                                                        735P   2728
0,709,18,0,0;                                                        735P   2729
510,647,1,1,735,0,0;                                                 737P   2730
508,4,0,709,19,1,0,                                                  739P   2731
0,709,15,0,0,                                                        739P   2732
0,709,13,0,0,                                                        739P   2733
0,709,8,1,0;                                                         739P   2734
510,653,1,1,739,0,0;                                                 741P   2735
508,4,0,709,21,1,0,                                                  743P   2736
0,709,22,1,0,                                                        743P   2737
0,709,12,1,0,                                                        743P   2738
0,709,23,1,0;                                                        743P   2739
510,655,1,1,743,0,0;                                                 745P   2740
508,4,0,709,24,1,0,                                                  747P   2741
0,709,25,0,0,                                                        747P   2742
0,709,23,0,0,                                                        747P   2743
0,709,3,1,0;                                                         747P   2744
510,663,1,1,747,0,0;                                                 749P   2745
508,4,0,709,25,1,0,                                                  751P   2746
0,709,26,1,0,                                                        751P   2747
0,709,27,1,0,                                                        751P   2748
0,709,21,0,0;                                                        751P   2749
510,669,1,1,751,0,0;                                                 753P   2750
508,4,0,709,27,0,0,                                                  755P   2751
0,709,28,1,0,                                                        755P   2752
0,709,5,1,0,                                                         755P   2753
0,709,22,0,0;                                                        755P   2754
510,675,1,1,755,0,0;                                                 757P   2755
508,4,0,709,28,0,0,                                                  759P   2756
0,709,26,0,0,                                                        759P   2757
0,709,24,0,0,                                                        759P   2758
0,709,10,1,0;                                                        759P   2759
510,679,1,1,759,0,0;                                                 761P   2760
508,4,0,709,29,1,0,                                                  763P   2761
0,709,30,1,0,                                                        763P   2762
0,709,31,1,0,                                                        763P   2763
0,709,20,1,0;                                                        763P   2764
510,681,1,1,763,0,0;                                                 765P   2765
508,4,0,709,31,0,0,                                                  767P   2766
0,709,32,1,0,                                                        767P   2767
0,709,33,1,0,                                                        767P   2768
0,709,1,0,0;                                                         767P   2769
510,689,1,1,767,0,0;                                                 769P   2770
508,4,0,709,33,0,0,                                                  771P   2771
0,709,34,0,0,                                                        771P   2772
0,709,35,0,0,                                                        771P   2773
0,709,9,1,0;                                                         771P   2774
510,695,1,1,771,0,0;                                                 773P   2775
508,4,0,709,35,1,0,                                                  775P   2776
0,709,36,1,0,                                                        775P   2777
0,709,29,0,0,                                                        775P   2778
0,709,7,0,0;                                                         775P   2779
510,701,1,1,775,0,0;                                                 777P   2780
508,4,0,709,30,0,0,                                                  779P   2781
0,709,36,0,0,                                                        779P   2782
0,709,34,1,0,                                                        779P   2783
0,709,32,0,0;                                                        779P   2784
510,705,1,1,779,0,0;                                                 781P   2785
514,18,713,1,717,1,721,1,725,1,                                      783P   2786
729,1,733,1,737,1,741,1,745,1,                                       783P   2787
749,1,753,1,757,1,761,1,765,1,                                       783P   2788
769,1,773,1,777,1,781,1,0,0;                                         783P   2789
186,783,1,0,0,0,0;                                                   785P   2790
S      1G      3D    786P   2790                                        T      1
