                                                                        S      1
1H,,1H;,,**HG:\my_workspace\code\FEM_sim\magnetic_sim\ANSYS\main\IGES_c,G      1
5HANSYS,22H  25.2      UP20250519,,,,,,,1.0,1,,,,13H000708.135652,      G      2
1.0000E-04,,,,9,,;                                                      G      3
     128       1       0       0       0       0       0       000010001D      1
     128       0       0      12       1       0       0 SURFACE       0D      2
     126      13       0       0       0       0       0       000010001D      3
     126       0       0       7       1       0       0B-SPLINE       0D      4
     126      20       0       0       0       0       0       000010001D      5
     126       0       0       7       1       0       0B-SPLINE       0D      6
     126      27       0       0       0       0       0       000010001D      7
     126       0       0       7       1       0       0B-SPLINE       0D      8
     126      34       0       0       0       0       0       000010001D      9
     126       0       0       7       1       0       0B-SPLINE       0D     10
     128      41       0       0       0       0       0       000010001D     11
     128       0       0      12       1       0       0 SURFACE       0D     12
     126      53       0       0       0       0       0       000010001D     13
     126       0       0       7       1       0       0B-SPLINE       0D     14
     126      60       0       0       0       0       0       000010001D     15
     126       0       0       7       1       0       0B-SPLINE       0D     16
     126      67       0       0       0       0       0       000010001D     17
     126       0       0       7       1       0       0B-SPLINE       0D     18
     126      74       0       0       0       0       0       000010001D     19
     126       0       0       7       1       0       0B-SPLINE       0D     20
     128      81       0       0       0       0       0       000010001D     21
     128       0       0      12       1       0       0 SURFACE       0D     22
     126      93       0       0       0       0       0       000010001D     23
     126       0       0       7       1       0       0B-SPLINE       0D     24
     126     100       0       0       0       0       0       000010001D     25
     126       0       0       7       1       0       0B-SPLINE       0D     26
     128     107       0       0       0       0       0       000010001D     27
     128       0       0      12       1       0       0 SURFACE       0D     28
     126     119       0       0       0       0       0       000010001D     29
     126       0       0       7       1       0       0B-SPLINE       0D     30
     126     126       0       0       0       0       0       000010001D     31
     126       0       0       7       1       0       0B-SPLINE       0D     32
     128     133       0       0       0       0       0       000010001D     33
     128       0       0      12       1       0       0 SURFACE       0D     34
     128     145       0       0       0       0       0       000010001D     35
     128       0       0      12       1       0       0 SURFACE       0D     36
     502     157       0       0       0       0       0       000010001D     37
     502       0       0       9       1       0       0  VERTEX       0D     38
     504     166       0       0       0       0       0       000010001D     39
     504       0       0      12       1       0       0    EDGE       0D     40
     508     178       0       0       0       0       0       000010001D     41
     508       0       0       4       1       0       0    LOOP       0D     42
     510     182       0       0       0       0       0       000010001D     43
     510       0       0       1       1       0       0    FACE       0D     44
     508     183       0       0       0       0       0       000010001D     45
     508       0       0       4       1       0       0    LOOP       0D     46
     510     187       0       0       0       0       0       000010001D     47
     510       0       0       1       1       0       0    FACE       0D     48
     508     188       0       0       0       0       0       000010001D     49
     508       0       0       4       1       0       0    LOOP       0D     50
     510     192       0       0       0       0       0       000010001D     51
     510       0       0       1       1       0       0    FACE       0D     52
     508     193       0       0       0       0       0       000010001D     53
     508       0       0       4       1       0       0    LOOP       0D     54
     510     197       0       0       0       0       0       000010001D     55
     510       0       0       1       1       0       0    FACE       0D     56
     508     198       0       0       0       0       0       000010001D     57
     508       0       0       4       1       0       0    LOOP       0D     58
     510     202       0       0       0       0       0       000010001D     59
     510       0       0       1       1       0       0    FACE       0D     60
     508     203       0       0       0       0       0       000010001D     61
     508       0       0       4       1       0       0    LOOP       0D     62
     510     207       0       0       0       0       0       000010001D     63
     510       0       0       1       1       0       0    FACE       0D     64
     514     208       0       0       0       0       0       000010001D     65
     514       0       0       2       1       0       0   SHELL       0D     66
     186     210       0       0       0       0       0       000000001D     67
     186       0       0       1       0       0       0   B-REP       0D     68
     128     211       0       0       0       0       0       000010001D     69
     128       0       0      12       1       0       0 SURFACE       0D     70
     126     223       0       0       0       0       0       000010001D     71
     126       0       0       7       1       0       0B-SPLINE       0D     72
     126     230       0       0       0       0       0       000010001D     73
     126       0       0       7       1       0       0B-SPLINE       0D     74
     126     237       0       0       0       0       0       000010001D     75
     126       0       0       7       1       0       0B-SPLINE       0D     76
     126     244       0       0       0       0       0       000010001D     77
     126       0       0       7       1       0       0B-SPLINE       0D     78
     128     251       0       0       0       0       0       000010001D     79
     128       0       0      12       1       0       0 SURFACE       0D     80
     126     263       0       0       0       0       0       000010001D     81
     126       0       0       7       1       0       0B-SPLINE       0D     82
     126     270       0       0       0       0       0       000010001D     83
     126       0       0       7       1       0       0B-SPLINE       0D     84
     126     277       0       0       0       0       0       000010001D     85
     126       0       0       7       1       0       0B-SPLINE       0D     86
     126     284       0       0       0       0       0       000010001D     87
     126       0       0       7       1       0       0B-SPLINE       0D     88
     126     291       0       0       0       0       0       000010001D     89
     126       0       0       7       1       0       0B-SPLINE       0D     90
     126     298       0       0       0       0       0       000010001D     91
     126       0       0       7       1       0       0B-SPLINE       0D     92
     128     305       0       0       0       0       0       000010001D     93
     128       0       0      12       1       0       0 SURFACE       0D     94
     126     317       0       0       0       0       0       000010001D     95
     126       0       0       9       2       0       0B-SPLINE       0D     96
     126     326       0       0       0       0       0       000010001D     97
     126       0       0       7       1       0       0B-SPLINE       0D     98
     128     333       0       0       0       0       0       000010001D     99
     128       0       0      12       1       0       0 SURFACE       0D    100
     126     345       0       0       0       0       0       000010001D    101
     126       0       0       7       1       0       0B-SPLINE       0D    102
     126     352       0       0       0       0       0       000010001D    103
     126       0       0       7       1       0       0B-SPLINE       0D    104
     126     359       0       0       0       0       0       000010001D    105
     126       0       0       7       1       0       0B-SPLINE       0D    106
     128     366       0       0       0       0       0       000010001D    107
     128       0       0      12       1       0       0 SURFACE       0D    108
     126     378       0       0       0       0       0       000010001D    109
     126       0       0       7       1       0       0B-SPLINE       0D    110
     126     385       0       0       0       0       0       000010001D    111
     126       0       0       7       1       0       0B-SPLINE       0D    112
     126     392       0       0       0       0       0       000010001D    113
     126       0       0       7       1       0       0B-SPLINE       0D    114
     128     399       0       0       0       0       0       000010001D    115
     128       0       0      12       1       0       0 SURFACE       0D    116
     126     411       0       0       0       0       0       000010001D    117
     126       0       0       7       1       0       0B-SPLINE       0D    118
     126     418       0       0       0       0       0       000010001D    119
     126       0       0       7       1       0       0B-SPLINE       0D    120
     126     425       0       0       0       0       0       000010001D    121
     126       0       0       9       2       0       0B-SPLINE       0D    122
     126     434       0       0       0       0       0       000010001D    123
     126       0       0       9       2       0       0B-SPLINE       0D    124
     126     443       0       0       0       0       0       000010001D    125
     126       0       0       7       1       0       0B-SPLINE       0D    126
     126     450       0       0       0       0       0       000010001D    127
     126       0       0       7       1       0       0B-SPLINE       0D    128
     128     457       0       0       0       0       0       000010001D    129
     128       0       0      12       1       0       0 SURFACE       0D    130
     126     469       0       0       0       0       0       000010001D    131
     126       0       0       7       1       0       0B-SPLINE       0D    132
     126     476       0       0       0       0       0       000010001D    133
     126       0       0       7       1       0       0B-SPLINE       0D    134
     128     483       0       0       0       0       0       000010001D    135
     128       0       0      12       1       0       0 SURFACE       0D    136
     126     495       0       0       0       0       0       000010001D    137
     126       0       0       7       1       0       0B-SPLINE       0D    138
     128     502       0       0       0       0       0       000010001D    139
     128       0       0      12       1       0       0 SURFACE       0D    140
     126     514       0       0       0       0       0       000010001D    141
     126       0       0       7       1       0       0B-SPLINE       0D    142
     126     521       0       0       0       0       0       000010001D    143
     126       0       0       7       1       0       0B-SPLINE       0D    144
     126     528       0       0       0       0       0       000010001D    145
     126       0       0       7       1       0       0B-SPLINE       0D    146
     128     535       0       0       0       0       0       000010001D    147
     128       0       0      12       1       0       0 SURFACE       0D    148
     126     547       0       0       0       0       0       000010001D    149
     126       0       0       7       1       0       0B-SPLINE       0D    150
     126     554       0       0       0       0       0       000010001D    151
     126       0       0       7       1       0       0B-SPLINE       0D    152
     128     561       0       0       0       0       0       000010001D    153
     128       0       0      12       1       0       0 SURFACE       0D    154
     126     573       0       0       0       0       0       000010001D    155
     126       0       0       7       1       0       0B-SPLINE       0D    156
     126     580       0       0       0       0       0       000010001D    157
     126       0       0       7       1       0       0B-SPLINE       0D    158
     126     587       0       0       0       0       0       000010001D    159
     126       0       0       7       1       0       0B-SPLINE       0D    160
     128     594       0       0       0       0       0       000010001D    161
     128       0       0      12       1       0       0 SURFACE       0D    162
     126     606       0       0       0       0       0       000010001D    163
     126       0       0       7       1       0       0B-SPLINE       0D    164
     126     613       0       0       0       0       0       000010001D    165
     126       0       0       7       1       0       0B-SPLINE       0D    166
     126     620       0       0       0       0       0       000010001D    167
     126       0       0       9       2       0       0B-SPLINE       0D    168
     126     629       0       0       0       0       0       000010001D    169
     126       0       0       9       2       0       0B-SPLINE       0D    170
     126     638       0       0       0       0       0       000010001D    171
     126       0       0       9       2       0       0B-SPLINE       0D    172
     126     647       0       0       0       0       0       000010001D    173
     126       0       0       9       2       0       0B-SPLINE       0D    174
     128     656       0       0       0       0       0       000010001D    175
     128       0       0      15       3       0       0 SURFACE       0D    176
     126     671       0       0       0       0       0       000010001D    177
     126       0       0       9       2       0       0B-SPLINE       0D    178
     126     680       0       0       0       0       0       000010001D    179
     126       0       0       7       1       0       0B-SPLINE       0D    180
     126     687       0       0       0       0       0       000010001D    181
     126       0       0       7       1       0       0B-SPLINE       0D    182
     128     694       0       0       0       0       0       000010001D    183
     128       0       0      15       3       0       0 SURFACE       0D    184
     126     709       0       0       0       0       0       000010001D    185
     126       0       0       9       2       0       0B-SPLINE       0D    186
     126     718       0       0       0       0       0       000010001D    187
     126       0       0       7       1       0       0B-SPLINE       0D    188
     128     725       0       0       0       0       0       000010001D    189
     128       0       0      15       3       0       0 SURFACE       0D    190
     126     740       0       0       0       0       0       000010001D    191
     126       0       0       9       2       0       0B-SPLINE       0D    192
     126     749       0       0       0       0       0       000010001D    193
     126       0       0       7       1       0       0B-SPLINE       0D    194
     128     756       0       0       0       0       0       000010001D    195
     128       0       0      15       3       0       0 SURFACE       0D    196
     126     771       0       0       0       0       0       000010001D    197
     126       0       0       9       2       0       0B-SPLINE       0D    198
     128     780       0       0       0       0       0       000010001D    199
     128       0       0      15       3       0       0 SURFACE       0D    200
     126     795       0       0       0       0       0       000010001D    201
     126       0       0       9       2       0       0B-SPLINE       0D    202
     126     804       0       0       0       0       0       000010001D    203
     126       0       0       7       1       0       0B-SPLINE       0D    204
     126     811       0       0       0       0       0       000010001D    205
     126       0       0       7       1       0       0B-SPLINE       0D    206
     128     818       0       0       0       0       0       000010001D    207
     128       0       0      15       3       0       0 SURFACE       0D    208
     126     833       0       0       0       0       0       000010001D    209
     126       0       0       9       2       0       0B-SPLINE       0D    210
     126     842       0       0       0       0       0       000010001D    211
     126       0       0       7       1       0       0B-SPLINE       0D    212
     128     849       0       0       0       0       0       000010001D    213
     128       0       0      15       3       0       0 SURFACE       0D    214
     126     864       0       0       0       0       0       000010001D    215
     126       0       0       9       2       0       0B-SPLINE       0D    216
     126     873       0       0       0       0       0       000010001D    217
     126       0       0       7       1       0       0B-SPLINE       0D    218
     128     880       0       0       0       0       0       000010001D    219
     128       0       0      15       3       0       0 SURFACE       0D    220
     126     895       0       0       0       0       0       000010001D    221
     126       0       0       9       2       0       0B-SPLINE       0D    222
     128     904       0       0       0       0       0       000010001D    223
     128       0       0      20       4       0       0 SURFACE       0D    224
     126     924       0       0       0       0       0       000010001D    225
     126       0       0       9       2       0       0B-SPLINE       0D    226
     126     933       0       0       0       0       0       000010001D    227
     126       0       0       9       2       0       0B-SPLINE       0D    228
     128     942       0       0       0       0       0       000010001D    229
     128       0       0      20       4       0       0 SURFACE       0D    230
     126     962       0       0       0       0       0       000010001D    231
     126       0       0       9       2       0       0B-SPLINE       0D    232
     128     971       0       0       0       0       0       000010001D    233
     128       0       0      20       4       0       0 SURFACE       0D    234
     126     991       0       0       0       0       0       000010001D    235
     126       0       0       9       2       0       0B-SPLINE       0D    236
     128    1000       0       0       0       0       0       000010001D    237
     128       0       0      20       4       0       0 SURFACE       0D    238
     128    1020       0       0       0       0       0       000010001D    239
     128       0       0      12       1       0       0 SURFACE       0D    240
     126    1032       0       0       0       0       0       000010001D    241
     126       0       0       7       1       0       0B-SPLINE       0D    242
     126    1039       0       0       0       0       0       000010001D    243
     126       0       0       7       1       0       0B-SPLINE       0D    244
     126    1046       0       0       0       0       0       000010001D    245
     126       0       0       7       1       0       0B-SPLINE       0D    246
     128    1053       0       0       0       0       0       000010001D    247
     128       0       0      12       1       0       0 SURFACE       0D    248
     126    1065       0       0       0       0       0       000010001D    249
     126       0       0       7       1       0       0B-SPLINE       0D    250
     126    1072       0       0       0       0       0       000010001D    251
     126       0       0       7       1       0       0B-SPLINE       0D    252
     128    1079       0       0       0       0       0       000010001D    253
     128       0       0      12       1       0       0 SURFACE       0D    254
     126    1091       0       0       0       0       0       000010001D    255
     126       0       0       7       1       0       0B-SPLINE       0D    256
     128    1098       0       0       0       0       0       000010001D    257
     128       0       0      12       1       0       0 SURFACE       0D    258
     126    1110       0       0       0       0       0       000010001D    259
     126       0       0       7       1       0       0B-SPLINE       0D    260
     126    1117       0       0       0       0       0       000010001D    261
     126       0       0       7       1       0       0B-SPLINE       0D    262
     128    1124       0       0       0       0       0       000010001D    263
     128       0       0      12       1       0       0 SURFACE       0D    264
     126    1136       0       0       0       0       0       000010001D    265
     126       0       0       7       1       0       0B-SPLINE       0D    266
     128    1143       0       0       0       0       0       000010001D    267
     128       0       0      12       1       0       0 SURFACE       0D    268
     126    1155       0       0       0       0       0       000010001D    269
     126       0       0       7       1       0       0B-SPLINE       0D    270
     128    1162       0       0       0       0       0       000010001D    271
     128       0       0      12       1       0       0 SURFACE       0D    272
     126    1174       0       0       0       0       0       000010001D    273
     126       0       0       7       1       0       0B-SPLINE       0D    274
     126    1181       0       0       0       0       0       000010001D    275
     126       0       0       7       1       0       0B-SPLINE       0D    276
     128    1188       0       0       0       0       0       000010001D    277
     128       0       0      12       1       0       0 SURFACE       0D    278
     126    1200       0       0       0       0       0       000010001D    279
     126       0       0       7       1       0       0B-SPLINE       0D    280
     128    1207       0       0       0       0       0       000010001D    281
     128       0       0      12       1       0       0 SURFACE       0D    282
     126    1219       0       0       0       0       0       000010001D    283
     126       0       0       7       1       0       0B-SPLINE       0D    284
     126    1226       0       0       0       0       0       000010001D    285
     126       0       0       7       1       0       0B-SPLINE       0D    286
     126    1233       0       0       0       0       0       000010001D    287
     126       0       0       7       1       0       0B-SPLINE       0D    288
     126    1240       0       0       0       0       0       000010001D    289
     126       0       0       7       1       0       0B-SPLINE       0D    290
     128    1247       0       0       0       0       0       000010001D    291
     128       0       0      12       1       0       0 SURFACE       0D    292
     126    1259       0       0       0       0       0       000010001D    293
     126       0       0       9       2       0       0B-SPLINE       0D    294
     128    1268       0       0       0       0       0       000010001D    295
     128       0       0      18       2       0       0 SURFACE       0D    296
     126    1286       0       0       0       0       0       000010001D    297
     126       0       0       9       2       0       0B-SPLINE       0D    298
     126    1295       0       0       0       0       0       000010001D    299
     126       0       0       9       2       0       0B-SPLINE       0D    300
     126    1304       0       0       0       0       0       000010001D    301
     126       0       0       7       1       0       0B-SPLINE       0D    302
     126    1311       0       0       0       0       0       000010001D    303
     126       0       0       9       2       0       0B-SPLINE       0D    304
     126    1320       0       0       0       0       0       000010001D    305
     126       0       0       9       2       0       0B-SPLINE       0D    306
     126    1329       0       0       0       0       0       000010001D    307
     126       0       0       7       1       0       0B-SPLINE       0D    308
     128    1336       0       0       0       0       0       000010001D    309
     128       0       0      18       2       0       0 SURFACE       0D    310
     126    1354       0       0       0       0       0       000010001D    311
     126       0       0       9       2       0       0B-SPLINE       0D    312
     126    1363       0       0       0       0       0       000010001D    313
     126       0       0       9       2       0       0B-SPLINE       0D    314
     126    1372       0       0       0       0       0       000010001D    315
     126       0       0       9       2       0       0B-SPLINE       0D    316
     126    1381       0       0       0       0       0       000010001D    317
     126       0       0       9       2       0       0B-SPLINE       0D    318
     128    1390       0       0       0       0       0       000010001D    319
     128       0       0      12       1       0       0 SURFACE       0D    320
     128    1402       0       0       0       0       0       000010001D    321
     128       0       0      12       1       0       0 SURFACE       0D    322
     126    1414       0       0       0       0       0       000010001D    323
     126       0       0       7       1       0       0B-SPLINE       0D    324
     126    1421       0       0       0       0       0       000010001D    325
     126       0       0       7       1       0       0B-SPLINE       0D    326
     126    1428       0       0       0       0       0       000010001D    327
     126       0       0       7       1       0       0B-SPLINE       0D    328
     126    1435       0       0       0       0       0       000010001D    329
     126       0       0       7       1       0       0B-SPLINE       0D    330
     126    1442       0       0       0       0       0       000010001D    331
     126       0       0       7       1       0       0B-SPLINE       0D    332
     128    1449       0       0       0       0       0       000010001D    333
     128       0       0      12       1       0       0 SURFACE       0D    334
     126    1461       0       0       0       0       0       000010001D    335
     126       0       0       7       1       0       0B-SPLINE       0D    336
     126    1468       0       0       0       0       0       000010001D    337
     126       0       0       7       1       0       0B-SPLINE       0D    338
     126    1475       0       0       0       0       0       000010001D    339
     126       0       0       7       1       0       0B-SPLINE       0D    340
     126    1482       0       0       0       0       0       000010001D    341
     126       0       0       7       1       0       0B-SPLINE       0D    342
     128    1489       0       0       0       0       0       000010001D    343
     128       0       0      12       1       0       0 SURFACE       0D    344
     128    1501       0       0       0       0       0       000010001D    345
     128       0       0      12       1       0       0 SURFACE       0D    346
     126    1513       0       0       0       0       0       000010001D    347
     126       0       0       7       1       0       0B-SPLINE       0D    348
     126    1520       0       0       0       0       0       000010001D    349
     126       0       0       7       1       0       0B-SPLINE       0D    350
     128    1527       0       0       0       0       0       000010001D    351
     128       0       0      12       1       0       0 SURFACE       0D    352
     126    1539       0       0       0       0       0       000010001D    353
     126       0       0       7       1       0       0B-SPLINE       0D    354
     126    1546       0       0       0       0       0       000010001D    355
     126       0       0       7       1       0       0B-SPLINE       0D    356
     128    1553       0       0       0       0       0       000010001D    357
     128       0       0      12       1       0       0 SURFACE       0D    358
     126    1565       0       0       0       0       0       000010001D    359
     126       0       0       7       1       0       0B-SPLINE       0D    360
     128    1572       0       0       0       0       0       000010001D    361
     128       0       0      12       1       0       0 SURFACE       0D    362
     128    1584       0       0       0       0       0       000010001D    363
     128       0       0      12       1       0       0 SURFACE       0D    364
     126    1596       0       0       0       0       0       000010001D    365
     126       0       0       7       1       0       0B-SPLINE       0D    366
     126    1603       0       0       0       0       0       000010001D    367
     126       0       0       7       1       0       0B-SPLINE       0D    368
     128    1610       0       0       0       0       0       000010001D    369
     128       0       0      12       1       0       0 SURFACE       0D    370
     126    1622       0       0       0       0       0       000010001D    371
     126       0       0       7       1       0       0B-SPLINE       0D    372
     128    1629       0       0       0       0       0       000010001D    373
     128       0       0      12       1       0       0 SURFACE       0D    374
     126    1641       0       0       0       0       0       000010001D    375
     126       0       0       7       1       0       0B-SPLINE       0D    376
     126    1648       0       0       0       0       0       000010001D    377
     126       0       0       7       1       0       0B-SPLINE       0D    378
     126    1655       0       0       0       0       0       000010001D    379
     126       0       0       7       1       0       0B-SPLINE       0D    380
     128    1662       0       0       0       0       0       000010001D    381
     128       0       0      12       1       0       0 SURFACE       0D    382
     126    1674       0       0       0       0       0       000010001D    383
     126       0       0       7       1       0       0B-SPLINE       0D    384
     126    1681       0       0       0       0       0       000010001D    385
     126       0       0       7       1       0       0B-SPLINE       0D    386
     128    1688       0       0       0       0       0       000010001D    387
     128       0       0      12       1       0       0 SURFACE       0D    388
     126    1700       0       0       0       0       0       000010001D    389
     126       0       0       7       1       0       0B-SPLINE       0D    390
     126    1707       0       0       0       0       0       000010001D    391
     126       0       0       7       1       0       0B-SPLINE       0D    392
     128    1714       0       0       0       0       0       000010001D    393
     128       0       0      12       1       0       0 SURFACE       0D    394
     126    1726       0       0       0       0       0       000010001D    395
     126       0       0       7       1       0       0B-SPLINE       0D    396
     126    1733       0       0       0       0       0       000010001D    397
     126       0       0       7       1       0       0B-SPLINE       0D    398
     128    1740       0       0       0       0       0       000010001D    399
     128       0       0      12       1       0       0 SURFACE       0D    400
     126    1752       0       0       0       0       0       000010001D    401
     126       0       0       7       1       0       0B-SPLINE       0D    402
     126    1759       0       0       0       0       0       000010001D    403
     126       0       0       7       1       0       0B-SPLINE       0D    404
     128    1766       0       0       0       0       0       000010001D    405
     128       0       0      12       1       0       0 SURFACE       0D    406
     126    1778       0       0       0       0       0       000010001D    407
     126       0       0       7       1       0       0B-SPLINE       0D    408
     128    1785       0       0       0       0       0       000010001D    409
     128       0       0      12       1       0       0 SURFACE       0D    410
     126    1797       0       0       0       0       0       000010001D    411
     126       0       0       7       1       0       0B-SPLINE       0D    412
     128    1804       0       0       0       0       0       000010001D    413
     128       0       0      12       1       0       0 SURFACE       0D    414
     502    1816       0       0       0       0       0       000010001D    415
     502       0       0      68       1       0       0  VERTEX       0D    416
     504    1884       0       0       0       0       0       000010001D    417
     504       0       0     119       1       0       0    EDGE       0D    418
     508    2003       0       0       0       0       0       000010001D    419
     508       0       0       4       1       0       0    LOOP       0D    420
     510    2007       0       0       0       0       0       000010001D    421
     510       0       0       1       1       0       0    FACE       0D    422
     508    2008       0       0       0       0       0       000010001D    423
     508       0       0       7       1       0       0    LOOP       0D    424
     510    2015       0       0       0       0       0       000010001D    425
     510       0       0       1       1       0       0    FACE       0D    426
     508    2016       0       0       0       0       0       000010001D    427
     508       0       0       3       1       0       0    LOOP       0D    428
     510    2019       0       0       0       0       0       000010001D    429
     510       0       0       1       1       0       0    FACE       0D    430
     508    2020       0       0       0       0       0       000010001D    431
     508       0       0       5       1       0       0    LOOP       0D    432
     510    2025       0       0       0       0       0       000010001D    433
     510       0       0       1       1       0       0    FACE       0D    434
     508    2026       0       0       0       0       0       000010001D    435
     508       0       0       4       1       0       0    LOOP       0D    436
     510    2030       0       0       0       0       0       000010001D    437
     510       0       0       1       1       0       0    FACE       0D    438
     508    2031       0       0       0       0       0       000010001D    439
     508       0       0       7       1       0       0    LOOP       0D    440
     510    2038       0       0       0       0       0       000010001D    441
     510       0       0       1       1       0       0    FACE       0D    442
     508    2039       0       0       0       0       0       000010001D    443
     508       0       0       4       1       0       0    LOOP       0D    444
     510    2043       0       0       0       0       0       000010001D    445
     510       0       0       1       1       0       0    FACE       0D    446
     508    2044       0       0       0       0       0       000010001D    447
     508       0       0       4       1       0       0    LOOP       0D    448
     510    2048       0       0       0       0       0       000010001D    449
     510       0       0       1       1       0       0    FACE       0D    450
     508    2049       0       0       0       0       0       000010001D    451
     508       0       0       4       1       0       0    LOOP       0D    452
     510    2053       0       0       0       0       0       000010001D    453
     510       0       0       1       1       0       0    FACE       0D    454
     508    2054       0       0       0       0       0       000010001D    455
     508       0       0       4       1       0       0    LOOP       0D    456
     510    2058       0       0       0       0       0       000010001D    457
     510       0       0       1       1       0       0    FACE       0D    458
     508    2059       0       0       0       0       0       000010001D    459
     508       0       0       4       1       0       0    LOOP       0D    460
     510    2063       0       0       0       0       0       000010001D    461
     510       0       0       1       1       0       0    FACE       0D    462
     508    2064       0       0       0       0       0       000010001D    463
     508       0       0       9       1       0       0    LOOP       0D    464
     510    2073       0       0       0       0       0       000010001D    465
     510       0       0       1       1       0       0    FACE       0D    466
     508    2074       0       0       0       0       0       000010001D    467
     508       0       0       5       1       0       0    LOOP       0D    468
     510    2079       0       0       0       0       0       000010001D    469
     510       0       0       1       1       0       0    FACE       0D    470
     508    2080       0       0       0       0       0       000010001D    471
     508       0       0       4       1       0       0    LOOP       0D    472
     510    2084       0       0       0       0       0       000010001D    473
     510       0       0       1       1       0       0    FACE       0D    474
     508    2085       0       0       0       0       0       000010001D    475
     508       0       0       4       1       0       0    LOOP       0D    476
     510    2089       0       0       0       0       0       000010001D    477
     510       0       0       1       1       0       0    FACE       0D    478
     508    2090       0       0       0       0       0       000010001D    479
     508       0       0       5       1       0       0    LOOP       0D    480
     510    2095       0       0       0       0       0       000010001D    481
     510       0       0       1       1       0       0    FACE       0D    482
     508    2096       0       0       0       0       0       000010001D    483
     508       0       0       4       1       0       0    LOOP       0D    484
     510    2100       0       0       0       0       0       000010001D    485
     510       0       0       1       1       0       0    FACE       0D    486
     508    2101       0       0       0       0       0       000010001D    487
     508       0       0       4       1       0       0    LOOP       0D    488
     510    2105       0       0       0       0       0       000010001D    489
     510       0       0       1       1       0       0    FACE       0D    490
     508    2106       0       0       0       0       0       000010001D    491
     508       0       0       4       1       0       0    LOOP       0D    492
     510    2110       0       0       0       0       0       000010001D    493
     510       0       0       1       1       0       0    FACE       0D    494
     508    2111       0       0       0       0       0       000010001D    495
     508       0       0       4       1       0       0    LOOP       0D    496
     510    2115       0       0       0       0       0       000010001D    497
     510       0       0       1       1       0       0    FACE       0D    498
     508    2116       0       0       0       0       0       000010001D    499
     508       0       0       3       1       0       0    LOOP       0D    500
     510    2119       0       0       0       0       0       000010001D    501
     510       0       0       1       1       0       0    FACE       0D    502
     508    2120       0       0       0       0       0       000010001D    503
     508       0       0       3       1       0       0    LOOP       0D    504
     510    2123       0       0       0       0       0       000010001D    505
     510       0       0       1       1       0       0    FACE       0D    506
     508    2124       0       0       0       0       0       000010001D    507
     508       0       0       3       1       0       0    LOOP       0D    508
     510    2127       0       0       0       0       0       000010001D    509
     510       0       0       1       1       0       0    FACE       0D    510
     508    2128       0       0       0       0       0       000010001D    511
     508       0       0       3       1       0       0    LOOP       0D    512
     510    2131       0       0       0       0       0       000010001D    513
     510       0       0       1       1       0       0    FACE       0D    514
     508    2132       0       0       0       0       0       000010001D    515
     508       0       0       4       1       0       0    LOOP       0D    516
     510    2136       0       0       0       0       0       000010001D    517
     510       0       0       1       1       0       0    FACE       0D    518
     508    2137       0       0       0       0       0       000010001D    519
     508       0       0       4       1       0       0    LOOP       0D    520
     510    2141       0       0       0       0       0       000010001D    521
     510       0       0       1       1       0       0    FACE       0D    522
     508    2142       0       0       0       0       0       000010001D    523
     508       0       0       4       1       0       0    LOOP       0D    524
     510    2146       0       0       0       0       0       000010001D    525
     510       0       0       1       1       0       0    FACE       0D    526
     508    2147       0       0       0       0       0       000010001D    527
     508       0       0       4       1       0       0    LOOP       0D    528
     510    2151       0       0       0       0       0       000010001D    529
     510       0       0       1       1       0       0    FACE       0D    530
     508    2152       0       0       0       0       0       000010001D    531
     508       0       0       4       1       0       0    LOOP       0D    532
     510    2156       0       0       0       0       0       000010001D    533
     510       0       0       1       1       0       0    FACE       0D    534
     508    2157       0       0       0       0       0       000010001D    535
     508       0       0       4       1       0       0    LOOP       0D    536
     510    2161       0       0       0       0       0       000010001D    537
     510       0       0       1       1       0       0    FACE       0D    538
     508    2162       0       0       0       0       0       000010001D    539
     508       0       0       4       1       0       0    LOOP       0D    540
     510    2166       0       0       0       0       0       000010001D    541
     510       0       0       1       1       0       0    FACE       0D    542
     508    2167       0       0       0       0       0       000010001D    543
     508       0       0       4       1       0       0    LOOP       0D    544
     510    2171       0       0       0       0       0       000010001D    545
     510       0       0       1       1       0       0    FACE       0D    546
     508    2172       0       0       0       0       0       000010001D    547
     508       0       0       7       1       0       0    LOOP       0D    548
     510    2179       0       0       0       0       0       000010001D    549
     510       0       0       1       1       0       0    FACE       0D    550
     508    2180       0       0       0       0       0       000010001D    551
     508       0       0       3       1       0       0    LOOP       0D    552
     510    2183       0       0       0       0       0       000010001D    553
     510       0       0       1       1       0       0    FACE       0D    554
     508    2184       0       0       0       0       0       000010001D    555
     508       0       0       7       1       0       0    LOOP       0D    556
     510    2191       0       0       0       0       0       000010001D    557
     510       0       0       1       1       0       0    FACE       0D    558
     508    2192       0       0       0       0       0       000010001D    559
     508       0       0       7       1       0       0    LOOP       0D    560
     510    2199       0       0       0       0       0       000010001D    561
     510       0       0       1       1       0       0    FACE       0D    562
     508    2200       0       0       0       0       0       000010001D    563
     508       0       0       4       1       0       0    LOOP       0D    564
     510    2204       0       0       0       0       0       000010001D    565
     510       0       0       1       1       0       0    FACE       0D    566
     508    2205       0       0       0       0       0       000010001D    567
     508       0       0       7       1       0       0    LOOP       0D    568
     510    2212       0       0       0       0       0       000010001D    569
     510       0       0       1       1       0       0    FACE       0D    570
     508    2213       0       0       0       0       0       000010001D    571
     508       0       0       6       1       0       0    LOOP       0D    572
     510    2219       0       0       0       0       0       000010001D    573
     510       0       0       1       1       0       0    FACE       0D    574
     508    2220       0       0       0       0       0       000010001D    575
     508       0       0       4       1       0       0    LOOP       0D    576
     510    2224       0       0       0       0       0       000010001D    577
     510       0       0       1       1       0       0    FACE       0D    578
     508    2225       0       0       0       0       0       000010001D    579
     508       0       0       4       1       0       0    LOOP       0D    580
     510    2229       0       0       0       0       0       000010001D    581
     510       0       0       1       1       0       0    FACE       0D    582
     508    2230       0       0       0       0       0       000010001D    583
     508       0       0       4       1       0       0    LOOP       0D    584
     510    2234       0       0       0       0       0       000010001D    585
     510       0       0       1       1       0       0    FACE       0D    586
     508    2235       0       0       0       0       0       000010001D    587
     508       0       0       4       1       0       0    LOOP       0D    588
     510    2239       0       0       0       0       0       000010001D    589
     510       0       0       1       1       0       0    FACE       0D    590
     508    2240       0       0       0       0       0       000010001D    591
     508       0       0       4       1       0       0    LOOP       0D    592
     510    2244       0       0       0       0       0       000010001D    593
     510       0       0       1       1       0       0    FACE       0D    594
     508    2245       0       0       0       0       0       000010001D    595
     508       0       0       4       1       0       0    LOOP       0D    596
     510    2249       0       0       0       0       0       000010001D    597
     510       0       0       1       1       0       0    FACE       0D    598
     508    2250       0       0       0       0       0       000010001D    599
     508       0       0       4       1       0       0    LOOP       0D    600
     510    2254       0       0       0       0       0       000010001D    601
     510       0       0       1       1       0       0    FACE       0D    602
     508    2255       0       0       0       0       0       000010001D    603
     508       0       0       4       1       0       0    LOOP       0D    604
     510    2259       0       0       0       0       0       000010001D    605
     510       0       0       1       1       0       0    FACE       0D    606
     508    2260       0       0       0       0       0       000010001D    607
     508       0       0       4       1       0       0    LOOP       0D    608
     510    2264       0       0       0       0       0       000010001D    609
     510       0       0       1       1       0       0    FACE       0D    610
     508    2265       0       0       0       0       0       000010001D    611
     508       0       0       4       1       0       0    LOOP       0D    612
     510    2269       0       0       0       0       0       000010001D    613
     510       0       0       1       1       0       0    FACE       0D    614
     508    2270       0       0       0       0       0       000010001D    615
     508       0       0       4       1       0       0    LOOP       0D    616
     510    2274       0       0       0       0       0       000010001D    617
     510       0       0       1       1       0       0    FACE       0D    618
     508    2275       0       0       0       0       0       000010001D    619
     508       0       0       4       1       0       0    LOOP       0D    620
     510    2279       0       0       0       0       0       000010001D    621
     510       0       0       1       1       0       0    FACE       0D    622
     508    2280       0       0       0       0       0       000010001D    623
     508       0       0       4       1       0       0    LOOP       0D    624
     510    2284       0       0       0       0       0       000010001D    625
     510       0       0       1       1       0       0    FACE       0D    626
     508    2285       0       0       0       0       0       000010001D    627
     508       0       0       4       1       0       0    LOOP       0D    628
     510    2289       0       0       0       0       0       000010001D    629
     510       0       0       1       1       0       0    FACE       0D    630
     508    2290       0       0       0       0       0       000010001D    631
     508       0       0       4       1       0       0    LOOP       0D    632
     510    2294       0       0       0       0       0       000010001D    633
     510       0       0       1       1       0       0    FACE       0D    634
     514    2295       0       0       0       0       0       000010001D    635
     514       0       0      12       1       0       0   SHELL       0D    636
     186    2307       0       0       0       0       0       000000001D    637
     186       0       0       1       0       0       0   B-REP       0D    638
128,1,1,1,1,0,0,                                                       1P      1
1,0,0,                                                                 1P      2
0.00000000000,0.00000000000,1.00000000000,                             1P      3
1.00000000000,0.00000000000,0.00000000000,                             1P      4
1.00000000000,1.00000000000,1.00000000000,                             1P      5
1.00000000000,1.00000000000,1.00000000000,                             1P      6
1.87369101219,-0.196850393701,-0.157480314961,                         1P      7
1.87369101219,0.196850393701,-0.157480314961,                          1P      8
1.88156502793,-0.196850393701,-0.157480314961,                         1P      9
1.88156502793,0.196850393701,-0.157480314961,                          1P     10
0.00000000000,1.00000000000,0.00000000000,                             1P     11
1.00000000000,0,0,0;                                                   1P     12
126,1,1,0,0,1,0,                                                       3P     13
0.00000000000,0.00000000000,1.00000000000,                             3P     14
1.00000000000,1.00000000000,1.00000000000,                             3P     15
1.87369101219,0.196850393701,-0.157480314961,                          3P     16
1.87369101219,-0.196850393701,-0.157480314961,                         3P     17
0.00000000000,1.00000000000,0.00000000000,                             3P     18
0.00000000000,0.00000000000,0,0,0;                                     3P     19
126,1,1,0,0,1,0,                                                       5P     20
0.00000000000,0.00000000000,1.00000000000,                             5P     21
1.00000000000,1.00000000000,1.00000000000,                             5P     22
1.88156502793,0.196850393701,-0.157480314961,                          5P     23
1.87369101219,0.196850393701,-0.157480314961,                          5P     24
0.00000000000,1.00000000000,0.00000000000,                             5P     25
0.00000000000,0.00000000000,0,0,0;                                     5P     26
126,1,1,0,0,1,0,                                                       7P     27
0.00000000000,0.00000000000,1.00000000000,                             7P     28
1.00000000000,1.00000000000,1.00000000000,                             7P     29
1.88156502793,-0.196850393701,-0.157480314961,                         7P     30
1.88156502793,0.196850393701,-0.157480314961,                          7P     31
0.00000000000,1.00000000000,0.00000000000,                             7P     32
0.00000000000,0.00000000000,0,0,0;                                     7P     33
126,1,1,0,0,1,0,                                                       9P     34
0.00000000000,0.00000000000,1.00000000000,                             9P     35
1.00000000000,1.00000000000,1.00000000000,                             9P     36
1.87369101219,-0.196850393701,-0.157480314961,                         9P     37
1.88156502793,-0.196850393701,-0.157480314961,                         9P     38
0.00000000000,1.00000000000,0.00000000000,                             9P     39
0.00000000000,0.00000000000,0,0,0;                                     9P     40
128,1,1,1,1,0,0,                                                      11P     41
1,0,0,                                                                11P     42
0.00000000000,0.00000000000,1.00000000000,                            11P     43
1.00000000000,0.00000000000,0.00000000000,                            11P     44
1.00000000000,1.00000000000,1.00000000000,                            11P     45
1.00000000000,1.00000000000,1.00000000000,                            11P     46
1.87369101219,-0.196850393701,0.236220472441,                         11P     47
1.88156502793,-0.196850393701,0.236220472441,                         11P     48
1.87369101219,0.196850393701,0.236220472441,                          11P     49
1.88156502793,0.196850393701,0.236220472441,                          11P     50
0.00000000000,1.00000000000,0.00000000000,                            11P     51
1.00000000000,0,0,0;                                                  11P     52
126,1,1,0,0,1,0,                                                      13P     53
0.00000000000,0.00000000000,1.00000000000,                            13P     54
1.00000000000,1.00000000000,1.00000000000,                            13P     55
1.87369101219,-0.196850393701,0.236220472441,                         13P     56
1.88156502793,-0.196850393701,0.236220472441,                         13P     57
0.00000000000,1.00000000000,0.00000000000,                            13P     58
0.00000000000,0.00000000000,0,0,0;                                    13P     59
126,1,1,0,0,1,0,                                                      15P     60
0.00000000000,0.00000000000,1.00000000000,                            15P     61
1.00000000000,1.00000000000,1.00000000000,                            15P     62
1.88156502793,-0.196850393701,0.236220472441,                         15P     63
1.88156502793,0.196850393701,0.236220472441,                          15P     64
0.00000000000,1.00000000000,0.00000000000,                            15P     65
0.00000000000,0.00000000000,0,0,0;                                    15P     66
126,1,1,0,0,1,0,                                                      17P     67
0.00000000000,0.00000000000,1.00000000000,                            17P     68
1.00000000000,1.00000000000,1.00000000000,                            17P     69
1.88156502793,0.196850393701,0.236220472441,                          17P     70
1.87369101219,0.196850393701,0.236220472441,                          17P     71
0.00000000000,1.00000000000,0.00000000000,                            17P     72
0.00000000000,0.00000000000,0,0,0;                                    17P     73
126,1,1,0,0,1,0,                                                      19P     74
0.00000000000,0.00000000000,1.00000000000,                            19P     75
1.00000000000,1.00000000000,1.00000000000,                            19P     76
1.87369101219,0.196850393701,0.236220472441,                          19P     77
1.87369101219,-0.196850393701,0.236220472441,                         19P     78
0.00000000000,1.00000000000,0.00000000000,                            19P     79
0.00000000000,0.00000000000,0,0,0;                                    19P     80
128,1,1,1,1,0,0,                                                      21P     81
1,0,0,                                                                21P     82
0.00000000000,0.00000000000,1.00000000000,                            21P     83
1.00000000000,0.00000000000,0.00000000000,                            21P     84
1.00000000000,1.00000000000,1.00000000000,                            21P     85
1.00000000000,1.00000000000,1.00000000000,                            21P     86
1.87369101219,-0.196850393701,0.236220472441,                         21P     87
1.87369101219,-0.196850393701,-0.157480314961,                        21P     88
1.88156502793,-0.196850393701,0.236220472441,                         21P     89
1.88156502793,-0.196850393701,-0.157480314961,                        21P     90
0.00000000000,1.00000000000,0.00000000000,                            21P     91
1.00000000000,0,0,0;                                                  21P     92
126,1,1,0,0,1,0,                                                      23P     93
0.00000000000,0.00000000000,1.00000000000,                            23P     94
1.00000000000,1.00000000000,1.00000000000,                            23P     95
1.87369101219,-0.196850393701,0.236220472441,                         23P     96
1.87369101219,-0.196850393701,-0.157480314961,                        23P     97
0.00000000000,1.00000000000,0.00000000000,                            23P     98
0.00000000000,0.00000000000,0,0,0;                                    23P     99
126,1,1,0,0,1,0,                                                      25P    100
0.00000000000,0.00000000000,1.00000000000,                            25P    101
1.00000000000,1.00000000000,1.00000000000,                            25P    102
1.88156502793,-0.196850393701,-0.157480314961,                        25P    103
1.88156502793,-0.196850393701,0.236220472441,                         25P    104
0.00000000000,1.00000000000,0.00000000000,                            25P    105
0.00000000000,0.00000000000,0,0,0;                                    25P    106
128,1,1,1,1,0,0,                                                      27P    107
1,0,0,                                                                27P    108
0.00000000000,0.00000000000,1.00000000000,                            27P    109
1.00000000000,0.00000000000,0.00000000000,                            27P    110
1.00000000000,1.00000000000,1.00000000000,                            27P    111
1.00000000000,1.00000000000,1.00000000000,                            27P    112
1.87369101219,0.196850393701,0.236220472441,                          27P    113
1.88156502793,0.196850393701,0.236220472441,                          27P    114
1.87369101219,0.196850393701,-0.157480314961,                         27P    115
1.88156502793,0.196850393701,-0.157480314961,                         27P    116
0.00000000000,1.00000000000,0.00000000000,                            27P    117
1.00000000000,0,0,0;                                                  27P    118
126,1,1,0,0,1,0,                                                      29P    119
0.00000000000,0.00000000000,1.00000000000,                            29P    120
1.00000000000,1.00000000000,1.00000000000,                            29P    121
1.88156502793,0.196850393701,-0.157480314961,                         29P    122
1.88156502793,0.196850393701,0.236220472441,                          29P    123
0.00000000000,1.00000000000,0.00000000000,                            29P    124
0.00000000000,0.00000000000,0,0,0;                                    29P    125
126,1,1,0,0,1,0,                                                      31P    126
0.00000000000,0.00000000000,1.00000000000,                            31P    127
1.00000000000,1.00000000000,1.00000000000,                            31P    128
1.87369101219,0.196850393701,0.236220472441,                          31P    129
1.87369101219,0.196850393701,-0.157480314961,                         31P    130
0.00000000000,1.00000000000,0.00000000000,                            31P    131
0.00000000000,0.00000000000,0,0,0;                                    31P    132
128,1,1,1,1,0,0,                                                      33P    133
1,0,0,                                                                33P    134
0.00000000000,0.00000000000,1.00000000000,                            33P    135
1.00000000000,0.00000000000,0.00000000000,                            33P    136
1.00000000000,1.00000000000,1.00000000000,                            33P    137
1.00000000000,1.00000000000,1.00000000000,                            33P    138
1.87369101219,-0.196850393701,0.236220472441,                         33P    139
1.87369101219,0.196850393701,0.236220472441,                          33P    140
1.87369101219,-0.196850393701,-0.157480314961,                        33P    141
1.87369101219,0.196850393701,-0.157480314961,                         33P    142
0.00000000000,1.00000000000,0.00000000000,                            33P    143
1.00000000000,0,0,0;                                                  33P    144
128,1,1,1,1,0,0,                                                      35P    145
1,0,0,                                                                35P    146
0.00000000000,0.00000000000,1.00000000000,                            35P    147
1.00000000000,0.00000000000,0.00000000000,                            35P    148
1.00000000000,1.00000000000,1.00000000000,                            35P    149
1.00000000000,1.00000000000,1.00000000000,                            35P    150
1.88156502793,-0.196850393701,0.236220472441,                         35P    151
1.88156502793,-0.196850393701,-0.157480314961,                        35P    152
1.88156502793,0.196850393701,0.236220472441,                          35P    153
1.88156502793,0.196850393701,-0.157480314961,                         35P    154
0.00000000000,1.00000000000,0.00000000000,                            35P    155
1.00000000000,0,0,0;                                                  35P    156
502,8,1.87369101219,-0.196850393701,                                  37P    157
-0.157480314961,1.87369101219,0.196850393701,                         37P    158
-0.157480314961,1.88156502793,0.196850393701,                         37P    159
-0.157480314961,1.88156502793,-0.196850393701,                        37P    160
-0.157480314961,1.87369101219,-0.196850393701,                        37P    161
0.236220472441,1.88156502793,-0.196850393701,                         37P    162
0.236220472441,1.88156502793,0.196850393701,                          37P    163
0.236220472441,1.87369101219,0.196850393701,                          37P    164
0.236220472441,0,0;                                                   37P    165
504,12,3,37,1,37,2,                                                   39P    166
5,37,2,37,3,                                                          39P    167
7,37,3,37,4,                                                          39P    168
9,37,4,37,1,                                                          39P    169
13,37,5,37,6,                                                         39P    170
15,37,6,37,7,                                                         39P    171
17,37,7,37,8,                                                         39P    172
19,37,8,37,5,                                                         39P    173
23,37,5,37,1,                                                         39P    174
25,37,4,37,6,                                                         39P    175
29,37,7,37,3,                                                         39P    176
31,37,2,37,8;                                                         39P    177
508,4,0,39,1,0,0,                                                     41P    178
0,39,2,0,0,                                                           41P    179
0,39,3,0,0,                                                           41P    180
0,39,4,0,0;                                                           41P    181
510,1,1,1,41,0,0;                                                     43P    182
508,4,0,39,5,1,0,                                                     45P    183
0,39,6,1,0,                                                           45P    184
0,39,7,1,0,                                                           45P    185
0,39,8,1,0;                                                           45P    186
510,11,1,1,45,0,0;                                                    47P    187
508,4,0,39,9,1,0,                                                     49P    188
0,39,4,1,0,                                                           49P    189
0,39,10,1,0,                                                          49P    190
0,39,5,0,0;                                                           49P    191
510,21,1,1,49,0,0;                                                    51P    192
508,4,0,39,7,0,0,                                                     53P    193
0,39,11,0,0,                                                          53P    194
0,39,2,1,0,                                                           53P    195
0,39,12,0,0;                                                          53P    196
510,27,1,1,53,0,0;                                                    55P    197
508,4,0,39,8,0,0,                                                     57P    198
0,39,12,1,0,                                                          57P    199
0,39,1,1,0,                                                           57P    200
0,39,9,0,0;                                                           57P    201
510,33,1,1,57,0,0;                                                    59P    202
508,4,0,39,10,0,0,                                                    61P    203
0,39,3,1,0,                                                           61P    204
0,39,11,1,0,                                                          61P    205
0,39,6,0,0;                                                           61P    206
510,35,1,1,61,0,0;                                                    63P    207
514,6,43,1,47,1,51,1,55,1,                                            65P    208
59,1,63,1,0,0,0,0,0,0;                                                65P    209
186,65,1,0,0,0,0;                                                     67P    210
128,1,1,1,1,0,0,                                                      69P    211
1,0,0,                                                                69P    212
0.00000000000,0.00000000000,1.00000000000,                            69P    213
1.00000000000,0.00000000000,0.00000000000,                            69P    214
1.00000000000,1.00000000000,1.00000000000,                            69P    215
1.00000000000,1.00000000000,1.00000000000,                            69P    216
1.87369101219,-0.196850393701,0.236220472441,                         69P    217
1.87369101219,0.196850393701,0.236220472441,                          69P    218
1.87369101219,-0.196850393701,-0.157480314961,                        69P    219
1.87369101219,0.196850393701,-0.157480314961,                         69P    220
0.00000000000,1.00000000000,0.00000000000,                            69P    221
1.00000000000,0,0,0;                                                  69P    222
126,1,1,0,0,1,0,                                                      71P    223
0.00000000000,0.00000000000,1.00000000000,                            71P    224
1.00000000000,1.00000000000,1.00000000000,                            71P    225
1.87369101219,-0.196850393701,0.236220472441,                         71P    226
1.87369101219,-0.196850393701,-0.157480314961,                        71P    227
0.00000000000,1.00000000000,0.00000000000,                            71P    228
0.00000000000,0.00000000000,0,0,0;                                    71P    229
126,1,1,0,0,1,0,                                                      73P    230
0.00000000000,0.00000000000,1.00000000000,                            73P    231
1.00000000000,1.00000000000,1.00000000000,                            73P    232
1.87369101219,0.196850393701,-0.157480314961,                         73P    233
1.87369101219,-0.196850393701,-0.157480314961,                        73P    234
0.00000000000,1.00000000000,0.00000000000,                            73P    235
0.00000000000,0.00000000000,0,0,0;                                    73P    236
126,1,1,0,0,1,0,                                                      75P    237
0.00000000000,0.00000000000,1.00000000000,                            75P    238
1.00000000000,1.00000000000,1.00000000000,                            75P    239
1.87369101219,0.196850393701,0.236220472441,                          75P    240
1.87369101219,0.196850393701,-0.157480314961,                         75P    241
0.00000000000,1.00000000000,0.00000000000,                            75P    242
0.00000000000,0.00000000000,0,0,0;                                    75P    243
126,1,1,0,0,1,0,                                                      77P    244
0.00000000000,0.00000000000,1.00000000000,                            77P    245
1.00000000000,1.00000000000,1.00000000000,                            77P    246
1.87369101219,0.196850393701,0.236220472441,                          77P    247
1.87369101219,-0.196850393701,0.236220472441,                         77P    248
0.00000000000,1.00000000000,0.00000000000,                            77P    249
0.00000000000,0.00000000000,0,0,0;                                    77P    250
128,1,1,1,1,0,0,                                                      79P    251
1,0,0,                                                                79P    252
0.00000000000,0.00000000000,1.00000000000,                            79P    253
1.00000000000,0.00000000000,0.00000000000,                            79P    254
1.00000000000,1.00000000000,1.00000000000,                            79P    255
1.00000000000,1.00000000000,1.00000000000,                            79P    256
1.67684061849,-0.196850393701,0.236220472441,                         79P    257
1.67684061849,-0.196850393701,-0.157480314961,                        79P    258
2.30676187833,-0.196850393701,0.236220472441,                         79P    259
2.30676187833,-0.196850393701,-0.157480314961,                        79P    260
0.00000000000,1.00000000000,0.00000000000,                            79P    261
1.00000000000,0,0,0;                                                  79P    262
126,1,1,0,0,1,0,                                                      81P    263
0.00000000000,0.00000000000,1.00000000000,                            81P    264
1.00000000000,1.00000000000,1.00000000000,                            81P    265
1.67684061849,-0.196850393701,0.236220472441,                         81P    266
1.67684061849,-0.196850393701,0.157480314961,                         81P    267
0.00000000000,1.00000000000,0.00000000000,                            81P    268
0.00000000000,0.00000000000,0,0,0;                                    81P    269
126,1,1,0,0,1,0,                                                      83P    270
0.00000000000,0.00000000000,1.00000000000,                            83P    271
1.00000000000,1.00000000000,1.00000000000,                            83P    272
1.67684061849,-0.196850393701,0.157480314961,                         83P    273
1.79495085471,-0.196850393701,0.157480314961,                         83P    274
0.00000000000,1.00000000000,0.00000000000,                            83P    275
0.00000000000,0.00000000000,0,0,0;                                    83P    276
126,1,1,0,0,1,0,                                                      85P    277
0.00000000000,0.00000000000,1.00000000000,                            85P    278
1.00000000000,1.00000000000,1.00000000000,                            85P    279
1.79495085471,-0.196850393701,0.393700787402E-01,                     85P    280
1.79495085471,-0.196850393701,0.157480314961,                         85P    281
0.00000000000,1.00000000000,0.00000000000,                            85P    282
0.00000000000,0.00000000000,0,0,0;                                    85P    283
126,1,1,0,0,1,0,                                                      87P    284
0.00000000000,0.00000000000,1.00000000000,                            87P    285
1.00000000000,1.00000000000,1.00000000000,                            87P    286
1.79495085471,-0.196850393701,-0.157480314961,                        87P    287
1.79495085471,-0.196850393701,0.393700787402E-01,                     87P    288
0.00000000000,1.00000000000,0.00000000000,                            87P    289
0.00000000000,0.00000000000,0,0,0;                                    87P    290
126,1,1,0,0,1,0,                                                      89P    291
0.00000000000,0.00000000000,1.00000000000,                            89P    292
1.00000000000,1.00000000000,1.00000000000,                            89P    293
1.79495085471,-0.196850393701,-0.157480314961,                        89P    294
1.87369101219,-0.196850393701,-0.157480314961,                        89P    295
0.00000000000,1.00000000000,0.00000000000,                            89P    296
0.00000000000,0.00000000000,0,0,0;                                    89P    297
126,1,1,0,0,1,0,                                                      91P    298
0.00000000000,0.00000000000,1.00000000000,                            91P    299
1.00000000000,1.00000000000,1.00000000000,                            91P    300
1.67684061849,-0.196850393701,0.236220472441,                         91P    301
1.87369101219,-0.196850393701,0.236220472441,                         91P    302
0.00000000000,1.00000000000,0.00000000000,                            91P    303
0.00000000000,0.00000000000,0,0,0;                                    91P    304
128,1,1,1,1,0,0,                                                      93P    305
1,0,0,                                                                93P    306
0.00000000000,0.00000000000,1.00000000000,                            93P    307
1.00000000000,0.00000000000,0.00000000000,                            93P    308
1.00000000000,1.00000000000,1.00000000000,                            93P    309
1.00000000000,1.00000000000,1.00000000000,                            93P    310
1.67684061849,-0.196850393701,0.236220472441,                         93P    311
2.30676187833,-0.196850393701,0.236220472441,                         93P    312
1.67684061849,0.196850393701,0.236220472441,                          93P    313
2.30676187833,0.196850393701,0.236220472441,                          93P    314
0.00000000000,1.00000000000,0.00000000000,                            93P    315
1.00000000000,0,0,0;                                                  93P    316
126,2,2,0,0,0,0,                                                      95P    317
0.00000000000,0.00000000000,0.00000000000,                            95P    318
1.00000000000,1.00000000000,1.00000000000,                            95P    319
1.00000000000,0.500000000000,0.500000000000,                          95P    320
1.67684061849,0.00000000000,0.236220472441,                           95P    321
1.67684061849,-0.196850393701,0.236220472441,                         95P    322
1.87369101219,-0.196850393701,0.236220472441,                         95P    323
0.00000000000,1.00000000000,0.00000000000,                            95P    324
0.00000000000,0.00000000000,0,0,0;                                    95P    325
126,1,1,0,0,1,0,                                                      97P    326
0.00000000000,0.00000000000,1.00000000000,                            97P    327
1.00000000000,1.00000000000,1.00000000000,                            97P    328
1.67684061849,0.00000000000,0.236220472441,                           97P    329
1.67684061849,-0.196850393701,0.236220472441,                         97P    330
0.00000000000,1.00000000000,0.00000000000,                            97P    331
0.00000000000,0.00000000000,0,0,0;                                    97P    332
128,1,1,1,1,0,0,                                                      99P    333
1,0,0,                                                                99P    334
0.00000000000,0.00000000000,1.00000000000,                            99P    335
1.00000000000,0.00000000000,0.00000000000,                            99P    336
1.00000000000,1.00000000000,1.00000000000,                            99P    337
1.00000000000,1.00000000000,1.00000000000,                            99P    338
1.67684061849,-0.196850393701,0.236220472441,                         99P    339
1.67684061849,0.196850393701,0.236220472441,                          99P    340
1.67684061849,-0.196850393701,-0.157480314961,                        99P    341
1.67684061849,0.196850393701,-0.157480314961,                         99P    342
0.00000000000,1.00000000000,0.00000000000,                            99P    343
1.00000000000,0,0,0;                                                  99P    344
126,1,1,0,0,1,0,                                                     101P    345
0.00000000000,0.00000000000,1.00000000000,                           101P    346
1.00000000000,1.00000000000,1.00000000000,                           101P    347
1.67684061849,0.196850393701,0.236220472441,                         101P    348
1.67684061849,0.00000000000,0.236220472441,                          101P    349
0.00000000000,1.00000000000,0.00000000000,                           101P    350
0.00000000000,0.00000000000,0,0,0;                                   101P    351
126,1,1,0,0,1,0,                                                     103P    352
0.00000000000,0.00000000000,1.00000000000,                           103P    353
1.00000000000,1.00000000000,1.00000000000,                           103P    354
1.67684061849,0.196850393701,0.236220472441,                         103P    355
1.67684061849,0.196850393701,0.157480314961,                         103P    356
0.00000000000,1.00000000000,0.00000000000,                           103P    357
0.00000000000,0.00000000000,0,0,0;                                   103P    358
126,1,1,0,0,1,0,                                                     105P    359
0.00000000000,0.00000000000,1.00000000000,                           105P    360
1.00000000000,1.00000000000,1.00000000000,                           105P    361
1.67684061849,-0.196850393701,0.157480314961,                        105P    362
1.67684061849,0.196850393701,0.157480314961,                         105P    363
0.00000000000,1.00000000000,0.00000000000,                           105P    364
0.00000000000,0.00000000000,0,0,0;                                   105P    365
128,1,1,1,1,0,0,                                                     107P    366
1,0,0,                                                               107P    367
0.00000000000,0.00000000000,1.00000000000,                           107P    368
1.00000000000,0.00000000000,0.00000000000,                           107P    369
1.00000000000,1.00000000000,1.00000000000,                           107P    370
1.00000000000,1.00000000000,1.00000000000,                           107P    371
1.47999022478,-0.196850393701,0.157480314961,                        107P    372
1.79495085471,-0.196850393701,0.157480314961,                        107P    373
1.47999022478,0.196850393701,0.157480314961,                         107P    374
1.79495085471,0.196850393701,0.157480314961,                         107P    375
0.00000000000,1.00000000000,0.00000000000,                           107P    376
1.00000000000,0,0,0;                                                 107P    377
126,1,1,0,0,1,0,                                                     109P    378
0.00000000000,0.00000000000,1.00000000000,                           109P    379
1.00000000000,1.00000000000,1.00000000000,                           109P    380
1.47999022478,-0.196850393701,0.157480314961,                        109P    381
1.67684061849,-0.196850393701,0.157480314961,                        109P    382
0.00000000000,1.00000000000,0.00000000000,                           109P    383
0.00000000000,0.00000000000,0,0,0;                                   109P    384
126,1,1,0,0,1,0,                                                     111P    385
0.00000000000,0.00000000000,1.00000000000,                           111P    386
1.00000000000,1.00000000000,1.00000000000,                           111P    387
1.67684061849,0.196850393701,0.157480314961,                         111P    388
1.47999022478,0.196850393701,0.157480314961,                         111P    389
0.00000000000,1.00000000000,0.00000000000,                           111P    390
0.00000000000,0.00000000000,0,0,0;                                   111P    391
126,1,1,0,0,1,0,                                                     113P    392
0.00000000000,0.00000000000,1.00000000000,                           113P    393
1.00000000000,1.00000000000,1.00000000000,                           113P    394
1.47999022478,0.196850393701,0.157480314961,                         113P    395
1.47999022478,-0.196850393701,0.157480314961,                        113P    396
0.00000000000,1.00000000000,0.00000000000,                           113P    397
0.00000000000,0.00000000000,0,0,0;                                   113P    398
128,1,1,1,1,0,0,                                                     115P    399
1,0,0,                                                               115P    400
0.00000000000,0.00000000000,1.00000000000,                           115P    401
1.00000000000,0.00000000000,0.00000000000,                           115P    402
1.00000000000,1.00000000000,1.00000000000,                           115P    403
1.00000000000,1.00000000000,1.00000000000,                           115P    404
1.47999022478,-0.196850393701,0.157480314961,                        115P    405
1.47999022478,0.196850393701,0.157480314961,                         115P    406
1.47999022478,-0.196850393701,-0.157480314961,                       115P    407
1.47999022478,0.196850393701,-0.157480314961,                        115P    408
0.00000000000,1.00000000000,0.00000000000,                           115P    409
1.00000000000,0,0,0;                                                 115P    410
126,1,1,0,0,1,0,                                                     117P    411
0.00000000000,0.00000000000,1.00000000000,                           117P    412
1.00000000000,1.00000000000,1.00000000000,                           117P    413
1.47999022478,0.196850393701,0.157480314961,                         117P    414
1.47999022478,0.196850393701,0.393700787402E-01,                     117P    415
0.00000000000,1.00000000000,0.00000000000,                           117P    416
0.00000000000,0.00000000000,0,0,0;                                   117P    417
126,1,1,0,0,1,0,                                                     119P    418
0.00000000000,0.00000000000,1.00000000000,                           119P    419
1.00000000000,1.00000000000,1.00000000000,                           119P    420
1.47999022478,0.196850393701,0.393700787402E-01,                     119P    421
1.47999022478,0.111355398612,0.393700787402E-01,                     119P    422
0.00000000000,1.00000000000,0.00000000000,                           119P    423
0.00000000000,0.00000000000,0,0,0;                                   119P    424
126,2,2,0,0,0,0,                                                     121P    425
0.00000000000,0.00000000000,0.00000000000,                           121P    426
1.00000000000,1.00000000000,1.00000000000,                           121P    427
0.897358423438,0.773459080339,1.00000000000,                         121P    428
1.47999022478,0.111355398612,0.393700787402E-01,                     121P    429
1.47999022478,0.835165489590E-01,0.118110236220,                     121P    430
1.47999022478,0.00000000000,0.118110236220,                          121P    431
0.00000000000,1.00000000000,0.00000000000,                           121P    432
0.00000000000,0.00000000000,0,0,0;                                   121P    433
126,2,2,0,0,0,0,                                                     123P    434
0.00000000000,0.00000000000,0.00000000000,                           123P    435
1.00000000000,1.00000000000,1.00000000000,                           123P    436
1.00000000000,0.773459080339,0.897358423438,                         123P    437
1.47999022478,0.00000000000,0.118110236220,                          123P    438
1.47999022478,-0.835165489590E-01,0.118110236220,                    123P    439
1.47999022478,-0.111355398612,0.393700787402E-01,                    123P    440
0.00000000000,1.00000000000,0.00000000000,                           123P    441
0.00000000000,0.00000000000,0,0,0;                                   123P    442
126,1,1,0,0,1,0,                                                     125P    443
0.00000000000,0.00000000000,1.00000000000,                           125P    444
1.00000000000,1.00000000000,1.00000000000,                           125P    445
1.47999022478,-0.111355398612,0.393700787402E-01,                    125P    446
1.47999022478,-0.196850393701,0.393700787402E-01,                    125P    447
0.00000000000,1.00000000000,0.00000000000,                           125P    448
0.00000000000,0.00000000000,0,0,0;                                   125P    449
126,1,1,0,0,1,0,                                                     127P    450
0.00000000000,0.00000000000,1.00000000000,                           127P    451
1.00000000000,1.00000000000,1.00000000000,                           127P    452
1.47999022478,-0.196850393701,0.157480314961,                        127P    453
1.47999022478,-0.196850393701,0.393700787402E-01,                    127P    454
0.00000000000,1.00000000000,0.00000000000,                           127P    455
0.00000000000,0.00000000000,0,0,0;                                   127P    456
128,1,1,1,1,0,0,                                                     129P    457
1,0,0,                                                               129P    458
0.00000000000,0.00000000000,1.00000000000,                           129P    459
1.00000000000,0.00000000000,0.00000000000,                           129P    460
1.00000000000,1.00000000000,1.00000000000,                           129P    461
1.00000000000,1.00000000000,1.00000000000,                           129P    462
1.47999022478,-0.196850393701,0.157480314961,                        129P    463
1.47999022478,-0.196850393701,-0.157480314961,                       129P    464
1.79495085471,-0.196850393701,0.157480314961,                        129P    465
1.79495085471,-0.196850393701,-0.157480314961,                       129P    466
0.00000000000,1.00000000000,0.00000000000,                           129P    467
1.00000000000,0,0,0;                                                 129P    468
126,1,1,0,0,1,0,                                                     131P    469
0.00000000000,0.00000000000,1.00000000000,                           131P    470
1.00000000000,1.00000000000,1.00000000000,                           131P    471
1.67684061849,-0.196850393701,0.393700787402E-01,                    131P    472
1.47999022478,-0.196850393701,0.393700787402E-01,                    131P    473
0.00000000000,1.00000000000,0.00000000000,                           131P    474
0.00000000000,0.00000000000,0,0,0;                                   131P    475
126,1,1,0,0,1,0,                                                     133P    476
0.00000000000,0.00000000000,1.00000000000,                           133P    477
1.00000000000,1.00000000000,1.00000000000,                           133P    478
1.67684061849,-0.196850393701,0.157480314961,                        133P    479
1.67684061849,-0.196850393701,0.393700787402E-01,                    133P    480
0.00000000000,1.00000000000,0.00000000000,                           133P    481
0.00000000000,0.00000000000,0,0,0;                                   133P    482
128,1,1,1,1,0,0,                                                     135P    483
1,0,0,                                                               135P    484
0.00000000000,0.00000000000,1.00000000000,                           135P    485
1.00000000000,0.00000000000,0.00000000000,                           135P    486
1.00000000000,1.00000000000,1.00000000000,                           135P    487
1.00000000000,1.00000000000,1.00000000000,                           135P    488
1.67684061849,-0.196850393701,0.236220472441,                        135P    489
1.67684061849,-0.196850393701,-0.157480314961,                       135P    490
2.30676187833,-0.196850393701,0.236220472441,                        135P    491
2.30676187833,-0.196850393701,-0.157480314961,                       135P    492
0.00000000000,1.00000000000,0.00000000000,                           135P    493
1.00000000000,0,0,0;                                                 135P    494
126,1,1,0,0,1,0,                                                     137P    495
0.00000000000,0.00000000000,1.00000000000,                           137P    496
1.00000000000,1.00000000000,1.00000000000,                           137P    497
1.79495085471,-0.196850393701,0.393700787402E-01,                    137P    498
1.67684061849,-0.196850393701,0.393700787402E-01,                    137P    499
0.00000000000,1.00000000000,0.00000000000,                           137P    500
0.00000000000,0.00000000000,0,0,0;                                   137P    501
128,1,1,1,1,0,0,                                                     139P    502
1,0,0,                                                               139P    503
0.00000000000,0.00000000000,1.00000000000,                           139P    504
1.00000000000,0.00000000000,0.00000000000,                           139P    505
1.00000000000,1.00000000000,1.00000000000,                           139P    506
1.00000000000,1.00000000000,1.00000000000,                           139P    507
1.67684061849,-0.393700787402,0.393700787402E-01,                    139P    508
1.79495085471,-0.393700787402,0.393700787402E-01,                    139P    509
1.67684061849,0.393700787402,0.393700787402E-01,                     139P    510
1.79495085471,0.393700787402,0.393700787402E-01,                     139P    511
0.00000000000,1.00000000000,0.00000000000,                           139P    512
1.00000000000,0,0,0;                                                 139P    513
126,1,1,0,0,1,0,                                                     141P    514
0.00000000000,0.00000000000,1.00000000000,                           141P    515
1.00000000000,1.00000000000,1.00000000000,                           141P    516
1.67684061849,-0.393700787402,0.393700787402E-01,                    141P    517
1.79495085471,-0.393700787402,0.393700787402E-01,                    141P    518
0.00000000000,1.00000000000,0.00000000000,                           141P    519
0.00000000000,0.00000000000,0,0,0;                                   141P    520
126,1,1,0,0,1,0,                                                     143P    521
0.00000000000,0.00000000000,1.00000000000,                           143P    522
1.00000000000,1.00000000000,1.00000000000,                           143P    523
1.79495085471,-0.393700787402,0.393700787402E-01,                    143P    524
1.79495085471,-0.196850393701,0.393700787402E-01,                    143P    525
0.00000000000,1.00000000000,0.00000000000,                           143P    526
0.00000000000,0.00000000000,0,0,0;                                   143P    527
126,1,1,0,0,1,0,                                                     145P    528
0.00000000000,0.00000000000,1.00000000000,                           145P    529
1.00000000000,1.00000000000,1.00000000000,                           145P    530
1.67684061849,-0.196850393701,0.393700787402E-01,                    145P    531
1.67684061849,-0.393700787402,0.393700787402E-01,                    145P    532
0.00000000000,1.00000000000,0.00000000000,                           145P    533
0.00000000000,0.00000000000,0,0,0;                                   145P    534
128,1,1,1,1,0,0,                                                     147P    535
1,0,0,                                                               147P    536
0.00000000000,0.00000000000,1.00000000000,                           147P    537
1.00000000000,0.00000000000,0.00000000000,                           147P    538
1.00000000000,1.00000000000,1.00000000000,                           147P    539
1.00000000000,1.00000000000,1.00000000000,                           147P    540
1.47999022478,-0.393700787402,0.393700787402E-01,                    147P    541
1.67684061849,-0.393700787402,0.393700787402E-01,                    147P    542
1.47999022478,0.393700787402,0.393700787402E-01,                     147P    543
1.67684061849,0.393700787402,0.393700787402E-01,                     147P    544
0.00000000000,1.00000000000,0.00000000000,                           147P    545
1.00000000000,0,0,0;                                                 147P    546
126,1,1,0,0,1,0,                                                     149P    547
0.00000000000,0.00000000000,1.00000000000,                           149P    548
1.00000000000,1.00000000000,1.00000000000,                           149P    549
1.47999022478,-0.393700787402,0.393700787402E-01,                    149P    550
1.67684061849,-0.393700787402,0.393700787402E-01,                    149P    551
0.00000000000,1.00000000000,0.00000000000,                           149P    552
0.00000000000,0.00000000000,0,0,0;                                   149P    553
126,1,1,0,0,1,0,                                                     151P    554
0.00000000000,0.00000000000,1.00000000000,                           151P    555
1.00000000000,1.00000000000,1.00000000000,                           151P    556
1.47999022478,-0.196850393701,0.393700787402E-01,                    151P    557
1.47999022478,-0.393700787402,0.393700787402E-01,                    151P    558
0.00000000000,1.00000000000,0.00000000000,                           151P    559
0.00000000000,0.00000000000,0,0,0;                                   151P    560
128,1,1,1,1,0,0,                                                     153P    561
1,0,0,                                                               153P    562
0.00000000000,0.00000000000,1.00000000000,                           153P    563
1.00000000000,0.00000000000,0.00000000000,                           153P    564
1.00000000000,1.00000000000,1.00000000000,                           153P    565
1.00000000000,1.00000000000,1.00000000000,                           153P    566
1.47999022478,-0.393700787402,0.393700787402E-01,                    153P    567
1.47999022478,0.393700787402,0.393700787402E-01,                     153P    568
1.47999022478,-0.393700787402,-0.157480314961,                       153P    569
1.47999022478,0.393700787402,-0.157480314961,                        153P    570
0.00000000000,1.00000000000,0.00000000000,                           153P    571
1.00000000000,0,0,0;                                                 153P    572
126,1,1,0,0,1,0,                                                     155P    573
0.00000000000,0.00000000000,1.00000000000,                           155P    574
1.00000000000,1.00000000000,1.00000000000,                           155P    575
1.47999022478,-0.196850393701,-0.157480314961,                       155P    576
1.47999022478,-0.393700787402,-0.157480314961,                       155P    577
0.00000000000,1.00000000000,0.00000000000,                           155P    578
0.00000000000,0.00000000000,0,0,0;                                   155P    579
126,1,1,0,0,1,0,                                                     157P    580
0.00000000000,0.00000000000,1.00000000000,                           157P    581
1.00000000000,1.00000000000,1.00000000000,                           157P    582
1.47999022478,-0.393700787402,0.393700787402E-01,                    157P    583
1.47999022478,-0.393700787402,-0.157480314961,                       157P    584
0.00000000000,1.00000000000,0.00000000000,                           157P    585
0.00000000000,0.00000000000,0,0,0;                                   157P    586
126,1,1,0,0,1,0,                                                     159P    587
0.00000000000,0.00000000000,1.00000000000,                           159P    588
1.00000000000,1.00000000000,1.00000000000,                           159P    589
1.47999022478,-0.196850393701,0.393700787402E-01,                    159P    590
1.47999022478,-0.196850393701,-0.157480314961,                       159P    591
0.00000000000,1.00000000000,0.00000000000,                           159P    592
0.00000000000,0.00000000000,0,0,0;                                   159P    593
128,1,1,1,1,0,0,                                                     161P    594
1,0,0,                                                               161P    595
0.00000000000,0.00000000000,1.00000000000,                           161P    596
1.00000000000,0.00000000000,0.00000000000,                           161P    597
1.00000000000,1.00000000000,1.00000000000,                           161P    598
1.00000000000,1.00000000000,1.00000000000,                           161P    599
1.47999022478,-0.196850393701,0.157480314961,                        161P    600
1.47999022478,0.196850393701,0.157480314961,                         161P    601
1.47999022478,-0.196850393701,-0.157480314961,                       161P    602
1.47999022478,0.196850393701,-0.157480314961,                        161P    603
0.00000000000,1.00000000000,0.00000000000,                           161P    604
1.00000000000,0,0,0;                                                 161P    605
126,1,1,0,0,1,0,                                                     163P    606
0.00000000000,0.00000000000,1.00000000000,                           163P    607
1.00000000000,1.00000000000,1.00000000000,                           163P    608
1.47999022478,0.196850393701,0.393700787402E-01,                     163P    609
1.47999022478,0.196850393701,-0.157480314961,                        163P    610
0.00000000000,1.00000000000,0.00000000000,                           163P    611
0.00000000000,0.00000000000,0,0,0;                                   163P    612
126,1,1,0,0,1,0,                                                     165P    613
0.00000000000,0.00000000000,1.00000000000,                           165P    614
1.00000000000,1.00000000000,1.00000000000,                           165P    615
1.47999022478,0.196850393701,-0.157480314961,                        165P    616
1.47999022478,-0.196850393701,-0.157480314961,                       165P    617
0.00000000000,1.00000000000,0.00000000000,                           165P    618
0.00000000000,0.00000000000,0,0,0;                                   165P    619
126,2,2,0,0,0,0,                                                     167P    620
0.00000000000,0.00000000000,0.00000000000,                           167P    621
1.00000000000,1.00000000000,1.00000000000,                           167P    622
0.897358423438,0.933647700848,1.00000000000,                         167P    623
1.47999022478,-0.111355398612,0.393700787402E-01,                    167P    624
1.47999022478,-0.118110236220,0.202645128253E-01,                    167P    625
1.47999022478,-0.118110236220,0.00000000000,                         167P    626
0.00000000000,1.00000000000,0.00000000000,                           167P    627
0.00000000000,0.00000000000,0,0,0;                                   167P    628
126,2,2,0,0,0,0,                                                     169P    629
0.00000000000,0.00000000000,0.00000000000,                           169P    630
1.00000000000,1.00000000000,1.00000000000,                           169P    631
1.00000000000,0.707106781187,1.00000000000,                          169P    632
1.47999022478,-0.118110236220,0.00000000000,                         169P    633
1.47999022478,-0.118110236220,-0.118110236220,                       169P    634
1.47999022478,0.00000000000,-0.118110236220,                         169P    635
0.00000000000,1.00000000000,0.00000000000,                           169P    636
0.00000000000,0.00000000000,0,0,0;                                   169P    637
126,2,2,0,0,0,0,                                                     171P    638
0.00000000000,0.00000000000,0.00000000000,                           171P    639
1.00000000000,1.00000000000,1.00000000000,                           171P    640
1.00000000000,0.707106781187,1.00000000000,                          171P    641
1.47999022478,0.00000000000,-0.118110236220,                         171P    642
1.47999022478,0.118110236220,-0.118110236220,                        171P    643
1.47999022478,0.118110236220,0.00000000000,                          171P    644
0.00000000000,1.00000000000,0.00000000000,                           171P    645
0.00000000000,0.00000000000,0,0,0;                                   171P    646
126,2,2,0,0,0,0,                                                     173P    647
0.00000000000,0.00000000000,0.00000000000,                           173P    648
1.00000000000,1.00000000000,1.00000000000,                           173P    649
1.00000000000,0.933647700848,0.897358423438,                         173P    650
1.47999022478,0.118110236220,0.00000000000,                          173P    651
1.47999022478,0.118110236220,0.202645128253E-01,                     173P    652
1.47999022478,0.111355398612,0.393700787402E-01,                     173P    653
0.00000000000,1.00000000000,0.00000000000,                           173P    654
0.00000000000,0.00000000000,0,0,0;                                   173P    655
128,2,1,2,1,0,0,                                                     175P    656
0,0,0,                                                               175P    657
0.00000000000,0.00000000000,0.00000000000,                           175P    658
1.00000000000,1.00000000000,1.00000000000,                           175P    659
0.00000000000,0.00000000000,1.00000000000,                           175P    660
1.00000000000,1.00000000000,0.707106781187,                          175P    661
1.00000000000,1.00000000000,0.707106781187,                          175P    662
1.00000000000,0.603414014849,0.119960348564,                         175P    663
0.00000000000,0.603414014849,0.119960348564,                         175P    664
0.119960348564,0.603414014849,0.00000000000,                         175P    665
0.119960348564,1.47999022478,0.118110236220,                         175P    666
0.00000000000,1.47999022478,0.118110236220,                          175P    667
0.118110236220,1.47999022478,0.00000000000,                          175P    668
0.118110236220,0.00000000000,1.00000000000,                          175P    669
0.00000000000,1.00000000000,0,0,0;                                   175P    670
126,2,2,0,0,0,0,                                                     177P    671
0.00000000000,0.00000000000,0.00000000000,                           177P    672
1.00000000000,1.00000000000,1.00000000000,                           177P    673
1.00000000000,0.707106781187,1.00000000000,                          177P    674
0.603414014849,0.119960348564,0.00000000000,                         177P    675
0.603414014849,0.119960348564,0.119960348564,                        177P    676
0.603414014849,0.00000000000,0.119960348564,                         177P    677
0.00000000000,1.00000000000,0.00000000000,                           177P    678
0.00000000000,0.00000000000,0,0,0;                                   177P    679
126,1,1,0,0,1,0,                                                     179P    680
0.00000000000,0.00000000000,1.00000000000,                           179P    681
1.00000000000,1.00000000000,1.00000000000,                           179P    682
0.603414014849,0.00000000000,0.119960348564,                         179P    683
1.47999022478,0.00000000000,0.118110236220,                          179P    684
0.00000000000,1.00000000000,0.00000000000,                           179P    685
0.00000000000,0.00000000000,0,0,0;                                   179P    686
126,1,1,0,0,1,0,                                                     181P    687
0.00000000000,0.00000000000,1.00000000000,                           181P    688
1.00000000000,1.00000000000,1.00000000000,                           181P    689
0.603414014849,0.119960348564,0.00000000000,                         181P    690
1.47999022478,0.118110236220,0.00000000000,                          181P    691
0.00000000000,1.00000000000,0.00000000000,                           181P    692
0.00000000000,0.00000000000,0,0,0;                                   181P    693
128,2,1,2,1,0,0,                                                     183P    694
0,0,0,                                                               183P    695
0.00000000000,0.00000000000,0.00000000000,                           183P    696
1.00000000000,1.00000000000,1.00000000000,                           183P    697
0.00000000000,0.00000000000,1.00000000000,                           183P    698
1.00000000000,1.00000000000,0.707106781187,                          183P    699
1.00000000000,1.00000000000,0.707106781187,                          183P    700
1.00000000000,0.603414014849,0.00000000000,                          183P    701
-0.119960348564,0.603414014849,0.119960348564,                       183P    702
-0.119960348564,0.603414014849,0.119960348564,                       183P    703
0.00000000000,1.47999022478,0.00000000000,                           183P    704
-0.118110236220,1.47999022478,0.118110236220,                        183P    705
-0.118110236220,1.47999022478,0.118110236220,                        183P    706
0.00000000000,0.00000000000,1.00000000000,                           183P    707
0.00000000000,1.00000000000,0,0,0;                                   183P    708
126,2,2,0,0,0,0,                                                     185P    709
0.00000000000,0.00000000000,0.00000000000,                           185P    710
1.00000000000,1.00000000000,1.00000000000,                           185P    711
1.00000000000,0.707106781187,1.00000000000,                          185P    712
0.603414014849,0.00000000000,-0.119960348564,                        185P    713
0.603414014849,0.119960348564,-0.119960348564,                       185P    714
0.603414014849,0.119960348564,0.00000000000,                         185P    715
0.00000000000,1.00000000000,0.00000000000,                           185P    716
0.00000000000,0.00000000000,0,0,0;                                   185P    717
126,1,1,0,0,1,0,                                                     187P    718
0.00000000000,0.00000000000,1.00000000000,                           187P    719
1.00000000000,1.00000000000,1.00000000000,                           187P    720
0.603414014849,0.00000000000,-0.119960348564,                        187P    721
1.47999022478,0.00000000000,-0.118110236220,                         187P    722
0.00000000000,1.00000000000,0.00000000000,                           187P    723
0.00000000000,0.00000000000,0,0,0;                                   187P    724
128,2,1,2,1,0,0,                                                     189P    725
0,0,0,                                                               189P    726
0.00000000000,0.00000000000,0.00000000000,                           189P    727
1.00000000000,1.00000000000,1.00000000000,                           189P    728
0.00000000000,0.00000000000,1.00000000000,                           189P    729
1.00000000000,1.00000000000,0.707106781187,                          189P    730
1.00000000000,1.00000000000,0.707106781187,                          189P    731
1.00000000000,0.603414014849,-0.119960348564,                        189P    732
0.00000000000,0.603414014849,-0.119960348564,                        189P    733
-0.119960348564,0.603414014849,0.00000000000,                        189P    734
-0.119960348564,1.47999022478,-0.118110236220,                       189P    735
0.00000000000,1.47999022478,-0.118110236220,                         189P    736
-0.118110236220,1.47999022478,0.00000000000,                         189P    737
-0.118110236220,0.00000000000,1.00000000000,                         189P    738
0.00000000000,1.00000000000,0,0,0;                                   189P    739
126,2,2,0,0,0,0,                                                     191P    740
0.00000000000,0.00000000000,0.00000000000,                           191P    741
1.00000000000,1.00000000000,1.00000000000,                           191P    742
1.00000000000,0.707106781187,1.00000000000,                          191P    743
0.603414014849,-0.119960348564,0.00000000000,                        191P    744
0.603414014849,-0.119960348564,-0.119960348564,                      191P    745
0.603414014849,0.00000000000,-0.119960348564,                        191P    746
0.00000000000,1.00000000000,0.00000000000,                           191P    747
0.00000000000,0.00000000000,0,0,0;                                   191P    748
126,1,1,0,0,1,0,                                                     193P    749
0.00000000000,0.00000000000,1.00000000000,                           193P    750
1.00000000000,1.00000000000,1.00000000000,                           193P    751
0.603414014849,-0.119960348564,0.00000000000,                        193P    752
1.47999022478,-0.118110236220,0.00000000000,                         193P    753
0.00000000000,1.00000000000,0.00000000000,                           193P    754
0.00000000000,0.00000000000,0,0,0;                                   193P    755
128,2,1,2,1,0,0,                                                     195P    756
0,0,0,                                                               195P    757
0.00000000000,0.00000000000,0.00000000000,                           195P    758
1.00000000000,1.00000000000,1.00000000000,                           195P    759
0.00000000000,0.00000000000,1.00000000000,                           195P    760
1.00000000000,1.00000000000,0.707106781187,                          195P    761
1.00000000000,1.00000000000,0.707106781187,                          195P    762
1.00000000000,0.603414014849,0.00000000000,                          195P    763
0.119960348564,0.603414014849,-0.119960348564,                       195P    764
0.119960348564,0.603414014849,-0.119960348564,                       195P    765
0.00000000000,1.47999022478,0.00000000000,                           195P    766
0.118110236220,1.47999022478,-0.118110236220,                        195P    767
0.118110236220,1.47999022478,-0.118110236220,                        195P    768
0.00000000000,0.00000000000,1.00000000000,                           195P    769
0.00000000000,1.00000000000,0,0,0;                                   195P    770
126,2,2,0,0,0,0,                                                     197P    771
0.00000000000,0.00000000000,0.00000000000,                           197P    772
1.00000000000,1.00000000000,1.00000000000,                           197P    773
1.00000000000,0.707106781187,1.00000000000,                          197P    774
0.603414014849,0.00000000000,0.119960348564,                         197P    775
0.603414014849,-0.119960348564,0.119960348564,                       197P    776
0.603414014849,-0.119960348564,0.00000000000,                        197P    777
0.00000000000,1.00000000000,0.00000000000,                           197P    778
0.00000000000,0.00000000000,0,0,0;                                   197P    779
128,2,1,2,1,0,0,                                                     199P    780
0,0,0,                                                               199P    781
0.00000000000,0.00000000000,0.00000000000,                           199P    782
1.00000000000,1.00000000000,1.00000000000,                           199P    783
0.00000000000,0.00000000000,1.00000000000,                           199P    784
1.00000000000,1.00000000000,0.707106781187,                          199P    785
1.00000000000,1.00000000000,0.707106781187,                          199P    786
1.00000000000,0.209509982124E-01,0.00000000000,                      199P    787
0.154422153652E-02,0.209509982124E-01,-0.154422153652E-02,           199P    788
0.154422153652E-02,0.209509982124E-01,-0.154422153652E-02,           199P    789
0.00000000000,0.603414014849,0.00000000000,                          199P    790
0.119960348564,0.603414014849,-0.119960348564,                       199P    791
0.119960348564,0.603414014849,-0.119960348564,                       199P    792
0.00000000000,0.00000000000,1.00000000000,                           199P    793
0.00000000000,1.00000000000,0,0,0;                                   199P    794
126,2,2,0,0,0,0,                                                     201P    795
0.00000000000,0.00000000000,0.00000000000,                           201P    796
1.00000000000,1.00000000000,1.00000000000,                           201P    797
1.00000000000,0.707106781186,1.00000000000,                          201P    798
0.209509982124E-01,0.00000000000,0.154422153652E-02,                 201P    799
0.209509982124E-01,-0.154422153652E-02,0.154422153652E-02,           201P    800
0.209509982124E-01,-0.154422153652E-02,0.00000000000,                201P    801
0.00000000000,1.00000000000,0.00000000000,                           201P    802
0.00000000000,0.00000000000,0,0,0;                                   201P    803
126,1,1,0,0,1,0,                                                     203P    804
0.00000000000,0.00000000000,1.00000000000,                           203P    805
1.00000000000,1.00000000000,1.00000000000,                           203P    806
0.209509982124E-01,-0.154422153652E-02,0.00000000000,                203P    807
0.603414014849,-0.119960348564,0.00000000000,                        203P    808
0.00000000000,1.00000000000,0.00000000000,                           203P    809
0.00000000000,0.00000000000,0,0,0;                                   203P    810
126,1,1,0,0,1,0,                                                     205P    811
0.00000000000,0.00000000000,1.00000000000,                           205P    812
1.00000000000,1.00000000000,1.00000000000,                           205P    813
0.209509982124E-01,0.00000000000,0.154422153652E-02,                 205P    814
0.603414014849,0.00000000000,0.119960348564,                         205P    815
0.00000000000,1.00000000000,0.00000000000,                           205P    816
0.00000000000,0.00000000000,0,0,0;                                   205P    817
128,2,1,2,1,0,0,                                                     207P    818
0,0,0,                                                               207P    819
0.00000000000,0.00000000000,0.00000000000,                           207P    820
1.00000000000,1.00000000000,1.00000000000,                           207P    821
0.00000000000,0.00000000000,1.00000000000,                           207P    822
1.00000000000,1.00000000000,0.707106781187,                          207P    823
1.00000000000,1.00000000000,0.707106781187,                          207P    824
1.00000000000,0.209509982124E-01,0.154422153652E-02,                 207P    825
0.00000000000,0.209509982124E-01,0.154422153652E-02,                 207P    826
0.154422153652E-02,0.209509982124E-01,0.00000000000,                 207P    827
0.154422153652E-02,0.603414014849,0.119960348564,                    207P    828
0.00000000000,0.603414014849,0.119960348564,                         207P    829
0.119960348564,0.603414014849,0.00000000000,                         207P    830
0.119960348564,0.00000000000,1.00000000000,                          207P    831
0.00000000000,1.00000000000,0,0,0;                                   207P    832
126,2,2,0,0,0,0,                                                     209P    833
0.00000000000,0.00000000000,0.00000000000,                           209P    834
1.00000000000,1.00000000000,1.00000000000,                           209P    835
1.00000000000,0.707106781186,1.00000000000,                          209P    836
0.209509982124E-01,0.154422153652E-02,0.00000000000,                 209P    837
0.209509982124E-01,0.154422153652E-02,0.154422153652E-02,            209P    838
0.209509982124E-01,0.00000000000,0.154422153652E-02,                 209P    839
0.00000000000,1.00000000000,0.00000000000,                           209P    840
0.00000000000,0.00000000000,0,0,0;                                   209P    841
126,1,1,0,0,1,0,                                                     211P    842
0.00000000000,0.00000000000,1.00000000000,                           211P    843
1.00000000000,1.00000000000,1.00000000000,                           211P    844
0.209509982124E-01,0.154422153652E-02,0.00000000000,                 211P    845
0.603414014849,0.119960348564,0.00000000000,                         211P    846
0.00000000000,1.00000000000,0.00000000000,                           211P    847
0.00000000000,0.00000000000,0,0,0;                                   211P    848
128,2,1,2,1,0,0,                                                     213P    849
0,0,0,                                                               213P    850
0.00000000000,0.00000000000,0.00000000000,                           213P    851
1.00000000000,1.00000000000,1.00000000000,                           213P    852
0.00000000000,0.00000000000,1.00000000000,                           213P    853
1.00000000000,1.00000000000,0.707106781187,                          213P    854
1.00000000000,1.00000000000,0.707106781187,                          213P    855
1.00000000000,0.209509982124E-01,0.00000000000,                      213P    856
-0.154422153652E-02,0.209509982124E-01,0.154422153652E-02,           213P    857
-0.154422153652E-02,0.209509982124E-01,0.154422153652E-02,           213P    858
0.00000000000,0.603414014849,0.00000000000,                          213P    859
-0.119960348564,0.603414014849,0.119960348564,                       213P    860
-0.119960348564,0.603414014849,0.119960348564,                       213P    861
0.00000000000,0.00000000000,1.00000000000,                           213P    862
0.00000000000,1.00000000000,0,0,0;                                   213P    863
126,2,2,0,0,0,0,                                                     215P    864
0.00000000000,0.00000000000,0.00000000000,                           215P    865
1.00000000000,1.00000000000,1.00000000000,                           215P    866
1.00000000000,0.707106781186,1.00000000000,                          215P    867
0.209509982124E-01,0.00000000000,-0.154422153652E-02,                215P    868
0.209509982124E-01,0.154422153652E-02,-0.154422153652E-02,           215P    869
0.209509982124E-01,0.154422153652E-02,0.00000000000,                 215P    870
0.00000000000,1.00000000000,0.00000000000,                           215P    871
0.00000000000,0.00000000000,0,0,0;                                   215P    872
126,1,1,0,0,1,0,                                                     217P    873
0.00000000000,0.00000000000,1.00000000000,                           217P    874
1.00000000000,1.00000000000,1.00000000000,                           217P    875
0.209509982124E-01,0.00000000000,-0.154422153652E-02,                217P    876
0.603414014849,0.00000000000,-0.119960348564,                        217P    877
0.00000000000,1.00000000000,0.00000000000,                           217P    878
0.00000000000,0.00000000000,0,0,0;                                   217P    879
128,2,1,2,1,0,0,                                                     219P    880
0,0,0,                                                               219P    881
0.00000000000,0.00000000000,0.00000000000,                           219P    882
1.00000000000,1.00000000000,1.00000000000,                           219P    883
0.00000000000,0.00000000000,1.00000000000,                           219P    884
1.00000000000,1.00000000000,0.707106781187,                          219P    885
1.00000000000,1.00000000000,0.707106781187,                          219P    886
1.00000000000,0.209509982124E-01,-0.154422153652E-02,                219P    887
0.00000000000,0.209509982124E-01,-0.154422153652E-02,                219P    888
-0.154422153652E-02,0.209509982124E-01,0.00000000000,                219P    889
-0.154422153652E-02,0.603414014849,-0.119960348564,                  219P    890
0.00000000000,0.603414014849,-0.119960348564,                        219P    891
-0.119960348564,0.603414014849,0.00000000000,                        219P    892
-0.119960348564,0.00000000000,1.00000000000,                         219P    893
0.00000000000,1.00000000000,0,0,0;                                   219P    894
126,2,2,0,0,0,0,                                                     221P    895
0.00000000000,0.00000000000,0.00000000000,                           221P    896
1.00000000000,1.00000000000,1.00000000000,                           221P    897
1.00000000000,0.707106781186,1.00000000000,                          221P    898
0.209509982124E-01,-0.154422153652E-02,0.00000000000,                221P    899
0.209509982124E-01,-0.154422153652E-02,-0.154422153652E-02,          221P    900
0.209509982124E-01,0.00000000000,-0.154422153652E-02,                221P    901
0.00000000000,1.00000000000,0.00000000000,                           221P    902
0.00000000000,0.00000000000,0,0,0;                                   221P    903
128,2,2,2,2,0,0,                                                     223P    904
0,0,0,                                                               223P    905
0.00000000000,0.00000000000,0.00000000000,                           223P    906
1.00000000000,1.00000000000,1.00000000000,                           223P    907
0.00000000000,0.00000000000,0.00000000000,                           223P    908
1.00000000000,1.00000000000,1.00000000000,                           223P    909
1.00000000000,0.707106781187,1.00000000000,                          223P    910
0.773342141338,0.546835472317,0.773342141338,                        223P    911
1.00000000000,0.707106781187,1.00000000000,                          223P    912
0.196850393701E-01,0.00000000000,0.00000000000,                      223P    913
0.196850393701E-01,0.00000000000,0.00000000000,                      223P    914
0.196850393701E-01,0.00000000000,0.00000000000,                      223P    915
0.196850393701E-01,-0.129102976806E-02,0.00000000000,                223P    916
0.196850393701E-01,-0.129102976806E-02,-0.129102976806E-02,          223P    917
0.196850393701E-01,0.00000000000,-0.129102976806E-02,                223P    918
0.209509982124E-01,-0.154422153652E-02,0.00000000000,                223P    919
0.209509982124E-01,-0.154422153652E-02,-0.154422153652E-02,          223P    920
0.209509982124E-01,0.00000000000,-0.154422153652E-02,                223P    921
0.00000000000,1.00000000000,0.00000000000,                           223P    922
1.00000000000,0,0,0;                                                 223P    923
126,2,2,0,0,0,0,                                                     225P    924
0.00000000000,0.00000000000,0.00000000000,                           225P    925
1.00000000000,1.00000000000,1.00000000000,                           225P    926
1.00000000000,0.773342141338,1.00000000000,                          225P    927
0.196850393701E-01,0.00000000000,0.00000000000,                      225P    928
0.196850393701E-01,0.00000000000,-0.129102976806E-02,                225P    929
0.209509982124E-01,0.00000000000,-0.154422153652E-02,                225P    930
0.00000000000,1.00000000000,0.00000000000,                           225P    931
0.00000000000,0.00000000000,0,0,0;                                   225P    932
126,2,2,0,0,0,0,                                                     227P    933
0.00000000000,0.00000000000,0.00000000000,                           227P    934
1.00000000000,1.00000000000,1.00000000000,                           227P    935
1.00000000000,0.773342141338,1.00000000000,                          227P    936
0.196850393701E-01,0.00000000000,0.00000000000,                      227P    937
0.196850393701E-01,-0.129102976806E-02,0.00000000000,                227P    938
0.209509982124E-01,-0.154422153652E-02,0.00000000000,                227P    939
0.00000000000,1.00000000000,0.00000000000,                           227P    940
0.00000000000,0.00000000000,0,0,0;                                   227P    941
128,2,2,2,2,0,0,                                                     229P    942
0,0,0,                                                               229P    943
0.00000000000,0.00000000000,0.00000000000,                           229P    944
1.00000000000,1.00000000000,1.00000000000,                           229P    945
0.00000000000,0.00000000000,0.00000000000,                           229P    946
1.00000000000,1.00000000000,1.00000000000,                           229P    947
1.00000000000,0.707106781187,1.00000000000,                          229P    948
0.773342141338,0.546835472317,0.773342141338,                        229P    949
1.00000000000,0.707106781187,1.00000000000,                          229P    950
0.196850393701E-01,0.00000000000,0.00000000000,                      229P    951
0.196850393701E-01,0.00000000000,0.00000000000,                      229P    952
0.196850393701E-01,0.00000000000,0.00000000000,                      229P    953
0.196850393701E-01,0.00000000000,0.129102976806E-02,                 229P    954
0.196850393701E-01,-0.129102976806E-02,0.129102976806E-02,           229P    955
0.196850393701E-01,-0.129102976806E-02,0.00000000000,                229P    956
0.209509982124E-01,0.00000000000,0.154422153652E-02,                 229P    957
0.209509982124E-01,-0.154422153652E-02,0.154422153652E-02,           229P    958
0.209509982124E-01,-0.154422153652E-02,0.00000000000,                229P    959
0.00000000000,1.00000000000,0.00000000000,                           229P    960
1.00000000000,0,0,0;                                                 229P    961
126,2,2,0,0,0,0,                                                     231P    962
0.00000000000,0.00000000000,0.00000000000,                           231P    963
1.00000000000,1.00000000000,1.00000000000,                           231P    964
1.00000000000,0.773342141338,1.00000000000,                          231P    965
0.196850393701E-01,0.00000000000,0.00000000000,                      231P    966
0.196850393701E-01,0.00000000000,0.129102976806E-02,                 231P    967
0.209509982124E-01,0.00000000000,0.154422153652E-02,                 231P    968
0.00000000000,1.00000000000,0.00000000000,                           231P    969
0.00000000000,0.00000000000,0,0,0;                                   231P    970
128,2,2,2,2,0,0,                                                     233P    971
0,0,0,                                                               233P    972
0.00000000000,0.00000000000,0.00000000000,                           233P    973
1.00000000000,1.00000000000,1.00000000000,                           233P    974
0.00000000000,0.00000000000,0.00000000000,                           233P    975
1.00000000000,1.00000000000,1.00000000000,                           233P    976
1.00000000000,0.707106781187,1.00000000000,                          233P    977
0.773342141338,0.546835472317,0.773342141338,                        233P    978
1.00000000000,0.707106781187,1.00000000000,                          233P    979
0.196850393701E-01,0.00000000000,0.00000000000,                      233P    980
0.196850393701E-01,0.00000000000,0.00000000000,                      233P    981
0.196850393701E-01,0.00000000000,0.00000000000,                      233P    982
0.196850393701E-01,0.129102976806E-02,0.00000000000,                 233P    983
0.196850393701E-01,0.129102976806E-02,0.129102976806E-02,            233P    984
0.196850393701E-01,0.00000000000,0.129102976806E-02,                 233P    985
0.209509982124E-01,0.154422153652E-02,0.00000000000,                 233P    986
0.209509982124E-01,0.154422153652E-02,0.154422153652E-02,            233P    987
0.209509982124E-01,0.00000000000,0.154422153652E-02,                 233P    988
0.00000000000,1.00000000000,0.00000000000,                           233P    989
1.00000000000,0,0,0;                                                 233P    990
126,2,2,0,0,0,0,                                                     235P    991
0.00000000000,0.00000000000,0.00000000000,                           235P    992
1.00000000000,1.00000000000,1.00000000000,                           235P    993
1.00000000000,0.773342141338,1.00000000000,                          235P    994
0.196850393701E-01,0.00000000000,0.00000000000,                      235P    995
0.196850393701E-01,0.129102976806E-02,0.00000000000,                 235P    996
0.209509982124E-01,0.154422153652E-02,0.00000000000,                 235P    997
0.00000000000,1.00000000000,0.00000000000,                           235P    998
0.00000000000,0.00000000000,0,0,0;                                   235P    999
128,2,2,2,2,0,0,                                                     237P   1000
0,0,0,                                                               237P   1001
0.00000000000,0.00000000000,0.00000000000,                           237P   1002
1.00000000000,1.00000000000,1.00000000000,                           237P   1003
0.00000000000,0.00000000000,0.00000000000,                           237P   1004
1.00000000000,1.00000000000,1.00000000000,                           237P   1005
1.00000000000,0.707106781187,1.00000000000,                          237P   1006
0.773342141338,0.546835472317,0.773342141338,                        237P   1007
1.00000000000,0.707106781187,1.00000000000,                          237P   1008
0.196850393701E-01,0.00000000000,0.00000000000,                      237P   1009
0.196850393701E-01,0.00000000000,0.00000000000,                      237P   1010
0.196850393701E-01,0.00000000000,0.00000000000,                      237P   1011
0.196850393701E-01,0.00000000000,-0.129102976806E-02,                237P   1012
0.196850393701E-01,0.129102976806E-02,-0.129102976806E-02,           237P   1013
0.196850393701E-01,0.129102976806E-02,0.00000000000,                 237P   1014
0.209509982124E-01,0.00000000000,-0.154422153652E-02,                237P   1015
0.209509982124E-01,0.154422153652E-02,-0.154422153652E-02,           237P   1016
0.209509982124E-01,0.154422153652E-02,0.00000000000,                 237P   1017
0.00000000000,1.00000000000,0.00000000000,                           237P   1018
1.00000000000,0,0,0;                                                 237P   1019
128,1,1,1,1,0,0,                                                     239P   1020
1,0,0,                                                               239P   1021
0.00000000000,0.00000000000,1.00000000000,                           239P   1022
1.00000000000,0.00000000000,0.00000000000,                           239P   1023
1.00000000000,1.00000000000,1.00000000000,                           239P   1024
1.00000000000,1.00000000000,1.00000000000,                           239P   1025
1.47999022478,-0.196850393701,-0.157480314961,                       239P   1026
1.47999022478,0.196850393701,-0.157480314961,                        239P   1027
1.79495085471,-0.196850393701,-0.157480314961,                       239P   1028
1.79495085471,0.196850393701,-0.157480314961,                        239P   1029
0.00000000000,1.00000000000,0.00000000000,                           239P   1030
1.00000000000,0,0,0;                                                 239P   1031
126,1,1,0,0,1,0,                                                     241P   1032
0.00000000000,0.00000000000,1.00000000000,                           241P   1033
1.00000000000,1.00000000000,1.00000000000,                           241P   1034
1.67684061849,0.196850393701,-0.157480314961,                        241P   1035
1.47999022478,0.196850393701,-0.157480314961,                        241P   1036
0.00000000000,1.00000000000,0.00000000000,                           241P   1037
0.00000000000,0.00000000000,0,0,0;                                   241P   1038
126,1,1,0,0,1,0,                                                     243P   1039
0.00000000000,0.00000000000,1.00000000000,                           243P   1040
1.00000000000,1.00000000000,1.00000000000,                           243P   1041
1.67684061849,0.196850393701,-0.157480314961,                        243P   1042
1.67684061849,-0.196850393701,-0.157480314961,                       243P   1043
0.00000000000,1.00000000000,0.00000000000,                           243P   1044
0.00000000000,0.00000000000,0,0,0;                                   243P   1045
126,1,1,0,0,1,0,                                                     245P   1046
0.00000000000,0.00000000000,1.00000000000,                           245P   1047
1.00000000000,1.00000000000,1.00000000000,                           245P   1048
1.47999022478,-0.196850393701,-0.157480314961,                       245P   1049
1.67684061849,-0.196850393701,-0.157480314961,                       245P   1050
0.00000000000,1.00000000000,0.00000000000,                           245P   1051
0.00000000000,0.00000000000,0,0,0;                                   245P   1052
128,1,1,1,1,0,0,                                                     247P   1053
1,0,0,                                                               247P   1054
0.00000000000,0.00000000000,1.00000000000,                           247P   1055
1.00000000000,0.00000000000,0.00000000000,                           247P   1056
1.00000000000,1.00000000000,1.00000000000,                           247P   1057
1.00000000000,1.00000000000,1.00000000000,                           247P   1058
1.47999022478,-0.393700787402,-0.157480314961,                       247P   1059
1.47999022478,0.393700787402,-0.157480314961,                        247P   1060
1.67684061849,-0.393700787402,-0.157480314961,                       247P   1061
1.67684061849,0.393700787402,-0.157480314961,                        247P   1062
0.00000000000,1.00000000000,0.00000000000,                           247P   1063
1.00000000000,0,0,0;                                                 247P   1064
126,1,1,0,0,1,0,                                                     249P   1065
0.00000000000,0.00000000000,1.00000000000,                           249P   1066
1.00000000000,1.00000000000,1.00000000000,                           249P   1067
1.67684061849,-0.196850393701,-0.157480314961,                       249P   1068
1.67684061849,-0.393700787402,-0.157480314961,                       249P   1069
0.00000000000,1.00000000000,0.00000000000,                           249P   1070
0.00000000000,0.00000000000,0,0,0;                                   249P   1071
126,1,1,0,0,1,0,                                                     251P   1072
0.00000000000,0.00000000000,1.00000000000,                           251P   1073
1.00000000000,1.00000000000,1.00000000000,                           251P   1074
1.47999022478,-0.393700787402,-0.157480314961,                       251P   1075
1.67684061849,-0.393700787402,-0.157480314961,                       251P   1076
0.00000000000,1.00000000000,0.00000000000,                           251P   1077
0.00000000000,0.00000000000,0,0,0;                                   251P   1078
128,1,1,1,1,0,0,                                                     253P   1079
1,0,0,                                                               253P   1080
0.00000000000,0.00000000000,1.00000000000,                           253P   1081
1.00000000000,0.00000000000,0.00000000000,                           253P   1082
1.00000000000,1.00000000000,1.00000000000,                           253P   1083
1.00000000000,1.00000000000,1.00000000000,                           253P   1084
1.47999022478,-0.393700787402,0.393700787402E-01,                    253P   1085
1.47999022478,-0.393700787402,-0.157480314961,                       253P   1086
1.67684061849,-0.393700787402,0.393700787402E-01,                    253P   1087
1.67684061849,-0.393700787402,-0.157480314961,                       253P   1088
0.00000000000,1.00000000000,0.00000000000,                           253P   1089
1.00000000000,0,0,0;                                                 253P   1090
126,1,1,0,0,1,0,                                                     255P   1091
0.00000000000,0.00000000000,1.00000000000,                           255P   1092
1.00000000000,1.00000000000,1.00000000000,                           255P   1093
1.67684061849,-0.393700787402,0.393700787402E-01,                    255P   1094
1.67684061849,-0.393700787402,-0.157480314961,                       255P   1095
0.00000000000,1.00000000000,0.00000000000,                           255P   1096
0.00000000000,0.00000000000,0,0,0;                                   255P   1097
128,1,1,1,1,0,0,                                                     257P   1098
1,0,0,                                                               257P   1099
0.00000000000,0.00000000000,1.00000000000,                           257P   1100
1.00000000000,0.00000000000,0.00000000000,                           257P   1101
1.00000000000,1.00000000000,1.00000000000,                           257P   1102
1.00000000000,1.00000000000,1.00000000000,                           257P   1103
1.67684061849,-0.393700787402,0.393700787402E-01,                    257P   1104
1.67684061849,-0.393700787402,-0.157480314961,                       257P   1105
1.79495085471,-0.393700787402,0.393700787402E-01,                    257P   1106
1.79495085471,-0.393700787402,-0.157480314961,                       257P   1107
0.00000000000,1.00000000000,0.00000000000,                           257P   1108
1.00000000000,0,0,0;                                                 257P   1109
126,1,1,0,0,1,0,                                                     259P   1110
0.00000000000,0.00000000000,1.00000000000,                           259P   1111
1.00000000000,1.00000000000,1.00000000000,                           259P   1112
1.67684061849,-0.393700787402,-0.157480314961,                       259P   1113
1.79495085471,-0.393700787402,-0.157480314961,                       259P   1114
0.00000000000,1.00000000000,0.00000000000,                           259P   1115
0.00000000000,0.00000000000,0,0,0;                                   259P   1116
126,1,1,0,0,1,0,                                                     261P   1117
0.00000000000,0.00000000000,1.00000000000,                           261P   1118
1.00000000000,1.00000000000,1.00000000000,                           261P   1119
1.79495085471,-0.393700787402,-0.157480314961,                       261P   1120
1.79495085471,-0.393700787402,0.393700787402E-01,                    261P   1121
0.00000000000,1.00000000000,0.00000000000,                           261P   1122
0.00000000000,0.00000000000,0,0,0;                                   261P   1123
128,1,1,1,1,0,0,                                                     263P   1124
1,0,0,                                                               263P   1125
0.00000000000,0.00000000000,1.00000000000,                           263P   1126
1.00000000000,0.00000000000,0.00000000000,                           263P   1127
1.00000000000,1.00000000000,1.00000000000,                           263P   1128
1.00000000000,1.00000000000,1.00000000000,                           263P   1129
1.79495085471,-0.393700787402,0.393700787402E-01,                    263P   1130
1.79495085471,-0.393700787402,-0.157480314961,                       263P   1131
1.79495085471,0.393700787402,0.393700787402E-01,                     263P   1132
1.79495085471,0.393700787402,-0.157480314961,                        263P   1133
0.00000000000,1.00000000000,0.00000000000,                           263P   1134
1.00000000000,0,0,0;                                                 263P   1135
126,1,1,0,0,1,0,                                                     265P   1136
0.00000000000,0.00000000000,1.00000000000,                           265P   1137
1.00000000000,1.00000000000,1.00000000000,                           265P   1138
1.79495085471,-0.393700787402,-0.157480314961,                       265P   1139
1.79495085471,-0.196850393701,-0.157480314961,                       265P   1140
0.00000000000,1.00000000000,0.00000000000,                           265P   1141
0.00000000000,0.00000000000,0,0,0;                                   265P   1142
128,1,1,1,1,0,0,                                                     267P   1143
1,0,0,                                                               267P   1144
0.00000000000,0.00000000000,1.00000000000,                           267P   1145
1.00000000000,0.00000000000,0.00000000000,                           267P   1146
1.00000000000,1.00000000000,1.00000000000,                           267P   1147
1.00000000000,1.00000000000,1.00000000000,                           267P   1148
1.67684061849,-0.393700787402,-0.157480314961,                       267P   1149
1.67684061849,0.393700787402,-0.157480314961,                        267P   1150
1.79495085471,-0.393700787402,-0.157480314961,                       267P   1151
1.79495085471,0.393700787402,-0.157480314961,                        267P   1152
0.00000000000,1.00000000000,0.00000000000,                           267P   1153
1.00000000000,0,0,0;                                                 267P   1154
126,1,1,0,0,1,0,                                                     269P   1155
0.00000000000,0.00000000000,1.00000000000,                           269P   1156
1.00000000000,1.00000000000,1.00000000000,                           269P   1157
1.67684061849,-0.196850393701,-0.157480314961,                       269P   1158
1.79495085471,-0.196850393701,-0.157480314961,                       269P   1159
0.00000000000,1.00000000000,0.00000000000,                           269P   1160
0.00000000000,0.00000000000,0,0,0;                                   269P   1161
128,1,1,1,1,0,0,                                                     271P   1162
1,0,0,                                                               271P   1163
0.00000000000,0.00000000000,1.00000000000,                           271P   1164
1.00000000000,0.00000000000,0.00000000000,                           271P   1165
1.00000000000,1.00000000000,1.00000000000,                           271P   1166
1.00000000000,1.00000000000,1.00000000000,                           271P   1167
1.67684061849,-0.196850393701,-0.157480314961,                       271P   1168
1.67684061849,0.196850393701,-0.157480314961,                        271P   1169
2.30676187833,-0.196850393701,-0.157480314961,                       271P   1170
2.30676187833,0.196850393701,-0.157480314961,                        271P   1171
0.00000000000,1.00000000000,0.00000000000,                           271P   1172
1.00000000000,0,0,0;                                                 271P   1173
126,1,1,0,0,1,0,                                                     273P   1174
0.00000000000,0.00000000000,1.00000000000,                           273P   1175
1.00000000000,1.00000000000,1.00000000000,                           273P   1176
1.79495085471,0.196850393701,-0.157480314961,                        273P   1177
1.67684061849,0.196850393701,-0.157480314961,                        273P   1178
0.00000000000,1.00000000000,0.00000000000,                           273P   1179
0.00000000000,0.00000000000,0,0,0;                                   273P   1180
126,1,1,0,0,1,0,                                                     275P   1181
0.00000000000,0.00000000000,1.00000000000,                           275P   1182
1.00000000000,1.00000000000,1.00000000000,                           275P   1183
1.79495085471,-0.196850393701,-0.157480314961,                       275P   1184
1.79495085471,0.196850393701,-0.157480314961,                        275P   1185
0.00000000000,1.00000000000,0.00000000000,                           275P   1186
0.00000000000,0.00000000000,0,0,0;                                   275P   1187
128,1,1,1,1,0,0,                                                     277P   1188
1,0,0,                                                               277P   1189
0.00000000000,0.00000000000,1.00000000000,                           277P   1190
1.00000000000,0.00000000000,0.00000000000,                           277P   1191
1.00000000000,1.00000000000,1.00000000000,                           277P   1192
1.00000000000,1.00000000000,1.00000000000,                           277P   1193
1.67684061849,-0.196850393701,-0.157480314961,                       277P   1194
1.67684061849,0.196850393701,-0.157480314961,                        277P   1195
2.30676187833,-0.196850393701,-0.157480314961,                       277P   1196
2.30676187833,0.196850393701,-0.157480314961,                        277P   1197
0.00000000000,1.00000000000,0.00000000000,                           277P   1198
1.00000000000,0,0,0;                                                 277P   1199
126,1,1,0,0,1,0,                                                     279P   1200
0.00000000000,0.00000000000,1.00000000000,                           279P   1201
1.00000000000,1.00000000000,1.00000000000,                           279P   1202
1.87369101219,0.196850393701,-0.157480314961,                        279P   1203
1.79495085471,0.196850393701,-0.157480314961,                        279P   1204
0.00000000000,1.00000000000,0.00000000000,                           279P   1205
0.00000000000,0.00000000000,0,0,0;                                   279P   1206
128,1,1,1,1,0,0,                                                     281P   1207
1,0,0,                                                               281P   1208
0.00000000000,0.00000000000,1.00000000000,                           281P   1209
1.00000000000,0.00000000000,0.00000000000,                           281P   1210
1.00000000000,1.00000000000,1.00000000000,                           281P   1211
1.00000000000,1.00000000000,1.00000000000,                           281P   1212
1.67684061849,0.196850393701,0.236220472441,                         281P   1213
2.30676187833,0.196850393701,0.236220472441,                         281P   1214
1.67684061849,0.196850393701,-0.157480314961,                        281P   1215
2.30676187833,0.196850393701,-0.157480314961,                        281P   1216
0.00000000000,1.00000000000,0.00000000000,                           281P   1217
1.00000000000,0,0,0;                                                 281P   1218
126,1,1,0,0,1,0,                                                     283P   1219
0.00000000000,0.00000000000,1.00000000000,                           283P   1220
1.00000000000,1.00000000000,1.00000000000,                           283P   1221
1.79495085471,0.196850393701,0.393700787402E-01,                     283P   1222
1.79495085471,0.196850393701,-0.157480314961,                        283P   1223
0.00000000000,1.00000000000,0.00000000000,                           283P   1224
0.00000000000,0.00000000000,0,0,0;                                   283P   1225
126,1,1,0,0,1,0,                                                     285P   1226
0.00000000000,0.00000000000,1.00000000000,                           285P   1227
1.00000000000,1.00000000000,1.00000000000,                           285P   1228
1.79495085471,0.196850393701,0.393700787402E-01,                     285P   1229
1.79495085471,0.196850393701,0.157480314961,                         285P   1230
0.00000000000,1.00000000000,0.00000000000,                           285P   1231
0.00000000000,0.00000000000,0,0,0;                                   285P   1232
126,1,1,0,0,1,0,                                                     287P   1233
0.00000000000,0.00000000000,1.00000000000,                           287P   1234
1.00000000000,1.00000000000,1.00000000000,                           287P   1235
1.79495085471,0.196850393701,0.157480314961,                         287P   1236
1.67684061849,0.196850393701,0.157480314961,                         287P   1237
0.00000000000,1.00000000000,0.00000000000,                           287P   1238
0.00000000000,0.00000000000,0,0,0;                                   287P   1239
126,1,1,0,0,1,0,                                                     289P   1240
0.00000000000,0.00000000000,1.00000000000,                           289P   1241
1.00000000000,1.00000000000,1.00000000000,                           289P   1242
1.87369101219,0.196850393701,0.236220472441,                         289P   1243
1.67684061849,0.196850393701,0.236220472441,                         289P   1244
0.00000000000,1.00000000000,0.00000000000,                           289P   1245
0.00000000000,0.00000000000,0,0,0;                                   289P   1246
128,1,1,1,1,0,0,                                                     291P   1247
1,0,0,                                                               291P   1248
0.00000000000,0.00000000000,1.00000000000,                           291P   1249
1.00000000000,0.00000000000,0.00000000000,                           291P   1250
1.00000000000,1.00000000000,1.00000000000,                           291P   1251
1.00000000000,1.00000000000,1.00000000000,                           291P   1252
1.67684061849,-0.196850393701,0.236220472441,                        291P   1253
2.30676187833,-0.196850393701,0.236220472441,                        291P   1254
1.67684061849,0.196850393701,0.236220472441,                         291P   1255
2.30676187833,0.196850393701,0.236220472441,                         291P   1256
0.00000000000,1.00000000000,0.00000000000,                           291P   1257
1.00000000000,0,0,0;                                                 291P   1258
126,2,2,0,0,0,0,                                                     293P   1259
0.00000000000,0.00000000000,0.00000000000,                           293P   1260
1.00000000000,1.00000000000,1.00000000000,                           293P   1261
0.500000000000,0.500000000000,1.00000000000,                         293P   1262
1.87369101219,0.196850393701,0.236220472441,                         293P   1263
1.67684061849,0.196850393701,0.236220472441,                         293P   1264
1.67684061849,0.00000000000,0.236220472441,                          293P   1265
0.00000000000,1.00000000000,0.00000000000,                           293P   1266
0.00000000000,0.00000000000,0,0,0;                                   293P   1267
128,3,1,2,1,0,0,                                                     295P   1268
0,0,0,                                                               295P   1269
0.00000000000,0.00000000000,0.00000000000,                           295P   1270
0.500000000000,1.00000000000,1.00000000000,                          295P   1271
1.00000000000,0.00000000000,0.00000000000,                           295P   1272
1.00000000000,1.00000000000,1.00000000000,                           295P   1273
0.500000000000,0.500000000000,1.00000000000,                         295P   1274
1.00000000000,0.500000000000,0.500000000000,                         295P   1275
1.00000000000,2.07054140589,0.00000000000,                           295P   1276
0.236220472441,2.07054140589,0.196850393701,                         295P   1277
0.236220472441,1.67684061849,0.196850393701,                         295P   1278
0.236220472441,1.67684061849,0.00000000000,                          295P   1279
0.236220472441,2.07054140589,0.00000000000,                          295P   1280
0.511811023622,2.07054140589,0.196850393701,                         295P   1281
0.511811023622,1.67684061849,0.196850393701,                         295P   1282
0.511811023622,1.67684061849,0.00000000000,                          295P   1283
0.511811023622,0.00000000000,1.00000000000,                          295P   1284
0.00000000000,1.00000000000,0,0,0;                                   295P   1285
126,2,2,0,0,0,0,                                                     297P   1286
0.00000000000,0.00000000000,0.00000000000,                           297P   1287
1.00000000000,1.00000000000,1.00000000000,                           297P   1288
1.00000000000,0.510004003203,0.500200160160,                         297P   1289
2.07054140589,0.00000000000,0.236220472441,                          297P   1290
2.07054140589,0.189127740715,0.236220472441,                         297P   1291
1.88156502793,0.196692850343,0.236220472441,                         297P   1292
0.00000000000,1.00000000000,0.00000000000,                           297P   1293
0.00000000000,0.00000000000,0,0,0;                                   297P   1294
126,2,2,0,0,0,0,                                                     299P   1295
0.00000000000,0.00000000000,0.00000000000,                           299P   1296
1.00000000000,1.00000000000,1.00000000000,                           299P   1297
0.500200160160,0.500000000000,0.500000000000,                        299P   1298
1.88156502793,0.196692850343,0.236220472441,                         299P   1299
1.87762959612,0.196850393701,0.236220472441,                         299P   1300
1.87369101219,0.196850393701,0.236220472441,                         299P   1301
0.00000000000,1.00000000000,0.00000000000,                           299P   1302
0.00000000000,0.00000000000,0,0,0;                                   299P   1303
126,1,1,0,0,0,0,                                                     301P   1304
0.00000000000,0.00000000000,1.00000000000,                           301P   1305
1.00000000000,1.00000000000,1.00000000000,                           301P   1306
1.67684061849,0.00000000000,0.236220472441,                          301P   1307
1.67684061849,0.00000000000,0.511811023622,                          301P   1308
0.00000000000,1.00000000000,0.00000000000,                           301P   1309
0.00000000000,0.00000000000,0,0,0;                                   301P   1310
126,2,2,0,0,0,0,                                                     303P   1311
0.00000000000,0.00000000000,0.00000000000,                           303P   1312
1.00000000000,1.00000000000,1.00000000000,                           303P   1313
0.500000000000,0.500000000000,1.00000000000,                         303P   1314
1.87369101219,0.196850393701,0.511811023622,                         303P   1315
1.67684061849,0.196850393701,0.511811023622,                         303P   1316
1.67684061849,0.00000000000,0.511811023622,                          303P   1317
0.00000000000,1.00000000000,0.00000000000,                           303P   1318
0.00000000000,0.00000000000,0,0,0;                                   303P   1319
126,2,2,0,0,0,0,                                                     305P   1320
0.00000000000,0.00000000000,0.00000000000,                           305P   1321
1.00000000000,1.00000000000,1.00000000000,                           305P   1322
1.00000000000,0.500000000000,0.500000000000,                         305P   1323
2.07054140589,0.00000000000,0.511811023622,                          305P   1324
2.07054140589,0.196850393701,0.511811023622,                         305P   1325
1.87369101219,0.196850393701,0.511811023622,                         305P   1326
0.00000000000,1.00000000000,0.00000000000,                           305P   1327
0.00000000000,0.00000000000,0,0,0;                                   305P   1328
126,1,1,0,0,0,0,                                                     307P   1329
0.00000000000,0.00000000000,1.00000000000,                           307P   1330
1.00000000000,1.00000000000,1.00000000000,                           307P   1331
2.07054140589,0.00000000000,0.236220472441,                          307P   1332
2.07054140589,0.00000000000,0.511811023622,                          307P   1333
0.00000000000,1.00000000000,0.00000000000,                           307P   1334
0.00000000000,0.00000000000,0,0,0;                                   307P   1335
128,3,1,2,1,0,0,                                                     309P   1336
0,0,0,                                                               309P   1337
0.00000000000,0.00000000000,0.00000000000,                           309P   1338
0.500000000000,1.00000000000,1.00000000000,                          309P   1339
1.00000000000,0.00000000000,0.00000000000,                           309P   1340
1.00000000000,1.00000000000,1.00000000000,                           309P   1341
0.500000000000,0.500000000000,1.00000000000,                         309P   1342
1.00000000000,0.500000000000,0.500000000000,                         309P   1343
1.00000000000,1.67684061849,0.00000000000,                           309P   1344
0.236220472441,1.67684061849,-0.196850393701,                        309P   1345
0.236220472441,2.07054140589,-0.196850393701,                        309P   1346
0.236220472441,2.07054140589,0.00000000000,                          309P   1347
0.236220472441,1.67684061849,0.00000000000,                          309P   1348
0.511811023622,1.67684061849,-0.196850393701,                        309P   1349
0.511811023622,2.07054140589,-0.196850393701,                        309P   1350
0.511811023622,2.07054140589,0.00000000000,                          309P   1351
0.511811023622,0.00000000000,1.00000000000,                          309P   1352
0.00000000000,1.00000000000,0,0,0;                                   309P   1353
126,2,2,0,0,0,0,                                                     311P   1354
0.00000000000,0.00000000000,0.00000000000,                           311P   1355
1.00000000000,1.00000000000,1.00000000000,                           311P   1356
0.500000000000,0.500000000000,0.500200160160,                        311P   1357
1.87369101219,-0.196850393701,0.236220472441,                        311P   1358
1.87762959612,-0.196850393701,0.236220472441,                        311P   1359
1.88156502793,-0.196692850343,0.236220472441,                        311P   1360
0.00000000000,1.00000000000,0.00000000000,                           311P   1361
0.00000000000,0.00000000000,0,0,0;                                   311P   1362
126,2,2,0,0,0,0,                                                     313P   1363
0.00000000000,0.00000000000,0.00000000000,                           313P   1364
1.00000000000,1.00000000000,1.00000000000,                           313P   1365
0.500200160160,0.510004003203,1.00000000000,                         313P   1366
1.88156502793,-0.196692850343,0.236220472441,                        313P   1367
2.07054140589,-0.189127740715,0.236220472441,                        313P   1368
2.07054140589,0.00000000000,0.236220472441,                          313P   1369
0.00000000000,1.00000000000,0.00000000000,                           313P   1370
0.00000000000,0.00000000000,0,0,0;                                   313P   1371
126,2,2,0,0,0,0,                                                     315P   1372
0.00000000000,0.00000000000,0.00000000000,                           315P   1373
1.00000000000,1.00000000000,1.00000000000,                           315P   1374
0.500000000000,0.500000000000,1.00000000000,                         315P   1375
1.87369101219,-0.196850393701,0.511811023622,                        315P   1376
2.07054140589,-0.196850393701,0.511811023622,                        315P   1377
2.07054140589,0.00000000000,0.511811023622,                          315P   1378
0.00000000000,1.00000000000,0.00000000000,                           315P   1379
0.00000000000,0.00000000000,0,0,0;                                   315P   1380
126,2,2,0,0,0,0,                                                     317P   1381
0.00000000000,0.00000000000,0.00000000000,                           317P   1382
1.00000000000,1.00000000000,1.00000000000,                           317P   1383
1.00000000000,0.500000000000,0.500000000000,                         317P   1384
1.67684061849,0.00000000000,0.511811023622,                          317P   1385
1.67684061849,-0.196850393701,0.511811023622,                        317P   1386
1.87369101219,-0.196850393701,0.511811023622,                        317P   1387
0.00000000000,1.00000000000,0.00000000000,                           317P   1388
0.00000000000,0.00000000000,0,0,0;                                   317P   1389
128,1,1,1,1,0,0,                                                     319P   1390
1,0,0,                                                               319P   1391
0.00000000000,0.00000000000,1.00000000000,                           319P   1392
1.00000000000,0.00000000000,0.00000000000,                           319P   1393
1.00000000000,1.00000000000,1.00000000000,                           319P   1394
1.00000000000,1.00000000000,1.00000000000,                           319P   1395
1.59591010988,-0.277780902307,0.511811023622,                        319P   1396
2.15147191449,-0.277780902307,0.511811023622,                        319P   1397
1.59591010988,0.277780902307,0.511811023622,                         319P   1398
2.15147191449,0.277780902307,0.511811023622,                         319P   1399
0.00000000000,1.00000000000,0.00000000000,                           319P   1400
1.00000000000,0,0,0;                                                 319P   1401
128,1,1,1,1,0,0,                                                     321P   1402
1,0,0,                                                               321P   1403
0.00000000000,0.00000000000,1.00000000000,                           321P   1404
1.00000000000,0.00000000000,0.00000000000,                           321P   1405
1.00000000000,1.00000000000,1.00000000000,                           321P   1406
1.00000000000,1.00000000000,1.00000000000,                           321P   1407
1.67684061849,-0.196850393701,0.236220472441,                        321P   1408
2.30676187833,-0.196850393701,0.236220472441,                        321P   1409
1.67684061849,0.196850393701,0.236220472441,                         321P   1410
2.30676187833,0.196850393701,0.236220472441,                         321P   1411
0.00000000000,1.00000000000,0.00000000000,                           321P   1412
1.00000000000,0,0,0;                                                 321P   1413
126,1,1,0,0,1,0,                                                     323P   1414
0.00000000000,0.00000000000,1.00000000000,                           323P   1415
1.00000000000,1.00000000000,1.00000000000,                           323P   1416
1.88156502793,-0.196850393701,0.236220472441,                        323P   1417
2.30676187833,-0.196850393701,0.236220472441,                        323P   1418
0.00000000000,1.00000000000,0.00000000000,                           323P   1419
0.00000000000,0.00000000000,0,0,0;                                   323P   1420
126,1,1,0,0,1,0,                                                     325P   1421
0.00000000000,0.00000000000,1.00000000000,                           325P   1422
1.00000000000,1.00000000000,1.00000000000,                           325P   1423
2.30676187833,-0.196850393701,0.236220472441,                        325P   1424
2.30676187833,0.196850393701,0.236220472441,                         325P   1425
0.00000000000,1.00000000000,0.00000000000,                           325P   1426
0.00000000000,0.00000000000,0,0,0;                                   325P   1427
126,1,1,0,0,1,0,                                                     327P   1428
0.00000000000,0.00000000000,1.00000000000,                           327P   1429
1.00000000000,1.00000000000,1.00000000000,                           327P   1430
2.30676187833,0.196850393701,0.236220472441,                         327P   1431
1.88156502793,0.196850393701,0.236220472441,                         327P   1432
0.00000000000,1.00000000000,0.00000000000,                           327P   1433
0.00000000000,0.00000000000,0,0,0;                                   327P   1434
126,1,1,0,0,1,0,                                                     329P   1435
0.00000000000,0.00000000000,1.00000000000,                           329P   1436
1.00000000000,1.00000000000,1.00000000000,                           329P   1437
1.88156502793,0.196850393701,0.236220472441,                         329P   1438
1.88156502793,0.196692850343,0.236220472441,                         329P   1439
0.00000000000,1.00000000000,0.00000000000,                           329P   1440
0.00000000000,0.00000000000,0,0,0;                                   329P   1441
126,1,1,0,0,1,0,                                                     331P   1442
0.00000000000,0.00000000000,1.00000000000,                           331P   1443
1.00000000000,1.00000000000,1.00000000000,                           331P   1444
1.88156502793,-0.196692850343,0.236220472441,                        331P   1445
1.88156502793,-0.196850393701,0.236220472441,                        331P   1446
0.00000000000,1.00000000000,0.00000000000,                           331P   1447
0.00000000000,0.00000000000,0,0,0;                                   331P   1448
128,1,1,1,1,0,0,                                                     333P   1449
1,0,0,                                                               333P   1450
0.00000000000,0.00000000000,1.00000000000,                           333P   1451
1.00000000000,0.00000000000,0.00000000000,                           333P   1452
1.00000000000,1.00000000000,1.00000000000,                           333P   1453
1.00000000000,1.00000000000,1.00000000000,                           333P   1454
1.88156502793,-0.196850393701,0.236220472441,                        333P   1455
1.88156502793,-0.196850393701,-0.157480314961,                       333P   1456
1.88156502793,0.196850393701,0.236220472441,                         333P   1457
1.88156502793,0.196850393701,-0.157480314961,                        333P   1458
0.00000000000,1.00000000000,0.00000000000,                           333P   1459
1.00000000000,0,0,0;                                                 333P   1460
126,1,1,0,0,1,0,                                                     335P   1461
0.00000000000,0.00000000000,1.00000000000,                           335P   1462
1.00000000000,1.00000000000,1.00000000000,                           335P   1463
1.88156502793,-0.196692850343,0.236220472441,                        335P   1464
1.88156502793,0.196692850343,0.236220472441,                         335P   1465
0.00000000000,1.00000000000,0.00000000000,                           335P   1466
0.00000000000,0.00000000000,0,0,0;                                   335P   1467
126,1,1,0,0,1,0,                                                     337P   1468
0.00000000000,0.00000000000,1.00000000000,                           337P   1469
1.00000000000,1.00000000000,1.00000000000,                           337P   1470
1.88156502793,0.196850393701,-0.157480314961,                        337P   1471
1.88156502793,0.196850393701,0.236220472441,                         337P   1472
0.00000000000,1.00000000000,0.00000000000,                           337P   1473
0.00000000000,0.00000000000,0,0,0;                                   337P   1474
126,1,1,0,0,1,0,                                                     339P   1475
0.00000000000,0.00000000000,1.00000000000,                           339P   1476
1.00000000000,1.00000000000,1.00000000000,                           339P   1477
1.88156502793,-0.196850393701,-0.157480314961,                       339P   1478
1.88156502793,0.196850393701,-0.157480314961,                        339P   1479
0.00000000000,1.00000000000,0.00000000000,                           339P   1480
0.00000000000,0.00000000000,0,0,0;                                   339P   1481
126,1,1,0,0,1,0,                                                     341P   1482
0.00000000000,0.00000000000,1.00000000000,                           341P   1483
1.00000000000,1.00000000000,1.00000000000,                           341P   1484
1.88156502793,-0.196850393701,-0.157480314961,                       341P   1485
1.88156502793,-0.196850393701,0.236220472441,                        341P   1486
0.00000000000,1.00000000000,0.00000000000,                           341P   1487
0.00000000000,0.00000000000,0,0,0;                                   341P   1488
128,1,1,1,1,0,0,                                                     343P   1489
1,0,0,                                                               343P   1490
0.00000000000,0.00000000000,1.00000000000,                           343P   1491
1.00000000000,0.00000000000,0.00000000000,                           343P   1492
1.00000000000,1.00000000000,1.00000000000,                           343P   1493
1.00000000000,1.00000000000,1.00000000000,                           343P   1494
1.87369101219,-0.196850393701,0.236220472441,                        343P   1495
1.88156502793,-0.196850393701,0.236220472441,                        343P   1496
1.87369101219,0.196850393701,0.236220472441,                         343P   1497
1.88156502793,0.196850393701,0.236220472441,                         343P   1498
0.00000000000,1.00000000000,0.00000000000,                           343P   1499
1.00000000000,0,0,0;                                                 343P   1500
128,1,1,1,1,0,0,                                                     345P   1501
1,0,0,                                                               345P   1502
0.00000000000,0.00000000000,1.00000000000,                           345P   1503
1.00000000000,0.00000000000,0.00000000000,                           345P   1504
1.00000000000,1.00000000000,1.00000000000,                           345P   1505
1.00000000000,1.00000000000,1.00000000000,                           345P   1506
1.67684061849,0.196850393701,0.236220472441,                         345P   1507
2.30676187833,0.196850393701,0.236220472441,                         345P   1508
1.67684061849,0.196850393701,-0.157480314961,                        345P   1509
2.30676187833,0.196850393701,-0.157480314961,                        345P   1510
0.00000000000,1.00000000000,0.00000000000,                           345P   1511
1.00000000000,0,0,0;                                                 345P   1512
126,1,1,0,0,1,0,                                                     347P   1513
0.00000000000,0.00000000000,1.00000000000,                           347P   1514
1.00000000000,1.00000000000,1.00000000000,                           347P   1515
2.30676187833,0.196850393701,-0.157480314961,                        347P   1516
2.30676187833,0.196850393701,0.236220472441,                         347P   1517
0.00000000000,1.00000000000,0.00000000000,                           347P   1518
0.00000000000,0.00000000000,0,0,0;                                   347P   1519
126,1,1,0,0,1,0,                                                     349P   1520
0.00000000000,0.00000000000,1.00000000000,                           349P   1521
1.00000000000,1.00000000000,1.00000000000,                           349P   1522
2.30676187833,0.196850393701,-0.157480314961,                        349P   1523
1.88156502793,0.196850393701,-0.157480314961,                        349P   1524
0.00000000000,1.00000000000,0.00000000000,                           349P   1525
0.00000000000,0.00000000000,0,0,0;                                   349P   1526
128,1,1,1,1,0,0,                                                     351P   1527
1,0,0,                                                               351P   1528
0.00000000000,0.00000000000,1.00000000000,                           351P   1529
1.00000000000,0.00000000000,0.00000000000,                           351P   1530
1.00000000000,1.00000000000,1.00000000000,                           351P   1531
1.00000000000,1.00000000000,1.00000000000,                           351P   1532
1.67684061849,-0.196850393701,-0.157480314961,                       351P   1533
1.67684061849,0.196850393701,-0.157480314961,                        351P   1534
2.30676187833,-0.196850393701,-0.157480314961,                       351P   1535
2.30676187833,0.196850393701,-0.157480314961,                        351P   1536
0.00000000000,1.00000000000,0.00000000000,                           351P   1537
1.00000000000,0,0,0;                                                 351P   1538
126,1,1,0,0,1,0,                                                     353P   1539
0.00000000000,0.00000000000,1.00000000000,                           353P   1540
1.00000000000,1.00000000000,1.00000000000,                           353P   1541
2.30676187833,-0.196850393701,-0.157480314961,                       353P   1542
2.30676187833,0.196850393701,-0.157480314961,                        353P   1543
0.00000000000,1.00000000000,0.00000000000,                           353P   1544
0.00000000000,0.00000000000,0,0,0;                                   353P   1545
126,1,1,0,0,1,0,                                                     355P   1546
0.00000000000,0.00000000000,1.00000000000,                           355P   1547
1.00000000000,1.00000000000,1.00000000000,                           355P   1548
1.88156502793,-0.196850393701,-0.157480314961,                       355P   1549
2.30676187833,-0.196850393701,-0.157480314961,                       355P   1550
0.00000000000,1.00000000000,0.00000000000,                           355P   1551
0.00000000000,0.00000000000,0,0,0;                                   355P   1552
128,1,1,1,1,0,0,                                                     357P   1553
1,0,0,                                                               357P   1554
0.00000000000,0.00000000000,1.00000000000,                           357P   1555
1.00000000000,0.00000000000,0.00000000000,                           357P   1556
1.00000000000,1.00000000000,1.00000000000,                           357P   1557
1.00000000000,1.00000000000,1.00000000000,                           357P   1558
1.67684061849,-0.196850393701,0.236220472441,                        357P   1559
1.67684061849,-0.196850393701,-0.157480314961,                       357P   1560
2.30676187833,-0.196850393701,0.236220472441,                        357P   1561
2.30676187833,-0.196850393701,-0.157480314961,                       357P   1562
0.00000000000,1.00000000000,0.00000000000,                           357P   1563
1.00000000000,0,0,0;                                                 357P   1564
126,1,1,0,0,1,0,                                                     359P   1565
0.00000000000,0.00000000000,1.00000000000,                           359P   1566
1.00000000000,1.00000000000,1.00000000000,                           359P   1567
2.30676187833,-0.196850393701,-0.157480314961,                       359P   1568
2.30676187833,-0.196850393701,0.236220472441,                        359P   1569
0.00000000000,1.00000000000,0.00000000000,                           359P   1570
0.00000000000,0.00000000000,0,0,0;                                   359P   1571
128,1,1,1,1,0,0,                                                     361P   1572
1,0,0,                                                               361P   1573
0.00000000000,0.00000000000,1.00000000000,                           361P   1574
1.00000000000,0.00000000000,0.00000000000,                           361P   1575
1.00000000000,1.00000000000,1.00000000000,                           361P   1576
1.00000000000,1.00000000000,1.00000000000,                           361P   1577
2.30676187833,-0.196850393701,0.236220472441,                        361P   1578
2.30676187833,-0.196850393701,-0.157480314961,                       361P   1579
2.30676187833,0.196850393701,0.236220472441,                         361P   1580
2.30676187833,0.196850393701,-0.157480314961,                        361P   1581
0.00000000000,1.00000000000,0.00000000000,                           361P   1582
1.00000000000,0,0,0;                                                 361P   1583
128,1,1,1,1,0,0,                                                     363P   1584
1,0,0,                                                               363P   1585
0.00000000000,0.00000000000,1.00000000000,                           363P   1586
1.00000000000,0.00000000000,0.00000000000,                           363P   1587
1.00000000000,1.00000000000,1.00000000000,                           363P   1588
1.00000000000,1.00000000000,1.00000000000,                           363P   1589
1.67684061849,0.196850393701,0.236220472441,                         363P   1590
2.30676187833,0.196850393701,0.236220472441,                         363P   1591
1.67684061849,0.196850393701,-0.157480314961,                        363P   1592
2.30676187833,0.196850393701,-0.157480314961,                        363P   1593
0.00000000000,1.00000000000,0.00000000000,                           363P   1594
1.00000000000,0,0,0;                                                 363P   1595
126,1,1,0,0,1,0,                                                     365P   1596
0.00000000000,0.00000000000,1.00000000000,                           365P   1597
1.00000000000,1.00000000000,1.00000000000,                           365P   1598
1.67684061849,0.196850393701,0.393700787402E-01,                     365P   1599
1.79495085471,0.196850393701,0.393700787402E-01,                     365P   1600
0.00000000000,1.00000000000,0.00000000000,                           365P   1601
0.00000000000,0.00000000000,0,0,0;                                   365P   1602
126,1,1,0,0,1,0,                                                     367P   1603
0.00000000000,0.00000000000,1.00000000000,                           367P   1604
1.00000000000,1.00000000000,1.00000000000,                           367P   1605
1.67684061849,0.196850393701,0.157480314961,                         367P   1606
1.67684061849,0.196850393701,0.393700787402E-01,                     367P   1607
0.00000000000,1.00000000000,0.00000000000,                           367P   1608
0.00000000000,0.00000000000,0,0,0;                                   367P   1609
128,1,1,1,1,0,0,                                                     369P   1610
1,0,0,                                                               369P   1611
0.00000000000,0.00000000000,1.00000000000,                           369P   1612
1.00000000000,0.00000000000,0.00000000000,                           369P   1613
1.00000000000,1.00000000000,1.00000000000,                           369P   1614
1.00000000000,1.00000000000,1.00000000000,                           369P   1615
1.47999022478,0.196850393701,0.157480314961,                         369P   1616
1.79495085471,0.196850393701,0.157480314961,                         369P   1617
1.47999022478,0.196850393701,-0.157480314961,                        369P   1618
1.79495085471,0.196850393701,-0.157480314961,                        369P   1619
0.00000000000,1.00000000000,0.00000000000,                           369P   1620
1.00000000000,0,0,0;                                                 369P   1621
126,1,1,0,0,1,0,                                                     371P   1622
0.00000000000,0.00000000000,1.00000000000,                           371P   1623
1.00000000000,1.00000000000,1.00000000000,                           371P   1624
1.47999022478,0.196850393701,0.393700787402E-01,                     371P   1625
1.67684061849,0.196850393701,0.393700787402E-01,                     371P   1626
0.00000000000,1.00000000000,0.00000000000,                           371P   1627
0.00000000000,0.00000000000,0,0,0;                                   371P   1628
128,1,1,1,1,0,0,                                                     373P   1629
1,0,0,                                                               373P   1630
0.00000000000,0.00000000000,1.00000000000,                           373P   1631
1.00000000000,0.00000000000,0.00000000000,                           373P   1632
1.00000000000,1.00000000000,1.00000000000,                           373P   1633
1.00000000000,1.00000000000,1.00000000000,                           373P   1634
1.47999022478,-0.393700787402,0.393700787402E-01,                    373P   1635
1.67684061849,-0.393700787402,0.393700787402E-01,                    373P   1636
1.47999022478,0.393700787402,0.393700787402E-01,                     373P   1637
1.67684061849,0.393700787402,0.393700787402E-01,                     373P   1638
0.00000000000,1.00000000000,0.00000000000,                           373P   1639
1.00000000000,0,0,0;                                                 373P   1640
126,1,1,0,0,1,0,                                                     375P   1641
0.00000000000,0.00000000000,1.00000000000,                           375P   1642
1.00000000000,1.00000000000,1.00000000000,                           375P   1643
1.67684061849,0.393700787402,0.393700787402E-01,                     375P   1644
1.67684061849,0.196850393701,0.393700787402E-01,                     375P   1645
0.00000000000,1.00000000000,0.00000000000,                           375P   1646
0.00000000000,0.00000000000,0,0,0;                                   375P   1647
126,1,1,0,0,1,0,                                                     377P   1648
0.00000000000,0.00000000000,1.00000000000,                           377P   1649
1.00000000000,1.00000000000,1.00000000000,                           377P   1650
1.67684061849,0.393700787402,0.393700787402E-01,                     377P   1651
1.47999022478,0.393700787402,0.393700787402E-01,                     377P   1652
0.00000000000,1.00000000000,0.00000000000,                           377P   1653
0.00000000000,0.00000000000,0,0,0;                                   377P   1654
126,1,1,0,0,1,0,                                                     379P   1655
0.00000000000,0.00000000000,1.00000000000,                           379P   1656
1.00000000000,1.00000000000,1.00000000000,                           379P   1657
1.47999022478,0.393700787402,0.393700787402E-01,                     379P   1658
1.47999022478,0.196850393701,0.393700787402E-01,                     379P   1659
0.00000000000,1.00000000000,0.00000000000,                           379P   1660
0.00000000000,0.00000000000,0,0,0;                                   379P   1661
128,1,1,1,1,0,0,                                                     381P   1662
1,0,0,                                                               381P   1663
0.00000000000,0.00000000000,1.00000000000,                           381P   1664
1.00000000000,0.00000000000,0.00000000000,                           381P   1665
1.00000000000,1.00000000000,1.00000000000,                           381P   1666
1.00000000000,1.00000000000,1.00000000000,                           381P   1667
1.47999022478,-0.393700787402,0.393700787402E-01,                    381P   1668
1.47999022478,0.393700787402,0.393700787402E-01,                     381P   1669
1.47999022478,-0.393700787402,-0.157480314961,                       381P   1670
1.47999022478,0.393700787402,-0.157480314961,                        381P   1671
0.00000000000,1.00000000000,0.00000000000,                           381P   1672
1.00000000000,0,0,0;                                                 381P   1673
126,1,1,0,0,1,0,                                                     383P   1674
0.00000000000,0.00000000000,1.00000000000,                           383P   1675
1.00000000000,1.00000000000,1.00000000000,                           383P   1676
1.47999022478,0.393700787402,0.393700787402E-01,                     383P   1677
1.47999022478,0.393700787402,-0.157480314961,                        383P   1678
0.00000000000,1.00000000000,0.00000000000,                           383P   1679
0.00000000000,0.00000000000,0,0,0;                                   383P   1680
126,1,1,0,0,1,0,                                                     385P   1681
0.00000000000,0.00000000000,1.00000000000,                           385P   1682
1.00000000000,1.00000000000,1.00000000000,                           385P   1683
1.47999022478,0.393700787402,-0.157480314961,                        385P   1684
1.47999022478,0.196850393701,-0.157480314961,                        385P   1685
0.00000000000,1.00000000000,0.00000000000,                           385P   1686
0.00000000000,0.00000000000,0,0,0;                                   385P   1687
128,1,1,1,1,0,0,                                                     387P   1688
1,0,0,                                                               387P   1689
0.00000000000,0.00000000000,1.00000000000,                           387P   1690
1.00000000000,0.00000000000,0.00000000000,                           387P   1691
1.00000000000,1.00000000000,1.00000000000,                           387P   1692
1.00000000000,1.00000000000,1.00000000000,                           387P   1693
1.47999022478,-0.393700787402,-0.157480314961,                       387P   1694
1.47999022478,0.393700787402,-0.157480314961,                        387P   1695
1.67684061849,-0.393700787402,-0.157480314961,                       387P   1696
1.67684061849,0.393700787402,-0.157480314961,                        387P   1697
0.00000000000,1.00000000000,0.00000000000,                           387P   1698
1.00000000000,0,0,0;                                                 387P   1699
126,1,1,0,0,1,0,                                                     389P   1700
0.00000000000,0.00000000000,1.00000000000,                           389P   1701
1.00000000000,1.00000000000,1.00000000000,                           389P   1702
1.67684061849,0.393700787402,-0.157480314961,                        389P   1703
1.47999022478,0.393700787402,-0.157480314961,                        389P   1704
0.00000000000,1.00000000000,0.00000000000,                           389P   1705
0.00000000000,0.00000000000,0,0,0;                                   389P   1706
126,1,1,0,0,1,0,                                                     391P   1707
0.00000000000,0.00000000000,1.00000000000,                           391P   1708
1.00000000000,1.00000000000,1.00000000000,                           391P   1709
1.67684061849,0.393700787402,-0.157480314961,                        391P   1710
1.67684061849,0.196850393701,-0.157480314961,                        391P   1711
0.00000000000,1.00000000000,0.00000000000,                           391P   1712
0.00000000000,0.00000000000,0,0,0;                                   391P   1713
128,1,1,1,1,0,0,                                                     393P   1714
1,0,0,                                                               393P   1715
0.00000000000,0.00000000000,1.00000000000,                           393P   1716
1.00000000000,0.00000000000,0.00000000000,                           393P   1717
1.00000000000,1.00000000000,1.00000000000,                           393P   1718
1.00000000000,1.00000000000,1.00000000000,                           393P   1719
1.67684061849,-0.393700787402,-0.157480314961,                       393P   1720
1.67684061849,0.393700787402,-0.157480314961,                        393P   1721
1.79495085471,-0.393700787402,-0.157480314961,                       393P   1722
1.79495085471,0.393700787402,-0.157480314961,                        393P   1723
0.00000000000,1.00000000000,0.00000000000,                           393P   1724
1.00000000000,0,0,0;                                                 393P   1725
126,1,1,0,0,1,0,                                                     395P   1726
0.00000000000,0.00000000000,1.00000000000,                           395P   1727
1.00000000000,1.00000000000,1.00000000000,                           395P   1728
1.79495085471,0.393700787402,-0.157480314961,                        395P   1729
1.67684061849,0.393700787402,-0.157480314961,                        395P   1730
0.00000000000,1.00000000000,0.00000000000,                           395P   1731
0.00000000000,0.00000000000,0,0,0;                                   395P   1732
126,1,1,0,0,1,0,                                                     397P   1733
0.00000000000,0.00000000000,1.00000000000,                           397P   1734
1.00000000000,1.00000000000,1.00000000000,                           397P   1735
1.79495085471,0.196850393701,-0.157480314961,                        397P   1736
1.79495085471,0.393700787402,-0.157480314961,                        397P   1737
0.00000000000,1.00000000000,0.00000000000,                           397P   1738
0.00000000000,0.00000000000,0,0,0;                                   397P   1739
128,1,1,1,1,0,0,                                                     399P   1740
1,0,0,                                                               399P   1741
0.00000000000,0.00000000000,1.00000000000,                           399P   1742
1.00000000000,0.00000000000,0.00000000000,                           399P   1743
1.00000000000,1.00000000000,1.00000000000,                           399P   1744
1.00000000000,1.00000000000,1.00000000000,                           399P   1745
1.79495085471,-0.393700787402,0.393700787402E-01,                    399P   1746
1.79495085471,-0.393700787402,-0.157480314961,                       399P   1747
1.79495085471,0.393700787402,0.393700787402E-01,                     399P   1748
1.79495085471,0.393700787402,-0.157480314961,                        399P   1749
0.00000000000,1.00000000000,0.00000000000,                           399P   1750
1.00000000000,0,0,0;                                                 399P   1751
126,1,1,0,0,1,0,                                                     401P   1752
0.00000000000,0.00000000000,1.00000000000,                           401P   1753
1.00000000000,1.00000000000,1.00000000000,                           401P   1754
1.79495085471,0.393700787402,-0.157480314961,                        401P   1755
1.79495085471,0.393700787402,0.393700787402E-01,                     401P   1756
0.00000000000,1.00000000000,0.00000000000,                           401P   1757
0.00000000000,0.00000000000,0,0,0;                                   401P   1758
126,1,1,0,0,1,0,                                                     403P   1759
0.00000000000,0.00000000000,1.00000000000,                           403P   1760
1.00000000000,1.00000000000,1.00000000000,                           403P   1761
1.79495085471,0.196850393701,0.393700787402E-01,                     403P   1762
1.79495085471,0.393700787402,0.393700787402E-01,                     403P   1763
0.00000000000,1.00000000000,0.00000000000,                           403P   1764
0.00000000000,0.00000000000,0,0,0;                                   403P   1765
128,1,1,1,1,0,0,                                                     405P   1766
1,0,0,                                                               405P   1767
0.00000000000,0.00000000000,1.00000000000,                           405P   1768
1.00000000000,0.00000000000,0.00000000000,                           405P   1769
1.00000000000,1.00000000000,1.00000000000,                           405P   1770
1.00000000000,1.00000000000,1.00000000000,                           405P   1771
1.67684061849,-0.393700787402,0.393700787402E-01,                    405P   1772
1.79495085471,-0.393700787402,0.393700787402E-01,                    405P   1773
1.67684061849,0.393700787402,0.393700787402E-01,                     405P   1774
1.79495085471,0.393700787402,0.393700787402E-01,                     405P   1775
0.00000000000,1.00000000000,0.00000000000,                           405P   1776
1.00000000000,0,0,0;                                                 405P   1777
126,1,1,0,0,1,0,                                                     407P   1778
0.00000000000,0.00000000000,1.00000000000,                           407P   1779
1.00000000000,1.00000000000,1.00000000000,                           407P   1780
1.79495085471,0.393700787402,0.393700787402E-01,                     407P   1781
1.67684061849,0.393700787402,0.393700787402E-01,                     407P   1782
0.00000000000,1.00000000000,0.00000000000,                           407P   1783
0.00000000000,0.00000000000,0,0,0;                                   407P   1784
128,1,1,1,1,0,0,                                                     409P   1785
1,0,0,                                                               409P   1786
0.00000000000,0.00000000000,1.00000000000,                           409P   1787
1.00000000000,0.00000000000,0.00000000000,                           409P   1788
1.00000000000,1.00000000000,1.00000000000,                           409P   1789
1.00000000000,1.00000000000,1.00000000000,                           409P   1790
1.67684061849,0.393700787402,0.393700787402E-01,                     409P   1791
1.79495085471,0.393700787402,0.393700787402E-01,                     409P   1792
1.67684061849,0.393700787402,-0.157480314961,                        409P   1793
1.79495085471,0.393700787402,-0.157480314961,                        409P   1794
0.00000000000,1.00000000000,0.00000000000,                           409P   1795
1.00000000000,0,0,0;                                                 409P   1796
126,1,1,0,0,1,0,                                                     411P   1797
0.00000000000,0.00000000000,1.00000000000,                           411P   1798
1.00000000000,1.00000000000,1.00000000000,                           411P   1799
1.67684061849,0.393700787402,0.393700787402E-01,                     411P   1800
1.67684061849,0.393700787402,-0.157480314961,                        411P   1801
0.00000000000,1.00000000000,0.00000000000,                           411P   1802
0.00000000000,0.00000000000,0,0,0;                                   411P   1803
128,1,1,1,1,0,0,                                                     413P   1804
1,0,0,                                                               413P   1805
0.00000000000,0.00000000000,1.00000000000,                           413P   1806
1.00000000000,0.00000000000,0.00000000000,                           413P   1807
1.00000000000,1.00000000000,1.00000000000,                           413P   1808
1.00000000000,1.00000000000,1.00000000000,                           413P   1809
1.47999022478,0.393700787402,0.393700787402E-01,                     413P   1810
1.67684061849,0.393700787402,0.393700787402E-01,                     413P   1811
1.47999022478,0.393700787402,-0.157480314961,                        413P   1812
1.67684061849,0.393700787402,-0.157480314961,                        413P   1813
0.00000000000,1.00000000000,0.00000000000,                           413P   1814
1.00000000000,0,0,0;                                                 413P   1815
502,67,1.87369101219,-0.196850393701,                                415P   1816
0.236220472441,1.87369101219,-0.196850393701,                        415P   1817
-0.157480314961,1.87369101219,0.196850393701,                        415P   1818
-0.157480314961,1.87369101219,0.196850393701,                        415P   1819
0.236220472441,1.67684061849,-0.196850393701,                        415P   1820
0.236220472441,1.67684061849,-0.196850393701,                        415P   1821
0.157480314961,1.79495085471,-0.196850393701,                        415P   1822
0.157480314961,1.79495085471,-0.196850393701,                        415P   1823
0.393700787402E-01,1.79495085471,-0.196850393701,                    415P   1824
-0.157480314961,1.67684061849,0.00000000000,                         415P   1825
0.236220472441,1.67684061849,0.196850393701,                         415P   1826
0.236220472441,1.67684061849,0.196850393701,                         415P   1827
0.157480314961,1.47999022478,-0.196850393701,                        415P   1828
0.157480314961,1.47999022478,0.196850393701,                         415P   1829
0.157480314961,1.47999022478,0.196850393701,                         415P   1830
0.393700787402E-01,1.47999022478,0.111355398612,                     415P   1831
0.393700787402E-01,1.47999022478,0.00000000000,                      415P   1832
0.118110236220,1.47999022478,-0.111355398612,                        415P   1833
0.393700787402E-01,1.47999022478,-0.196850393701,                    415P   1834
0.393700787402E-01,1.67684061849,-0.196850393701,                    415P   1835
0.393700787402E-01,1.67684061849,-0.393700787402,                    415P   1836
0.393700787402E-01,1.79495085471,-0.393700787402,                    415P   1837
0.393700787402E-01,1.47999022478,-0.393700787402,                    415P   1838
0.393700787402E-01,1.47999022478,-0.196850393701,                    415P   1839
-0.157480314961,1.47999022478,-0.393700787402,                       415P   1840
-0.157480314961,1.47999022478,0.196850393701,                        415P   1841
-0.157480314961,1.47999022478,-0.118110236220,                       415P   1842
0.00000000000,1.47999022478,0.00000000000,                           415P   1843
-0.118110236220,1.47999022478,0.118110236220,                        415P   1844
0.00000000000,0.603414014849,0.119960348564,                         415P   1845
0.00000000000,0.603414014849,0.00000000000,                          415P   1846
0.119960348564,0.603414014849,0.00000000000,                         415P   1847
-0.119960348564,0.603414014849,-0.119960348564,                      415P   1848
0.00000000000,0.209509982124E-01,0.00000000000,                      415P   1849
0.154422153652E-02,0.209509982124E-01,-0.154422153652E-02,           415P   1850
0.00000000000,0.209509982124E-01,0.154422153652E-02,                 415P   1851
0.00000000000,0.209509982124E-01,0.00000000000,                      415P   1852
-0.154422153652E-02,0.196850393701E-01,0.00000000000,                415P   1853
0.00000000000,1.67684061849,0.196850393701,                          415P   1854
-0.157480314961,1.67684061849,-0.196850393701,                       415P   1855
-0.157480314961,1.67684061849,-0.393700787402,                       415P   1856
-0.157480314961,1.79495085471,-0.393700787402,                       415P   1857
-0.157480314961,1.79495085471,0.196850393701,                        415P   1858
-0.157480314961,1.79495085471,0.196850393701,                        415P   1859
0.393700787402E-01,1.79495085471,0.196850393701,                     415P   1860
0.157480314961,2.07054140589,0.00000000000,                          415P   1861
0.236220472441,1.88156502793,0.196692850343,                         415P   1862
0.236220472441,1.67684061849,0.00000000000,                          415P   1863
0.511811023622,1.87369101219,0.196850393701,                         415P   1864
0.511811023622,2.07054140589,0.00000000000,                          415P   1865
0.511811023622,1.88156502793,-0.196692850343,                        415P   1866
0.236220472441,1.87369101219,-0.196850393701,                        415P   1867
0.511811023622,1.88156502793,-0.196850393701,                        415P   1868
0.236220472441,2.30676187833,-0.196850393701,                        415P   1869
0.236220472441,2.30676187833,0.196850393701,                         415P   1870
0.236220472441,1.88156502793,0.196850393701,                         415P   1871
0.236220472441,1.88156502793,0.196850393701,                         415P   1872
-0.157480314961,1.88156502793,-0.196850393701,                       415P   1873
-0.157480314961,2.30676187833,0.196850393701,                        415P   1874
-0.157480314961,2.30676187833,-0.196850393701,                       415P   1875
-0.157480314961,1.67684061849,0.196850393701,                        415P   1876
0.393700787402E-01,1.67684061849,0.393700787402,                     415P   1877
0.393700787402E-01,1.47999022478,0.393700787402,                     415P   1878
0.393700787402E-01,1.47999022478,0.393700787402,                     415P   1879
-0.157480314961,1.67684061849,0.393700787402,                        415P   1880
-0.157480314961,1.79495085471,0.393700787402,                        415P   1881
-0.157480314961,1.79495085471,0.393700787402,                        415P   1882
0.393700787402E-01,0,0;                                              415P   1883
504,119,71,415,1,415,2,                                              417P   1884
73,415,2,415,3,                                                      417P   1885
75,415,3,415,4,                                                      417P   1886
77,415,4,415,1,                                                      417P   1887
81,415,5,415,6,                                                      417P   1888
83,415,6,415,7,                                                      417P   1889
85,415,7,415,8,                                                      417P   1890
87,415,8,415,9,                                                      417P   1891
89,415,9,415,2,                                                      417P   1892
91,415,1,415,5,                                                      417P   1893
95,415,1,415,10,                                                     417P   1894
97,415,10,415,5,                                                     417P   1895
101,415,10,415,11,                                                   417P   1896
103,415,11,415,12,                                                   417P   1897
105,415,12,415,6,                                                    417P   1898
109,415,13,415,6,                                                    417P   1899
111,415,12,415,14,                                                   417P   1900
113,415,14,415,13,                                                   417P   1901
117,415,14,415,15,                                                   417P   1902
119,415,15,415,16,                                                   417P   1903
121,415,16,415,17,                                                   417P   1904
123,415,17,415,18,                                                   417P   1905
125,415,18,415,19,                                                   417P   1906
127,415,19,415,13,                                                   417P   1907
131,415,19,415,20,                                                   417P   1908
133,415,20,415,6,                                                    417P   1909
137,415,20,415,8,                                                    417P   1910
141,415,21,415,22,                                                   417P   1911
143,415,22,415,8,                                                    417P   1912
145,415,20,415,21,                                                   417P   1913
149,415,23,415,21,                                                   417P   1914
151,415,19,415,23,                                                   417P   1915
155,415,24,415,25,                                                   417P   1916
157,415,25,415,23,                                                   417P   1917
159,415,19,415,24,                                                   417P   1918
163,415,15,415,26,                                                   417P   1919
165,415,26,415,24,                                                   417P   1920
167,415,18,415,27,                                                   417P   1921
169,415,27,415,28,                                                   417P   1922
171,415,28,415,29,                                                   417P   1923
173,415,29,415,16,                                                   417P   1924
177,415,30,415,31,                                                   417P   1925
179,415,31,415,17,                                                   417P   1926
181,415,29,415,30,                                                   417P   1927
185,415,32,415,30,                                                   417P   1928
187,415,28,415,32,                                                   417P   1929
191,415,33,415,32,                                                   417P   1930
193,415,27,415,33,                                                   417P   1931
197,415,31,415,33,                                                   417P   1932
201,415,34,415,35,                                                   417P   1933
203,415,35,415,33,                                                   417P   1934
205,415,31,415,34,                                                   417P   1935
209,415,36,415,34,                                                   417P   1936
211,415,30,415,36,                                                   417P   1937
215,415,37,415,36,                                                   417P   1938
217,415,32,415,37,                                                   417P   1939
221,415,35,415,37,                                                   417P   1940
225,415,38,415,37,                                                   417P   1941
227,415,35,415,38,                                                   417P   1942
231,415,34,415,38,                                                   417P   1943
235,415,36,415,38,                                                   417P   1944
241,415,26,415,39,                                                   417P   1945
243,415,39,415,40,                                                   417P   1946
245,415,40,415,24,                                                   417P   1947
249,415,40,415,41,                                                   417P   1948
251,415,41,415,25,                                                   417P   1949
255,415,41,415,21,                                                   417P   1950
259,415,41,415,42,                                                   417P   1951
261,415,42,415,22,                                                   417P   1952
265,415,42,415,9,                                                    417P   1953
269,415,40,415,9,                                                    417P   1954
273,415,39,415,43,                                                   417P   1955
275,415,43,415,9,                                                    417P   1956
279,415,43,415,3,                                                    417P   1957
283,415,43,415,44,                                                   417P   1958
285,415,44,415,45,                                                   417P   1959
287,415,45,415,12,                                                   417P   1960
289,415,11,415,4,                                                    417P   1961
293,415,10,415,4,                                                    417P   1962
297,415,46,415,47,                                                   417P   1963
299,415,47,415,4,                                                    417P   1964
301,415,10,415,48,                                                   417P   1965
303,415,48,415,49,                                                   417P   1966
305,415,49,415,50,                                                   417P   1967
307,415,50,415,46,                                                   417P   1968
311,415,1,415,51,                                                    417P   1969
313,415,51,415,46,                                                   417P   1970
315,415,50,415,52,                                                   417P   1971
317,415,52,415,48,                                                   417P   1972
323,415,53,415,54,                                                   417P   1973
325,415,54,415,55,                                                   417P   1974
327,415,55,415,56,                                                   417P   1975
329,415,56,415,47,                                                   417P   1976
331,415,51,415,53,                                                   417P   1977
335,415,51,415,47,                                                   417P   1978
337,415,56,415,57,                                                   417P   1979
339,415,57,415,58,                                                   417P   1980
341,415,58,415,53,                                                   417P   1981
347,415,55,415,59,                                                   417P   1982
349,415,59,415,57,                                                   417P   1983
353,415,59,415,60,                                                   417P   1984
355,415,60,415,58,                                                   417P   1985
359,415,60,415,54,                                                   417P   1986
365,415,44,415,61,                                                   417P   1987
367,415,61,415,12,                                                   417P   1988
371,415,61,415,15,                                                   417P   1989
375,415,61,415,62,                                                   417P   1990
377,415,62,415,63,                                                   417P   1991
379,415,63,415,15,                                                   417P   1992
383,415,63,415,64,                                                   417P   1993
385,415,64,415,26,                                                   417P   1994
389,415,64,415,65,                                                   417P   1995
391,415,65,415,39,                                                   417P   1996
395,415,65,415,66,                                                   417P   1997
397,415,66,415,43,                                                   417P   1998
401,415,66,415,67,                                                   417P   1999
403,415,67,415,44,                                                   417P   2000
407,415,67,415,62,                                                   417P   2001
411,415,65,415,62;                                                   417P   2002
508,4,0,417,1,1,0,                                                   419P   2003
0,417,2,0,0,                                                         419P   2004
0,417,3,0,0,                                                         419P   2005
0,417,4,1,0;                                                         419P   2006
510,69,1,1,419,0,0;                                                  421P   2007
508,7,0,417,5,1,0,                                                   423P   2008
0,417,6,1,0,                                                         423P   2009
0,417,7,0,0,                                                         423P   2010
0,417,8,0,0,                                                         423P   2011
0,417,9,1,0,                                                         423P   2012
0,417,1,0,0,                                                         423P   2013
0,417,10,0,0;                                                        423P   2014
510,79,1,1,423,0,0;                                                  425P   2015
508,3,0,417,10,1,0,                                                  427P   2016
0,417,11,0,0,                                                        427P   2017
0,417,12,1,0;                                                        427P   2018
510,93,1,1,427,0,0;                                                  429P   2019
508,5,0,417,13,0,0,                                                  431P   2020
0,417,14,1,0,                                                        431P   2021
0,417,15,0,0,                                                        431P   2022
0,417,5,0,0,                                                         431P   2023
0,417,12,0,0;                                                        431P   2024
510,99,1,1,431,0,0;                                                  433P   2025
508,4,0,417,16,1,0,                                                  435P   2026
0,417,15,1,0,                                                        435P   2027
0,417,17,1,0,                                                        435P   2028
0,417,18,1,0;                                                        435P   2029
510,107,1,1,435,0,0;                                                 437P   2030
508,7,0,417,18,0,0,                                                  439P   2031
0,417,19,1,0,                                                        439P   2032
0,417,20,1,0,                                                        439P   2033
0,417,21,1,0,                                                        439P   2034
0,417,22,1,0,                                                        439P   2035
0,417,23,1,0,                                                        439P   2036
0,417,24,0,0;                                                        439P   2037
510,115,1,1,439,0,0;                                                 441P   2038
508,4,0,417,24,1,0,                                                  443P   2039
0,417,25,0,0,                                                        443P   2040
0,417,26,0,0,                                                        443P   2041
0,417,16,0,0;                                                        443P   2042
510,129,1,1,443,0,0;                                                 445P   2043
508,4,0,417,6,0,0,                                                   447P   2044
0,417,26,1,0,                                                        447P   2045
0,417,27,0,0,                                                        447P   2046
0,417,7,1,0;                                                         447P   2047
510,135,1,1,447,0,0;                                                 449P   2048
508,4,0,417,28,1,0,                                                  451P   2049
0,417,29,1,0,                                                        451P   2050
0,417,27,1,0,                                                        451P   2051
0,417,30,1,0;                                                        451P   2052
510,139,1,1,451,0,0;                                                 453P   2053
508,4,0,417,31,1,0,                                                  455P   2054
0,417,30,0,0,                                                        455P   2055
0,417,25,1,0,                                                        455P   2056
0,417,32,1,0;                                                        455P   2057
510,147,1,1,455,0,0;                                                 457P   2058
508,4,0,417,33,1,0,                                                  459P   2059
0,417,34,0,0,                                                        459P   2060
0,417,32,0,0,                                                        459P   2061
0,417,35,1,0;                                                        459P   2062
510,153,1,1,459,0,0;                                                 461P   2063
508,9,0,417,36,1,0,                                                  463P   2064
0,417,37,1,0,                                                        463P   2065
0,417,35,0,0,                                                        463P   2066
0,417,23,0,0,                                                        463P   2067
0,417,38,1,0,                                                        463P   2068
0,417,39,1,0,                                                        463P   2069
0,417,40,1,0,                                                        463P   2070
0,417,41,1,0,                                                        463P   2071
0,417,20,0,0;                                                        463P   2072
510,161,1,1,463,0,0;                                                 465P   2073
508,5,0,417,42,1,0,                                                  467P   2074
0,417,43,1,0,                                                        467P   2075
0,417,21,0,0,                                                        467P   2076
0,417,41,0,0,                                                        467P   2077
0,417,44,0,0;                                                        467P   2078
510,175,1,1,467,0,0;                                                 469P   2079
508,4,0,417,45,1,0,                                                  471P   2080
0,417,44,1,0,                                                        471P   2081
0,417,40,0,0,                                                        471P   2082
0,417,46,0,0;                                                        471P   2083
510,183,1,1,471,0,0;                                                 473P   2084
508,4,0,417,47,1,0,                                                  475P   2085
0,417,46,1,0,                                                        475P   2086
0,417,39,0,0,                                                        475P   2087
0,417,48,0,0;                                                        475P   2088
510,189,1,1,475,0,0;                                                 477P   2089
508,5,0,417,49,1,0,                                                  479P   2090
0,417,48,1,0,                                                        479P   2091
0,417,38,0,0,                                                        479P   2092
0,417,22,0,0,                                                        479P   2093
0,417,43,0,0;                                                        479P   2094
510,195,1,1,479,0,0;                                                 481P   2095
508,4,0,417,50,1,0,                                                  483P   2096
0,417,51,1,0,                                                        483P   2097
0,417,49,0,0,                                                        483P   2098
0,417,52,0,0;                                                        483P   2099
510,199,1,1,483,0,0;                                                 485P   2100
508,4,0,417,53,1,0,                                                  487P   2101
0,417,52,1,0,                                                        487P   2102
0,417,42,0,0,                                                        487P   2103
0,417,54,0,0;                                                        487P   2104
510,207,1,1,487,0,0;                                                 489P   2105
508,4,0,417,55,1,0,                                                  491P   2106
0,417,54,1,0,                                                        491P   2107
0,417,45,0,0,                                                        491P   2108
0,417,56,0,0;                                                        491P   2109
510,213,1,1,491,0,0;                                                 493P   2110
508,4,0,417,57,1,0,                                                  495P   2111
0,417,56,1,0,                                                        495P   2112
0,417,47,0,0,                                                        495P   2113
0,417,51,0,0;                                                        495P   2114
510,219,1,1,495,0,0;                                                 497P   2115
508,3,0,417,58,1,0,                                                  499P   2116
0,417,57,0,0,                                                        499P   2117
0,417,59,0,0;                                                        499P   2118
510,223,1,1,499,0,0;                                                 501P   2119
508,3,0,417,59,1,0,                                                  503P   2120
0,417,50,0,0,                                                        503P   2121
0,417,60,0,0;                                                        503P   2122
510,229,1,1,503,0,0;                                                 505P   2123
508,3,0,417,60,1,0,                                                  507P   2124
0,417,53,0,0,                                                        507P   2125
0,417,61,0,0;                                                        507P   2126
510,233,1,1,507,0,0;                                                 509P   2127
508,3,0,417,61,1,0,                                                  511P   2128
0,417,55,0,0,                                                        511P   2129
0,417,58,0,0;                                                        511P   2130
510,237,1,1,511,0,0;                                                 513P   2131
508,4,0,417,37,0,0,                                                  515P   2132
0,417,62,0,0,                                                        515P   2133
0,417,63,1,0,                                                        515P   2134
0,417,64,0,0;                                                        515P   2135
510,239,1,1,515,0,0;                                                 517P   2136
508,4,0,417,65,1,0,                                                  519P   2137
0,417,66,0,0,                                                        519P   2138
0,417,33,0,0,                                                        519P   2139
0,417,64,1,0;                                                        519P   2140
510,247,1,1,519,0,0;                                                 521P   2141
508,4,0,417,34,1,0,                                                  523P   2142
0,417,66,1,0,                                                        523P   2143
0,417,67,0,0,                                                        523P   2144
0,417,31,0,0;                                                        523P   2145
510,253,1,1,523,0,0;                                                 525P   2146
508,4,0,417,67,1,0,                                                  527P   2147
0,417,68,1,0,                                                        527P   2148
0,417,69,1,0,                                                        527P   2149
0,417,28,0,0;                                                        527P   2150
510,257,1,1,527,0,0;                                                 529P   2151
508,4,0,417,69,0,0,                                                  531P   2152
0,417,70,1,0,                                                        531P   2153
0,417,8,1,0,                                                         531P   2154
0,417,29,0,0;                                                        531P   2155
510,263,1,1,531,0,0;                                                 533P   2156
508,4,0,417,70,0,0,                                                  535P   2157
0,417,68,0,0,                                                        535P   2158
0,417,65,0,0,                                                        535P   2159
0,417,71,1,0;                                                        535P   2160
510,267,1,1,535,0,0;                                                 537P   2161
508,4,0,417,63,0,0,                                                  539P   2162
0,417,72,0,0,                                                        539P   2163
0,417,73,0,0,                                                        539P   2164
0,417,71,0,0;                                                        539P   2165
510,271,1,1,539,0,0;                                                 541P   2166
508,4,0,417,9,0,0,                                                   543P   2167
0,417,73,1,0,                                                        543P   2168
0,417,74,0,0,                                                        543P   2169
0,417,2,1,0;                                                         543P   2170
510,277,1,1,543,0,0;                                                 545P   2171
508,7,0,417,74,1,0,                                                  547P   2172
0,417,75,0,0,                                                        547P   2173
0,417,76,1,0,                                                        547P   2174
0,417,77,1,0,                                                        547P   2175
0,417,14,0,0,                                                        547P   2176
0,417,78,0,0,                                                        547P   2177
0,417,3,1,0;                                                         547P   2178
510,281,1,1,547,0,0;                                                 549P   2179
508,3,0,417,78,1,0,                                                  551P   2180
0,417,13,1,0,                                                        551P   2181
0,417,79,0,0;                                                        551P   2182
510,291,1,1,551,0,0;                                                 553P   2183
508,7,0,417,80,1,0,                                                  555P   2184
0,417,81,1,0,                                                        555P   2185
0,417,79,1,0,                                                        555P   2186
0,417,82,1,0,                                                        555P   2187
0,417,83,0,0,                                                        555P   2188
0,417,84,0,0,                                                        555P   2189
0,417,85,0,0;                                                        555P   2190
510,295,1,1,555,0,0;                                                 557P   2191
508,7,0,417,11,1,0,                                                  559P   2192
0,417,86,1,0,                                                        559P   2193
0,417,87,1,0,                                                        559P   2194
0,417,85,1,0,                                                        559P   2195
0,417,88,0,0,                                                        559P   2196
0,417,89,0,0,                                                        559P   2197
0,417,82,0,0;                                                        559P   2198
510,309,1,1,559,0,0;                                                 561P   2199
508,4,0,417,84,1,0,                                                  563P   2200
0,417,83,1,0,                                                        563P   2201
0,417,89,1,0,                                                        563P   2202
0,417,88,1,0;                                                        563P   2203
510,319,1,1,563,0,0;                                                 565P   2204
508,7,0,417,90,1,0,                                                  567P   2205
0,417,91,1,0,                                                        567P   2206
0,417,92,1,0,                                                        567P   2207
0,417,93,0,0,                                                        567P   2208
0,417,80,0,0,                                                        567P   2209
0,417,87,0,0,                                                        567P   2210
0,417,94,0,0;                                                        567P   2211
510,321,1,1,567,0,0;                                                 569P   2212
508,6,0,417,94,1,0,                                                  571P   2213
0,417,95,1,0,                                                        571P   2214
0,417,93,1,0,                                                        571P   2215
0,417,96,0,0,                                                        571P   2216
0,417,97,0,0,                                                        571P   2217
0,417,98,1,0;                                                        571P   2218
510,333,1,1,571,0,0;                                                 573P   2219
508,4,0,417,86,0,0,                                                  575P   2220
0,417,4,0,0,                                                         575P   2221
0,417,81,0,0,                                                        575P   2222
0,417,95,0,0;                                                        575P   2223
510,343,1,1,575,0,0;                                                 577P   2224
508,4,0,417,92,0,0,                                                  579P   2225
0,417,99,0,0,                                                        579P   2226
0,417,100,1,0,                                                       579P   2227
0,417,96,1,0;                                                        579P   2228
510,345,1,1,579,0,0;                                                 581P   2229
508,4,0,417,100,0,0,                                                 583P   2230
0,417,101,0,0,                                                       583P   2231
0,417,102,0,0,                                                       583P   2232
0,417,97,1,0;                                                        583P   2233
510,351,1,1,583,0,0;                                                 585P   2234
508,4,0,417,102,1,0,                                                 587P   2235
0,417,103,1,0,                                                       587P   2236
0,417,90,0,0,                                                        587P   2237
0,417,98,0,0;                                                        587P   2238
510,357,1,1,587,0,0;                                                 589P   2239
508,4,0,417,103,0,0,                                                 591P   2240
0,417,101,1,0,                                                       591P   2241
0,417,99,1,0,                                                        591P   2242
0,417,91,0,0;                                                        591P   2243
510,361,1,1,591,0,0;                                                 593P   2244
508,4,0,417,104,0,0,                                                 595P   2245
0,417,105,0,0,                                                       595P   2246
0,417,77,0,0,                                                        595P   2247
0,417,76,0,0;                                                        595P   2248
510,363,1,1,595,0,0;                                                 597P   2249
508,4,0,417,19,0,0,                                                  599P   2250
0,417,17,0,0,                                                        599P   2251
0,417,105,1,0,                                                       599P   2252
0,417,106,0,0;                                                       599P   2253
510,369,1,1,599,0,0;                                                 601P   2254
508,4,0,417,107,0,0,                                                 603P   2255
0,417,108,1,0,                                                       603P   2256
0,417,109,1,0,                                                       603P   2257
0,417,106,1,0;                                                       603P   2258
510,373,1,1,603,0,0;                                                 605P   2259
508,4,0,417,109,0,0,                                                 607P   2260
0,417,110,1,0,                                                       607P   2261
0,417,111,1,0,                                                       607P   2262
0,417,36,0,0;                                                        607P   2263
510,381,1,1,607,0,0;                                                 609P   2264
508,4,0,417,111,0,0,                                                 611P   2265
0,417,112,0,0,                                                       611P   2266
0,417,113,1,0,                                                       611P   2267
0,417,62,1,0;                                                        611P   2268
510,387,1,1,611,0,0;                                                 613P   2269
508,4,0,417,113,0,0,                                                 615P   2270
0,417,114,0,0,                                                       615P   2271
0,417,115,0,0,                                                       615P   2272
0,417,72,1,0;                                                        615P   2273
510,393,1,1,615,0,0;                                                 617P   2274
508,4,0,417,115,1,0,                                                 619P   2275
0,417,116,1,0,                                                       619P   2276
0,417,117,0,0,                                                       619P   2277
0,417,75,1,0;                                                        619P   2278
510,399,1,1,619,0,0;                                                 621P   2279
508,4,0,417,117,1,0,                                                 623P   2280
0,417,118,1,0,                                                       623P   2281
0,417,107,1,0,                                                       623P   2282
0,417,104,1,0;                                                       623P   2283
510,405,1,1,623,0,0;                                                 625P   2284
508,4,0,417,118,0,0,                                                 627P   2285
0,417,116,0,0,                                                       627P   2286
0,417,114,1,0,                                                       627P   2287
0,417,119,0,0;                                                       627P   2288
510,409,1,1,627,0,0;                                                 629P   2289
508,4,0,417,108,0,0,                                                 631P   2290
0,417,119,1,0,                                                       631P   2291
0,417,112,1,0,                                                       631P   2292
0,417,110,0,0;                                                       631P   2293
510,413,1,1,631,0,0;                                                 633P   2294
514,54,421,0,425,1,429,1,433,1,                                      635P   2295
437,1,441,1,445,1,449,1,453,1,                                       635P   2296
457,1,461,1,465,1,469,1,473,1,                                       635P   2297
477,1,481,1,485,1,489,1,493,1,                                       635P   2298
497,1,501,1,505,1,509,1,513,1,                                       635P   2299
517,1,521,1,525,1,529,1,533,1,                                       635P   2300
537,1,541,1,545,1,549,1,553,1,                                       635P   2301
557,1,561,1,565,1,569,1,573,0,                                       635P   2302
577,0,581,1,585,1,589,1,593,1,                                       635P   2303
597,1,601,1,605,1,609,1,613,1,                                       635P   2304
617,1,621,1,625,1,629,1,633,1,                                       635P   2305
0,0,0,0,0,0,0,0,0,0;                                                 635P   2306
186,635,1,0,0,0,0;                                                   637P   2307
S      1G      3D    638P   2307                                        T      1
