                                                                        S      1
1H,,1H;,,94HG:\my_workspace\code\FEM_sim\magnetic_sim\ANSYS\main\IGES\l,G      1
5HANSYS,22H  25.2      UP20250519,,,,,,,1.0,6,,,,13H000705.234100,      G      2
1.0000E-04,,,,9,,;                                                      G      3
     128       1       0       0       0       0       0       000010001D      1
     128       0       0      12       1       0       0 SURFACE       0D      2
     126      13       0       0       0       0       0       000010001D      3
     126       0       0      45       0       0       0B-SPLINE       0D      4
     126      58       0       0       0       0       0       000010001D      5
     126       0       0      41       0       0       0B-SPLINE       0D      6
     126      99       0       0       0       0       0       000010001D      7
     126       0       0      41       0       0       0B-SPLINE       0D      8
     126     140       0       0       0       0       0       000010001D      9
     126       0       0      41       0       0       0B-SPLINE       0D     10
     128     181       0       0       0       0       0       000010001D     11
     128       0       0      15       3       0       0 SURFACE       0D     12
     126     196       0       0       0       0       0       000010001D     13
     126       0       0       7       1       0       0B-SPLINE       0D     14
     126     203       0       0       0       0       0       000010001D     15
     126       0       0       9       2       0       0B-SPLINE       0D     16
     126     212       0       0       0       0       0       000010001D     17
     126       0       0       7       1       0       0B-SPLINE       0D     18
     128     219       0       0       0       0       0       000010001D     19
     128       0       0      15       3       0       0 SURFACE       0D     20
     126     234       0       0       0       0       0       000010001D     21
     126       0       0       9       2       0       0B-SPLINE       0D     22
     126     243       0       0       0       0       0       000010001D     23
     126       0       0       7       1       0       0B-SPLINE       0D     24
     128     250       0       0       0       0       0       000010001D     25
     128       0       0      15       3       0       0 SURFACE       0D     26
     126     265       0       0       0       0       0       000010001D     27
     126       0       0       9       2       0       0B-SPLINE       0D     28
     126     274       0       0       0       0       0       000010001D     29
     126       0       0       7       1       0       0B-SPLINE       0D     30
     128     281       0       0       0       0       0       000010001D     31
     128       0       0      15       3       0       0 SURFACE       0D     32
     126     296       0       0       0       0       0       000010001D     33
     126       0       0       9       2       0       0B-SPLINE       0D     34
     128     305       0       0       0       0       0       000010001D     35
     128       0       0      15       3       0       0 SURFACE       0D     36
     126     320       0       0       0       0       0       000010001D     37
     126       0       0       7       1       0       0B-SPLINE       0D     38
     126     327       0       0       0       0       0       000010001D     39
     126       0       0       9       2       0       0B-SPLINE       0D     40
     126     336       0       0       0       0       0       000010001D     41
     126       0       0       9       2       0       0B-SPLINE       0D     42
     126     345       0       0       0       0       0       000010001D     43
     126       0       0       7       1       0       0B-SPLINE       0D     44
     128     352       0       0       0       0       0       000010001D     45
     128       0       0      15       3       0       0 SURFACE       0D     46
     126     367       0       0       0       0       0       000010001D     47
     126       0       0       9       2       0       0B-SPLINE       0D     48
     126     376       0       0       0       0       0       000010001D     49
     126       0       0       7       1       0       0B-SPLINE       0D     50
     128     383       0       0       0       0       0       000010001D     51
     128       0       0      15       3       0       0 SURFACE       0D     52
     126     398       0       0       0       0       0       000010001D     53
     126       0       0       9       2       0       0B-SPLINE       0D     54
     126     407       0       0       0       0       0       000010001D     55
     126       0       0       7       1       0       0B-SPLINE       0D     56
     128     414       0       0       0       0       0       000010001D     57
     128       0       0      15       3       0       0 SURFACE       0D     58
     126     429       0       0       0       0       0       000010001D     59
     126       0       0       9       2       0       0B-SPLINE       0D     60
     126     438       0       0       0       0       0       000010001D     61
     126       0       0       9       2       0       0B-SPLINE       0D     62
     128     447       0       0       0       0       0       000010001D     63
     128       0       0      12       1       0       0 SURFACE       0D     64
     126     459       0       0       0       0       0       000010001D     65
     126       0       0       7       1       0       0B-SPLINE       0D     66
     126     466       0       0       0       0       0       000010001D     67
     126       0       0       7       1       0       0B-SPLINE       0D     68
     126     473       0       0       0       0       0       000010001D     69
     126       0       0       7       1       0       0B-SPLINE       0D     70
     126     480       0       0       0       0       0       000010001D     71
     126       0       0       7       1       0       0B-SPLINE       0D     72
     126     487       0       0       0       0       0       000010001D     73
     126       0       0       7       1       0       0B-SPLINE       0D     74
     128     494       0       0       0       0       0       000010001D     75
     128       0       0      12       1       0       0 SURFACE       0D     76
     126     506       0       0       0       0       0       000010001D     77
     126       0       0       7       1       0       0B-SPLINE       0D     78
     126     513       0       0       0       0       0       000010001D     79
     126       0       0       7       1       0       0B-SPLINE       0D     80
     126     520       0       0       0       0       0       000010001D     81
     126       0       0       7       1       0       0B-SPLINE       0D     82
     128     527       0       0       0       0       0       000010001D     83
     128       0       0      12       1       0       0 SURFACE       0D     84
     126     539       0       0       0       0       0       000010001D     85
     126       0       0       7       1       0       0B-SPLINE       0D     86
     126     546       0       0       0       0       0       000010001D     87
     126       0       0       7       1       0       0B-SPLINE       0D     88
     128     553       0       0       0       0       0       000010001D     89
     128       0       0      12       1       0       0 SURFACE       0D     90
     126     565       0       0       0       0       0       000010001D     91
     126       0       0       7       1       0       0B-SPLINE       0D     92
     126     572       0       0       0       0       0       000010001D     93
     126       0       0       7       1       0       0B-SPLINE       0D     94
     128     579       0       0       0       0       0       000010001D     95
     128       0       0      12       1       0       0 SURFACE       0D     96
     126     591       0       0       0       0       0       000010001D     97
     126       0       0       7       1       0       0B-SPLINE       0D     98
     126     598       0       0       0       0       0       000010001D     99
     126       0       0       7       1       0       0B-SPLINE       0D    100
     126     605       0       0       0       0       0       000010001D    101
     126       0       0       7       1       0       0B-SPLINE       0D    102
     128     612       0       0       0       0       0       000010001D    103
     128       0       0      12       1       0       0 SURFACE       0D    104
     126     624       0       0       0       0       0       000010001D    105
     126       0       0       7       1       0       0B-SPLINE       0D    106
     126     631       0       0       0       0       0       000010001D    107
     126       0       0       7       1       0       0B-SPLINE       0D    108
     126     638       0       0       0       0       0       000010001D    109
     126       0       0       7       1       0       0B-SPLINE       0D    110
     128     645       0       0       0       0       0       000010001D    111
     128       0       0      12       1       0       0 SURFACE       0D    112
     126     657       0       0       0       0       0       000010001D    113
     126       0       0       7       1       0       0B-SPLINE       0D    114
     126     664       0       0       0       0       0       000010001D    115
     126       0       0       7       1       0       0B-SPLINE       0D    116
     128     671       0       0       0       0       0       000010001D    117
     128       0       0      12       1       0       0 SURFACE       0D    118
     126     683       0       0       0       0       0       000010001D    119
     126       0       0       7       1       0       0B-SPLINE       0D    120
     126     690       0       0       0       0       0       000010001D    121
     126       0       0       7       1       0       0B-SPLINE       0D    122
     126     697       0       0       0       0       0       000010001D    123
     126       0       0       7       1       0       0B-SPLINE       0D    124
     128     704       0       0       0       0       0       000010001D    125
     128       0       0      12       1       0       0 SURFACE       0D    126
     126     716       0       0       0       0       0       000010001D    127
     126       0       0       7       1       0       0B-SPLINE       0D    128
     126     723       0       0       0       0       0       000010001D    129
     126       0       0       7       1       0       0B-SPLINE       0D    130
     128     730       0       0       0       0       0       000010001D    131
     128       0       0      12       1       0       0 SURFACE       0D    132
     126     742       0       0       0       0       0       000010001D    133
     126       0       0       7       1       0       0B-SPLINE       0D    134
     126     749       0       0       0       0       0       000010001D    135
     126       0       0       7       1       0       0B-SPLINE       0D    136
     126     756       0       0       0       0       0       000010001D    137
     126       0       0       7       1       0       0B-SPLINE       0D    138
     128     763       0       0       0       0       0       000010001D    139
     128       0       0      12       1       0       0 SURFACE       0D    140
     126     775       0       0       0       0       0       000010001D    141
     126       0       0       7       1       0       0B-SPLINE       0D    142
     126     782       0       0       0       0       0       000010001D    143
     126       0       0       7       1       0       0B-SPLINE       0D    144
     128     789       0       0       0       0       0       000010001D    145
     128       0       0      12       1       0       0 SURFACE       0D    146
     126     801       0       0       0       0       0       000010001D    147
     126       0       0       7       1       0       0B-SPLINE       0D    148
     126     808       0       0       0       0       0       000010001D    149
     126       0       0       7       1       0       0B-SPLINE       0D    150
     126     815       0       0       0       0       0       000010001D    151
     126       0       0       7       1       0       0B-SPLINE       0D    152
     126     822       0       0       0       0       0       000010001D    153
     126       0       0       7       1       0       0B-SPLINE       0D    154
     126     829       0       0       0       0       0       000010001D    155
     126       0       0       7       1       0       0B-SPLINE       0D    156
     126     836       0       0       0       0       0       000010001D    157
     126       0       0       7       1       0       0B-SPLINE       0D    158
     128     843       0       0       0       0       0       000010001D    159
     128       0       0      12       1       0       0 SURFACE       0D    160
     126     855       0       0       0       0       0       000010001D    161
     126       0       0       9       2       0       0B-SPLINE       0D    162
     126     864       0       0       0       0       0       000010001D    163
     126       0       0       7       1       0       0B-SPLINE       0D    164
     128     871       0       0       0       0       0       000010001D    165
     128       0       0      12       1       0       0 SURFACE       0D    166
     126     883       0       0       0       0       0       000010001D    167
     126       0       0       7       1       0       0B-SPLINE       0D    168
     126     890       0       0       0       0       0       000010001D    169
     126       0       0       7       1       0       0B-SPLINE       0D    170
     128     897       0       0       0       0       0       000010001D    171
     128       0       0      12       1       0       0 SURFACE       0D    172
     126     909       0       0       0       0       0       000010001D    173
     126       0       0       7       1       0       0B-SPLINE       0D    174
     126     916       0       0       0       0       0       000010001D    175
     126       0       0       7       1       0       0B-SPLINE       0D    176
     126     923       0       0       0       0       0       000010001D    177
     126       0       0       7       1       0       0B-SPLINE       0D    178
     126     930       0       0       0       0       0       000010001D    179
     126       0       0       7       1       0       0B-SPLINE       0D    180
     126     937       0       0       0       0       0       000010001D    181
     126       0       0       7       1       0       0B-SPLINE       0D    182
     126     944       0       0       0       0       0       000010001D    183
     126       0       0       7       1       0       0B-SPLINE       0D    184
     126     951       0       0       0       0       0       000010001D    185
     126       0       0       7       1       0       0B-SPLINE       0D    186
     128     958       0       0       0       0       0       000010001D    187
     128       0       0      12       1       0       0 SURFACE       0D    188
     126     970       0       0       0       0       0       000010001D    189
     126       0       0       9       2       0       0B-SPLINE       0D    190
     128     979       0       0       0       0       0       000010001D    191
     128       0       0      18       2       0       0 SURFACE       0D    192
     126     997       0       0       0       0       0       000010001D    193
     126       0       0       9       2       0       0B-SPLINE       0D    194
     126    1006       0       0       0       0       0       000010001D    195
     126       0       0       7       1       0       0B-SPLINE       0D    196
     126    1013       0       0       0       0       0       000010001D    197
     126       0       0       9       2       0       0B-SPLINE       0D    198
     126    1022       0       0       0       0       0       000010001D    199
     126       0       0       9       2       0       0B-SPLINE       0D    200
     126    1031       0       0       0       0       0       000010001D    201
     126       0       0       7       1       0       0B-SPLINE       0D    202
     128    1038       0       0       0       0       0       000010001D    203
     128       0       0      18       2       0       0 SURFACE       0D    204
     126    1056       0       0       0       0       0       000010001D    205
     126       0       0       9       2       0       0B-SPLINE       0D    206
     126    1065       0       0       0       0       0       000010001D    207
     126       0       0       9       2       0       0B-SPLINE       0D    208
     126    1074       0       0       0       0       0       000010001D    209
     126       0       0       9       2       0       0B-SPLINE       0D    210
     128    1083       0       0       0       0       0       000010001D    211
     128       0       0      12       1       0       0 SURFACE       0D    212
     128    1095       0       0       0       0       0       000010001D    213
     128       0       0      12       1       0       0 SURFACE       0D    214
     126    1107       0       0       0       0       0       000010001D    215
     126       0       0       7       1       0       0B-SPLINE       0D    216
     128    1114       0       0       0       0       0       000010001D    217
     128       0       0      12       1       0       0 SURFACE       0D    218
     126    1126       0       0       0       0       0       000010001D    219
     126       0       0       7       1       0       0B-SPLINE       0D    220
     128    1133       0       0       0       0       0       000010001D    221
     128       0       0      12       1       0       0 SURFACE       0D    222
     126    1145       0       0       0       0       0       000010001D    223
     126       0       0       7       1       0       0B-SPLINE       0D    224
     128    1152       0       0       0       0       0       000010001D    225
     128       0       0      12       1       0       0 SURFACE       0D    226
     126    1164       0       0       0       0       0       000010001D    227
     126       0       0       7       1       0       0B-SPLINE       0D    228
     126    1171       0       0       0       0       0       000010001D    229
     126       0       0       7       1       0       0B-SPLINE       0D    230
     126    1178       0       0       0       0       0       000010001D    231
     126       0       0       7       1       0       0B-SPLINE       0D    232
     128    1185       0       0       0       0       0       000010001D    233
     128       0       0      12       1       0       0 SURFACE       0D    234
     126    1197       0       0       0       0       0       000010001D    235
     126       0       0       7       1       0       0B-SPLINE       0D    236
     126    1204       0       0       0       0       0       000010001D    237
     126       0       0       7       1       0       0B-SPLINE       0D    238
     126    1211       0       0       0       0       0       000010001D    239
     126       0       0       7       1       0       0B-SPLINE       0D    240
     128    1218       0       0       0       0       0       000010001D    241
     128       0       0      12       1       0       0 SURFACE       0D    242
     126    1230       0       0       0       0       0       000010001D    243
     126       0       0       7       1       0       0B-SPLINE       0D    244
     126    1237       0       0       0       0       0       000010001D    245
     126       0       0       7       1       0       0B-SPLINE       0D    246
     128    1244       0       0       0       0       0       000010001D    247
     128       0       0      12       1       0       0 SURFACE       0D    248
     126    1256       0       0       0       0       0       000010001D    249
     126       0       0       7       1       0       0B-SPLINE       0D    250
     128    1263       0       0       0       0       0       000010001D    251
     128       0       0      12       1       0       0 SURFACE       0D    252
     126    1275       0       0       0       0       0       000010001D    253
     126       0       0       7       1       0       0B-SPLINE       0D    254
     126    1282       0       0       0       0       0       000010001D    255
     126       0       0       7       1       0       0B-SPLINE       0D    256
     128    1289       0       0       0       0       0       000010001D    257
     128       0       0      12       1       0       0 SURFACE       0D    258
     126    1301       0       0       0       0       0       000010001D    259
     126       0       0       7       1       0       0B-SPLINE       0D    260
     126    1308       0       0       0       0       0       000010001D    261
     126       0       0       7       1       0       0B-SPLINE       0D    262
     128    1315       0       0       0       0       0       000010001D    263
     128       0       0      12       1       0       0 SURFACE       0D    264
     126    1327       0       0       0       0       0       000010001D    265
     126       0       0       7       1       0       0B-SPLINE       0D    266
     126    1334       0       0       0       0       0       000010001D    267
     126       0       0       7       1       0       0B-SPLINE       0D    268
     128    1341       0       0       0       0       0       000010001D    269
     128       0       0      12       1       0       0 SURFACE       0D    270
     126    1353       0       0       0       0       0       000010001D    271
     126       0       0       7       1       0       0B-SPLINE       0D    272
     126    1360       0       0       0       0       0       000010001D    273
     126       0       0       7       1       0       0B-SPLINE       0D    274
     128    1367       0       0       0       0       0       000010001D    275
     128       0       0      12       1       0       0 SURFACE       0D    276
     128    1379       0       0       0       0       0       000010001D    277
     128       0       0      12       1       0       0 SURFACE       0D    278
     126    1391       0       0       0       0       0       000010001D    279
     126       0       0       7       1       0       0B-SPLINE       0D    280
     128    1398       0       0       0       0       0       000010001D    281
     128       0       0      12       1       0       0 SURFACE       0D    282
     128    1410       0       0       0       0       0       000010001D    283
     128       0       0      12       1       0       0 SURFACE       0D    284
     126    1422       0       0       0       0       0       000010001D    285
     126       0       0       7       1       0       0B-SPLINE       0D    286
     128    1429       0       0       0       0       0       000010001D    287
     128       0       0      12       1       0       0 SURFACE       0D    288
     126    1441       0       0       0       0       0       000010001D    289
     126       0       0       7       1       0       0B-SPLINE       0D    290
     128    1448       0       0       0       0       0       000010001D    291
     128       0       0      12       1       0       0 SURFACE       0D    292
     502    1460       0       0       0       0       0       000010001D    293
     502       0       0      59       1       0       0  VERTEX       0D    294
     504    1519       0       0       0       0       0       000010001D    295
     504       0       0     101       1       0       0    EDGE       0D    296
     508    1620       0       0       0       0       0       000010001D    297
     508       0       0       4       1       0       0    LOOP       0D    298
     510    1624       0       0       0       0       0       000010001D    299
     510       0       0       1       1       0       0    FACE       0D    300
     508    1625       0       0       0       0       0       000010001D    301
     508       0       0       4       1       0       0    LOOP       0D    302
     510    1629       0       0       0       0       0       000010001D    303
     510       0       0       1       1       0       0    FACE       0D    304
     508    1630       0       0       0       0       0       000010001D    305
     508       0       0       4       1       0       0    LOOP       0D    306
     510    1634       0       0       0       0       0       000010001D    307
     510       0       0       1       1       0       0    FACE       0D    308
     508    1635       0       0       0       0       0       000010001D    309
     508       0       0       4       1       0       0    LOOP       0D    310
     510    1639       0       0       0       0       0       000010001D    311
     510       0       0       1       1       0       0    FACE       0D    312
     508    1640       0       0       0       0       0       000010001D    313
     508       0       0       4       1       0       0    LOOP       0D    314
     510    1644       0       0       0       0       0       000010001D    315
     510       0       0       1       1       0       0    FACE       0D    316
     508    1645       0       0       0       0       0       000010001D    317
     508       0       0       5       1       0       0    LOOP       0D    318
     510    1650       0       0       0       0       0       000010001D    319
     510       0       0       1       1       0       0    FACE       0D    320
     508    1651       0       0       0       0       0       000010001D    321
     508       0       0       4       1       0       0    LOOP       0D    322
     510    1655       0       0       0       0       0       000010001D    323
     510       0       0       1       1       0       0    FACE       0D    324
     508    1656       0       0       0       0       0       000010001D    325
     508       0       0       4       1       0       0    LOOP       0D    326
     510    1660       0       0       0       0       0       000010001D    327
     510       0       0       1       1       0       0    FACE       0D    328
     508    1661       0       0       0       0       0       000010001D    329
     508       0       0       5       1       0       0    LOOP       0D    330
     510    1666       0       0       0       0       0       000010001D    331
     510       0       0       1       1       0       0    FACE       0D    332
     508    1667       0       0       0       0       0       000010001D    333
     508       0       0       7       1       0       0    LOOP       0D    334
     510    1674       0       0       0       0       0       000010001D    335
     510       0       0       1       1       0       0    FACE       0D    336
     508    1675       0       0       0       0       0       000010001D    337
     508       0       0       4       1       0       0    LOOP       0D    338
     510    1679       0       0       0       0       0       000010001D    339
     510       0       0       1       1       0       0    FACE       0D    340
     508    1680       0       0       0       0       0       000010001D    341
     508       0       0       4       1       0       0    LOOP       0D    342
     510    1684       0       0       0       0       0       000010001D    343
     510       0       0       1       1       0       0    FACE       0D    344
     508    1685       0       0       0       0       0       000010001D    345
     508       0       0       4       1       0       0    LOOP       0D    346
     510    1689       0       0       0       0       0       000010001D    347
     510       0       0       1       1       0       0    FACE       0D    348
     508    1690       0       0       0       0       0       000010001D    349
     508       0       0       4       1       0       0    LOOP       0D    350
     510    1694       0       0       0       0       0       000010001D    351
     510       0       0       1       1       0       0    FACE       0D    352
     508    1695       0       0       0       0       0       000010001D    353
     508       0       0       4       1       0       0    LOOP       0D    354
     510    1699       0       0       0       0       0       000010001D    355
     510       0       0       1       1       0       0    FACE       0D    356
     508    1700       0       0       0       0       0       000010001D    357
     508       0       0       9       1       0       0    LOOP       0D    358
     510    1709       0       0       0       0       0       000010001D    359
     510       0       0       1       1       0       0    FACE       0D    360
     508    1710       0       0       0       0       0       000010001D    361
     508       0       0       4       1       0       0    LOOP       0D    362
     510    1714       0       0       0       0       0       000010001D    363
     510       0       0       1       1       0       0    FACE       0D    364
     508    1715       0       0       0       0       0       000010001D    365
     508       0       0       4       1       0       0    LOOP       0D    366
     510    1719       0       0       0       0       0       000010001D    367
     510       0       0       1       1       0       0    FACE       0D    368
     508    1720       0       0       0       0       0       000010001D    369
     508       0       0       4       1       0       0    LOOP       0D    370
     510    1724       0       0       0       0       0       000010001D    371
     510       0       0       1       1       0       0    FACE       0D    372
     508    1725       0       0       0       0       0       000010001D    373
     508       0       0       4       1       0       0    LOOP       0D    374
     510    1729       0       0       0       0       0       000010001D    375
     510       0       0       1       1       0       0    FACE       0D    376
     508    1730       0       0       0       0       0       000010001D    377
     508       0       0       8       1       0       0    LOOP       0D    378
     510    1738       0       0       0       0       0       000010001D    379
     510       0       0       1       1       0       0    FACE       0D    380
     508    1739       0       0       0       0       0       000010001D    381
     508       0       0       3       1       0       0    LOOP       0D    382
     510    1742       0       0       0       0       0       000010001D    383
     510       0       0       1       1       0       0    FACE       0D    384
     508    1743       0       0       0       0       0       000010001D    385
     508       0       0       5       1       0       0    LOOP       0D    386
     510    1748       0       0       0       0       0       000010001D    387
     510       0       0       1       1       0       0    FACE       0D    388
     508    1749       0       0       0       0       0       000010001D    389
     508       0       0       8       1       0       0    LOOP       0D    390
     510    1757       0       0       0       0       0       000010001D    391
     510       0       0       1       1       0       0    FACE       0D    392
     508    1758       0       0       0       0       0       000010001D    393
     508       0       0       3       1       0       0    LOOP       0D    394
     510    1761       0       0       0       0       0       000010001D    395
     510       0       0       1       1       0       0    FACE       0D    396
     508    1762       0       0       0       0       0       000010001D    397
     508       0       0       6       1       0       0    LOOP       0D    398
     510    1768       0       0       0       0       0       000010001D    399
     510       0       0       1       1       0       0    FACE       0D    400
     508    1769       0       0       0       0       0       000010001D    401
     508       0       0       6       1       0       0    LOOP       0D    402
     510    1775       0       0       0       0       0       000010001D    403
     510       0       0       1       1       0       0    FACE       0D    404
     508    1776       0       0       0       0       0       000010001D    405
     508       0       0       4       1       0       0    LOOP       0D    406
     510    1780       0       0       0       0       0       000010001D    407
     510       0       0       1       1       0       0    FACE       0D    408
     508    1781       0       0       0       0       0       000010001D    409
     508       0       0       5       1       0       0    LOOP       0D    410
     510    1786       0       0       0       0       0       000010001D    411
     510       0       0       1       1       0       0    FACE       0D    412
     508    1787       0       0       0       0       0       000010001D    413
     508       0       0       4       1       0       0    LOOP       0D    414
     510    1791       0       0       0       0       0       000010001D    415
     510       0       0       1       1       0       0    FACE       0D    416
     508    1792       0       0       0       0       0       000010001D    417
     508       0       0       4       1       0       0    LOOP       0D    418
     510    1796       0       0       0       0       0       000010001D    419
     510       0       0       1       1       0       0    FACE       0D    420
     508    1797       0       0       0       0       0       000010001D    421
     508       0       0       4       1       0       0    LOOP       0D    422
     510    1801       0       0       0       0       0       000010001D    423
     510       0       0       1       1       0       0    FACE       0D    424
     508    1802       0       0       0       0       0       000010001D    425
     508       0       0       4       1       0       0    LOOP       0D    426
     510    1806       0       0       0       0       0       000010001D    427
     510       0       0       1       1       0       0    FACE       0D    428
     508    1807       0       0       0       0       0       000010001D    429
     508       0       0       4       1       0       0    LOOP       0D    430
     510    1811       0       0       0       0       0       000010001D    431
     510       0       0       1       1       0       0    FACE       0D    432
     508    1812       0       0       0       0       0       000010001D    433
     508       0       0       4       1       0       0    LOOP       0D    434
     510    1816       0       0       0       0       0       000010001D    435
     510       0       0       1       1       0       0    FACE       0D    436
     508    1817       0       0       0       0       0       000010001D    437
     508       0       0       4       1       0       0    LOOP       0D    438
     510    1821       0       0       0       0       0       000010001D    439
     510       0       0       1       1       0       0    FACE       0D    440
     508    1822       0       0       0       0       0       000010001D    441
     508       0       0       4       1       0       0    LOOP       0D    442
     510    1826       0       0       0       0       0       000010001D    443
     510       0       0       1       1       0       0    FACE       0D    444
     508    1827       0       0       0       0       0       000010001D    445
     508       0       0       4       1       0       0    LOOP       0D    446
     510    1831       0       0       0       0       0       000010001D    447
     510       0       0       1       1       0       0    FACE       0D    448
     508    1832       0       0       0       0       0       000010001D    449
     508       0       0       4       1       0       0    LOOP       0D    450
     510    1836       0       0       0       0       0       000010001D    451
     510       0       0       1       1       0       0    FACE       0D    452
     508    1837       0       0       0       0       0       000010001D    453
     508       0       0       4       1       0       0    LOOP       0D    454
     510    1841       0       0       0       0       0       000010001D    455
     510       0       0       1       1       0       0    FACE       0D    456
     508    1842       0       0       0       0       0       000010001D    457
     508       0       0       4       1       0       0    LOOP       0D    458
     510    1846       0       0       0       0       0       000010001D    459
     510       0       0       1       1       0       0    FACE       0D    460
     508    1847       0       0       0       0       0       000010001D    461
     508       0       0       4       1       0       0    LOOP       0D    462
     510    1851       0       0       0       0       0       000010001D    463
     510       0       0       1       1       0       0    FACE       0D    464
     508    1852       0       0       0       0       0       000010001D    465
     508       0       0       4       1       0       0    LOOP       0D    466
     510    1856       0       0       0       0       0       000010001D    467
     510       0       0       1       1       0       0    FACE       0D    468
     508    1857       0       0       0       0       0       000010001D    469
     508       0       0       4       1       0       0    LOOP       0D    470
     510    1861       0       0       0       0       0       000010001D    471
     510       0       0       1       1       0       0    FACE       0D    472
     508    1862       0       0       0       0       0       000010001D    473
     508       0       0       4       1       0       0    LOOP       0D    474
     510    1866       0       0       0       0       0       000010001D    475
     510       0       0       1       1       0       0    FACE       0D    476
     514    1867       0       0       0       0       0       000010001D    477
     514       0       0      10       1       0       0   SHELL       0D    478
     186    1877       0       0       0       0       0       000000001D    479
     186       0       0       1       0       0       0   B-REP       0D    480
128,1,1,1,1,0,0,                                                       1P      1
1,0,0,                                                                 1P      2
0.00000000000,0.00000000000,1.00000000000,                             1P      3
1.00000000000,0.00000000000,0.00000000000,                             1P      4
1.00000000000,1.00000000000,1.00000000000,                             1P      5
1.00000000000,1.00000000000,1.00000000000,                             1P      6
0.396948145852E-01,-0.150450890340E-01,-0.264102519526E-01,            1P      7
0.396948145852E-01,0.150450881150E-01,-0.264102519526E-01,             1P      8
0.396948145852E-01,-0.150450890340E-01,0.367992519642E-02,             1P      9
0.396948145852E-01,0.150450881150E-01,0.367992519642E-02,              1P     10
0.00000000000,1.00000000000,0.00000000000,                             1P     11
1.00000000000,0,0,0;                                                   1P     12
126,23,3,0,0,1,0,                                                      3P     13
0.00000000000,0.00000000000,0.00000000000,                             3P     14
0.00000000000,0.709478762642E-01,0.709478762642E-01,                   3P     15
0.144656789184,0.144656789184,0.218670063319,                          3P     16
0.218670063319,0.295629533005,0.295629533005,                          3P     17
0.402587061975,0.402587061975,0.513888409057,                          3P     18
0.513888409057,0.638813937518,0.638813937518,                          3P     19
0.768803748826,0.768803748826,0.852725486687,                          3P     20
0.852725486687,0.910205345996,0.910205345996,                          3P     21
1.00000000000,1.00000000000,1.00000000000,                             3P     22
1.00000000000,1.00000000000,1.00000000000,                             3P     23
1.00000000000,1.00000000000,1.00000000000,                             3P     24
1.00000000000,1.00000000000,1.00000000000,                             3P     25
1.00000000000,1.00000000000,1.00000000000,                             3P     26
1.00000000000,1.00000000000,1.00000000000,                             3P     27
1.00000000000,1.00000000000,1.00000000000,                             3P     28
1.00000000000,1.00000000000,1.00000000000,                             3P     29
1.00000000000,1.00000000000,1.00000000000,                             3P     30
1.00000000000,0.396948145852E-01,0.608926788008E-02,                   3P     31
-0.113651627793E-01,0.396948145852E-01,0.608926788008E-02,             3P     32
-0.115913680230E-01,0.396948145852E-01,0.607665016874E-02,             3P     33
-0.118175728305E-01,0.396948145852E-01,0.602535674707E-02,             3P     34
-0.122759252652E-01,0.396948145852E-01,0.598568506398E-02,             3P     35
-0.125079604648E-01,0.396948145852E-01,0.587958303743E-02,             3P     36
-0.129668408334E-01,0.396948145852E-01,0.581304299547E-02,             3P     37
-0.131936595432E-01,0.396948145852E-01,0.565093777786E-02,             3P     38
-0.136468930562E-01,0.396948145852E-01,0.555432179490E-02,             3P     39
-0.138729307559E-01,0.396948145852E-01,0.529170045488E-02,             3P     40
-0.143972217259E-01,0.396948145852E-01,0.511330035760E-02,             3P     41
-0.146892618471E-01,0.396948145852E-01,0.470198733664E-02,             3P     42
-0.152505749675E-01,0.396948145852E-01,0.446715451027E-02,             3P     43
-0.155184317770E-01,0.396948145852E-01,0.392309273128E-02,             3P     44
-0.160392586988E-01,0.396948145852E-01,0.360826702208E-02,             3P     45
-0.162863657156E-01,0.396948145852E-01,0.292284850448E-02,             3P     46
-0.167231389909E-01,0.396948145852E-01,0.255052066523E-02,             3P     47
-0.169100520298E-01,0.396948145852E-01,0.191298262580E-02,             3P     48
-0.171523274218E-01,0.396948145852E-01,0.165659081134E-02,             3P     49
-0.172308668299E-01,0.396948145852E-01,0.121776588926E-02,             3P     50
-0.173342343593E-01,0.396948145852E-01,0.103748514953E-02,             3P     51
-0.173681948343E-01,0.396948145852E-01,0.572588565729E-03,             3P     52
-0.174342064002E-01,0.396948145852E-01,0.286294990860E-03,             3P     53
-0.174544306594E-01,0.396948145852E-01,0.00000000000,                  3P     54
-0.174544306594E-01,0.00000000000,1.00000000000,                       3P     55
0.00000000000,0.00000000000,0.00000000000,                             3P     56
0,0,0;                                                                 3P     57
126,21,3,0,0,1,0,                                                      5P     58
0.00000000000,0.00000000000,0.00000000000,                             5P     59
0.00000000000,0.709478947772E-01,0.709478947772E-01,                   5P     60
0.144656826931,0.144656826931,0.218670120378,                          5P     61
0.218670120378,0.295629610146,0.295629610146,                          5P     62
0.402587167025,0.402587167025,0.513888543149,                          5P     63
0.513888543149,0.638814104209,0.638814104209,                          5P     64
0.768803949436,0.768803949436,0.882038863339,                          5P     65
0.882038863339,1.00000000000,1.00000000000,                            5P     66
1.00000000000,1.00000000000,1.00000000000,                             5P     67
1.00000000000,1.00000000000,1.00000000000,                             5P     68
1.00000000000,1.00000000000,1.00000000000,                             5P     69
1.00000000000,1.00000000000,1.00000000000,                             5P     70
1.00000000000,1.00000000000,1.00000000000,                             5P     71
1.00000000000,1.00000000000,1.00000000000,                             5P     72
1.00000000000,1.00000000000,1.00000000000,                             5P     73
1.00000000000,1.00000000000,1.00000000000,                             5P     74
0.396948145852E-01,0.00000000000,-0.174544306594E-01,                  5P     75
0.396948145852E-01,-0.226205243640E-03,-0.174544306594E-01,            5P     76
0.396948145852E-01,-0.452410051208E-03,-0.174418129481E-01,            5P     77
0.396948145852E-01,-0.910762485852E-03,-0.173905195264E-01,            5P     78
0.396948145852E-01,-0.114279768548E-02,-0.173508478433E-01,            5P     79
0.396948145852E-01,-0.160167805407E-02,-0.172447458168E-01,            5P     80
0.396948145852E-01,-0.182849676392E-02,-0.171782057748E-01,            5P     81
0.396948145852E-01,-0.228173027690E-02,-0.170161005572E-01,            5P     82
0.396948145852E-01,-0.250776797661E-02,-0.169194845742E-01,            5P     83
0.396948145852E-01,-0.303205894658E-02,-0.166568632342E-01,            5P     84
0.396948145852E-01,-0.332409906781E-02,-0.164784631369E-01,            5P     85
0.396948145852E-01,-0.388541218818E-02,-0.160671501160E-01,            5P     86
0.396948145852E-01,-0.415326899771E-02,-0.158323172896E-01,            5P     87
0.396948145852E-01,-0.467409591945E-02,-0.152882555106E-01,            5P     88
0.396948145852E-01,-0.492120293625E-02,-0.149734298014E-01,            5P     89
0.396948145852E-01,-0.535797621158E-02,-0.142880112838E-01,            5P     90
0.396948145852E-01,-0.554488925049E-02,-0.139156834445E-01,            5P     91
0.396948145852E-01,-0.582036459860E-02,-0.131907810435E-01,            5P     92
0.396948145852E-01,-0.591851948325E-02,-0.128418662815E-01,            5P     93
0.396948145852E-01,-0.605432410936E-02,-0.121173551105E-01,            5P     94
0.396948145852E-01,-0.608926788008E-02,-0.117412617142E-01,            5P     95
0.396948145852E-01,-0.608926788008E-02,-0.113651627793E-01,            5P     96
0.00000000000,1.00000000000,0.00000000000,                             5P     97
0.00000000000,0.00000000000,0,0,0;                                     5P     98
126,21,3,0,0,1,0,                                                      7P     99
0.00000000000,0.00000000000,0.00000000000,                             7P    100
0.00000000000,0.709478935261E-01,0.709478935261E-01,                   7P    101
0.144656824380,0.144656824380,0.218670116522,                          7P    102
0.218670116522,0.295629604933,0.295629604933,                          7P    103
0.402587159926,0.402587159926,0.513888534088,                          7P    104
0.513888534088,0.630542204648,0.630542204648,                          7P    105
0.751624478771,0.751624478771,0.873462146010,                          7P    106
0.873462146010,1.00000000000,1.00000000000,                            7P    107
1.00000000000,1.00000000000,1.00000000000,                             7P    108
1.00000000000,1.00000000000,1.00000000000,                             7P    109
1.00000000000,1.00000000000,1.00000000000,                             7P    110
1.00000000000,1.00000000000,1.00000000000,                             7P    111
1.00000000000,1.00000000000,1.00000000000,                             7P    112
1.00000000000,1.00000000000,1.00000000000,                             7P    113
1.00000000000,1.00000000000,1.00000000000,                             7P    114
1.00000000000,1.00000000000,1.00000000000,                             7P    115
0.396948145852E-01,-0.608926788008E-02,-0.113651627793E-01,            7P    116
0.396948145852E-01,-0.608926788008E-02,-0.111389575357E-01,            7P    117
0.396948145852E-01,-0.607665016874E-02,-0.109127527281E-01,            7P    118
0.396948145852E-01,-0.602535674707E-02,-0.104544002935E-01,            7P    119
0.396948145852E-01,-0.598568506398E-02,-0.102223650938E-01,            7P    120
0.396948145852E-01,-0.587958303743E-02,-0.976348472526E-02,            7P    121
0.396948145852E-01,-0.581304299547E-02,-0.953666601541E-02,            7P    122
0.396948145852E-01,-0.565093777786E-02,-0.908343250243E-02,            7P    123
0.396948145852E-01,-0.555432179490E-02,-0.885739480272E-02,            7P    124
0.396948145852E-01,-0.529170045488E-02,-0.833310383275E-02,            7P    125
0.396948145852E-01,-0.511330035760E-02,-0.804106371151E-02,            7P    126
0.396948145852E-01,-0.470198733664E-02,-0.747975059114E-02,            7P    127
0.396948145852E-01,-0.446715451027E-02,-0.721189378161E-02,            7P    128
0.396948145852E-01,-0.394214398087E-02,-0.670930450137E-02,            7P    129
0.396948145852E-01,-0.364984905537E-02,-0.647679727097E-02,            7P    130
0.396948145852E-01,-0.301596937392E-02,-0.606118815896E-02,            7P    131
0.396948145852E-01,-0.267294031156E-02,-0.588031017157E-02,            7P    132
0.396948145852E-01,-0.195663363682E-02,-0.558574514357E-02,            7P    133
0.396948145852E-01,-0.158319206324E-02,-0.547249052574E-02,            7P    134
0.396948145852E-01,-0.806880814079E-03,-0.531612202868E-02,            7P    135
0.396948145852E-01,-0.403444340190E-03,-0.527589489924E-02,            7P    136
0.396948145852E-01,0.00000000000,-0.527589489924E-02,                  7P    137
0.00000000000,1.00000000000,0.00000000000,                             7P    138
0.00000000000,0.00000000000,0,0,0;                                     7P    139
126,21,3,0,0,1,0,                                                      9P    140
0.00000000000,0.00000000000,0.00000000000,                             9P    141
0.00000000000,0.709479030080E-01,0.709479030080E-01,                   9P    142
0.144656843713,0.144656843713,0.218670145746,                          9P    143
0.218670145746,0.295629644442,0.295629644442,                          9P    144
0.429188333510,0.429188333510,0.513888469121,                          9P    145
0.513888469121,0.630542155272,0.630542155272,                          9P    146
0.751624445577,0.751624445577,0.873462129099,                          9P    147
0.873462129099,1.00000000000,1.00000000000,                            9P    148
1.00000000000,1.00000000000,1.00000000000,                             9P    149
1.00000000000,1.00000000000,1.00000000000,                             9P    150
1.00000000000,1.00000000000,1.00000000000,                             9P    151
1.00000000000,1.00000000000,1.00000000000,                             9P    152
1.00000000000,1.00000000000,1.00000000000,                             9P    153
1.00000000000,1.00000000000,1.00000000000,                             9P    154
1.00000000000,1.00000000000,1.00000000000,                             9P    155
1.00000000000,1.00000000000,1.00000000000,                             9P    156
0.396948145852E-01,0.00000000000,-0.527589489924E-02,                  9P    157
0.396948145852E-01,0.226205243640E-03,-0.527589489924E-02,             9P    158
0.396948145852E-01,0.452410051208E-03,-0.528851261059E-02,             9P    159
0.396948145852E-01,0.910762485852E-03,-0.533980603225E-02,             9P    160
0.396948145852E-01,0.114279768548E-02,-0.537947771534E-02,             9P    161
0.396948145852E-01,0.160167805407E-02,-0.548557974190E-02,             9P    162
0.396948145852E-01,0.182849676392E-02,-0.555211978385E-02,             9P    163
0.396948145852E-01,0.228173027690E-02,-0.571422500146E-02,             9P    164
0.396948145852E-01,0.250776797661E-02,-0.581084098443E-02,             9P    165
0.396948145852E-01,0.310789055397E-02,-0.611144695414E-02,             9P    166
0.396948145852E-01,0.346853766273E-02,-0.634223931291E-02,             9P    167
0.396948145852E-01,0.401217867115E-02,-0.677664083367E-02,             9P    168
0.396948145852E-01,0.421191873298E-02,-0.695927445553E-02,             9P    169
0.396948145852E-01,0.465585827795E-02,-0.742301879845E-02,             9P    170
0.396948145852E-01,0.488836550835E-02,-0.771531372395E-02,             9P    171
0.396948145852E-01,0.530397462036E-02,-0.834919340540E-02,             9P    172
0.396948145852E-01,0.548485260775E-02,-0.869222246777E-02,             9P    173
0.396948145852E-01,0.577941763576E-02,-0.940852914250E-02,             9P    174
0.396948145852E-01,0.589267225358E-02,-0.978197071608E-02,             9P    175
0.396948145852E-01,0.604904075064E-02,-0.105582819652E-01,             9P    176
0.396948145852E-01,0.608926788008E-02,-0.109617184391E-01,             9P    177
0.396948145852E-01,0.608926788008E-02,-0.113651627793E-01,             9P    178
0.00000000000,1.00000000000,0.00000000000,                             9P    179
0.00000000000,0.00000000000,0,0,0;                                     9P    180
128,2,1,2,1,0,0,                                                      11P    181
0,0,0,                                                                11P    182
0.00000000000,0.00000000000,0.00000000000,                            11P    183
1.00000000000,1.00000000000,1.00000000000,                            11P    184
0.00000000000,0.00000000000,1.00000000000,                            11P    185
1.00000000000,1.00000000000,0.707106781187,                           11P    186
1.00000000000,1.00000000000,0.707106781187,                           11P    187
1.00000000000,0.173387261834E-01,0.00000000000,                       11P    188
-0.129093843158E-01,0.173387261834E-01,0.154422153652E-02,            11P    189
-0.129093843158E-01,0.173387261834E-01,0.154422153652E-02,            11P    190
-0.113651627793E-01,0.599801742820,0.00000000000,                     11P    191
-0.131325511343,0.599801742820,0.119960348564,                        11P    192
-0.131325511343,0.599801742820,0.119960348564,                        11P    193
-0.113651627793E-01,0.00000000000,1.00000000000,                      11P    194
0.00000000000,1.00000000000,0,0,0;                                    11P    195
126,1,1,0,0,1,0,                                                      13P    196
0.00000000000,0.00000000000,1.00000000000,                            13P    197
1.00000000000,1.00000000000,1.00000000000,                            13P    198
0.396948145852E-01,0.608926788008E-02,-0.113651627793E-01,            13P    199
0.599801742820,0.119960348564,-0.113651627793E-01,                    13P    200
0.00000000000,1.00000000000,0.00000000000,                            13P    201
0.00000000000,0.00000000000,0,0,0;                                    13P    202
126,2,2,0,0,0,0,                                                      15P    203
0.00000000000,0.00000000000,0.00000000000,                            15P    204
1.00000000000,1.00000000000,1.00000000000,                            15P    205
1.00000000000,0.707106781187,1.00000000000,                           15P    206
0.599801742820,0.00000000000,-0.131325511343,                         15P    207
0.599801742820,0.119960348564,-0.131325511343,                        15P    208
0.599801742820,0.119960348564,-0.113651627793E-01,                    15P    209
0.00000000000,1.00000000000,0.00000000000,                            15P    210
0.00000000000,0.00000000000,0,0,0;                                    15P    211
126,1,1,0,0,1,0,                                                      17P    212
0.00000000000,0.00000000000,1.00000000000,                            17P    213
1.00000000000,1.00000000000,1.00000000000,                            17P    214
0.396948145852E-01,0.00000000000,-0.174544306594E-01,                 17P    215
0.599801742820,0.00000000000,-0.131325511343,                         17P    216
0.00000000000,1.00000000000,0.00000000000,                            17P    217
0.00000000000,0.00000000000,0,0,0;                                    17P    218
128,2,1,2,1,0,0,                                                      19P    219
0,0,0,                                                                19P    220
0.00000000000,0.00000000000,0.00000000000,                            19P    221
1.00000000000,1.00000000000,1.00000000000,                            19P    222
0.00000000000,0.00000000000,1.00000000000,                            19P    223
1.00000000000,1.00000000000,0.707106781187,                           19P    224
1.00000000000,1.00000000000,0.707106781187,                           19P    225
1.00000000000,0.173387261834E-01,-0.154422153652E-02,                 19P    226
-0.113651627793E-01,0.173387261834E-01,-0.154422153652E-02,           19P    227
-0.129093843158E-01,0.173387261834E-01,0.00000000000,                 19P    228
-0.129093843158E-01,0.599801742820,-0.119960348564,                   19P    229
-0.113651627793E-01,0.599801742820,-0.119960348564,                   19P    230
-0.131325511343,0.599801742820,0.00000000000,                         19P    231
-0.131325511343,0.00000000000,1.00000000000,                          19P    232
0.00000000000,1.00000000000,0,0,0;                                    19P    233
126,2,2,0,0,0,0,                                                      21P    234
0.00000000000,0.00000000000,0.00000000000,                            21P    235
1.00000000000,1.00000000000,1.00000000000,                            21P    236
1.00000000000,0.707106781187,1.00000000000,                           21P    237
0.599801742820,-0.119960348564,-0.113651627793E-01,                   21P    238
0.599801742820,-0.119960348564,-0.131325511343,                       21P    239
0.599801742820,0.00000000000,-0.131325511343,                         21P    240
0.00000000000,1.00000000000,0.00000000000,                            21P    241
0.00000000000,0.00000000000,0,0,0;                                    21P    242
126,1,1,0,0,1,0,                                                      23P    243
0.00000000000,0.00000000000,1.00000000000,                            23P    244
1.00000000000,1.00000000000,1.00000000000,                            23P    245
0.396948145852E-01,-0.608926788008E-02,-0.113651627793E-01,           23P    246
0.599801742820,-0.119960348564,-0.113651627793E-01,                   23P    247
0.00000000000,1.00000000000,0.00000000000,                            23P    248
0.00000000000,0.00000000000,0,0,0;                                    23P    249
128,2,1,2,1,0,0,                                                      25P    250
0,0,0,                                                                25P    251
0.00000000000,0.00000000000,0.00000000000,                            25P    252
1.00000000000,1.00000000000,1.00000000000,                            25P    253
0.00000000000,0.00000000000,1.00000000000,                            25P    254
1.00000000000,1.00000000000,0.707106781187,                           25P    255
1.00000000000,1.00000000000,0.707106781187,                           25P    256
1.00000000000,0.173387261834E-01,0.00000000000,                       25P    257
-0.982094124280E-02,0.173387261834E-01,-0.154422153652E-02,           25P    258
-0.982094124280E-02,0.173387261834E-01,-0.154422153652E-02,           25P    259
-0.113651627793E-01,0.599801742820,0.00000000000,                     25P    260
0.108595185785,0.599801742820,-0.119960348564,                        25P    261
0.108595185785,0.599801742820,-0.119960348564,                        25P    262
-0.113651627793E-01,0.00000000000,1.00000000000,                      25P    263
0.00000000000,1.00000000000,0,0,0;                                    25P    264
126,2,2,0,0,0,0,                                                      27P    265
0.00000000000,0.00000000000,0.00000000000,                            27P    266
1.00000000000,1.00000000000,1.00000000000,                            27P    267
1.00000000000,0.707106781187,1.00000000000,                           27P    268
0.599801742820,0.00000000000,0.108595185785,                          27P    269
0.599801742820,-0.119960348564,0.108595185785,                        27P    270
0.599801742820,-0.119960348564,-0.113651627793E-01,                   27P    271
0.00000000000,1.00000000000,0.00000000000,                            27P    272
0.00000000000,0.00000000000,0,0,0;                                    27P    273
126,1,1,0,0,1,0,                                                      29P    274
0.00000000000,0.00000000000,1.00000000000,                            29P    275
1.00000000000,1.00000000000,1.00000000000,                            29P    276
0.396948145852E-01,0.00000000000,-0.527589489924E-02,                 29P    277
0.599801742820,0.00000000000,0.108595185785,                          29P    278
0.00000000000,1.00000000000,0.00000000000,                            29P    279
0.00000000000,0.00000000000,0,0,0;                                    29P    280
128,2,1,2,1,0,0,                                                      31P    281
0,0,0,                                                                31P    282
0.00000000000,0.00000000000,0.00000000000,                            31P    283
1.00000000000,1.00000000000,1.00000000000,                            31P    284
0.00000000000,0.00000000000,1.00000000000,                            31P    285
1.00000000000,1.00000000000,0.707106781187,                           31P    286
1.00000000000,1.00000000000,0.707106781187,                           31P    287
1.00000000000,0.173387261834E-01,0.154422153652E-02,                  31P    288
-0.113651627793E-01,0.173387261834E-01,0.154422153652E-02,            31P    289
-0.982094124280E-02,0.173387261834E-01,0.00000000000,                 31P    290
-0.982094124280E-02,0.599801742820,0.119960348564,                    31P    291
-0.113651627793E-01,0.599801742820,0.119960348564,                    31P    292
0.108595185785,0.599801742820,0.00000000000,                          31P    293
0.108595185785,0.00000000000,1.00000000000,                           31P    294
0.00000000000,1.00000000000,0,0,0;                                    31P    295
126,2,2,0,0,0,0,                                                      33P    296
0.00000000000,0.00000000000,0.00000000000,                            33P    297
1.00000000000,1.00000000000,1.00000000000,                            33P    298
1.00000000000,0.707106781187,1.00000000000,                           33P    299
0.599801742820,0.119960348564,-0.113651627793E-01,                    33P    300
0.599801742820,0.119960348564,0.108595185785,                         33P    301
0.599801742820,0.00000000000,0.108595185785,                          33P    302
0.00000000000,1.00000000000,0.00000000000,                            33P    303
0.00000000000,0.00000000000,0,0,0;                                    33P    304
128,2,1,2,1,0,0,                                                      35P    305
0,0,0,                                                                35P    306
0.00000000000,0.00000000000,0.00000000000,                            35P    307
1.00000000000,1.00000000000,1.00000000000,                            35P    308
0.00000000000,0.00000000000,1.00000000000,                            35P    309
1.00000000000,1.00000000000,0.707106781187,                           35P    310
1.00000000000,1.00000000000,0.707106781187,                           35P    311
1.00000000000,0.599801742820,0.119960348564,                          35P    312
-0.113651627793E-01,0.599801742820,0.119960348564,                    35P    313
0.108595185785,0.599801742820,0.00000000000,                          35P    314
0.108595185785,1.47637795276,0.118110236220,                          35P    315
-0.113651627793E-01,1.47637795276,0.118110236220,                     35P    316
0.106745073441,1.47637795276,0.00000000000,                           35P    317
0.106745073441,0.00000000000,1.00000000000,                           35P    318
0.00000000000,1.00000000000,0,0,0;                                    35P    319
126,1,1,0,0,1,0,                                                      37P    320
0.00000000000,0.00000000000,1.00000000000,                            37P    321
1.00000000000,1.00000000000,1.00000000000,                            37P    322
0.599801742820,0.00000000000,0.108595185785,                          37P    323
1.47637795276,0.00000000000,0.106745073441,                           37P    324
0.00000000000,1.00000000000,0.00000000000,                            37P    325
0.00000000000,0.00000000000,0,0,0;                                    37P    326
126,2,2,0,0,0,0,                                                      39P    327
0.00000000000,0.00000000000,0.00000000000,                            39P    328
1.00000000000,1.00000000000,1.00000000000,                            39P    329
0.897358423438,0.773459080339,1.00000000000,                          39P    330
1.47637795276,0.111355398612,0.280049159608E-01,                      39P    331
1.47637795276,0.835165489590E-01,0.106745073441,                      39P    332
1.47637795276,0.00000000000,0.106745073441,                           39P    333
0.00000000000,1.00000000000,0.00000000000,                            39P    334
0.00000000000,0.00000000000,0,0,0;                                    39P    335
126,2,2,0,0,0,0,                                                      41P    336
0.00000000000,0.00000000000,0.00000000000,                            41P    337
1.00000000000,1.00000000000,1.00000000000,                            41P    338
1.00000000000,0.933647700848,0.897358423438,                          41P    339
1.47637795276,0.118110236220,-0.113651627793E-01,                     41P    340
1.47637795276,0.118110236220,0.889935004593E-02,                      41P    341
1.47637795276,0.111355398612,0.280049159608E-01,                      41P    342
0.00000000000,1.00000000000,0.00000000000,                            41P    343
0.00000000000,0.00000000000,0,0,0;                                    41P    344
126,1,1,0,0,1,0,                                                      43P    345
0.00000000000,0.00000000000,1.00000000000,                            43P    346
1.00000000000,1.00000000000,1.00000000000,                            43P    347
0.599801742820,0.119960348564,-0.113651627793E-01,                    43P    348
1.47637795276,0.118110236220,-0.113651627793E-01,                     43P    349
0.00000000000,1.00000000000,0.00000000000,                            43P    350
0.00000000000,0.00000000000,0,0,0;                                    43P    351
128,2,1,2,1,0,0,                                                      45P    352
0,0,0,                                                                45P    353
0.00000000000,0.00000000000,0.00000000000,                            45P    354
1.00000000000,1.00000000000,1.00000000000,                            45P    355
0.00000000000,0.00000000000,1.00000000000,                            45P    356
1.00000000000,1.00000000000,0.707106781187,                           45P    357
1.00000000000,1.00000000000,0.707106781187,                           45P    358
1.00000000000,0.599801742820,0.00000000000,                           45P    359
-0.131325511343,0.599801742820,0.119960348564,                        45P    360
-0.131325511343,0.599801742820,0.119960348564,                        45P    361
-0.113651627793E-01,1.47637795276,0.00000000000,                      45P    362
-0.129475399000,1.47637795276,0.118110236220,                         45P    363
-0.129475399000,1.47637795276,0.118110236220,                         45P    364
-0.113651627793E-01,0.00000000000,1.00000000000,                      45P    365
0.00000000000,1.00000000000,0,0,0;                                    45P    366
126,2,2,0,0,0,0,                                                      47P    367
0.00000000000,0.00000000000,0.00000000000,                            47P    368
1.00000000000,1.00000000000,1.00000000000,                            47P    369
1.00000000000,0.707106781187,1.00000000000,                           47P    370
1.47637795276,0.00000000000,-0.129475399000,                          47P    371
1.47637795276,0.118110236220,-0.129475399000,                         47P    372
1.47637795276,0.118110236220,-0.113651627793E-01,                     47P    373
0.00000000000,1.00000000000,0.00000000000,                            47P    374
0.00000000000,0.00000000000,0,0,0;                                    47P    375
126,1,1,0,0,1,0,                                                      49P    376
0.00000000000,0.00000000000,1.00000000000,                            49P    377
1.00000000000,1.00000000000,1.00000000000,                            49P    378
0.599801742820,0.00000000000,-0.131325511343,                         49P    379
1.47637795276,0.00000000000,-0.129475399000,                          49P    380
0.00000000000,1.00000000000,0.00000000000,                            49P    381
0.00000000000,0.00000000000,0,0,0;                                    49P    382
128,2,1,2,1,0,0,                                                      51P    383
0,0,0,                                                                51P    384
0.00000000000,0.00000000000,0.00000000000,                            51P    385
1.00000000000,1.00000000000,1.00000000000,                            51P    386
0.00000000000,0.00000000000,1.00000000000,                            51P    387
1.00000000000,1.00000000000,0.707106781187,                           51P    388
1.00000000000,1.00000000000,0.707106781187,                           51P    389
1.00000000000,0.599801742820,-0.119960348564,                         51P    390
-0.113651627793E-01,0.599801742820,-0.119960348564,                   51P    391
-0.131325511343,0.599801742820,0.00000000000,                         51P    392
-0.131325511343,1.47637795276,-0.118110236220,                        51P    393
-0.113651627793E-01,1.47637795276,-0.118110236220,                    51P    394
-0.129475399000,1.47637795276,0.00000000000,                          51P    395
-0.129475399000,0.00000000000,1.00000000000,                          51P    396
0.00000000000,1.00000000000,0,0,0;                                    51P    397
126,2,2,0,0,0,0,                                                      53P    398
0.00000000000,0.00000000000,0.00000000000,                            53P    399
1.00000000000,1.00000000000,1.00000000000,                            53P    400
1.00000000000,0.707106781187,1.00000000000,                           53P    401
1.47637795276,-0.118110236220,-0.113651627793E-01,                    53P    402
1.47637795276,-0.118110236220,-0.129475399000,                        53P    403
1.47637795276,0.00000000000,-0.129475399000,                          53P    404
0.00000000000,1.00000000000,0.00000000000,                            53P    405
0.00000000000,0.00000000000,0,0,0;                                    53P    406
126,1,1,0,0,1,0,                                                      55P    407
0.00000000000,0.00000000000,1.00000000000,                            55P    408
1.00000000000,1.00000000000,1.00000000000,                            55P    409
0.599801742820,-0.119960348564,-0.113651627793E-01,                   55P    410
1.47637795276,-0.118110236220,-0.113651627793E-01,                    55P    411
0.00000000000,1.00000000000,0.00000000000,                            55P    412
0.00000000000,0.00000000000,0,0,0;                                    55P    413
128,2,1,2,1,0,0,                                                      57P    414
0,0,0,                                                                57P    415
0.00000000000,0.00000000000,0.00000000000,                            57P    416
1.00000000000,1.00000000000,1.00000000000,                            57P    417
0.00000000000,0.00000000000,1.00000000000,                            57P    418
1.00000000000,1.00000000000,0.707106781187,                           57P    419
1.00000000000,1.00000000000,0.707106781187,                           57P    420
1.00000000000,0.599801742820,0.00000000000,                           57P    421
0.108595185785,0.599801742820,-0.119960348564,                        57P    422
0.108595185785,0.599801742820,-0.119960348564,                        57P    423
-0.113651627793E-01,1.47637795276,0.00000000000,                      57P    424
0.106745073441,1.47637795276,-0.118110236220,                         57P    425
0.106745073441,1.47637795276,-0.118110236220,                         57P    426
-0.113651627793E-01,0.00000000000,1.00000000000,                      57P    427
0.00000000000,1.00000000000,0,0,0;                                    57P    428
126,2,2,0,0,0,0,                                                      59P    429
0.00000000000,0.00000000000,0.00000000000,                            59P    430
1.00000000000,1.00000000000,1.00000000000,                            59P    431
0.897358423438,0.933647700848,1.00000000000,                          59P    432
1.47637795276,-0.111355398612,0.280049159608E-01,                     59P    433
1.47637795276,-0.118110236220,0.889935004593E-02,                     59P    434
1.47637795276,-0.118110236220,-0.113651627793E-01,                    59P    435
0.00000000000,1.00000000000,0.00000000000,                            59P    436
0.00000000000,0.00000000000,0,0,0;                                    59P    437
126,2,2,0,0,0,0,                                                      61P    438
0.00000000000,0.00000000000,0.00000000000,                            61P    439
1.00000000000,1.00000000000,1.00000000000,                            61P    440
1.00000000000,0.773459080339,0.897358423438,                          61P    441
1.47637795276,0.00000000000,0.106745073441,                           61P    442
1.47637795276,-0.835165489590E-01,0.106745073441,                     61P    443
1.47637795276,-0.111355398612,0.280049159608E-01,                     61P    444
0.00000000000,1.00000000000,0.00000000000,                            61P    445
0.00000000000,0.00000000000,0,0,0;                                    61P    446
128,1,1,1,1,0,0,                                                      63P    447
1,0,0,                                                                63P    448
0.00000000000,0.00000000000,1.00000000000,                            63P    449
1.00000000000,0.00000000000,0.00000000000,                            63P    450
1.00000000000,1.00000000000,1.00000000000,                            63P    451
1.00000000000,1.00000000000,1.00000000000,                            63P    452
1.47637795276,-0.196850393701,0.146115152181,                         63P    453
1.47637795276,0.196850393701,0.146115152181,                          63P    454
1.47637795276,-0.196850393701,-0.168845477740,                        63P    455
1.47637795276,0.196850393701,-0.168845477740,                         63P    456
0.00000000000,1.00000000000,0.00000000000,                            63P    457
1.00000000000,0,0,0;                                                  63P    458
126,1,1,0,0,1,0,                                                      65P    459
0.00000000000,0.00000000000,1.00000000000,                            65P    460
1.00000000000,1.00000000000,1.00000000000,                            65P    461
1.47637795276,0.196850393701,0.146115152181,                          65P    462
1.47637795276,-0.196850393701,0.146115152181,                         65P    463
0.00000000000,1.00000000000,0.00000000000,                            65P    464
0.00000000000,0.00000000000,0,0,0;                                    65P    465
126,1,1,0,0,1,0,                                                      67P    466
0.00000000000,0.00000000000,1.00000000000,                            67P    467
1.00000000000,1.00000000000,1.00000000000,                            67P    468
1.47637795276,0.196850393701,0.146115152181,                          67P    469
1.47637795276,0.196850393701,0.280049159608E-01,                      67P    470
0.00000000000,1.00000000000,0.00000000000,                            67P    471
0.00000000000,0.00000000000,0,0,0;                                    67P    472
126,1,1,0,0,1,0,                                                      69P    473
0.00000000000,0.00000000000,1.00000000000,                            69P    474
1.00000000000,1.00000000000,1.00000000000,                            69P    475
1.47637795276,0.196850393701,0.280049159608E-01,                      69P    476
1.47637795276,0.111355398612,0.280049159608E-01,                      69P    477
0.00000000000,1.00000000000,0.00000000000,                            69P    478
0.00000000000,0.00000000000,0,0,0;                                    69P    479
126,1,1,0,0,1,0,                                                      71P    480
0.00000000000,0.00000000000,1.00000000000,                            71P    481
1.00000000000,1.00000000000,1.00000000000,                            71P    482
1.47637795276,-0.111355398612,0.280049159608E-01,                     71P    483
1.47637795276,-0.196850393701,0.280049159608E-01,                     71P    484
0.00000000000,1.00000000000,0.00000000000,                            71P    485
0.00000000000,0.00000000000,0,0,0;                                    71P    486
126,1,1,0,0,1,0,                                                      73P    487
0.00000000000,0.00000000000,1.00000000000,                            73P    488
1.00000000000,1.00000000000,1.00000000000,                            73P    489
1.47637795276,-0.196850393701,0.146115152181,                         73P    490
1.47637795276,-0.196850393701,0.280049159608E-01,                     73P    491
0.00000000000,1.00000000000,0.00000000000,                            73P    492
0.00000000000,0.00000000000,0,0,0;                                    73P    493
128,1,1,1,1,0,0,                                                      75P    494
1,0,0,                                                                75P    495
0.00000000000,0.00000000000,1.00000000000,                            75P    496
1.00000000000,0.00000000000,0.00000000000,                            75P    497
1.00000000000,1.00000000000,1.00000000000,                            75P    498
1.00000000000,1.00000000000,1.00000000000,                            75P    499
1.47637795276,-0.196850393701,0.146115152181,                         75P    500
1.47637795276,-0.196850393701,-0.168845477740,                        75P    501
1.79133858268,-0.196850393701,0.146115152181,                         75P    502
1.79133858268,-0.196850393701,-0.168845477740,                        75P    503
0.00000000000,1.00000000000,0.00000000000,                            75P    504
1.00000000000,0,0,0;                                                  75P    505
126,1,1,0,0,1,0,                                                      77P    506
0.00000000000,0.00000000000,1.00000000000,                            77P    507
1.00000000000,1.00000000000,1.00000000000,                            77P    508
1.67322834646,-0.196850393701,0.280049159608E-01,                     77P    509
1.47637795276,-0.196850393701,0.280049159608E-01,                     77P    510
0.00000000000,1.00000000000,0.00000000000,                            77P    511
0.00000000000,0.00000000000,0,0,0;                                    77P    512
126,1,1,0,0,1,0,                                                      79P    513
0.00000000000,0.00000000000,1.00000000000,                            79P    514
1.00000000000,1.00000000000,1.00000000000,                            79P    515
1.67322834646,-0.196850393701,0.146115152181,                         79P    516
1.67322834646,-0.196850393701,0.280049159608E-01,                     79P    517
0.00000000000,1.00000000000,0.00000000000,                            79P    518
0.00000000000,0.00000000000,0,0,0;                                    79P    519
126,1,1,0,0,1,0,                                                      81P    520
0.00000000000,0.00000000000,1.00000000000,                            81P    521
1.00000000000,1.00000000000,1.00000000000,                            81P    522
1.47637795276,-0.196850393701,0.146115152181,                         81P    523
1.67322834646,-0.196850393701,0.146115152181,                         81P    524
0.00000000000,1.00000000000,0.00000000000,                            81P    525
0.00000000000,0.00000000000,0,0,0;                                    81P    526
128,1,1,1,1,0,0,                                                      83P    527
1,0,0,                                                                83P    528
0.00000000000,0.00000000000,1.00000000000,                            83P    529
1.00000000000,0.00000000000,0.00000000000,                            83P    530
1.00000000000,1.00000000000,1.00000000000,                            83P    531
1.00000000000,1.00000000000,1.00000000000,                            83P    532
1.47637795276,-0.196850393701,0.146115152181,                         83P    533
1.79133858268,-0.196850393701,0.146115152181,                         83P    534
1.47637795276,0.196850393701,0.146115152181,                          83P    535
1.79133858268,0.196850393701,0.146115152181,                          83P    536
0.00000000000,1.00000000000,0.00000000000,                            83P    537
1.00000000000,0,0,0;                                                  83P    538
126,1,1,0,0,1,0,                                                      85P    539
0.00000000000,0.00000000000,1.00000000000,                            85P    540
1.00000000000,1.00000000000,1.00000000000,                            85P    541
1.67322834646,-0.196850393701,0.146115152181,                         85P    542
1.67322834646,0.196850393701,0.146115152181,                          85P    543
0.00000000000,1.00000000000,0.00000000000,                            85P    544
0.00000000000,0.00000000000,0,0,0;                                    85P    545
126,1,1,0,0,1,0,                                                      87P    546
0.00000000000,0.00000000000,1.00000000000,                            87P    547
1.00000000000,1.00000000000,1.00000000000,                            87P    548
1.67322834646,0.196850393701,0.146115152181,                          87P    549
1.47637795276,0.196850393701,0.146115152181,                          87P    550
0.00000000000,1.00000000000,0.00000000000,                            87P    551
0.00000000000,0.00000000000,0,0,0;                                    87P    552
128,1,1,1,1,0,0,                                                      89P    553
1,0,0,                                                                89P    554
0.00000000000,0.00000000000,1.00000000000,                            89P    555
1.00000000000,0.00000000000,0.00000000000,                            89P    556
1.00000000000,1.00000000000,1.00000000000,                            89P    557
1.00000000000,1.00000000000,1.00000000000,                            89P    558
1.47637795276,0.196850393701,0.146115152181,                          89P    559
1.79133858268,0.196850393701,0.146115152181,                          89P    560
1.47637795276,0.196850393701,-0.168845477740,                         89P    561
1.79133858268,0.196850393701,-0.168845477740,                         89P    562
0.00000000000,1.00000000000,0.00000000000,                            89P    563
1.00000000000,0,0,0;                                                  89P    564
126,1,1,0,0,1,0,                                                      91P    565
0.00000000000,0.00000000000,1.00000000000,                            91P    566
1.00000000000,1.00000000000,1.00000000000,                            91P    567
1.67322834646,0.196850393701,0.146115152181,                          91P    568
1.67322834646,0.196850393701,0.280049159608E-01,                      91P    569
0.00000000000,1.00000000000,0.00000000000,                            91P    570
0.00000000000,0.00000000000,0,0,0;                                    91P    571
126,1,1,0,0,1,0,                                                      93P    572
0.00000000000,0.00000000000,1.00000000000,                            93P    573
1.00000000000,1.00000000000,1.00000000000,                            93P    574
1.47637795276,0.196850393701,0.280049159608E-01,                      93P    575
1.67322834646,0.196850393701,0.280049159608E-01,                      93P    576
0.00000000000,1.00000000000,0.00000000000,                            93P    577
0.00000000000,0.00000000000,0,0,0;                                    93P    578
128,1,1,1,1,0,0,                                                      95P    579
1,0,0,                                                                95P    580
0.00000000000,0.00000000000,1.00000000000,                            95P    581
1.00000000000,0.00000000000,0.00000000000,                            95P    582
1.00000000000,1.00000000000,1.00000000000,                            95P    583
1.00000000000,1.00000000000,1.00000000000,                            95P    584
1.47637795276,-0.393700787402,0.280049159608E-01,                     95P    585
1.67322834646,-0.393700787402,0.280049159608E-01,                     95P    586
1.47637795276,0.393700787402,0.280049159608E-01,                      95P    587
1.67322834646,0.393700787402,0.280049159608E-01,                      95P    588
0.00000000000,1.00000000000,0.00000000000,                            95P    589
1.00000000000,0,0,0;                                                  95P    590
126,1,1,0,0,1,0,                                                      97P    591
0.00000000000,0.00000000000,1.00000000000,                            97P    592
1.00000000000,1.00000000000,1.00000000000,                            97P    593
1.67322834646,0.393700787402,0.280049159608E-01,                      97P    594
1.67322834646,0.196850393701,0.280049159608E-01,                      97P    595
0.00000000000,1.00000000000,0.00000000000,                            97P    596
0.00000000000,0.00000000000,0,0,0;                                    97P    597
126,1,1,0,0,1,0,                                                      99P    598
0.00000000000,0.00000000000,1.00000000000,                            99P    599
1.00000000000,1.00000000000,1.00000000000,                            99P    600
1.67322834646,0.393700787402,0.280049159608E-01,                      99P    601
1.47637795276,0.393700787402,0.280049159608E-01,                      99P    602
0.00000000000,1.00000000000,0.00000000000,                            99P    603
0.00000000000,0.00000000000,0,0,0;                                    99P    604
126,1,1,0,0,1,0,                                                     101P    605
0.00000000000,0.00000000000,1.00000000000,                           101P    606
1.00000000000,1.00000000000,1.00000000000,                           101P    607
1.47637795276,0.393700787402,0.280049159608E-01,                     101P    608
1.47637795276,0.196850393701,0.280049159608E-01,                     101P    609
0.00000000000,1.00000000000,0.00000000000,                           101P    610
0.00000000000,0.00000000000,0,0,0;                                   101P    611
128,1,1,1,1,0,0,                                                     103P    612
1,0,0,                                                               103P    613
0.00000000000,0.00000000000,1.00000000000,                           103P    614
1.00000000000,0.00000000000,0.00000000000,                           103P    615
1.00000000000,1.00000000000,1.00000000000,                           103P    616
1.00000000000,1.00000000000,1.00000000000,                           103P    617
1.47637795276,-0.393700787402,0.280049159608E-01,                    103P    618
1.47637795276,0.393700787402,0.280049159608E-01,                     103P    619
1.47637795276,-0.393700787402,-0.168845477740,                       103P    620
1.47637795276,0.393700787402,-0.168845477740,                        103P    621
0.00000000000,1.00000000000,0.00000000000,                           103P    622
1.00000000000,0,0,0;                                                 103P    623
126,1,1,0,0,1,0,                                                     105P    624
0.00000000000,0.00000000000,1.00000000000,                           105P    625
1.00000000000,1.00000000000,1.00000000000,                           105P    626
1.47637795276,0.393700787402,0.280049159608E-01,                     105P    627
1.47637795276,0.393700787402,-0.168845477740,                        105P    628
0.00000000000,1.00000000000,0.00000000000,                           105P    629
0.00000000000,0.00000000000,0,0,0;                                   105P    630
126,1,1,0,0,1,0,                                                     107P    631
0.00000000000,0.00000000000,1.00000000000,                           107P    632
1.00000000000,1.00000000000,1.00000000000,                           107P    633
1.47637795276,0.393700787402,-0.168845477740,                        107P    634
1.47637795276,0.196850393701,-0.168845477740,                        107P    635
0.00000000000,1.00000000000,0.00000000000,                           107P    636
0.00000000000,0.00000000000,0,0,0;                                   107P    637
126,1,1,0,0,1,0,                                                     109P    638
0.00000000000,0.00000000000,1.00000000000,                           109P    639
1.00000000000,1.00000000000,1.00000000000,                           109P    640
1.47637795276,0.196850393701,0.280049159608E-01,                     109P    641
1.47637795276,0.196850393701,-0.168845477740,                        109P    642
0.00000000000,1.00000000000,0.00000000000,                           109P    643
0.00000000000,0.00000000000,0,0,0;                                   109P    644
128,1,1,1,1,0,0,                                                     111P    645
1,0,0,                                                               111P    646
0.00000000000,0.00000000000,1.00000000000,                           111P    647
1.00000000000,0.00000000000,0.00000000000,                           111P    648
1.00000000000,1.00000000000,1.00000000000,                           111P    649
1.00000000000,1.00000000000,1.00000000000,                           111P    650
1.47637795276,-0.196850393701,0.146115152181,                        111P    651
1.47637795276,0.196850393701,0.146115152181,                         111P    652
1.47637795276,-0.196850393701,-0.168845477740,                       111P    653
1.47637795276,0.196850393701,-0.168845477740,                        111P    654
0.00000000000,1.00000000000,0.00000000000,                           111P    655
1.00000000000,0,0,0;                                                 111P    656
126,1,1,0,0,1,0,                                                     113P    657
0.00000000000,0.00000000000,1.00000000000,                           113P    658
1.00000000000,1.00000000000,1.00000000000,                           113P    659
1.47637795276,0.196850393701,-0.168845477740,                        113P    660
1.47637795276,-0.196850393701,-0.168845477740,                       113P    661
0.00000000000,1.00000000000,0.00000000000,                           113P    662
0.00000000000,0.00000000000,0,0,0;                                   113P    663
126,1,1,0,0,1,0,                                                     115P    664
0.00000000000,0.00000000000,1.00000000000,                           115P    665
1.00000000000,1.00000000000,1.00000000000,                           115P    666
1.47637795276,-0.196850393701,0.280049159608E-01,                    115P    667
1.47637795276,-0.196850393701,-0.168845477740,                       115P    668
0.00000000000,1.00000000000,0.00000000000,                           115P    669
0.00000000000,0.00000000000,0,0,0;                                   115P    670
128,1,1,1,1,0,0,                                                     117P    671
1,0,0,                                                               117P    672
0.00000000000,0.00000000000,1.00000000000,                           117P    673
1.00000000000,0.00000000000,0.00000000000,                           117P    674
1.00000000000,1.00000000000,1.00000000000,                           117P    675
1.00000000000,1.00000000000,1.00000000000,                           117P    676
1.47637795276,-0.393700787402,0.280049159608E-01,                    117P    677
1.47637795276,0.393700787402,0.280049159608E-01,                     117P    678
1.47637795276,-0.393700787402,-0.168845477740,                       117P    679
1.47637795276,0.393700787402,-0.168845477740,                        117P    680
0.00000000000,1.00000000000,0.00000000000,                           117P    681
1.00000000000,0,0,0;                                                 117P    682
126,1,1,0,0,1,0,                                                     119P    683
0.00000000000,0.00000000000,1.00000000000,                           119P    684
1.00000000000,1.00000000000,1.00000000000,                           119P    685
1.47637795276,-0.196850393701,-0.168845477740,                       119P    686
1.47637795276,-0.393700787402,-0.168845477740,                       119P    687
0.00000000000,1.00000000000,0.00000000000,                           119P    688
0.00000000000,0.00000000000,0,0,0;                                   119P    689
126,1,1,0,0,1,0,                                                     121P    690
0.00000000000,0.00000000000,1.00000000000,                           121P    691
1.00000000000,1.00000000000,1.00000000000,                           121P    692
1.47637795276,-0.393700787402,0.280049159608E-01,                    121P    693
1.47637795276,-0.393700787402,-0.168845477740,                       121P    694
0.00000000000,1.00000000000,0.00000000000,                           121P    695
0.00000000000,0.00000000000,0,0,0;                                   121P    696
126,1,1,0,0,1,0,                                                     123P    697
0.00000000000,0.00000000000,1.00000000000,                           123P    698
1.00000000000,1.00000000000,1.00000000000,                           123P    699
1.47637795276,-0.196850393701,0.280049159608E-01,                    123P    700
1.47637795276,-0.393700787402,0.280049159608E-01,                    123P    701
0.00000000000,1.00000000000,0.00000000000,                           123P    702
0.00000000000,0.00000000000,0,0,0;                                   123P    703
128,1,1,1,1,0,0,                                                     125P    704
1,0,0,                                                               125P    705
0.00000000000,0.00000000000,1.00000000000,                           125P    706
1.00000000000,0.00000000000,0.00000000000,                           125P    707
1.00000000000,1.00000000000,1.00000000000,                           125P    708
1.00000000000,1.00000000000,1.00000000000,                           125P    709
1.47637795276,-0.393700787402,0.280049159608E-01,                    125P    710
1.67322834646,-0.393700787402,0.280049159608E-01,                    125P    711
1.47637795276,0.393700787402,0.280049159608E-01,                     125P    712
1.67322834646,0.393700787402,0.280049159608E-01,                     125P    713
0.00000000000,1.00000000000,0.00000000000,                           125P    714
1.00000000000,0,0,0;                                                 125P    715
126,1,1,0,0,1,0,                                                     127P    716
0.00000000000,0.00000000000,1.00000000000,                           127P    717
1.00000000000,1.00000000000,1.00000000000,                           127P    718
1.47637795276,-0.393700787402,0.280049159608E-01,                    127P    719
1.67322834646,-0.393700787402,0.280049159608E-01,                    127P    720
0.00000000000,1.00000000000,0.00000000000,                           127P    721
0.00000000000,0.00000000000,0,0,0;                                   127P    722
126,1,1,0,0,1,0,                                                     129P    723
0.00000000000,0.00000000000,1.00000000000,                           129P    724
1.00000000000,1.00000000000,1.00000000000,                           129P    725
1.67322834646,-0.196850393701,0.280049159608E-01,                    129P    726
1.67322834646,-0.393700787402,0.280049159608E-01,                    129P    727
0.00000000000,1.00000000000,0.00000000000,                           129P    728
0.00000000000,0.00000000000,0,0,0;                                   129P    729
128,1,1,1,1,0,0,                                                     131P    730
1,0,0,                                                               131P    731
0.00000000000,0.00000000000,1.00000000000,                           131P    732
1.00000000000,0.00000000000,0.00000000000,                           131P    733
1.00000000000,1.00000000000,1.00000000000,                           131P    734
1.00000000000,1.00000000000,1.00000000000,                           131P    735
1.67322834646,-0.393700787402,0.280049159608E-01,                    131P    736
1.79133858268,-0.393700787402,0.280049159608E-01,                    131P    737
1.67322834646,0.393700787402,0.280049159608E-01,                     131P    738
1.79133858268,0.393700787402,0.280049159608E-01,                     131P    739
0.00000000000,1.00000000000,0.00000000000,                           131P    740
1.00000000000,0,0,0;                                                 131P    741
126,1,1,0,0,1,0,                                                     133P    742
0.00000000000,0.00000000000,1.00000000000,                           133P    743
1.00000000000,1.00000000000,1.00000000000,                           133P    744
1.67322834646,-0.393700787402,0.280049159608E-01,                    133P    745
1.79133858268,-0.393700787402,0.280049159608E-01,                    133P    746
0.00000000000,1.00000000000,0.00000000000,                           133P    747
0.00000000000,0.00000000000,0,0,0;                                   133P    748
126,1,1,0,0,1,0,                                                     135P    749
0.00000000000,0.00000000000,1.00000000000,                           135P    750
1.00000000000,1.00000000000,1.00000000000,                           135P    751
1.79133858268,-0.393700787402,0.280049159608E-01,                    135P    752
1.79133858268,-0.196850393701,0.280049159608E-01,                    135P    753
0.00000000000,1.00000000000,0.00000000000,                           135P    754
0.00000000000,0.00000000000,0,0,0;                                   135P    755
126,1,1,0,0,1,0,                                                     137P    756
0.00000000000,0.00000000000,1.00000000000,                           137P    757
1.00000000000,1.00000000000,1.00000000000,                           137P    758
1.79133858268,-0.196850393701,0.280049159608E-01,                    137P    759
1.67322834646,-0.196850393701,0.280049159608E-01,                    137P    760
0.00000000000,1.00000000000,0.00000000000,                           137P    761
0.00000000000,0.00000000000,0,0,0;                                   137P    762
128,1,1,1,1,0,0,                                                     139P    763
1,0,0,                                                               139P    764
0.00000000000,0.00000000000,1.00000000000,                           139P    765
1.00000000000,0.00000000000,0.00000000000,                           139P    766
1.00000000000,1.00000000000,1.00000000000,                           139P    767
1.00000000000,1.00000000000,1.00000000000,                           139P    768
1.67322834646,-0.196850393701,0.224855309662,                        139P    769
1.67322834646,-0.196850393701,-0.168845477740,                       139P    770
2.30314960630,-0.196850393701,0.224855309662,                        139P    771
2.30314960630,-0.196850393701,-0.168845477740,                       139P    772
0.00000000000,1.00000000000,0.00000000000,                           139P    773
1.00000000000,0,0,0;                                                 139P    774
126,1,1,0,0,1,0,                                                     141P    775
0.00000000000,0.00000000000,1.00000000000,                           141P    776
1.00000000000,1.00000000000,1.00000000000,                           141P    777
1.67322834646,-0.196850393701,0.146115152181,                        141P    778
1.79133858268,-0.196850393701,0.146115152181,                        141P    779
0.00000000000,1.00000000000,0.00000000000,                           141P    780
0.00000000000,0.00000000000,0,0,0;                                   141P    781
126,1,1,0,0,1,0,                                                     143P    782
0.00000000000,0.00000000000,1.00000000000,                           143P    783
1.00000000000,1.00000000000,1.00000000000,                           143P    784
1.79133858268,-0.196850393701,0.280049159608E-01,                    143P    785
1.79133858268,-0.196850393701,0.146115152181,                        143P    786
0.00000000000,1.00000000000,0.00000000000,                           143P    787
0.00000000000,0.00000000000,0,0,0;                                   143P    788
128,1,1,1,1,0,0,                                                     145P    789
1,0,0,                                                               145P    790
0.00000000000,0.00000000000,1.00000000000,                           145P    791
1.00000000000,0.00000000000,0.00000000000,                           145P    792
1.00000000000,1.00000000000,1.00000000000,                           145P    793
1.00000000000,1.00000000000,1.00000000000,                           145P    794
1.67322834646,-0.196850393701,0.224855309662,                        145P    795
1.67322834646,-0.196850393701,-0.168845477740,                       145P    796
2.30314960630,-0.196850393701,0.224855309662,                        145P    797
2.30314960630,-0.196850393701,-0.168845477740,                       145P    798
0.00000000000,1.00000000000,0.00000000000,                           145P    799
1.00000000000,0,0,0;                                                 145P    800
126,1,1,0,0,1,0,                                                     147P    801
0.00000000000,0.00000000000,1.00000000000,                           147P    802
1.00000000000,1.00000000000,1.00000000000,                           147P    803
1.67322834646,-0.196850393701,0.224855309662,                        147P    804
1.67322834646,-0.196850393701,0.146115152181,                        147P    805
0.00000000000,1.00000000000,0.00000000000,                           147P    806
0.00000000000,0.00000000000,0,0,0;                                   147P    807
126,1,1,0,0,1,0,                                                     149P    808
0.00000000000,0.00000000000,1.00000000000,                           149P    809
1.00000000000,1.00000000000,1.00000000000,                           149P    810
1.79133858268,-0.196850393701,-0.168845477740,                       149P    811
1.79133858268,-0.196850393701,0.280049159608E-01,                    149P    812
0.00000000000,1.00000000000,0.00000000000,                           149P    813
0.00000000000,0.00000000000,0,0,0;                                   149P    814
126,1,1,0,0,1,0,                                                     151P    815
0.00000000000,0.00000000000,1.00000000000,                           151P    816
1.00000000000,1.00000000000,1.00000000000,                           151P    817
1.79133858268,-0.196850393701,-0.168845477740,                       151P    818
2.30314960630,-0.196850393701,-0.168845477740,                       151P    819
0.00000000000,1.00000000000,0.00000000000,                           151P    820
0.00000000000,0.00000000000,0,0,0;                                   151P    821
126,1,1,0,0,1,0,                                                     153P    822
0.00000000000,0.00000000000,1.00000000000,                           153P    823
1.00000000000,1.00000000000,1.00000000000,                           153P    824
2.30314960630,-0.196850393701,-0.168845477740,                       153P    825
2.30314960630,-0.196850393701,0.224855309662,                        153P    826
0.00000000000,1.00000000000,0.00000000000,                           153P    827
0.00000000000,0.00000000000,0,0,0;                                   153P    828
126,1,1,0,0,1,0,                                                     155P    829
0.00000000000,0.00000000000,1.00000000000,                           155P    830
1.00000000000,1.00000000000,1.00000000000,                           155P    831
1.87007874016,-0.196850393701,0.224855309662,                        155P    832
2.30314960630,-0.196850393701,0.224855309662,                        155P    833
0.00000000000,1.00000000000,0.00000000000,                           155P    834
0.00000000000,0.00000000000,0,0,0;                                   155P    835
126,1,1,0,0,1,0,                                                     157P    836
0.00000000000,0.00000000000,1.00000000000,                           157P    837
1.00000000000,1.00000000000,1.00000000000,                           157P    838
1.67322834646,-0.196850393701,0.224855309662,                        157P    839
1.87007874016,-0.196850393701,0.224855309662,                        157P    840
0.00000000000,1.00000000000,0.00000000000,                           157P    841
0.00000000000,0.00000000000,0,0,0;                                   157P    842
128,1,1,1,1,0,0,                                                     159P    843
1,0,0,                                                               159P    844
0.00000000000,0.00000000000,1.00000000000,                           159P    845
1.00000000000,0.00000000000,0.00000000000,                           159P    846
1.00000000000,1.00000000000,1.00000000000,                           159P    847
1.00000000000,1.00000000000,1.00000000000,                           159P    848
1.67322834646,-0.196850393701,0.224855309662,                        159P    849
2.30314960630,-0.196850393701,0.224855309662,                        159P    850
1.67322834646,0.196850393701,0.224855309662,                         159P    851
2.30314960630,0.196850393701,0.224855309662,                         159P    852
0.00000000000,1.00000000000,0.00000000000,                           159P    853
1.00000000000,0,0,0;                                                 159P    854
126,2,2,0,0,0,0,                                                     161P    855
0.00000000000,0.00000000000,0.00000000000,                           161P    856
1.00000000000,1.00000000000,1.00000000000,                           161P    857
1.00000000000,0.500000000000,0.500000000000,                         161P    858
1.67322834646,0.00000000000,0.224855309662,                          161P    859
1.67322834646,-0.196850393701,0.224855309662,                        161P    860
1.87007874016,-0.196850393701,0.224855309662,                        161P    861
0.00000000000,1.00000000000,0.00000000000,                           161P    862
0.00000000000,0.00000000000,0,0,0;                                   161P    863
126,1,1,0,0,1,0,                                                     163P    864
0.00000000000,0.00000000000,1.00000000000,                           163P    865
1.00000000000,1.00000000000,1.00000000000,                           163P    866
1.67322834646,0.00000000000,0.224855309662,                          163P    867
1.67322834646,-0.196850393701,0.224855309662,                        163P    868
0.00000000000,1.00000000000,0.00000000000,                           163P    869
0.00000000000,0.00000000000,0,0,0;                                   163P    870
128,1,1,1,1,0,0,                                                     165P    871
1,0,0,                                                               165P    872
0.00000000000,0.00000000000,1.00000000000,                           165P    873
1.00000000000,0.00000000000,0.00000000000,                           165P    874
1.00000000000,1.00000000000,1.00000000000,                           165P    875
1.00000000000,1.00000000000,1.00000000000,                           165P    876
1.67322834646,-0.196850393701,0.224855309662,                        165P    877
1.67322834646,0.196850393701,0.224855309662,                         165P    878
1.67322834646,-0.196850393701,-0.168845477740,                       165P    879
1.67322834646,0.196850393701,-0.168845477740,                        165P    880
0.00000000000,1.00000000000,0.00000000000,                           165P    881
1.00000000000,0,0,0;                                                 165P    882
126,1,1,0,0,1,0,                                                     167P    883
0.00000000000,0.00000000000,1.00000000000,                           167P    884
1.00000000000,1.00000000000,1.00000000000,                           167P    885
1.67322834646,0.196850393701,0.224855309662,                         167P    886
1.67322834646,0.00000000000,0.224855309662,                          167P    887
0.00000000000,1.00000000000,0.00000000000,                           167P    888
0.00000000000,0.00000000000,0,0,0;                                   167P    889
126,1,1,0,0,1,0,                                                     169P    890
0.00000000000,0.00000000000,1.00000000000,                           169P    891
1.00000000000,1.00000000000,1.00000000000,                           169P    892
1.67322834646,0.196850393701,0.224855309662,                         169P    893
1.67322834646,0.196850393701,0.146115152181,                         169P    894
0.00000000000,1.00000000000,0.00000000000,                           169P    895
0.00000000000,0.00000000000,0,0,0;                                   169P    896
128,1,1,1,1,0,0,                                                     171P    897
1,0,0,                                                               171P    898
0.00000000000,0.00000000000,1.00000000000,                           171P    899
1.00000000000,0.00000000000,0.00000000000,                           171P    900
1.00000000000,1.00000000000,1.00000000000,                           171P    901
1.00000000000,1.00000000000,1.00000000000,                           171P    902
1.67322834646,0.196850393701,0.224855309662,                         171P    903
2.30314960630,0.196850393701,0.224855309662,                         171P    904
1.67322834646,0.196850393701,-0.168845477740,                        171P    905
2.30314960630,0.196850393701,-0.168845477740,                        171P    906
0.00000000000,1.00000000000,0.00000000000,                           171P    907
1.00000000000,0,0,0;                                                 171P    908
126,1,1,0,0,1,0,                                                     173P    909
0.00000000000,0.00000000000,1.00000000000,                           173P    910
1.00000000000,1.00000000000,1.00000000000,                           173P    911
2.30314960630,0.196850393701,0.224855309662,                         173P    912
1.87007874016,0.196850393701,0.224855309662,                         173P    913
0.00000000000,1.00000000000,0.00000000000,                           173P    914
0.00000000000,0.00000000000,0,0,0;                                   173P    915
126,1,1,0,0,1,0,                                                     175P    916
0.00000000000,0.00000000000,1.00000000000,                           175P    917
1.00000000000,1.00000000000,1.00000000000,                           175P    918
2.30314960630,0.196850393701,-0.168845477740,                        175P    919
2.30314960630,0.196850393701,0.224855309662,                         175P    920
0.00000000000,1.00000000000,0.00000000000,                           175P    921
0.00000000000,0.00000000000,0,0,0;                                   175P    922
126,1,1,0,0,1,0,                                                     177P    923
0.00000000000,0.00000000000,1.00000000000,                           177P    924
1.00000000000,1.00000000000,1.00000000000,                           177P    925
2.30314960630,0.196850393701,-0.168845477740,                        177P    926
1.79133858268,0.196850393701,-0.168845477740,                        177P    927
0.00000000000,1.00000000000,0.00000000000,                           177P    928
0.00000000000,0.00000000000,0,0,0;                                   177P    929
126,1,1,0,0,1,0,                                                     179P    930
0.00000000000,0.00000000000,1.00000000000,                           179P    931
1.00000000000,1.00000000000,1.00000000000,                           179P    932
1.79133858268,0.196850393701,0.280049159608E-01,                     179P    933
1.79133858268,0.196850393701,-0.168845477740,                        179P    934
0.00000000000,1.00000000000,0.00000000000,                           179P    935
0.00000000000,0.00000000000,0,0,0;                                   179P    936
126,1,1,0,0,1,0,                                                     181P    937
0.00000000000,0.00000000000,1.00000000000,                           181P    938
1.00000000000,1.00000000000,1.00000000000,                           181P    939
1.79133858268,0.196850393701,0.280049159608E-01,                     181P    940
1.79133858268,0.196850393701,0.146115152181,                         181P    941
0.00000000000,1.00000000000,0.00000000000,                           181P    942
0.00000000000,0.00000000000,0,0,0;                                   181P    943
126,1,1,0,0,1,0,                                                     183P    944
0.00000000000,0.00000000000,1.00000000000,                           183P    945
1.00000000000,1.00000000000,1.00000000000,                           183P    946
1.79133858268,0.196850393701,0.146115152181,                         183P    947
1.67322834646,0.196850393701,0.146115152181,                         183P    948
0.00000000000,1.00000000000,0.00000000000,                           183P    949
0.00000000000,0.00000000000,0,0,0;                                   183P    950
126,1,1,0,0,1,0,                                                     185P    951
0.00000000000,0.00000000000,1.00000000000,                           185P    952
1.00000000000,1.00000000000,1.00000000000,                           185P    953
1.87007874016,0.196850393701,0.224855309662,                         185P    954
1.67322834646,0.196850393701,0.224855309662,                         185P    955
0.00000000000,1.00000000000,0.00000000000,                           185P    956
0.00000000000,0.00000000000,0,0,0;                                   185P    957
128,1,1,1,1,0,0,                                                     187P    958
1,0,0,                                                               187P    959
0.00000000000,0.00000000000,1.00000000000,                           187P    960
1.00000000000,0.00000000000,0.00000000000,                           187P    961
1.00000000000,1.00000000000,1.00000000000,                           187P    962
1.00000000000,1.00000000000,1.00000000000,                           187P    963
1.67322834646,-0.196850393701,0.224855309662,                        187P    964
2.30314960630,-0.196850393701,0.224855309662,                        187P    965
1.67322834646,0.196850393701,0.224855309662,                         187P    966
2.30314960630,0.196850393701,0.224855309662,                         187P    967
0.00000000000,1.00000000000,0.00000000000,                           187P    968
1.00000000000,0,0,0;                                                 187P    969
126,2,2,0,0,0,0,                                                     189P    970
0.00000000000,0.00000000000,0.00000000000,                           189P    971
1.00000000000,1.00000000000,1.00000000000,                           189P    972
0.500000000000,0.500000000000,1.00000000000,                         189P    973
1.87007874016,0.196850393701,0.224855309662,                         189P    974
1.67322834646,0.196850393701,0.224855309662,                         189P    975
1.67322834646,0.00000000000,0.224855309662,                          189P    976
0.00000000000,1.00000000000,0.00000000000,                           189P    977
0.00000000000,0.00000000000,0,0,0;                                   189P    978
128,3,1,2,1,0,0,                                                     191P    979
0,0,0,                                                               191P    980
0.00000000000,0.00000000000,0.00000000000,                           191P    981
0.500000000000,1.00000000000,1.00000000000,                          191P    982
1.00000000000,0.00000000000,0.00000000000,                           191P    983
1.00000000000,1.00000000000,1.00000000000,                           191P    984
0.500000000000,0.500000000000,1.00000000000,                         191P    985
1.00000000000,0.500000000000,0.500000000000,                         191P    986
1.00000000000,2.06692913386,0.00000000000,                           191P    987
0.224855309662,2.06692913386,0.196850393701,                         191P    988
0.224855309662,1.67322834646,0.196850393701,                         191P    989
0.224855309662,1.67322834646,0.00000000000,                          191P    990
0.224855309662,2.06692913386,0.00000000000,                          191P    991
0.500445860843,2.06692913386,0.196850393701,                         191P    992
0.500445860843,1.67322834646,0.196850393701,                         191P    993
0.500445860843,1.67322834646,0.00000000000,                          191P    994
0.500445860843,0.00000000000,1.00000000000,                          191P    995
0.00000000000,1.00000000000,0,0,0;                                   191P    996
126,2,2,0,0,0,0,                                                     193P    997
0.00000000000,0.00000000000,0.00000000000,                           193P    998
1.00000000000,1.00000000000,1.00000000000,                           193P    999
1.00000000000,0.500000000000,0.500000000000,                         193P   1000
2.06692913386,0.00000000000,0.224855309662,                          193P   1001
2.06692913386,0.196850393701,0.224855309662,                         193P   1002
1.87007874016,0.196850393701,0.224855309662,                         193P   1003
0.00000000000,1.00000000000,0.00000000000,                           193P   1004
0.00000000000,0.00000000000,0,0,0;                                   193P   1005
126,1,1,0,0,0,0,                                                     195P   1006
0.00000000000,0.00000000000,1.00000000000,                           195P   1007
1.00000000000,1.00000000000,1.00000000000,                           195P   1008
1.67322834646,0.00000000000,0.224855309662,                          195P   1009
1.67322834646,0.00000000000,0.500445860843,                          195P   1010
0.00000000000,1.00000000000,0.00000000000,                           195P   1011
0.00000000000,0.00000000000,0,0,0;                                   195P   1012
126,2,2,0,0,0,0,                                                     197P   1013
0.00000000000,0.00000000000,0.00000000000,                           197P   1014
1.00000000000,1.00000000000,1.00000000000,                           197P   1015
0.500000000000,0.500000000000,1.00000000000,                         197P   1016
1.87007874016,0.196850393701,0.500445860843,                         197P   1017
1.67322834646,0.196850393701,0.500445860843,                         197P   1018
1.67322834646,0.00000000000,0.500445860843,                          197P   1019
0.00000000000,1.00000000000,0.00000000000,                           197P   1020
0.00000000000,0.00000000000,0,0,0;                                   197P   1021
126,2,2,0,0,0,0,                                                     199P   1022
0.00000000000,0.00000000000,0.00000000000,                           199P   1023
1.00000000000,1.00000000000,1.00000000000,                           199P   1024
1.00000000000,0.500000000000,0.500000000000,                         199P   1025
2.06692913386,0.00000000000,0.500445860843,                          199P   1026
2.06692913386,0.196850393701,0.500445860843,                         199P   1027
1.87007874016,0.196850393701,0.500445860843,                         199P   1028
0.00000000000,1.00000000000,0.00000000000,                           199P   1029
0.00000000000,0.00000000000,0,0,0;                                   199P   1030
126,1,1,0,0,0,0,                                                     201P   1031
0.00000000000,0.00000000000,1.00000000000,                           201P   1032
1.00000000000,1.00000000000,1.00000000000,                           201P   1033
2.06692913386,0.00000000000,0.224855309662,                          201P   1034
2.06692913386,0.00000000000,0.500445860843,                          201P   1035
0.00000000000,1.00000000000,0.00000000000,                           201P   1036
0.00000000000,0.00000000000,0,0,0;                                   201P   1037
128,3,1,2,1,0,0,                                                     203P   1038
0,0,0,                                                               203P   1039
0.00000000000,0.00000000000,0.00000000000,                           203P   1040
0.500000000000,1.00000000000,1.00000000000,                          203P   1041
1.00000000000,0.00000000000,0.00000000000,                           203P   1042
1.00000000000,1.00000000000,1.00000000000,                           203P   1043
0.500000000000,0.500000000000,1.00000000000,                         203P   1044
1.00000000000,0.500000000000,0.500000000000,                         203P   1045
1.00000000000,1.67322834646,0.00000000000,                           203P   1046
0.224855309662,1.67322834646,-0.196850393701,                        203P   1047
0.224855309662,2.06692913386,-0.196850393701,                        203P   1048
0.224855309662,2.06692913386,0.00000000000,                          203P   1049
0.224855309662,1.67322834646,0.00000000000,                          203P   1050
0.500445860843,1.67322834646,-0.196850393701,                        203P   1051
0.500445860843,2.06692913386,-0.196850393701,                        203P   1052
0.500445860843,2.06692913386,0.00000000000,                          203P   1053
0.500445860843,0.00000000000,1.00000000000,                          203P   1054
0.00000000000,1.00000000000,0,0,0;                                   203P   1055
126,2,2,0,0,0,0,                                                     205P   1056
0.00000000000,0.00000000000,0.00000000000,                           205P   1057
1.00000000000,1.00000000000,1.00000000000,                           205P   1058
0.500000000000,0.500000000000,1.00000000000,                         205P   1059
1.87007874016,-0.196850393701,0.224855309662,                        205P   1060
2.06692913386,-0.196850393701,0.224855309662,                        205P   1061
2.06692913386,0.00000000000,0.224855309662,                          205P   1062
0.00000000000,1.00000000000,0.00000000000,                           205P   1063
0.00000000000,0.00000000000,0,0,0;                                   205P   1064
126,2,2,0,0,0,0,                                                     207P   1065
0.00000000000,0.00000000000,0.00000000000,                           207P   1066
1.00000000000,1.00000000000,1.00000000000,                           207P   1067
0.500000000000,0.500000000000,1.00000000000,                         207P   1068
1.87007874016,-0.196850393701,0.500445860843,                        207P   1069
2.06692913386,-0.196850393701,0.500445860843,                        207P   1070
2.06692913386,0.00000000000,0.500445860843,                          207P   1071
0.00000000000,1.00000000000,0.00000000000,                           207P   1072
0.00000000000,0.00000000000,0,0,0;                                   207P   1073
126,2,2,0,0,0,0,                                                     209P   1074
0.00000000000,0.00000000000,0.00000000000,                           209P   1075
1.00000000000,1.00000000000,1.00000000000,                           209P   1076
1.00000000000,0.500000000000,0.500000000000,                         209P   1077
1.67322834646,0.00000000000,0.500445860843,                          209P   1078
1.67322834646,-0.196850393701,0.500445860843,                        209P   1079
1.87007874016,-0.196850393701,0.500445860843,                        209P   1080
0.00000000000,1.00000000000,0.00000000000,                           209P   1081
0.00000000000,0.00000000000,0,0,0;                                   209P   1082
128,1,1,1,1,0,0,                                                     211P   1083
1,0,0,                                                               211P   1084
0.00000000000,0.00000000000,1.00000000000,                           211P   1085
1.00000000000,0.00000000000,0.00000000000,                           211P   1086
1.00000000000,1.00000000000,1.00000000000,                           211P   1087
1.00000000000,1.00000000000,1.00000000000,                           211P   1088
1.59229783785,-0.277780902307,0.500445860843,                        211P   1089
2.14785964246,-0.277780902307,0.500445860843,                        211P   1090
1.59229783785,0.277780902307,0.500445860843,                         211P   1091
2.14785964246,0.277780902307,0.500445860843,                         211P   1092
0.00000000000,1.00000000000,0.00000000000,                           211P   1093
1.00000000000,0,0,0;                                                 211P   1094
128,1,1,1,1,0,0,                                                     213P   1095
1,0,0,                                                               213P   1096
0.00000000000,0.00000000000,1.00000000000,                           213P   1097
1.00000000000,0.00000000000,0.00000000000,                           213P   1098
1.00000000000,1.00000000000,1.00000000000,                           213P   1099
1.00000000000,1.00000000000,1.00000000000,                           213P   1100
1.67322834646,-0.196850393701,0.224855309662,                        213P   1101
2.30314960630,-0.196850393701,0.224855309662,                        213P   1102
1.67322834646,0.196850393701,0.224855309662,                         213P   1103
2.30314960630,0.196850393701,0.224855309662,                         213P   1104
0.00000000000,1.00000000000,0.00000000000,                           213P   1105
1.00000000000,0,0,0;                                                 213P   1106
126,1,1,0,0,1,0,                                                     215P   1107
0.00000000000,0.00000000000,1.00000000000,                           215P   1108
1.00000000000,1.00000000000,1.00000000000,                           215P   1109
2.30314960630,-0.196850393701,0.224855309662,                        215P   1110
2.30314960630,0.196850393701,0.224855309662,                         215P   1111
0.00000000000,1.00000000000,0.00000000000,                           215P   1112
0.00000000000,0.00000000000,0,0,0;                                   215P   1113
128,1,1,1,1,0,0,                                                     217P   1114
1,0,0,                                                               217P   1115
0.00000000000,0.00000000000,1.00000000000,                           217P   1116
1.00000000000,0.00000000000,0.00000000000,                           217P   1117
1.00000000000,1.00000000000,1.00000000000,                           217P   1118
1.00000000000,1.00000000000,1.00000000000,                           217P   1119
2.30314960630,-0.196850393701,0.224855309662,                        217P   1120
2.30314960630,-0.196850393701,-0.168845477740,                       217P   1121
2.30314960630,0.196850393701,0.224855309662,                         217P   1122
2.30314960630,0.196850393701,-0.168845477740,                        217P   1123
0.00000000000,1.00000000000,0.00000000000,                           217P   1124
1.00000000000,0,0,0;                                                 217P   1125
126,1,1,0,0,1,0,                                                     219P   1126
0.00000000000,0.00000000000,1.00000000000,                           219P   1127
1.00000000000,1.00000000000,1.00000000000,                           219P   1128
2.30314960630,-0.196850393701,-0.168845477740,                       219P   1129
2.30314960630,0.196850393701,-0.168845477740,                        219P   1130
0.00000000000,1.00000000000,0.00000000000,                           219P   1131
0.00000000000,0.00000000000,0,0,0;                                   219P   1132
128,1,1,1,1,0,0,                                                     221P   1133
1,0,0,                                                               221P   1134
0.00000000000,0.00000000000,1.00000000000,                           221P   1135
1.00000000000,0.00000000000,0.00000000000,                           221P   1136
1.00000000000,1.00000000000,1.00000000000,                           221P   1137
1.00000000000,1.00000000000,1.00000000000,                           221P   1138
1.67322834646,-0.196850393701,-0.168845477740,                       221P   1139
1.67322834646,0.196850393701,-0.168845477740,                        221P   1140
2.30314960630,-0.196850393701,-0.168845477740,                       221P   1141
2.30314960630,0.196850393701,-0.168845477740,                        221P   1142
0.00000000000,1.00000000000,0.00000000000,                           221P   1143
1.00000000000,0,0,0;                                                 221P   1144
126,1,1,0,0,1,0,                                                     223P   1145
0.00000000000,0.00000000000,1.00000000000,                           223P   1146
1.00000000000,1.00000000000,1.00000000000,                           223P   1147
1.79133858268,-0.196850393701,-0.168845477740,                       223P   1148
1.79133858268,0.196850393701,-0.168845477740,                        223P   1149
0.00000000000,1.00000000000,0.00000000000,                           223P   1150
0.00000000000,0.00000000000,0,0,0;                                   223P   1151
128,1,1,1,1,0,0,                                                     225P   1152
1,0,0,                                                               225P   1153
0.00000000000,0.00000000000,1.00000000000,                           225P   1154
1.00000000000,0.00000000000,0.00000000000,                           225P   1155
1.00000000000,1.00000000000,1.00000000000,                           225P   1156
1.00000000000,1.00000000000,1.00000000000,                           225P   1157
1.67322834646,-0.196850393701,-0.168845477740,                       225P   1158
1.67322834646,0.196850393701,-0.168845477740,                        225P   1159
2.30314960630,-0.196850393701,-0.168845477740,                       225P   1160
2.30314960630,0.196850393701,-0.168845477740,                        225P   1161
0.00000000000,1.00000000000,0.00000000000,                           225P   1162
1.00000000000,0,0,0;                                                 225P   1163
126,1,1,0,0,1,0,                                                     227P   1164
0.00000000000,0.00000000000,1.00000000000,                           227P   1165
1.00000000000,1.00000000000,1.00000000000,                           227P   1166
1.67322834646,0.196850393701,-0.168845477740,                        227P   1167
1.67322834646,-0.196850393701,-0.168845477740,                       227P   1168
0.00000000000,1.00000000000,0.00000000000,                           227P   1169
0.00000000000,0.00000000000,0,0,0;                                   227P   1170
126,1,1,0,0,1,0,                                                     229P   1171
0.00000000000,0.00000000000,1.00000000000,                           229P   1172
1.00000000000,1.00000000000,1.00000000000,                           229P   1173
1.79133858268,0.196850393701,-0.168845477740,                        229P   1174
1.67322834646,0.196850393701,-0.168845477740,                        229P   1175
0.00000000000,1.00000000000,0.00000000000,                           229P   1176
0.00000000000,0.00000000000,0,0,0;                                   229P   1177
126,1,1,0,0,1,0,                                                     231P   1178
0.00000000000,0.00000000000,1.00000000000,                           231P   1179
1.00000000000,1.00000000000,1.00000000000,                           231P   1180
1.67322834646,-0.196850393701,-0.168845477740,                       231P   1181
1.79133858268,-0.196850393701,-0.168845477740,                       231P   1182
0.00000000000,1.00000000000,0.00000000000,                           231P   1183
0.00000000000,0.00000000000,0,0,0;                                   231P   1184
128,1,1,1,1,0,0,                                                     233P   1185
1,0,0,                                                               233P   1186
0.00000000000,0.00000000000,1.00000000000,                           233P   1187
1.00000000000,0.00000000000,0.00000000000,                           233P   1188
1.00000000000,1.00000000000,1.00000000000,                           233P   1189
1.00000000000,1.00000000000,1.00000000000,                           233P   1190
1.67322834646,-0.393700787402,-0.168845477740,                       233P   1191
1.67322834646,0.393700787402,-0.168845477740,                        233P   1192
1.79133858268,-0.393700787402,-0.168845477740,                       233P   1193
1.79133858268,0.393700787402,-0.168845477740,                        233P   1194
0.00000000000,1.00000000000,0.00000000000,                           233P   1195
1.00000000000,0,0,0;                                                 233P   1196
126,1,1,0,0,1,0,                                                     235P   1197
0.00000000000,0.00000000000,1.00000000000,                           235P   1198
1.00000000000,1.00000000000,1.00000000000,                           235P   1199
1.79133858268,-0.393700787402,-0.168845477740,                       235P   1200
1.79133858268,-0.196850393701,-0.168845477740,                       235P   1201
0.00000000000,1.00000000000,0.00000000000,                           235P   1202
0.00000000000,0.00000000000,0,0,0;                                   235P   1203
126,1,1,0,0,1,0,                                                     237P   1204
0.00000000000,0.00000000000,1.00000000000,                           237P   1205
1.00000000000,1.00000000000,1.00000000000,                           237P   1206
1.67322834646,-0.393700787402,-0.168845477740,                       237P   1207
1.79133858268,-0.393700787402,-0.168845477740,                       237P   1208
0.00000000000,1.00000000000,0.00000000000,                           237P   1209
0.00000000000,0.00000000000,0,0,0;                                   237P   1210
126,1,1,0,0,1,0,                                                     239P   1211
0.00000000000,0.00000000000,1.00000000000,                           239P   1212
1.00000000000,1.00000000000,1.00000000000,                           239P   1213
1.67322834646,-0.196850393701,-0.168845477740,                       239P   1214
1.67322834646,-0.393700787402,-0.168845477740,                       239P   1215
0.00000000000,1.00000000000,0.00000000000,                           239P   1216
0.00000000000,0.00000000000,0,0,0;                                   239P   1217
128,1,1,1,1,0,0,                                                     241P   1218
1,0,0,                                                               241P   1219
0.00000000000,0.00000000000,1.00000000000,                           241P   1220
1.00000000000,0.00000000000,0.00000000000,                           241P   1221
1.00000000000,1.00000000000,1.00000000000,                           241P   1222
1.00000000000,1.00000000000,1.00000000000,                           241P   1223
1.47637795276,-0.393700787402,-0.168845477740,                       241P   1224
1.47637795276,0.393700787402,-0.168845477740,                        241P   1225
1.67322834646,-0.393700787402,-0.168845477740,                       241P   1226
1.67322834646,0.393700787402,-0.168845477740,                        241P   1227
0.00000000000,1.00000000000,0.00000000000,                           241P   1228
1.00000000000,0,0,0;                                                 241P   1229
126,1,1,0,0,1,0,                                                     243P   1230
0.00000000000,0.00000000000,1.00000000000,                           243P   1231
1.00000000000,1.00000000000,1.00000000000,                           243P   1232
1.47637795276,-0.393700787402,-0.168845477740,                       243P   1233
1.67322834646,-0.393700787402,-0.168845477740,                       243P   1234
0.00000000000,1.00000000000,0.00000000000,                           243P   1235
0.00000000000,0.00000000000,0,0,0;                                   243P   1236
126,1,1,0,0,1,0,                                                     245P   1237
0.00000000000,0.00000000000,1.00000000000,                           245P   1238
1.00000000000,1.00000000000,1.00000000000,                           245P   1239
1.47637795276,-0.196850393701,-0.168845477740,                       245P   1240
1.67322834646,-0.196850393701,-0.168845477740,                       245P   1241
0.00000000000,1.00000000000,0.00000000000,                           245P   1242
0.00000000000,0.00000000000,0,0,0;                                   245P   1243
128,1,1,1,1,0,0,                                                     247P   1244
1,0,0,                                                               247P   1245
0.00000000000,0.00000000000,1.00000000000,                           247P   1246
1.00000000000,0.00000000000,0.00000000000,                           247P   1247
1.00000000000,1.00000000000,1.00000000000,                           247P   1248
1.00000000000,1.00000000000,1.00000000000,                           247P   1249
1.47637795276,-0.196850393701,-0.168845477740,                       247P   1250
1.47637795276,0.196850393701,-0.168845477740,                        247P   1251
1.79133858268,-0.196850393701,-0.168845477740,                       247P   1252
1.79133858268,0.196850393701,-0.168845477740,                        247P   1253
0.00000000000,1.00000000000,0.00000000000,                           247P   1254
1.00000000000,0,0,0;                                                 247P   1255
126,1,1,0,0,1,0,                                                     249P   1256
0.00000000000,0.00000000000,1.00000000000,                           249P   1257
1.00000000000,1.00000000000,1.00000000000,                           249P   1258
1.67322834646,0.196850393701,-0.168845477740,                        249P   1259
1.47637795276,0.196850393701,-0.168845477740,                        249P   1260
0.00000000000,1.00000000000,0.00000000000,                           249P   1261
0.00000000000,0.00000000000,0,0,0;                                   249P   1262
128,1,1,1,1,0,0,                                                     251P   1263
1,0,0,                                                               251P   1264
0.00000000000,0.00000000000,1.00000000000,                           251P   1265
1.00000000000,0.00000000000,0.00000000000,                           251P   1266
1.00000000000,1.00000000000,1.00000000000,                           251P   1267
1.00000000000,1.00000000000,1.00000000000,                           251P   1268
1.47637795276,-0.393700787402,-0.168845477740,                       251P   1269
1.47637795276,0.393700787402,-0.168845477740,                        251P   1270
1.67322834646,-0.393700787402,-0.168845477740,                       251P   1271
1.67322834646,0.393700787402,-0.168845477740,                        251P   1272
0.00000000000,1.00000000000,0.00000000000,                           251P   1273
1.00000000000,0,0,0;                                                 251P   1274
126,1,1,0,0,1,0,                                                     253P   1275
0.00000000000,0.00000000000,1.00000000000,                           253P   1276
1.00000000000,1.00000000000,1.00000000000,                           253P   1277
1.67322834646,0.393700787402,-0.168845477740,                        253P   1278
1.47637795276,0.393700787402,-0.168845477740,                        253P   1279
0.00000000000,1.00000000000,0.00000000000,                           253P   1280
0.00000000000,0.00000000000,0,0,0;                                   253P   1281
126,1,1,0,0,1,0,                                                     255P   1282
0.00000000000,0.00000000000,1.00000000000,                           255P   1283
1.00000000000,1.00000000000,1.00000000000,                           255P   1284
1.67322834646,0.393700787402,-0.168845477740,                        255P   1285
1.67322834646,0.196850393701,-0.168845477740,                        255P   1286
0.00000000000,1.00000000000,0.00000000000,                           255P   1287
0.00000000000,0.00000000000,0,0,0;                                   255P   1288
128,1,1,1,1,0,0,                                                     257P   1289
1,0,0,                                                               257P   1290
0.00000000000,0.00000000000,1.00000000000,                           257P   1291
1.00000000000,0.00000000000,0.00000000000,                           257P   1292
1.00000000000,1.00000000000,1.00000000000,                           257P   1293
1.00000000000,1.00000000000,1.00000000000,                           257P   1294
1.67322834646,-0.393700787402,-0.168845477740,                       257P   1295
1.67322834646,0.393700787402,-0.168845477740,                        257P   1296
1.79133858268,-0.393700787402,-0.168845477740,                       257P   1297
1.79133858268,0.393700787402,-0.168845477740,                        257P   1298
0.00000000000,1.00000000000,0.00000000000,                           257P   1299
1.00000000000,0,0,0;                                                 257P   1300
126,1,1,0,0,1,0,                                                     259P   1301
0.00000000000,0.00000000000,1.00000000000,                           259P   1302
1.00000000000,1.00000000000,1.00000000000,                           259P   1303
1.79133858268,0.393700787402,-0.168845477740,                        259P   1304
1.67322834646,0.393700787402,-0.168845477740,                        259P   1305
0.00000000000,1.00000000000,0.00000000000,                           259P   1306
0.00000000000,0.00000000000,0,0,0;                                   259P   1307
126,1,1,0,0,1,0,                                                     261P   1308
0.00000000000,0.00000000000,1.00000000000,                           261P   1309
1.00000000000,1.00000000000,1.00000000000,                           261P   1310
1.79133858268,0.196850393701,-0.168845477740,                        261P   1311
1.79133858268,0.393700787402,-0.168845477740,                        261P   1312
0.00000000000,1.00000000000,0.00000000000,                           261P   1313
0.00000000000,0.00000000000,0,0,0;                                   261P   1314
128,1,1,1,1,0,0,                                                     263P   1315
1,0,0,                                                               263P   1316
0.00000000000,0.00000000000,1.00000000000,                           263P   1317
1.00000000000,0.00000000000,0.00000000000,                           263P   1318
1.00000000000,1.00000000000,1.00000000000,                           263P   1319
1.00000000000,1.00000000000,1.00000000000,                           263P   1320
1.79133858268,-0.393700787402,0.280049159608E-01,                    263P   1321
1.79133858268,-0.393700787402,-0.168845477740,                       263P   1322
1.79133858268,0.393700787402,0.280049159608E-01,                     263P   1323
1.79133858268,0.393700787402,-0.168845477740,                        263P   1324
0.00000000000,1.00000000000,0.00000000000,                           263P   1325
1.00000000000,0,0,0;                                                 263P   1326
126,1,1,0,0,1,0,                                                     265P   1327
0.00000000000,0.00000000000,1.00000000000,                           265P   1328
1.00000000000,1.00000000000,1.00000000000,                           265P   1329
1.79133858268,0.393700787402,-0.168845477740,                        265P   1330
1.79133858268,0.393700787402,0.280049159608E-01,                     265P   1331
0.00000000000,1.00000000000,0.00000000000,                           265P   1332
0.00000000000,0.00000000000,0,0,0;                                   265P   1333
126,1,1,0,0,1,0,                                                     267P   1334
0.00000000000,0.00000000000,1.00000000000,                           267P   1335
1.00000000000,1.00000000000,1.00000000000,                           267P   1336
1.79133858268,0.196850393701,0.280049159608E-01,                     267P   1337
1.79133858268,0.393700787402,0.280049159608E-01,                     267P   1338
0.00000000000,1.00000000000,0.00000000000,                           267P   1339
0.00000000000,0.00000000000,0,0,0;                                   267P   1340
128,1,1,1,1,0,0,                                                     269P   1341
1,0,0,                                                               269P   1342
0.00000000000,0.00000000000,1.00000000000,                           269P   1343
1.00000000000,0.00000000000,0.00000000000,                           269P   1344
1.00000000000,1.00000000000,1.00000000000,                           269P   1345
1.00000000000,1.00000000000,1.00000000000,                           269P   1346
1.67322834646,-0.393700787402,0.280049159608E-01,                    269P   1347
1.79133858268,-0.393700787402,0.280049159608E-01,                    269P   1348
1.67322834646,0.393700787402,0.280049159608E-01,                     269P   1349
1.79133858268,0.393700787402,0.280049159608E-01,                     269P   1350
0.00000000000,1.00000000000,0.00000000000,                           269P   1351
1.00000000000,0,0,0;                                                 269P   1352
126,1,1,0,0,1,0,                                                     271P   1353
0.00000000000,0.00000000000,1.00000000000,                           271P   1354
1.00000000000,1.00000000000,1.00000000000,                           271P   1355
1.79133858268,0.393700787402,0.280049159608E-01,                     271P   1356
1.67322834646,0.393700787402,0.280049159608E-01,                     271P   1357
0.00000000000,1.00000000000,0.00000000000,                           271P   1358
0.00000000000,0.00000000000,0,0,0;                                   271P   1359
126,1,1,0,0,1,0,                                                     273P   1360
0.00000000000,0.00000000000,1.00000000000,                           273P   1361
1.00000000000,1.00000000000,1.00000000000,                           273P   1362
1.67322834646,0.196850393701,0.280049159608E-01,                     273P   1363
1.79133858268,0.196850393701,0.280049159608E-01,                     273P   1364
0.00000000000,1.00000000000,0.00000000000,                           273P   1365
0.00000000000,0.00000000000,0,0,0;                                   273P   1366
128,1,1,1,1,0,0,                                                     275P   1367
1,0,0,                                                               275P   1368
0.00000000000,0.00000000000,1.00000000000,                           275P   1369
1.00000000000,0.00000000000,0.00000000000,                           275P   1370
1.00000000000,1.00000000000,1.00000000000,                           275P   1371
1.00000000000,1.00000000000,1.00000000000,                           275P   1372
1.67322834646,0.196850393701,0.224855309662,                         275P   1373
2.30314960630,0.196850393701,0.224855309662,                         275P   1374
1.67322834646,0.196850393701,-0.168845477740,                        275P   1375
2.30314960630,0.196850393701,-0.168845477740,                        275P   1376
0.00000000000,1.00000000000,0.00000000000,                           275P   1377
1.00000000000,0,0,0;                                                 275P   1378
128,1,1,1,1,0,0,                                                     277P   1379
1,0,0,                                                               277P   1380
0.00000000000,0.00000000000,1.00000000000,                           277P   1381
1.00000000000,0.00000000000,0.00000000000,                           277P   1382
1.00000000000,1.00000000000,1.00000000000,                           277P   1383
1.00000000000,1.00000000000,1.00000000000,                           277P   1384
1.67322834646,0.393700787402,0.280049159608E-01,                     277P   1385
1.79133858268,0.393700787402,0.280049159608E-01,                     277P   1386
1.67322834646,0.393700787402,-0.168845477740,                        277P   1387
1.79133858268,0.393700787402,-0.168845477740,                        277P   1388
0.00000000000,1.00000000000,0.00000000000,                           277P   1389
1.00000000000,0,0,0;                                                 277P   1390
126,1,1,0,0,1,0,                                                     279P   1391
0.00000000000,0.00000000000,1.00000000000,                           279P   1392
1.00000000000,1.00000000000,1.00000000000,                           279P   1393
1.67322834646,0.393700787402,0.280049159608E-01,                     279P   1394
1.67322834646,0.393700787402,-0.168845477740,                        279P   1395
0.00000000000,1.00000000000,0.00000000000,                           279P   1396
0.00000000000,0.00000000000,0,0,0;                                   279P   1397
128,1,1,1,1,0,0,                                                     281P   1398
1,0,0,                                                               281P   1399
0.00000000000,0.00000000000,1.00000000000,                           281P   1400
1.00000000000,0.00000000000,0.00000000000,                           281P   1401
1.00000000000,1.00000000000,1.00000000000,                           281P   1402
1.00000000000,1.00000000000,1.00000000000,                           281P   1403
1.47637795276,0.393700787402,0.280049159608E-01,                     281P   1404
1.67322834646,0.393700787402,0.280049159608E-01,                     281P   1405
1.47637795276,0.393700787402,-0.168845477740,                        281P   1406
1.67322834646,0.393700787402,-0.168845477740,                        281P   1407
0.00000000000,1.00000000000,0.00000000000,                           281P   1408
1.00000000000,0,0,0;                                                 281P   1409
128,1,1,1,1,0,0,                                                     283P   1410
1,0,0,                                                               283P   1411
0.00000000000,0.00000000000,1.00000000000,                           283P   1412
1.00000000000,0.00000000000,0.00000000000,                           283P   1413
1.00000000000,1.00000000000,1.00000000000,                           283P   1414
1.00000000000,1.00000000000,1.00000000000,                           283P   1415
1.47637795276,-0.393700787402,0.280049159608E-01,                    283P   1416
1.47637795276,-0.393700787402,-0.168845477740,                       283P   1417
1.67322834646,-0.393700787402,0.280049159608E-01,                    283P   1418
1.67322834646,-0.393700787402,-0.168845477740,                       283P   1419
0.00000000000,1.00000000000,0.00000000000,                           283P   1420
1.00000000000,0,0,0;                                                 283P   1421
126,1,1,0,0,1,0,                                                     285P   1422
0.00000000000,0.00000000000,1.00000000000,                           285P   1423
1.00000000000,1.00000000000,1.00000000000,                           285P   1424
1.67322834646,-0.393700787402,0.280049159608E-01,                    285P   1425
1.67322834646,-0.393700787402,-0.168845477740,                       285P   1426
0.00000000000,1.00000000000,0.00000000000,                           285P   1427
0.00000000000,0.00000000000,0,0,0;                                   285P   1428
128,1,1,1,1,0,0,                                                     287P   1429
1,0,0,                                                               287P   1430
0.00000000000,0.00000000000,1.00000000000,                           287P   1431
1.00000000000,0.00000000000,0.00000000000,                           287P   1432
1.00000000000,1.00000000000,1.00000000000,                           287P   1433
1.00000000000,1.00000000000,1.00000000000,                           287P   1434
1.67322834646,-0.393700787402,0.280049159608E-01,                    287P   1435
1.67322834646,-0.393700787402,-0.168845477740,                       287P   1436
1.79133858268,-0.393700787402,0.280049159608E-01,                    287P   1437
1.79133858268,-0.393700787402,-0.168845477740,                       287P   1438
0.00000000000,1.00000000000,0.00000000000,                           287P   1439
1.00000000000,0,0,0;                                                 287P   1440
126,1,1,0,0,1,0,                                                     289P   1441
0.00000000000,0.00000000000,1.00000000000,                           289P   1442
1.00000000000,1.00000000000,1.00000000000,                           289P   1443
1.79133858268,-0.393700787402,-0.168845477740,                       289P   1444
1.79133858268,-0.393700787402,0.280049159608E-01,                    289P   1445
0.00000000000,1.00000000000,0.00000000000,                           289P   1446
0.00000000000,0.00000000000,0,0,0;                                   289P   1447
128,1,1,1,1,0,0,                                                     291P   1448
1,0,0,                                                               291P   1449
0.00000000000,0.00000000000,1.00000000000,                           291P   1450
1.00000000000,0.00000000000,0.00000000000,                           291P   1451
1.00000000000,1.00000000000,1.00000000000,                           291P   1452
1.00000000000,1.00000000000,1.00000000000,                           291P   1453
1.79133858268,-0.393700787402,0.280049159608E-01,                    291P   1454
1.79133858268,-0.393700787402,-0.168845477740,                       291P   1455
1.79133858268,0.393700787402,0.280049159608E-01,                     291P   1456
1.79133858268,0.393700787402,-0.168845477740,                        291P   1457
0.00000000000,1.00000000000,0.00000000000,                           291P   1458
1.00000000000,0,0,0;                                                 291P   1459
502,58,0.396948145852E-01,0.608926788008E-02,                        293P   1460
-0.113651627793E-01,0.396948145852E-01,0.00000000000,                293P   1461
-0.174544306594E-01,0.396948145852E-01,-0.608926788008E-02,          293P   1462
-0.113651627793E-01,0.396948145852E-01,0.00000000000,                293P   1463
-0.527589489924E-02,0.599801742820,0.119960348564,                   293P   1464
-0.113651627793E-01,0.599801742820,0.00000000000,                    293P   1465
-0.131325511343,0.599801742820,-0.119960348564,                      293P   1466
-0.113651627793E-01,0.599801742820,0.00000000000,                    293P   1467
0.108595185785,1.47637795276,0.00000000000,                          293P   1468
0.106745073441,1.47637795276,0.111355398612,                         293P   1469
0.280049159608E-01,1.47637795276,0.118110236220,                     293P   1470
-0.113651627793E-01,1.47637795276,0.00000000000,                     293P   1471
-0.129475399000,1.47637795276,-0.118110236220,                       293P   1472
-0.113651627793E-01,1.47637795276,-0.111355398612,                   293P   1473
0.280049159608E-01,1.47637795276,-0.196850393701,                    293P   1474
0.146115152181,1.47637795276,0.196850393701,                         293P   1475
0.146115152181,1.47637795276,0.196850393701,                         293P   1476
0.280049159608E-01,1.47637795276,-0.196850393701,                    293P   1477
0.280049159608E-01,1.67322834646,-0.196850393701,                    293P   1478
0.280049159608E-01,1.67322834646,-0.196850393701,                    293P   1479
0.146115152181,1.67322834646,0.196850393701,                         293P   1480
0.146115152181,1.67322834646,0.196850393701,                         293P   1481
0.280049159608E-01,1.67322834646,0.393700787402,                     293P   1482
0.280049159608E-01,1.47637795276,0.393700787402,                     293P   1483
0.280049159608E-01,1.47637795276,0.393700787402,                     293P   1484
-0.168845477740,1.47637795276,0.196850393701,                        293P   1485
-0.168845477740,1.47637795276,-0.196850393701,                       293P   1486
-0.168845477740,1.47637795276,-0.393700787402,                       293P   1487
-0.168845477740,1.47637795276,-0.393700787402,                       293P   1488
0.280049159608E-01,1.67322834646,-0.393700787402,                    293P   1489
0.280049159608E-01,1.79133858268,-0.393700787402,                    293P   1490
0.280049159608E-01,1.79133858268,-0.196850393701,                    293P   1491
0.280049159608E-01,1.79133858268,-0.196850393701,                    293P   1492
0.146115152181,1.67322834646,-0.196850393701,                        293P   1493
0.224855309662,1.79133858268,-0.196850393701,                        293P   1494
-0.168845477740,2.30314960630,-0.196850393701,                       293P   1495
-0.168845477740,2.30314960630,-0.196850393701,                       293P   1496
0.224855309662,1.87007874016,-0.196850393701,                        293P   1497
0.224855309662,1.67322834646,0.00000000000,                          293P   1498
0.224855309662,1.67322834646,0.196850393701,                         293P   1499
0.224855309662,1.87007874016,0.196850393701,                         293P   1500
0.224855309662,2.30314960630,0.196850393701,                         293P   1501
0.224855309662,2.30314960630,0.196850393701,                         293P   1502
-0.168845477740,1.79133858268,0.196850393701,                        293P   1503
-0.168845477740,1.79133858268,0.196850393701,                        293P   1504
0.280049159608E-01,1.79133858268,0.196850393701,                     293P   1505
0.146115152181,2.06692913386,0.00000000000,                          293P   1506
0.224855309662,1.67322834646,0.00000000000,                          293P   1507
0.500445860843,1.87007874016,0.196850393701,                         293P   1508
0.500445860843,2.06692913386,0.00000000000,                          293P   1509
0.500445860843,1.87007874016,-0.196850393701,                        293P   1510
0.500445860843,1.67322834646,-0.196850393701,                        293P   1511
-0.168845477740,1.67322834646,0.196850393701,                        293P   1512
-0.168845477740,1.79133858268,-0.393700787402,                       293P   1513
-0.168845477740,1.67322834646,-0.393700787402,                       293P   1514
-0.168845477740,1.67322834646,0.393700787402,                        293P   1515
-0.168845477740,1.79133858268,0.393700787402,                        293P   1516
-0.168845477740,1.79133858268,0.393700787402,                        293P   1517
0.280049159608E-01,0,0;                                              293P   1518
504,101,3,293,1,293,2,                                               295P   1519
5,293,2,293,3,                                                       295P   1520
7,293,3,293,4,                                                       295P   1521
9,293,4,293,1,                                                       295P   1522
13,293,1,293,5,                                                      295P   1523
15,293,5,293,6,                                                      295P   1524
17,293,6,293,2,                                                      295P   1525
21,293,6,293,7,                                                      295P   1526
23,293,7,293,3,                                                      295P   1527
27,293,7,293,8,                                                      295P   1528
29,293,8,293,4,                                                      295P   1529
33,293,8,293,5,                                                      295P   1530
37,293,8,293,9,                                                      295P   1531
39,293,9,293,10,                                                     295P   1532
41,293,10,293,11,                                                    295P   1533
43,293,11,293,5,                                                     295P   1534
47,293,11,293,12,                                                    295P   1535
49,293,12,293,6,                                                     295P   1536
53,293,12,293,13,                                                    295P   1537
55,293,13,293,7,                                                     295P   1538
59,293,13,293,14,                                                    295P   1539
61,293,14,293,9,                                                     295P   1540
65,293,15,293,16,                                                    295P   1541
67,293,16,293,17,                                                    295P   1542
69,293,17,293,10,                                                    295P   1543
71,293,14,293,18,                                                    295P   1544
73,293,18,293,15,                                                    295P   1545
77,293,18,293,19,                                                    295P   1546
79,293,19,293,20,                                                    295P   1547
81,293,20,293,15,                                                    295P   1548
85,293,20,293,21,                                                    295P   1549
87,293,21,293,16,                                                    295P   1550
91,293,21,293,22,                                                    295P   1551
93,293,22,293,17,                                                    295P   1552
97,293,22,293,23,                                                    295P   1553
99,293,23,293,24,                                                    295P   1554
101,293,24,293,17,                                                   295P   1555
105,293,24,293,25,                                                   295P   1556
107,293,25,293,26,                                                   295P   1557
109,293,26,293,17,                                                   295P   1558
113,293,26,293,27,                                                   295P   1559
115,293,27,293,18,                                                   295P   1560
119,293,27,293,28,                                                   295P   1561
121,293,28,293,29,                                                   295P   1562
123,293,29,293,18,                                                   295P   1563
127,293,29,293,30,                                                   295P   1564
129,293,30,293,19,                                                   295P   1565
133,293,30,293,31,                                                   295P   1566
135,293,31,293,32,                                                   295P   1567
137,293,32,293,19,                                                   295P   1568
141,293,33,293,20,                                                   295P   1569
143,293,32,293,33,                                                   295P   1570
147,293,34,293,20,                                                   295P   1571
149,293,32,293,35,                                                   295P   1572
151,293,35,293,36,                                                   295P   1573
153,293,36,293,37,                                                   295P   1574
155,293,37,293,38,                                                   295P   1575
157,293,38,293,34,                                                   295P   1576
161,293,38,293,39,                                                   295P   1577
163,293,39,293,34,                                                   295P   1578
167,293,39,293,40,                                                   295P   1579
169,293,40,293,21,                                                   295P   1580
173,293,41,293,42,                                                   295P   1581
175,293,42,293,43,                                                   295P   1582
177,293,43,293,44,                                                   295P   1583
179,293,44,293,45,                                                   295P   1584
181,293,45,293,46,                                                   295P   1585
183,293,46,293,21,                                                   295P   1586
185,293,40,293,41,                                                   295P   1587
189,293,39,293,41,                                                   295P   1588
193,293,47,293,41,                                                   295P   1589
195,293,39,293,48,                                                   295P   1590
197,293,48,293,49,                                                   295P   1591
199,293,49,293,50,                                                   295P   1592
201,293,50,293,47,                                                   295P   1593
205,293,38,293,47,                                                   295P   1594
207,293,50,293,51,                                                   295P   1595
209,293,51,293,48,                                                   295P   1596
215,293,37,293,42,                                                   295P   1597
219,293,36,293,43,                                                   295P   1598
223,293,35,293,44,                                                   295P   1599
227,293,52,293,53,                                                   295P   1600
229,293,53,293,44,                                                   295P   1601
231,293,35,293,52,                                                   295P   1602
235,293,35,293,54,                                                   295P   1603
237,293,54,293,55,                                                   295P   1604
239,293,55,293,52,                                                   295P   1605
243,293,55,293,28,                                                   295P   1606
245,293,27,293,52,                                                   295P   1607
249,293,26,293,53,                                                   295P   1608
253,293,25,293,56,                                                   295P   1609
255,293,56,293,53,                                                   295P   1610
259,293,56,293,57,                                                   295P   1611
261,293,57,293,44,                                                   295P   1612
265,293,57,293,58,                                                   295P   1613
267,293,58,293,45,                                                   295P   1614
271,293,58,293,23,                                                   295P   1615
273,293,22,293,45,                                                   295P   1616
279,293,56,293,23,                                                   295P   1617
285,293,55,293,30,                                                   295P   1618
289,293,54,293,31;                                                   295P   1619
508,4,0,295,1,1,0,                                                   297P   1620
0,295,2,1,0,                                                         297P   1621
0,295,3,1,0,                                                         297P   1622
0,295,4,1,0;                                                         297P   1623
510,1,1,1,297,0,0;                                                   299P   1624
508,4,0,295,5,1,0,                                                   301P   1625
0,295,6,0,0,                                                         301P   1626
0,295,7,0,0,                                                         301P   1627
0,295,1,0,0;                                                         301P   1628
510,11,1,1,301,0,0;                                                  303P   1629
508,4,0,295,7,1,0,                                                   305P   1630
0,295,8,0,0,                                                         305P   1631
0,295,9,0,0,                                                         305P   1632
0,295,2,0,0;                                                         305P   1633
510,19,1,1,305,0,0;                                                  307P   1634
508,4,0,295,9,1,0,                                                   309P   1635
0,295,10,0,0,                                                        309P   1636
0,295,11,0,0,                                                        309P   1637
0,295,3,0,0;                                                         309P   1638
510,25,1,1,309,0,0;                                                  311P   1639
508,4,0,295,11,1,0,                                                  313P   1640
0,295,12,0,0,                                                        313P   1641
0,295,5,0,0,                                                         313P   1642
0,295,4,0,0;                                                         313P   1643
510,31,1,1,313,0,0;                                                  315P   1644
508,5,0,295,12,1,0,                                                  317P   1645
0,295,13,1,0,                                                        317P   1646
0,295,14,0,0,                                                        317P   1647
0,295,15,0,0,                                                        317P   1648
0,295,16,0,0;                                                        317P   1649
510,35,1,1,317,0,0;                                                  319P   1650
508,4,0,295,6,1,0,                                                   321P   1651
0,295,16,1,0,                                                        321P   1652
0,295,17,0,0,                                                        321P   1653
0,295,18,0,0;                                                        321P   1654
510,45,1,1,321,0,0;                                                  323P   1655
508,4,0,295,8,1,0,                                                   325P   1656
0,295,18,1,0,                                                        325P   1657
0,295,19,0,0,                                                        325P   1658
0,295,20,0,0;                                                        325P   1659
510,51,1,1,325,0,0;                                                  327P   1660
508,5,0,295,10,1,0,                                                  329P   1661
0,295,20,1,0,                                                        329P   1662
0,295,21,0,0,                                                        329P   1663
0,295,22,0,0,                                                        329P   1664
0,295,13,0,0;                                                        329P   1665
510,57,1,1,329,0,0;                                                  331P   1666
508,7,0,295,23,0,0,                                                  333P   1667
0,295,24,1,0,                                                        333P   1668
0,295,25,1,0,                                                        333P   1669
0,295,14,1,0,                                                        333P   1670
0,295,22,1,0,                                                        333P   1671
0,295,26,1,0,                                                        333P   1672
0,295,27,0,0;                                                        333P   1673
510,63,1,1,333,0,0;                                                  335P   1674
508,4,0,295,27,1,0,                                                  337P   1675
0,295,28,0,0,                                                        337P   1676
0,295,29,0,0,                                                        337P   1677
0,295,30,0,0;                                                        337P   1678
510,75,1,1,337,0,0;                                                  339P   1679
508,4,0,295,30,1,0,                                                  341P   1680
0,295,31,1,0,                                                        341P   1681
0,295,32,1,0,                                                        341P   1682
0,295,23,1,0;                                                        341P   1683
510,83,1,1,341,0,0;                                                  343P   1684
508,4,0,295,24,0,0,                                                  345P   1685
0,295,32,0,0,                                                        345P   1686
0,295,33,1,0,                                                        345P   1687
0,295,34,0,0;                                                        345P   1688
510,89,1,1,345,0,0;                                                  347P   1689
508,4,0,295,35,0,0,                                                  349P   1690
0,295,36,1,0,                                                        349P   1691
0,295,37,1,0,                                                        349P   1692
0,295,34,1,0;                                                        349P   1693
510,95,1,1,349,0,0;                                                  351P   1694
508,4,0,295,37,0,0,                                                  353P   1695
0,295,38,1,0,                                                        353P   1696
0,295,39,1,0,                                                        353P   1697
0,295,40,0,0;                                                        353P   1698
510,103,1,1,353,0,0;                                                 355P   1699
508,9,0,295,40,1,0,                                                  357P   1700
0,295,41,1,0,                                                        357P   1701
0,295,42,0,0,                                                        357P   1702
0,295,26,0,0,                                                        357P   1703
0,295,21,1,0,                                                        357P   1704
0,295,19,1,0,                                                        357P   1705
0,295,17,1,0,                                                        357P   1706
0,295,15,1,0,                                                        357P   1707
0,295,25,0,0;                                                        357P   1708
510,111,1,1,357,0,0;                                                 359P   1709
508,4,0,295,43,1,0,                                                  361P   1710
0,295,44,0,0,                                                        361P   1711
0,295,45,0,0,                                                        361P   1712
0,295,42,1,0;                                                        361P   1713
510,117,1,1,361,0,0;                                                 363P   1714
508,4,0,295,46,1,0,                                                  365P   1715
0,295,47,0,0,                                                        365P   1716
0,295,28,1,0,                                                        365P   1717
0,295,45,1,0;                                                        365P   1718
510,125,1,1,365,0,0;                                                 367P   1719
508,4,0,295,48,1,0,                                                  369P   1720
0,295,49,1,0,                                                        369P   1721
0,295,50,1,0,                                                        369P   1722
0,295,47,1,0;                                                        369P   1723
510,131,1,1,369,0,0;                                                 371P   1724
508,4,0,295,51,0,0,                                                  373P   1725
0,295,29,1,0,                                                        373P   1726
0,295,50,0,0,                                                        373P   1727
0,295,52,1,0;                                                        373P   1728
510,139,1,1,373,0,0;                                                 375P   1729
508,8,0,295,53,1,0,                                                  377P   1730
0,295,51,1,0,                                                        377P   1731
0,295,52,0,0,                                                        377P   1732
0,295,54,0,0,                                                        377P   1733
0,295,55,1,0,                                                        377P   1734
0,295,56,1,0,                                                        377P   1735
0,295,57,0,0,                                                        377P   1736
0,295,58,0,0;                                                        377P   1737
510,145,1,1,377,0,0;                                                 379P   1738
508,3,0,295,58,1,0,                                                  381P   1739
0,295,59,0,0,                                                        381P   1740
0,295,60,1,0;                                                        381P   1741
510,159,1,1,381,0,0;                                                 383P   1742
508,5,0,295,61,0,0,                                                  385P   1743
0,295,62,1,0,                                                        385P   1744
0,295,31,0,0,                                                        385P   1745
0,295,53,0,0,                                                        385P   1746
0,295,60,0,0;                                                        385P   1747
510,165,1,1,385,0,0;                                                 387P   1748
508,8,0,295,63,0,0,                                                  389P   1749
0,295,64,0,0,                                                        389P   1750
0,295,65,1,0,                                                        389P   1751
0,295,66,0,0,                                                        389P   1752
0,295,67,1,0,                                                        389P   1753
0,295,68,1,0,                                                        389P   1754
0,295,62,0,0,                                                        389P   1755
0,295,69,0,0;                                                        389P   1756
510,171,1,1,389,0,0;                                                 391P   1757
508,3,0,295,69,1,0,                                                  393P   1758
0,295,61,1,0,                                                        393P   1759
0,295,70,0,0;                                                        393P   1760
510,187,1,1,393,0,0;                                                 395P   1761
508,6,0,295,71,1,0,                                                  397P   1762
0,295,70,1,0,                                                        397P   1763
0,295,72,1,0,                                                        397P   1764
0,295,73,0,0,                                                        397P   1765
0,295,74,0,0,                                                        397P   1766
0,295,75,0,0;                                                        397P   1767
510,191,1,1,397,0,0;                                                 399P   1768
508,6,0,295,59,1,0,                                                  401P   1769
0,295,76,1,0,                                                        401P   1770
0,295,75,1,0,                                                        401P   1771
0,295,77,0,0,                                                        401P   1772
0,295,78,0,0,                                                        401P   1773
0,295,72,0,0;                                                        401P   1774
510,203,1,1,401,0,0;                                                 403P   1775
508,4,0,295,74,1,0,                                                  405P   1776
0,295,73,1,0,                                                        405P   1777
0,295,78,1,0,                                                        405P   1778
0,295,77,1,0;                                                        405P   1779
510,211,1,1,405,0,0;                                                 407P   1780
508,5,0,295,76,0,0,                                                  409P   1781
0,295,57,1,0,                                                        409P   1782
0,295,79,1,0,                                                        409P   1783
0,295,63,1,0,                                                        409P   1784
0,295,71,0,0;                                                        409P   1785
510,213,1,1,409,0,0;                                                 411P   1786
508,4,0,295,56,0,0,                                                  413P   1787
0,295,80,1,0,                                                        413P   1788
0,295,64,1,0,                                                        413P   1789
0,295,79,0,0;                                                        413P   1790
510,217,1,1,413,0,0;                                                 415P   1791
508,4,0,295,65,0,0,                                                  417P   1792
0,295,80,0,0,                                                        417P   1793
0,295,55,0,0,                                                        417P   1794
0,295,81,1,0;                                                        417P   1795
510,221,1,1,417,0,0;                                                 419P   1796
508,4,0,295,82,0,0,                                                  421P   1797
0,295,83,0,0,                                                        421P   1798
0,295,81,0,0,                                                        421P   1799
0,295,84,0,0;                                                        421P   1800
510,225,1,1,421,0,0;                                                 423P   1801
508,4,0,295,85,0,0,                                                  425P   1802
0,295,86,0,0,                                                        425P   1803
0,295,87,0,0,                                                        425P   1804
0,295,84,1,0;                                                        425P   1805
510,233,1,1,425,0,0;                                                 427P   1806
508,4,0,295,87,1,0,                                                  429P   1807
0,295,88,0,0,                                                        429P   1808
0,295,43,0,0,                                                        429P   1809
0,295,89,1,0;                                                        429P   1810
510,241,1,1,429,0,0;                                                 431P   1811
508,4,0,295,41,0,0,                                                  433P   1812
0,295,90,0,0,                                                        433P   1813
0,295,82,1,0,                                                        433P   1814
0,295,89,0,0;                                                        433P   1815
510,247,1,1,433,0,0;                                                 435P   1816
508,4,0,295,39,0,0,                                                  437P   1817
0,295,91,0,0,                                                        437P   1818
0,295,92,1,0,                                                        437P   1819
0,295,90,1,0;                                                        437P   1820
510,251,1,1,437,0,0;                                                 439P   1821
508,4,0,295,92,0,0,                                                  441P   1822
0,295,93,0,0,                                                        441P   1823
0,295,94,0,0,                                                        441P   1824
0,295,83,1,0;                                                        441P   1825
510,257,1,1,441,0,0;                                                 443P   1826
508,4,0,295,94,1,0,                                                  445P   1827
0,295,95,1,0,                                                        445P   1828
0,295,96,0,0,                                                        445P   1829
0,295,66,1,0;                                                        445P   1830
510,263,1,1,445,0,0;                                                 447P   1831
508,4,0,295,96,1,0,                                                  449P   1832
0,295,97,1,0,                                                        449P   1833
0,295,35,1,0,                                                        449P   1834
0,295,98,1,0;                                                        449P   1835
510,269,1,1,449,0,0;                                                 451P   1836
508,4,0,295,98,0,0,                                                  453P   1837
0,295,33,0,0,                                                        453P   1838
0,295,68,0,0,                                                        453P   1839
0,295,67,0,0;                                                        453P   1840
510,275,1,1,453,0,0;                                                 455P   1841
508,4,0,295,97,0,0,                                                  457P   1842
0,295,95,0,0,                                                        457P   1843
0,295,93,1,0,                                                        457P   1844
0,295,99,0,0;                                                        457P   1845
510,277,1,1,457,0,0;                                                 459P   1846
508,4,0,295,36,0,0,                                                  461P   1847
0,295,99,1,0,                                                        461P   1848
0,295,91,1,0,                                                        461P   1849
0,295,38,0,0;                                                        461P   1850
510,281,1,1,461,0,0;                                                 463P   1851
508,4,0,295,44,1,0,                                                  465P   1852
0,295,88,1,0,                                                        465P   1853
0,295,100,0,0,                                                       465P   1854
0,295,46,0,0;                                                        465P   1855
510,283,1,1,465,0,0;                                                 467P   1856
508,4,0,295,100,1,0,                                                 469P   1857
0,295,86,1,0,                                                        469P   1858
0,295,101,1,0,                                                       469P   1859
0,295,48,0,0;                                                        469P   1860
510,287,1,1,469,0,0;                                                 471P   1861
508,4,0,295,101,0,0,                                                 473P   1862
0,295,85,1,0,                                                        473P   1863
0,295,54,1,0,                                                        473P   1864
0,295,49,0,0;                                                        473P   1865
510,291,1,1,473,0,0;                                                 475P   1866
514,45,299,0,303,1,307,1,311,1,                                      477P   1867
315,1,319,1,323,1,327,1,331,1,                                       477P   1868
335,1,339,1,343,1,347,1,351,1,                                       477P   1869
355,1,359,1,363,1,367,1,371,1,                                       477P   1870
375,1,379,1,383,1,387,1,391,1,                                       477P   1871
395,1,399,1,403,1,407,1,411,1,                                       477P   1872
415,1,419,1,423,1,427,1,431,1,                                       477P   1873
435,1,439,1,443,1,447,1,451,1,                                       477P   1874
455,1,459,1,463,1,467,1,471,1,                                       477P   1875
475,1,0,0,0,0,0,0,0,0;                                               477P   1876
186,477,1,0,0,0,0;                                                   479P   1877
S      1G      3D    480P   1877                                        T      1
